{
  "diag_rows": [
    {
      "arm": "retok",
      "mean_rank": 228.9052154654546,
      "mean_rank_delta_from_585": -31.404831868911288,
      "top1": 0.3798836182563004,
      "top1_delta_from_585": 0.019972352098200752,
      "top5": 0.5469290563525036,
      "top5_delta_from_585": 0.021119522892752207
    },
    {
      "arm": "td",
      "mean_rank": 174.2876756944545,
      "mean_rank_delta_from_585": -18.7823704818841,
      "top1": 0.41053515336624063,
      "top1_delta_from_585": 0.014301637161096115,
      "top5": 0.5811415254114616,
      "top5_delta_from_585": 0.015358337072796546
    }
  ],
  "generated_utc": "2026-05-25T05:23:53+00:00",
  "group_rows": [
    {
      "EN retention": {
        "delta": -0.0036023994242395663,
        "iter476": 0.6817902499718899,
        "iter834": 0.6781878505476503
      },
      "Greek": {
        "delta": -0.0069518253078383885,
        "iter476": 0.44085471366912354,
        "iter834": 0.43390288836128516
      },
      "Multilingual": {
        "delta": 0.002230923643585403,
        "iter476": 0.4900917349227056,
        "iter834": 0.492322658566291
      },
      "arm": "vanilla",
      "bpc": {
        "delta": -0.018193672749048873,
        "iter476": 0.4905790115645303,
        "iter834": 0.47238533881548145
      }
    },
    {
      "EN retention": {
        "delta": 0.0036478269859219203,
        "iter476": 0.6749804337638333,
        "iter834": 0.6786282607497552
      },
      "Greek": {
        "delta": 0.00956345274685877,
        "iter476": 0.41502996652924373,
        "iter834": 0.4245934192761025
      },
      "Multilingual": {
        "delta": -0.0009003749821289708,
        "iter476": 0.48733830931505984,
        "iter834": 0.48643793433293087
      },
      "arm": "retok",
      "bpc": {
        "delta": -0.03491945208518521,
        "iter476": 0.57388731113822,
        "iter834": 0.5389678590530348
      }
    },
    {
      "EN retention": {
        "delta": 0.0037544227559322962,
        "iter476": 0.6827725274715655,
        "iter834": 0.6865269502274978
      },
      "Greek": {
        "delta": 0.008970722628639627,
        "iter476": 0.4253979832454272,
        "iter834": 0.43436870587406684
      },
      "Multilingual": {
        "delta": 0.006784718226652775,
        "iter476": 0.48993351359709303,
        "iter834": 0.4967182318237458
      },
      "arm": "td",
      "bpc": {
        "delta": -0.02564778560419223,
        "iter476": 0.531084014463596,
        "iter834": 0.5054362288594038
      }
    }
  ],
  "iterations": [
    476,
    585,
    715,
    834
  ],
  "task_rows": [
    {
      "deltas": {
        "retok": 0.002350092579404661,
        "td": 0.005554764278592805,
        "vanilla": -0.0009257940464321157
      },
      "group": "EN retention",
      "label": "MMLU",
      "task": "mmlu",
      "values": {
        "retok": 0.5565446517590087,
        "td": 0.5556188577125766,
        "vanilla": 0.5330437259649623
      },
      "winner": "retok"
    },
    {
      "deltas": {
        "retok": 0.006871141206930886,
        "td": 0.0026887074287991197,
        "vanilla": -0.0020912168890659943
      },
      "group": "EN retention",
      "label": "HellaSwag",
      "task": "hellaswag",
      "values": {
        "retok": 0.7556263692491536,
        "td": 0.7631945827524398,
        "vanilla": 0.7573192591117307
      },
      "winner": "td"
    },
    {
      "deltas": {
        "retok": -0.005892255892255949,
        "td": 0.002946127946127919,
        "vanilla": 0.0012626262626262985
      },
      "group": "EN retention",
      "label": "ARC Easy",
      "task": "arc_easy",
      "values": {
        "retok": 0.7575757575757576,
        "td": 0.7836700336700336,
        "vanilla": 0.7866161616161617
      },
      "winner": "vanilla"
    },
    {
      "deltas": {
        "retok": 0.009385665529010212,
        "td": 0.008532423208191142,
        "vanilla": -0.004266211604095571
      },
      "group": "EN retention",
      "label": "ARC Challenge",
      "task": "arc_challenge",
      "values": {
        "retok": 0.5247440273037542,
        "td": 0.5358361774744027,
        "vanilla": 0.523037542662116
      },
      "winner": "td"
    },
    {
      "deltas": {
        "retok": -0.0010881392818281599,
        "td": -0.002720348204570233,
        "vanilla": -0.0021762785636560977
      },
      "group": "EN retention",
      "label": "PIQA",
      "task": "piqa",
      "values": {
        "retok": 0.7850924918389554,
        "td": 0.7894450489662677,
        "vanilla": 0.7927094668117519
      },
      "winner": "vanilla"
    },
    {
      "deltas": {
        "retok": 0.010260457774269871,
        "td": 0.005524861878453136,
        "vanilla": -0.013417521704814472
      },
      "group": "EN retention",
      "label": "Winogrande",
      "task": "winogrande",
      "values": {
        "retok": 0.6921862667719021,
        "td": 0.691397000789266,
        "vanilla": 0.6764009471191792
      },
      "winner": "retok"
    },
    {
      "deltas": {
        "retok": 0.001391122832608005,
        "td": 0.013387865279933964,
        "vanilla": -0.006411768438843168
      },
      "group": "Multilingual",
      "label": "Global MMLU",
      "task": "global_mmlu",
      "values": {
        "retok": 0.4602990774298503,
        "td": 0.4628181979660652,
        "vanilla": 0.4504750950855104
      },
      "winner": "td"
    },
    {
      "deltas": {
        "retok": -0.007090909090909148,
        "td": 0.0041818181818181754,
        "vanilla": 0.010909090909090868
      },
      "group": "Multilingual",
      "label": "XCOPA",
      "task": "xcopa",
      "values": {
        "retok": 0.592,
        "td": 0.6156363636363636,
        "vanilla": 0.6178181818181818
      },
      "winner": "vanilla"
    },
    {
      "deltas": {
        "retok": 0.0029986613119142858,
        "td": 0.0027844712182061304,
        "vanilla": 0.0021954484605086755
      },
      "group": "Multilingual",
      "label": "XNLI",
      "task": "xnli",
      "values": {
        "retok": 0.4070147255689424,
        "td": 0.41170013386880855,
        "vanilla": 0.4086746987951807
      },
      "winner": "td"
    },
    {
      "deltas": {
        "retok": 0.016165788349237986,
        "td": 0.017732516735507742,
        "vanilla": -0.006907847884916718
      },
      "group": "Greek",
      "label": "Greek MMLU",
      "task": "global_mmlu_full_el",
      "values": {
        "retok": 0.4152542372881356,
        "td": 0.4036462042444096,
        "vanilla": 0.4144708730950007
      },
      "winner": "retok"
    },
    {
      "deltas": {
        "retok": 0.03260869565217395,
        "td": -0.0036231884057971175,
        "vanilla": -0.016304347826086973
      },
      "group": "Greek",
      "label": "INCLUDE-44 Greek",
      "task": "include_base_44_greek_few_shot_en",
      "values": {
        "retok": 0.4057971014492754,
        "td": 0.4003623188405797,
        "vanilla": 0.40217391304347827
      },
      "winner": "retok"
    },
    {
      "deltas": {
        "retok": -0.0033333333333332993,
        "td": 0.011111111111111072,
        "vanilla": -0.005555555555555536
      },
      "group": "Greek",
      "label": "Belebele Greek",
      "task": "belebele_ell_Grek",
      "values": {
        "retok": 0.49333333333333335,
        "td": 0.5388888888888889,
        "vanilla": 0.5077777777777778
      },
      "winner": "td"
    },
    {
      "deltas": {
        "retok": 0.017918088737201354,
        "td": 0.0025597269624573205,
        "vanilla": -0.007679180887372017
      },
      "group": "Greek",
      "label": "ARC Challenge MT-el",
      "task": "arc_challenge_mt_el",
      "values": {
        "retok": 0.38993174061433444,
        "td": 0.4061433447098976,
        "vanilla": 0.4129692832764505
      },
      "winner": "vanilla"
    },
    {
      "deltas": {
        "retok": -0.005622489959839383,
        "td": 0.004819277108433773,