{
  "model_path": "/capstor/scratch/cscs/fffoivos/runs/eval/bakeoff_1node_chain_20260522_005620_centroid/iter_0000195_hf",
  "new_id_range": [
    131072,
    148480
  ],
  "tokenizer_vocab": 148480,
  "embedding": {
    "new_id_range": [
      131072,
      148480
    ],
    "available_new_id_range": [
      131072,
      148480
    ],
    "n_new_requested": 17408,
    "n_new": 17408,
    "base_vocab_size": 131072,
    "vocab_size": 148480,
    "applicable": true,
    "E_norm": {
      "existing_mean": 4.7740397453308105,
      "existing_std": 1.165530800819397,
      "existing_p50": 4.924881458282471,
      "existing_p95": 6.1171555519104,
      "new_mean": 5.049327850341797,
      "new_std": 0.0023135861847549677,
      "new_p50": 5.049321174621582,
      "new_p5": 5.046874523162842,
      "new_p95": 5.051338195800781,
      "new_to_existing_mean_ratio": 1.0576635599136353
    },
    "U_norm": {
      "existing_mean": 3.7472991943359375,
      "existing_std": 0.5514160990715027,
      "existing_p50": 3.7988364696502686,
      "existing_p95": 4.4678168296813965,
      "new_mean": 3.797102928161621,
      "new_std": 0.0030341448727995157,
      "new_p50": 3.7968497276306152,
      "new_p5": 3.792480945587158,
      "new_p95": 3.8026795387268066,
      "new_to_existing_mean_ratio": 1.013290524482727
    },
    "new_E_cos": {
      "n_sampled": 500,
      "mean_off_diag": 0.019934210926294327,
      "std_off_diag": 0.03957238420844078,
      "p95_off_diag": 0.08505240827798843,
      "p99_off_diag": 0.11205310374498367
    },
    "new_E_effective_rank": {
      "participation_ratio": 415.9873352050781,
      "rank_at_99pct_var": 466,
      "n_singular_values": 500,
      "sigma_max": 17.23789405822754,
      "sigma_min": 1.6493380069732666
    }
  },
  "forward": {
    "n_docs_processed": 500,
    "n_positions_total": 805472,
    "n_positions_new_target": 276332,
    "d2_avg_prob_mass_new_per_pos": 0.33605011679466845,
    "d1_rank_of_new_target": {
      "mean_rank": 2863.592899121347,
      "top1_rate": 0.040317444233747814,
      "top5_rate": 0.0912706454554666,
      "top10_rate": 0.12340590304416427,
      "top50_rate": 0.23483346119884776
    },
    "d4_top1_at_new_target": {
      "new": 57094,
      "base": 219238,
      "new_rate": 0.20661378341994413
    },
    "d3_per_register": {
      "academic": {
        "n_positions": 231616,
        "n_new_target": 65968,
        "avg_entropy_nats": 4.2790137404531166,
        "avg_prob_mass_new": 0.2738845698838077,
        "avg_rank_new_target": 4079.0692153771524
      },
      "dialogue_textbooks": {
        "n_positions": 237263,
        "n_new_target": 85994,
        "avg_entropy_nats": 5.0284458036809365,
        "avg_prob_mass_new": 0.35496615978057083,
        "avg_rank_new_target": 1662.0906807451684
      },
      "hplt_clean60": {
        "n_positions": 237201,
        "n_new_target": 89821,
        "avg_entropy_nats": 5.656359291323521,
        "avg_prob_mass_new": 0.3765175354169102,
        "avg_rank_new_target": 3118.758063259149
      },
      "legal_civic": {
        "n_positions": 99392,
        "n_new_target": 34549,
        "avg_entropy_nats": 4.444089869875641,
        "avg_prob_mass_new": 0.3391846350831365,
        "avg_rank_new_target": 2869.9679006628267
      }
    }
  },
  "greedy": {
    "n_prompts": 5,
    "n_total_gen": 500,
    "n_new_gen": 18,
    "utilization_rate": 0.036,
    "per_prompt": [
      {
        "prompt": "Η ελληνική γλώσσα έχει μακρά ιστορία. ",
        "n_generated": 100,
        "n_new": 3,
        "utilization": 0.03
      },
      {
        "prompt": "Στην ομιλία του Πλάτωνα, ο Σωκράτης λέει ότι ",
        "n_generated": 100,
        "n_new": 8,
        "utilization": 0.08
      },
      {
        "prompt": "Στην Αθήνα, οι αρχαίοι ναοί έχουν ιδιαίτερη σημασία γιατί ",
        "n_generated": 100,
        "n_new": 0,
        "utilization": 0.0
      },
      {
        "prompt": "Η σύγχρονη ελληνική κουζίνα ",
        "n_generated": 100,
        "n_new": 7,
        "utilization": 0.07
      },
      {
        "prompt": "Στη φιλοσοφία του Αριστοτέλη, η έννοια της αρετής ",
        "n_generated": 100,
        "n_new": 0,
        "utilization": 0.0
      }
    ]
  },
  "wall_seconds": 106.71760725975037
}