{
  "n_resamples": 1000,
  "confidence": 0.95,
  "seed": 20260520,
  "tasks": {
    "arc_challenge_mt_el": {
      "n_samples": 1172,
      "metric_kind": "acc_norm",
      "mean": 0.2525597269624573,
      "ci_low": 0.22610921501706485,
      "ci_high": 0.2773037542662116,
      "ci_halfwidth": 0.025597269624573385,
      "boot_std": 0.012898105691716058
    },
    "belebele_ell_Grek": {
      "n_samples": 900,
      "metric_kind": "acc_norm",
      "mean": 0.3011111111111111,
      "ci_low": 0.2722222222222222,
      "ci_high": 0.33111111111111113,
      "ci_halfwidth": 0.029444444444444468,
      "boot_std": 0.015313017729002957
    },
    "global_mmlu_full_el_abstract_algebra": {
      "n_samples": 100,
      "metric_kind": "acc",
      "mean": 0.33,
      "ci_low": 0.23,
      "ci_high": 0.42,
      "ci_halfwidth": 0.09499999999999999,
      "boot_std": 0.04744838088753765
    },
    "global_mmlu_full_el_anatomy": {
      "n_samples": 135,
      "metric_kind": "acc",
      "mean": 0.3037037037037037,
      "ci_low": 0.22962962962962963,
      "ci_high": 0.37777777777777777,
      "ci_halfwidth": 0.07407407407407407,
      "boot_std": 0.039169118849534425
    },
    "global_mmlu_full_el_astronomy": {
      "n_samples": 152,
      "metric_kind": "acc",
      "mean": 0.3157894736842105,
      "ci_low": 0.24342105263157895,
      "ci_high": 0.3881578947368421,
      "ci_halfwidth": 0.07236842105263157,
      "boot_std": 0.037462483555819076
    },
    "global_mmlu_full_el_business_ethics": {
      "n_samples": 100,
      "metric_kind": "acc",
      "mean": 0.25,
      "ci_low": 0.17,
      "ci_high": 0.33024999999999977,
      "ci_halfwidth": 0.08012499999999988,
      "boot_std": 0.042770140108314876
    },
    "global_mmlu_full_el_clinical_knowledge": {
      "n_samples": 265,
      "metric_kind": "acc",
      "mean": 0.26037735849056604,
      "ci_low": 0.21132075471698114,
      "ci_high": 0.3132075471698113,
      "ci_halfwidth": 0.05094339622641508,
      "boot_std": 0.02638696391406618
    },
    "global_mmlu_full_el_college_biology": {
      "n_samples": 144,
      "metric_kind": "acc",
      "mean": 0.2708333333333333,
      "ci_low": 0.2013888888888889,
      "ci_high": 0.3473958333333332,
      "ci_halfwidth": 0.07300347222222214,
      "boot_std": 0.037573390921064855
    },
    "global_mmlu_full_el_college_chemistry": {
      "n_samples": 100,
      "metric_kind": "acc",
      "mean": 0.25,
      "ci_low": 0.17,
      "ci_high": 0.34,
      "ci_halfwidth": 0.085,
      "boot_std": 0.042679596389234374
    },
    "global_mmlu_full_el_college_computer_science": {
      "n_samples": 100,
      "metric_kind": "acc",
      "mean": 0.34,
      "ci_low": 0.25,
      "ci_high": 0.44,
      "ci_halfwidth": 0.095,
      "boot_std": 0.0484576902849047
    },
    "global_mmlu_full_el_college_mathematics": {
      "n_samples": 100,
      "metric_kind": "acc",
      "mean": 0.27,
      "ci_low": 0.18,
      "ci_high": 0.35024999999999973,
      "ci_halfwidth": 0.08512499999999987,
      "boot_std": 0.04367499290217464
    },
    "global_mmlu_full_el_college_medicine": {
      "n_samples": 173,
      "metric_kind": "acc",
      "mean": 0.21965317919075145,
      "ci_low": 0.15606936416184972,
      "ci_high": 0.2774566473988439,
      "ci_halfwidth": 0.06069364161849709,
      "boot_std": 0.030450264501812388
    },
    "global_mmlu_full_el_college_physics": {
      "n_samples": 102,
      "metric_kind": "acc",
      "mean": 0.21568627450980393,
      "ci_low": 0.13725490196078433,
      "ci_high": 0.29411764705882354,
      "ci_halfwidth": 0.0784313725490196,
      "boot_std": 0.04111884583802066
    },
    "global_mmlu_full_el_computer_security": {
      "n_samples": 100,
      "metric_kind": "acc",
      "mean": 0.29,
      "ci_low": 0.2,
      "ci_high": 0.38,
      "ci_halfwidth": 0.09,
      "boot_std": 0.04588554219994554
    },
    "global_mmlu_full_el_conceptual_physics": {
      "n_samples": 235,
      "metric_kind": "acc",
      "mean": 0.2765957446808511,
      "ci_low": 0.22127659574468084,
      "ci_high": 0.33617021276595743,
      "ci_halfwidth": 0.0574468085106383,
      "boot_std": 0.02967560158486402
    },
    "global_mmlu_full_el_econometrics": {
      "n_samples": 114,
      "metric_kind": "acc",
      "mean": 0.2631578947368421,
      "ci_low": 0.18421052631578946,
      "ci_high": 0.3508771929824561,
      "ci_halfwidth": 0.08333333333333333,
      "boot_std": 0.04178268918306204
    },
    "global_mmlu_full_el_electrical_engineering": {
      "n_samples": 145,
      "metric_kind": "acc",
      "mean": 0.3724137931034483,
      "ci_low": 0.296551724137931,
      "ci_high": 0.45517241379310347,
      "ci_halfwidth": 0.07931034482758623,
      "boot_std": 0.040678889623522646
    },
    "global_mmlu_full_el_elementary_mathematics": {
      "n_samples": 378,
      "metric_kind": "acc",
      "mean": 0.2566137566137566,
      "ci_low": 0.21164021164021163,
      "ci_high": 0.29894179894179895,
      "ci_halfwidth": 0.04365079365079366,
      "boot_std": 0.022872435807922857
    },
    "global_mmlu_full_el_formal_logic": {
      "n_samples": 126,
      "metric_kind": "acc",
      "mean": 0.2222222222222222,
      "ci_low": 0.15079365079365079,
      "ci_high": 0.29365079365079366,
      "ci_halfwidth": 0.07142857142857144,
      "boot_std": 0.03654154334395458
    },
    "global_mmlu_full_el_global_facts": {
      "n_samples": 100,
      "metric_kind": "acc",
      "mean": 0.31,
      "ci_low": 0.22,
      "ci_high": 0.41,
      "ci_halfwidth": 0.09499999999999999,
      "boot_std": 0.04727247705681485
    },
    "global_mmlu_full_el_high_school_biology": {
      "n_samples": 310,
      "metric_kind": "acc",
      "mean": 0.3225806451612903,
      "ci_low": 0.2709677419354839,
      "ci_high": 0.3741935483870968,
      "ci_halfwidth": 0.051612903225806445,
      "boot_std": 0.027107023481813413
    },
    "global_mmlu_full_el_high_school_chemistry": {
      "n_samples": 203,
      "metric_kind": "acc",
      "mean": 0.33004926108374383,
      "ci_low": 0.270935960591133,
      "ci_high": 0.39408866995073893,
      "ci_halfwidth": 0.061576354679802964,
      "boot_std": 0.031806736184949266
    },
    "global_mmlu_full_el_high_school_computer_science": {
      "n_samples": 100,
      "metric_kind": "acc",
      "mean": 0.29,
      "ci_low": 0.2,
      "ci_high": 0.38,
      "ci_halfwidth": 0.09,
      "boot_std": 0.04658245404682996
    },
    "global_mmlu_full_el_high_school_european_history": {
      "n_samples": 165,
      "metric_kind": "acc",
      "mean": 0.2,
      "ci_low": 0.1393939393939394,
      "ci_high": 0.2606060606060606,
      "ci_halfwidth": 0.06060606060606061,
      "boot_std": 0.030547645570916375
    },
    "global_mmlu_full_el_high_school_geography": {
      "n_samples": 198,
      "metric_kind": "acc",
      "mean": 0.21212121212121213,
      "ci_low": 0.15656565656565657,
      "ci_high": 0.27285353535353524,
      "ci_halfwidth": 0.05814393939393933,
      "boot_std": 0.028955671222586722
    },
    "global_mmlu_full_el_high_school_government_and_politics": {
      "n_samples": 193,
      "metric_kind": "acc",
      "mean": 0.21761658031088082,
      "ci_low": 0.15544041450777202,
      "ci_high": 0.27461139896373055,
      "ci_halfwidth": 0.059585492227979264,
      "boot_std": 0.030394414095950215
    },
    "global_mmlu_full_el_high_school_macroeconomics": {
      "n_samples": 390,
      "metric_kind": "acc",
      "mean": 0.28717948717948716,
      "ci_low": 0.24102564102564103,
      "ci_high": 0.3333974358974358,
      "ci_halfwidth": 0.04618589743589739,
      "boot_std": 0.02383172838962269
    },
    "global_mmlu_full_el_high_school_mathematics": {
      "n_samples": 270,
      "metric_kind": "acc",
      "mean": 0.3,
      "ci_low": 0.24444444444444444,
      "ci_high": 0.3556481481481481,
      "ci_halfwidth": 0.05560185185185183,
      "boot_std": 0.02869572484399966
    },