rating,reason,subject,example_id,url,question_head,correct_answer_head,matched_surface
5,STUDY_GUIDE_HOST,Driving Rules,greekmmlu:2429,http://docplayer.gr/1200098-D-symfonia-eggrafi-i-proforiki-metaxy-dyo-toylahiston-prosopon-apo-tin.html,Η χρηματοδότηση από Τράπεζα με μεταβίβαση σ' αυτήν μεταχρονολογημένων επιταγών τι επιβαρύνσεις έχει;,Χαρτόσημο υπέρ του Δημοσίου και αμοιβή της Τράπεζας με τόκο και έξοδα,eval_prompt
5,STUDY_GUIDE_HOST,Driving Rules,greekmmlu:2429,http://docplayer.gr/1200098-D-symfonia-eggrafi-i-proforiki-metaxy-dyo-toylahiston-prosopon-apo-tin.html,Η χρηματοδότηση από Τράπεζα με μεταβίβαση σ' αυτήν μεταχρονολογημένων επιταγών τι επιβαρύνσεις έχει;,Χαρτόσημο υπέρ του Δημοσίου και αμοιβή της Τράπεζας με τόκο και έξοδα,question
5,EVAL_REHEARSAL_SITE,Driving Rules,greekmmlu:2430,http://testdriver.gr/peiforthgo.php,"Η μεταφορά 100 τηλεοράσεων από την Ανκόνα στην Πάτρα γίνεται με πλοίο. Το φορτηγό, επί του οποίου βρίσκονται οι τηλεοράσ",μεικτή,eval_prompt
5,EVAL_REHEARSAL_SITE,Driving Rules,greekmmlu:2430,http://testdriver.gr/peiforthgo.php,"Η μεταφορά 100 τηλεοράσεων από την Ανκόνα στην Πάτρα γίνεται με πλοίο. Το φορτηγό, επί του οποίου βρίσκονται οι τηλεοράσ",μεικτή,question
5,EVAL_REHEARSAL_SITE,Driving Rules,greekmmlu:2430,http://testdriver.gr/peiforthgo.php,"Η μεταφορά 100 τηλεοράσεων από την Ανκόνα στην Πάτρα γίνεται με πλοίο. Το φορτηγό, επί του οποίου βρίσκονται οι τηλεοράσ",μεικτή,question_all_choices
5,EVAL_REHEARSAL_SITE,Driving Rules,greekmmlu:2430,http://testdriver.gr/peiforthgo.php,"Η μεταφορά 100 τηλεοράσεων από την Ανκόνα στην Πάτρα γίνεται με πλοίο. Το φορτηγό, επί του οποίου βρίσκονται οι τηλεοράσ",μεικτή,question_correct_answer
5,EVAL_REHEARSAL_SITE,Driving Rules,greekmmlu:2437,http://testdriver.gr/ru/peiforthgo.php,"Κατά την κίνηση σε ανωφέρεια, η επίδραση της δύναμης της βαρύτητας - σε σχέση με την επίδρασή της σε επίπεδη επιφάνεια -",Μικρότερη απόσταση ακινητοποίησης.,eval_prompt
5,EVAL_REHEARSAL_SITE,Driving Rules,greekmmlu:2437,http://testdriver.gr/ru/peiforthgo.php,"Κατά την κίνηση σε ανωφέρεια, η επίδραση της δύναμης της βαρύτητας - σε σχέση με την επίδρασή της σε επίπεδη επιφάνεια -",Μικρότερη απόσταση ακινητοποίησης.,question
5,EVAL_REHEARSAL_SITE,Driving Rules,greekmmlu:2437,http://testdriver.gr/ru/peiforthgo.php,"Κατά την κίνηση σε ανωφέρεια, η επίδραση της δύναμης της βαρύτητας - σε σχέση με την επίδρασή της σε επίπεδη επιφάνεια -",Μικρότερη απόσταση ακινητοποίησης.,question_all_choices
5,EVAL_REHEARSAL_SITE,Driving Rules,greekmmlu:2437,http://testdriver.gr/ru/peiforthgo.php,"Κατά την κίνηση σε ανωφέρεια, η επίδραση της δύναμης της βαρύτητας - σε σχέση με την επίδρασή της σε επίπεδη επιφάνεια -",Μικρότερη απόσταση ακινητοποίησης.,question_correct_answer
5,EVAL_REHEARSAL_SITE,Driving Rules,greekmmlu:2441,http://www.testdriver.gr/autokinhto-etoima.php?id=8,Ποιες διαδρομές πρέπει να αποφεύγετε για να εξοικονομήσετε καύσιμο;,"Κοντινές διαδρομές, όπως στο περίπτερο της γειτονιάς σας.",question_all_choices
5,EVAL_REHEARSAL_SITE,Driving Rules,greekmmlu:2444,http://testdriver.gr/peileoforeio.php,Ορισμένα οχήματα εξαιρούνται από τον ευρωπαϊκό κανονισμό 561/2006 σχετικά με το ωράριο εργασίας. Μεταξύ αυτών είναι τα ο,Των οποίων η ταχύτητα δεν υπερβαίνει τα 40 km/h.,question
5,EVAL_REHEARSAL_SITE,Driving Rules,greekmmlu:2444,http://testdriver.gr/peileoforeio.php,Ορισμένα οχήματα εξαιρούνται από τον ευρωπαϊκό κανονισμό 561/2006 σχετικά με το ωράριο εργασίας. Μεταξύ αυτών είναι τα ο,Των οποίων η ταχύτητα δεν υπερβαίνει τα 40 km/h.,question_correct_answer
5,STUDY_GUIDE_HOST,Driving Rules,greekmmlu:2452,http://docplayer.gr/1200098-D-symfonia-eggrafi-i-proforiki-metaxy-dyo-toylahiston-prosopon-apo-tin.html,Τι πρόστιμο επιβάλλεται σε όσους υποβάλλουν εκπρόθεσμη προσωρινή δήλωση ΦΠΑ;,"Πρόσθετο φόρο που ορίζεται σε ποσοστό 1,5% του κύριου φόρου για κάθε μήνα εκπρόθεσμης υποβολής της δήλωσης",eval_prompt
5,STUDY_GUIDE_HOST,Driving Rules,greekmmlu:2452,http://docplayer.gr/1200098-D-symfonia-eggrafi-i-proforiki-metaxy-dyo-toylahiston-prosopon-apo-tin.html,Τι πρόστιμο επιβάλλεται σε όσους υποβάλλουν εκπρόθεσμη προσωρινή δήλωση ΦΠΑ;,"Πρόσθετο φόρο που ορίζεται σε ποσοστό 1,5% του κύριου φόρου για κάθε μήνα εκπρόθεσμης υποβολής της δήλωσης",question_all_choices
5,STUDY_GUIDE_HOST,Driving Rules,greekmmlu:2452,http://docplayer.gr/1200098-D-symfonia-eggrafi-i-proforiki-metaxy-dyo-toylahiston-prosopon-apo-tin.html,Τι πρόστιμο επιβάλλεται σε όσους υποβάλλουν εκπρόθεσμη προσωρινή δήλωση ΦΠΑ;,"Πρόσθετο φόρο που ορίζεται σε ποσοστό 1,5% του κύριου φόρου για κάθε μήνα εκπρόθεσμης υποβολής της δήλωσης",question_correct_answer
5,EVAL_REHEARSAL_SITE,Driving Rules,greekmmlu:2461,http://www.testdriver.gr/autokinhto-etoima.php?id=18,"Για την ασφάλεια του παιδιού σας, μπορείτε να χρησιμοποιήσετε ανάλογα με το ύψος, το βάρος και την ηλικία του:",Τα εγκεκριμένου τύπου παιδικά καθίσματα για το αυτοκίνητο.,eval_prompt
5,EVAL_REHEARSAL_SITE,Driving Rules,greekmmlu:2461,http://www.testdriver.gr/autokinhto-etoima.php?id=18,"Για την ασφάλεια του παιδιού σας, μπορείτε να χρησιμοποιήσετε ανάλογα με το ύψος, το βάρος και την ηλικία του:",Τα εγκεκριμένου τύπου παιδικά καθίσματα για το αυτοκίνητο.,eval_prompt
5,EVAL_REHEARSAL_SITE,Driving Rules,greekmmlu:2461,http://www.testdriver.gr/autokinhto-etoima.php?id=18,"Για την ασφάλεια του παιδιού σας, μπορείτε να χρησιμοποιήσετε ανάλογα με το ύψος, το βάρος και την ηλικία του:",Τα εγκεκριμένου τύπου παιδικά καθίσματα για το αυτοκίνητο.,question
5,EVAL_REHEARSAL_SITE,Driving Rules,greekmmlu:2461,http://www.testdriver.gr/autokinhto-etoima.php?id=18,"Για την ασφάλεια του παιδιού σας, μπορείτε να χρησιμοποιήσετε ανάλογα με το ύψος, το βάρος και την ηλικία του:",Τα εγκεκριμένου τύπου παιδικά καθίσματα για το αυτοκίνητο.,question
5,EVAL_REHEARSAL_SITE,Driving Rules,greekmmlu:2461,http://www.testdriver.gr/autokinhto-etoima.php?id=18,"Για την ασφάλεια του παιδιού σας, μπορείτε να χρησιμοποιήσετε ανάλογα με το ύψος, το βάρος και την ηλικία του:",Τα εγκεκριμένου τύπου παιδικά καθίσματα για το αυτοκίνητο.,question_all_choices
5,EVAL_REHEARSAL_SITE,Driving Rules,greekmmlu:2461,http://www.testdriver.gr/autokinhto-etoima.php?id=18,"Για την ασφάλεια του παιδιού σας, μπορείτε να χρησιμοποιήσετε ανάλογα με το ύψος, το βάρος και την ηλικία του:",Τα εγκεκριμένου τύπου παιδικά καθίσματα για το αυτοκίνητο.,question_all_choices
5,EVAL_REHEARSAL_SITE,Driving Rules,greekmmlu:2461,http://www.testdriver.gr/autokinhto-etoima.php?id=18,"Για την ασφάλεια του παιδιού σας, μπορείτε να χρησιμοποιήσετε ανάλογα με το ύψος, το βάρος και την ηλικία του:",Τα εγκεκριμένου τύπου παιδικά καθίσματα για το αυτοκίνητο.,question_correct_answer
5,EVAL_REHEARSAL_SITE,Driving Rules,greekmmlu:2461,http://www.testdriver.gr/autokinhto-etoima.php?id=18,"Για την ασφάλεια του παιδιού σας, μπορείτε να χρησιμοποιήσετε ανάλογα με το ύψος, το βάρος και την ηλικία του:",Τα εγκεκριμένου τύπου παιδικά καθίσματα για το αυτοκίνητο.,question_correct_answer
5,STUDY_GUIDE_HOST,Driving Rules,greekmmlu:2471,http://docplayer.gr/1200098-D-symfonia-eggrafi-i-proforiki-metaxy-dyo-toylahiston-prosopon-apo-tin.html,Ασφαλιστικός Φορέας είναι:,Οργανισμός που καλύπτει με ασφαλιστικές παροχές τους κινδύνους των ασφαλισμένων που υπάγονται στην ασφάλισή του,eval_prompt
5,EVAL_REHEARSAL_SITE,Driving Rules,greekmmlu:2472,http://testdriver.gr/peileoforeio.php,Οδηγός έχει συμπληρώσει τον μέγιστο αριθμό ωρών εργασίας (9 ή 10) και επιστρέφει στη βάση του ως συνοδηγός λεωφορείου. Τ,«Άλλη εργασία»,eval_prompt
5,EVAL_REHEARSAL_SITE,Driving Rules,greekmmlu:2472,http://testdriver.gr/peileoforeio.php,Οδηγός έχει συμπληρώσει τον μέγιστο αριθμό ωρών εργασίας (9 ή 10) και επιστρέφει στη βάση του ως συνοδηγός λεωφορείου. Τ,«Άλλη εργασία»,question
5,EVAL_REHEARSAL_SITE,Driving Rules,greekmmlu:2472,http://testdriver.gr/peileoforeio.php,Οδηγός έχει συμπληρώσει τον μέγιστο αριθμό ωρών εργασίας (9 ή 10) και επιστρέφει στη βάση του ως συνοδηγός λεωφορείου. Τ,«Άλλη εργασία»,question_all_choices
5,EVAL_REHEARSAL_SITE,Driving Rules,greekmmlu:2472,http://testdriver.gr/peileoforeio.php,Οδηγός έχει συμπληρώσει τον μέγιστο αριθμό ωρών εργασίας (9 ή 10) και επιστρέφει στη βάση του ως συνοδηγός λεωφορείου. Τ,«Άλλη εργασία»,question_correct_answer
5,EVAL_REHEARSAL_SITE,Driving Rules,greekmmlu:2477,http://www.testdriver.gr/autokinhto-etoima.php?id=18,"Σε έναν αυτοκινητόδρομο, σε καιρό βροχής:",Μειώνετε την ταχύτητα από τη στιγμή που η βροχή θα σας υποχρεώσει να ενεργοποιήσετε τους υαλοκαθαριστήρες.,question_all_choices
5,EVAL_REHEARSAL_SITE,Driving Rules,greekmmlu:2477,http://www.testdriver.gr/autokinhto-etoima.php?id=18,"Σε έναν αυτοκινητόδρομο, σε καιρό βροχής:",Μειώνετε την ταχύτητα από τη στιγμή που η βροχή θα σας υποχρεώσει να ενεργοποιήσετε τους υαλοκαθαριστήρες.,question_all_choices
5,EVAL_REHEARSAL_SITE,Driving Rules,greekmmlu:2477,http://www.testdriver.gr/autokinhto-etoima.php?id=18,"Σε έναν αυτοκινητόδρομο, σε καιρό βροχής:",Μειώνετε την ταχύτητα από τη στιγμή που η βροχή θα σας υποχρεώσει να ενεργοποιήσετε τους υαλοκαθαριστήρες.,question_correct_answer
5,EVAL_REHEARSAL_SITE,Driving Rules,greekmmlu:2477,http://www.testdriver.gr/autokinhto-etoima.php?id=18,"Σε έναν αυτοκινητόδρομο, σε καιρό βροχής:",Μειώνετε την ταχύτητα από τη στιγμή που η βροχή θα σας υποχρεώσει να ενεργοποιήσετε τους υαλοκαθαριστήρες.,question_correct_answer
5,EVAL_REHEARSAL_SITE,Driving Rules,greekmmlu:2483,http://testdriver.gr/ru/peiforthgo.php,Ο υδραυλικός επιβραδυντής λειτουργεί με:,Έγχυση λαδιού.,question_all_choices
5,STUDY_GUIDE_HOST,Driving Rules,greekmmlu:2484,http://docplayer.gr/1200098-D-symfonia-eggrafi-i-proforiki-metaxy-dyo-toylahiston-prosopon-apo-tin.html,Για πόσο χρόνο συνομολογείται σύμβαση χρηματοδοτικής μίσθωσης (leasing);,"Για τρία, τέσσερα ή πέντε έτη",eval_prompt
5,EVAL_REHEARSAL_SITE,Driving Rules,greekmmlu:2485,http://testdriver.gr/autokinhto-etoima.php?id=24,"Για να προσπεράσετε ένα ζώο ή έναν ιππέα, οφείλετε να τηρήσετε μία ελάχιστη πλευρική απόσταση:",1 m.,question
5,EVAL_REHEARSAL_SITE,Driving Rules,greekmmlu:2485,https://testdriver.gr/autokinhto-etoima.php?id=24,"Για να προσπεράσετε ένα ζώο ή έναν ιππέα, οφείλετε να τηρήσετε μία ελάχιστη πλευρική απόσταση:",1 m.,question
5,EVAL_REHEARSAL_SITE,Driving Rules,greekmmlu:2485,https://testdriver.gr/autokinhto-etoima.php?id=24,"Για να προσπεράσετε ένα ζώο ή έναν ιππέα, οφείλετε να τηρήσετε μία ελάχιστη πλευρική απόσταση:",1 m.,question
5,EVAL_REHEARSAL_SITE,Driving Rules,greekmmlu:2485,http://testdriver.gr/autokinhto-etoima.php?id=24,"Για να προσπεράσετε ένα ζώο ή έναν ιππέα, οφείλετε να τηρήσετε μία ελάχιστη πλευρική απόσταση:",1 m.,question_all_choices
5,EVAL_REHEARSAL_SITE,Driving Rules,greekmmlu:2485,https://testdriver.gr/autokinhto-etoima.php?id=24,"Για να προσπεράσετε ένα ζώο ή έναν ιππέα, οφείλετε να τηρήσετε μία ελάχιστη πλευρική απόσταση:",1 m.,question_all_choices
5,EVAL_REHEARSAL_SITE,Driving Rules,greekmmlu:2485,https://testdriver.gr/autokinhto-etoima.php?id=24,"Για να προσπεράσετε ένα ζώο ή έναν ιππέα, οφείλετε να τηρήσετε μία ελάχιστη πλευρική απόσταση:",1 m.,question_all_choices
5,EVAL_REHEARSAL_SITE,Driving Rules,greekmmlu:2485,http://testdriver.gr/autokinhto-etoima.php?id=24,"Για να προσπεράσετε ένα ζώο ή έναν ιππέα, οφείλετε να τηρήσετε μία ελάχιστη πλευρική απόσταση:",1 m.,question_correct_answer
5,EVAL_REHEARSAL_SITE,Driving Rules,greekmmlu:2485,https://testdriver.gr/autokinhto-etoima.php?id=24,"Για να προσπεράσετε ένα ζώο ή έναν ιππέα, οφείλετε να τηρήσετε μία ελάχιστη πλευρική απόσταση:",1 m.,question_correct_answer
5,EVAL_REHEARSAL_SITE,Driving Rules,greekmmlu:2485,https://testdriver.gr/autokinhto-etoima.php?id=24,"Για να προσπεράσετε ένα ζώο ή έναν ιππέα, οφείλετε να τηρήσετε μία ελάχιστη πλευρική απόσταση:",1 m.,question_correct_answer
5,EVAL_REHEARSAL_SITE,Driving Rules,greekmmlu:2486,http://testdriver.gr/ru/peiforthgo.php,"Μετά την παρέλευση πενταετίας από την απόκτηση ΠΕΙ, ο οδηγός, προκειμένου να συνεχίσει να ασκεί το επάγγελμα,",υποχρεούται να παρακολουθήσει μαθήματα περιοδικής κατάρτισης,question
5,EVAL_REHEARSAL_SITE,Driving Rules,greekmmlu:2486,http://testdriver.gr/ru/peiforthgo.php,"Μετά την παρέλευση πενταετίας από την απόκτηση ΠΕΙ, ο οδηγός, προκειμένου να συνεχίσει να ασκεί το επάγγελμα,",υποχρεούται να παρακολουθήσει μαθήματα περιοδικής κατάρτισης,question_all_choices
5,EVAL_REHEARSAL_SITE,Driving Rules,greekmmlu:2486,http://testdriver.gr/ru/peiforthgo.php,"Μετά την παρέλευση πενταετίας από την απόκτηση ΠΕΙ, ο οδηγός, προκειμένου να συνεχίσει να ασκεί το επάγγελμα,",υποχρεούται να παρακολουθήσει μαθήματα περιοδικής κατάρτισης,question_correct_answer
5,EVAL_REHEARSAL_SITE,Driving Rules,greekmmlu:2487,http://www.testdriver.gr/autokinhto-etoima.php?id=13,Κινείσθε γρήγορα με το επιβατηγό σας σε μία στροφή. Τι μπορεί να συμβεί εάν ξαφνικά φρενάρετε δυνατά;,Το επιβατηγό μπορεί να εκτραπεί από τον δρόμο.,question
5,EVAL_REHEARSAL_SITE,Driving Rules,greekmmlu:2487,http://www.testdriver.gr/autokinhto-etoima.php?id=13,Κινείσθε γρήγορα με το επιβατηγό σας σε μία στροφή. Τι μπορεί να συμβεί εάν ξαφνικά φρενάρετε δυνατά;,Το επιβατηγό μπορεί να εκτραπεί από τον δρόμο.,question_all_choices
5,EVAL_REHEARSAL_SITE,Driving Rules,greekmmlu:2487,http://www.testdriver.gr/autokinhto-etoima.php?id=13,Κινείσθε γρήγορα με το επιβατηγό σας σε μία στροφή. Τι μπορεί να συμβεί εάν ξαφνικά φρενάρετε δυνατά;,Το επιβατηγό μπορεί να εκτραπεί από τον δρόμο.,question_correct_answer
5,EVAL_REHEARSAL_SITE,Driving Rules,greekmmlu:2488,http://testdriver.gr/peileoforeio.php,Οι λεωφορειακές γραμμές των ΚΤΕΛ που εξυπηρετούν τη μεταφορά από την Αθήνα σε παραλίες της Αττικής είναι:,Τακτικές γραμμές.,eval_prompt
5,EVAL_REHEARSAL_SITE,Driving Rules,greekmmlu:2488,http://testdriver.gr/peileoforeio.php,Οι λεωφορειακές γραμμές των ΚΤΕΛ που εξυπηρετούν τη μεταφορά από την Αθήνα σε παραλίες της Αττικής είναι:,Τακτικές γραμμές.,question
5,EVAL_REHEARSAL_SITE,Driving Rules,greekmmlu:2488,http://testdriver.gr/peileoforeio.php,Οι λεωφορειακές γραμμές των ΚΤΕΛ που εξυπηρετούν τη μεταφορά από την Αθήνα σε παραλίες της Αττικής είναι:,Τακτικές γραμμές.,question_all_choices
5,EVAL_REHEARSAL_SITE,Driving Rules,greekmmlu:2488,http://testdriver.gr/peileoforeio.php,Οι λεωφορειακές γραμμές των ΚΤΕΛ που εξυπηρετούν τη μεταφορά από την Αθήνα σε παραλίες της Αττικής είναι:,Τακτικές γραμμές.,question_correct_answer
5,EVAL_REHEARSAL_SITE,Driving Rules,greekmmlu:2490,https://testdriver.gr/autokinhto-etoima.php?id=7,Η ζώνη που προορίζεται για τη στάση λεωφορείων επισημαίνεται συνήθως με μία τεθλασμένη κίτρινη γραμμή (ζιγκ-ζαγκ). Μπορε,Να πατήσετε αυτήν τη γραμμή ενώ οδηγείτε.,question
5,EVAL_REHEARSAL_SITE,Driving Rules,greekmmlu:2490,https://testdriver.gr/autokinhto-etoima.php?id=7,Η ζώνη που προορίζεται για τη στάση λεωφορείων επισημαίνεται συνήθως με μία τεθλασμένη κίτρινη γραμμή (ζιγκ-ζαγκ). Μπορε,Να πατήσετε αυτήν τη γραμμή ενώ οδηγείτε.,question_all_choices
5,EVAL_REHEARSAL_SITE,Driving Rules,greekmmlu:2490,https://testdriver.gr/autokinhto-etoima.php?id=7,Η ζώνη που προορίζεται για τη στάση λεωφορείων επισημαίνεται συνήθως με μία τεθλασμένη κίτρινη γραμμή (ζιγκ-ζαγκ). Μπορε,Να πατήσετε αυτήν τη γραμμή ενώ οδηγείτε.,question_correct_answer
5,EVAL_REHEARSAL_SITE,Driving Rules,greekmmlu:2497,http://www.testdriver.gr/autokinhto-etoima.php?id=8,"Σε περίπτωση εμπλοκής του εκκινητή (μίζας), πώς διορθώνεται η βλάβη;",Θέτοντας υψηλή σχέση στο κιβώτιο ταχυτήτων (3ης ή 4ης) και προκαλώντας τη βίαιη μετακίνηση (ώθηση) του οχήματος εμπρός κ,eval_prompt
5,EVAL_REHEARSAL_SITE,Driving Rules,greekmmlu:2497,http://www.testdriver.gr/autokinhto-etoima.php?id=8,"Σε περίπτωση εμπλοκής του εκκινητή (μίζας), πώς διορθώνεται η βλάβη;",Θέτοντας υψηλή σχέση στο κιβώτιο ταχυτήτων (3ης ή 4ης) και προκαλώντας τη βίαιη μετακίνηση (ώθηση) του οχήματος εμπρός κ,question_all_choices
5,EVAL_REHEARSAL_SITE,Driving Rules,greekmmlu:2497,http://www.testdriver.gr/autokinhto-etoima.php?id=8,"Σε περίπτωση εμπλοκής του εκκινητή (μίζας), πώς διορθώνεται η βλάβη;",Θέτοντας υψηλή σχέση στο κιβώτιο ταχυτήτων (3ης ή 4ης) και προκαλώντας τη βίαιη μετακίνηση (ώθηση) του οχήματος εμπρός κ,question_correct_answer
5,EVAL_REHEARSAL_SITE,Driving Rules,greekmmlu:2501,http://testdriver.gr/peileoforeio.php,Οι δείκτες πίεσης (μανόμετρα) που υπάρχουν στον πίνακα οργάνων του οχήματος μετρούν την πίεση:,Των κυκλωμάτων πέδησης.,question
5,EVAL_REHEARSAL_SITE,Driving Rules,greekmmlu:2501,http://testdriver.gr/peileoforeio.php,Οι δείκτες πίεσης (μανόμετρα) που υπάρχουν στον πίνακα οργάνων του οχήματος μετρούν την πίεση:,Των κυκλωμάτων πέδησης.,question_all_choices
5,EVAL_REHEARSAL_SITE,Driving Rules,greekmmlu:2501,http://testdriver.gr/peileoforeio.php,Οι δείκτες πίεσης (μανόμετρα) που υπάρχουν στον πίνακα οργάνων του οχήματος μετρούν την πίεση:,Των κυκλωμάτων πέδησης.,question_correct_answer
5,STUDY_GUIDE_HOST,Driving Rules,greekmmlu:2502,http://docplayer.gr/1200098-D-symfonia-eggrafi-i-proforiki-metaxy-dyo-toylahiston-prosopon-apo-tin.html,Επιστρέφονται τέλη κυκλοφορίας σε περίπτωση μεταβίβασης ή διακοπής κυκλοφορίας;,Όχι,eval_prompt
5,EVAL_REHEARSAL_SITE,Driving Rules,greekmmlu:2505,http://testdriver.gr/peiforthgo.php,"Το μέγιστο επιτρεπόμενο βάρος, το οποίο αναγράφεται στην άδεια κυκλοφορίας του οχήματος, αντιστοιχεί στο:",Μέγιστο μεικτό βάρος.,question
5,EVAL_REHEARSAL_SITE,Driving Rules,greekmmlu:2505,http://testdriver.gr/peiforthgo.php,"Το μέγιστο επιτρεπόμενο βάρος, το οποίο αναγράφεται στην άδεια κυκλοφορίας του οχήματος, αντιστοιχεί στο:",Μέγιστο μεικτό βάρος.,question_all_choices
5,EVAL_REHEARSAL_SITE,Driving Rules,greekmmlu:2505,http://testdriver.gr/peiforthgo.php,"Το μέγιστο επιτρεπόμενο βάρος, το οποίο αναγράφεται στην άδεια κυκλοφορίας του οχήματος, αντιστοιχεί στο:",Μέγιστο μεικτό βάρος.,question_correct_answer
5,EVAL_REHEARSAL_SITE,Driving Rules,greekmmlu:2507,http://testdriver.gr/peiforthgo.php,Το μέγεθος της ροπής είναι:,Το μέτρο της επίδρασης που ασκεί μία δύναμη κατά τη διάρκεια της περιστροφής ενός σώματος.,question_all_choices
5,EVAL_REHEARSAL_SITE,Driving Rules,greekmmlu:2507,http://testdriver.gr/peileoforeio.php,Το μέγεθος της ροπής είναι:,Το μέτρο της επίδρασης που ασκεί μία δύναμη κατά τη διάρκεια της περιστροφής ενός σώματος.,question_all_choices
5,EVAL_REHEARSAL_SITE,Driving Rules,greekmmlu:2507,http://testdriver.gr/peiforthgo.php,Το μέγεθος της ροπής είναι:,Το μέτρο της επίδρασης που ασκεί μία δύναμη κατά τη διάρκεια της περιστροφής ενός σώματος.,question_correct_answer
5,EVAL_REHEARSAL_SITE,Driving Rules,greekmmlu:2507,http://testdriver.gr/peileoforeio.php,Το μέγεθος της ροπής είναι:,Το μέτρο της επίδρασης που ασκεί μία δύναμη κατά τη διάρκεια της περιστροφής ενός σώματος.,question_correct_answer
5,EVAL_REHEARSAL_SITE,Driving Rules,greekmmlu:2508,https://testdriver.gr/autokinhto-etoima.php?id=16,Ποιοι παράγοντες μπορούν να προκαλέσουν κινδύνους στην οδική κυκλοφορία;,Φώτα διασταυρώσεως (μεσαία) που είναι πολύ υψηλά ρυθμισμένα.,question_all_choices
5,EVAL_REHEARSAL_SITE,Driving Rules,greekmmlu:2508,https://testdriver.gr/autokinhto-etoima.php?id=16,Ποιοι παράγοντες μπορούν να προκαλέσουν κινδύνους στην οδική κυκλοφορία;,Φώτα διασταυρώσεως (μεσαία) που είναι πολύ υψηλά ρυθμισμένα.,question_correct_answer
5,EVAL_REHEARSAL_SITE,Driving Rules,greekmmlu:2511,http://testdriver.gr/peileoforeio.php,Η ρύθμιση του ψηφιακού ταχογράφου πρέπει να γίνεται:,Σε κάθε αλλαγή των πινακίδων κυκλοφορίας.,question_correct_answer
5,EVAL_REHEARSAL_SITE,Driving Rules,greekmmlu:2512,http://testdriver.gr/peileoforeio.php,Η παράλειψη κάποιου γεύματος κατά τη διάρκεια της ημέρας οδηγεί σε:,Υπερβολική κατανάλωση τροφής στο επόμενο γεύμα.,question_correct_answer
5,EVAL_REHEARSAL_SITE,Driving Rules,greekmmlu:2513,http://testdriver.gr/autokinhtooles-organa.php,"Τι μπορεί να συμβεί, εάν επιβάτες που κάθονται στο πίσω κάθισμα δεν χρησιμοποιούν τις υπάρχουσες ζώνες ασφαλείας;",Σε μία σύγκρουση δημιουργούν για τον οδηγό και τον συνοδηγό έναν πρόσθετο κίνδυνο τραυματισμού.,question
5,EVAL_REHEARSAL_SITE,Driving Rules,greekmmlu:2513,http://testdriver.gr/autokinhtooles-organa.php,"Τι μπορεί να συμβεί, εάν επιβάτες που κάθονται στο πίσω κάθισμα δεν χρησιμοποιούν τις υπάρχουσες ζώνες ασφαλείας;",Σε μία σύγκρουση δημιουργούν για τον οδηγό και τον συνοδηγό έναν πρόσθετο κίνδυνο τραυματισμού.,question_all_choices
5,EVAL_REHEARSAL_SITE,Driving Rules,greekmmlu:2513,http://testdriver.gr/autokinhtooles-organa.php,"Τι μπορεί να συμβεί, εάν επιβάτες που κάθονται στο πίσω κάθισμα δεν χρησιμοποιούν τις υπάρχουσες ζώνες ασφαλείας;",Σε μία σύγκρουση δημιουργούν για τον οδηγό και τον συνοδηγό έναν πρόσθετο κίνδυνο τραυματισμού.,question_correct_answer
5,STUDY_GUIDE_HOST,Driving Rules,greekmmlu:2515,http://docplayer.gr/1200098-D-symfonia-eggrafi-i-proforiki-metaxy-dyo-toylahiston-prosopon-apo-tin.html,Τι μορφές πίστωσης παρέχουν οι Τράπεζες στις επιχειρήσεις;,"Δάνεια για κεφάλαιο κίνησης ή αγορά πάγιων περιουσιακών στοιχείων, προεξόφληση συναλλαγματικών και χρηματοδότηση με ενεχ",eval_prompt
5,STUDY_GUIDE_HOST,Driving Rules,greekmmlu:2515,http://docplayer.gr/1200098-D-symfonia-eggrafi-i-proforiki-metaxy-dyo-toylahiston-prosopon-apo-tin.html,Τι μορφές πίστωσης παρέχουν οι Τράπεζες στις επιχειρήσεις;,"Δάνεια για κεφάλαιο κίνησης ή αγορά πάγιων περιουσιακών στοιχείων, προεξόφληση συναλλαγματικών και χρηματοδότηση με ενεχ",question_correct_answer
5,EVAL_REHEARSAL_SITE,Driving Rules,greekmmlu:2524,https://testdriver.gr/autokinhto-etoima.php?id=1,Μία λωρίδα επιταχύνσεως χρησιμεύει στο να αποφεύγεται η επιβράδυνση της κανονικής ροής κυκλοφορίας:,ΝΑΙ.,question
5,EVAL_REHEARSAL_SITE,Driving Rules,greekmmlu:2524,https://testdriver.gr/autokinhto-etoima.php?id=1,Μία λωρίδα επιταχύνσεως χρησιμεύει στο να αποφεύγεται η επιβράδυνση της κανονικής ροής κυκλοφορίας:,ΝΑΙ.,question_all_choices
5,EVAL_REHEARSAL_SITE,Driving Rules,greekmmlu:2524,https://testdriver.gr/autokinhto-etoima.php?id=1,Μία λωρίδα επιταχύνσεως χρησιμεύει στο να αποφεύγεται η επιβράδυνση της κανονικής ροής κυκλοφορίας:,ΝΑΙ.,question_correct_answer
5,STUDY_GUIDE_HOST,Driving Rules,greekmmlu:2530,http://docplayer.gr/1200098-D-symfonia-eggrafi-i-proforiki-metaxy-dyo-toylahiston-prosopon-apo-tin.html,Η δημοσιότητα των Ο.Ε. και Ε.Ε. εξασφαλίζεται με:,καταχώριση περίληψης του καταστατικού σε ειδικό βιβλίο που τηρείται στη γραμματεία του πρωτοδικείου της έδρας τους,eval_prompt
5,STUDY_GUIDE_HOST,Driving Rules,greekmmlu:2530,http://docplayer.gr/1200098-D-symfonia-eggrafi-i-proforiki-metaxy-dyo-toylahiston-prosopon-apo-tin.html,Η δημοσιότητα των Ο.Ε. και Ε.Ε. εξασφαλίζεται με:,καταχώριση περίληψης του καταστατικού σε ειδικό βιβλίο που τηρείται στη γραμματεία του πρωτοδικείου της έδρας τους,question_correct_answer
5,STUDY_GUIDE_HOST,Driving Rules,greekmmlu:2534,http://docplayer.gr/1200098-D-symfonia-eggrafi-i-proforiki-metaxy-dyo-toylahiston-prosopon-apo-tin.html,Φορέας Κοινωνικής Ασφάλισης για τους ιδιοκτήτες Φ.Δ.Χ. είναι:,Το ΙΚΑ για ασθένεια και το ΤΣΑ για σύνταξη,eval_prompt
5,EVAL_REHEARSAL_SITE,Driving Rules,greekmmlu:2537,http://testdriver.gr/peiforthgo.php,"Σύμφωνα με τη CMR, ο μεταφορέας ευθύνεται για την ολική ή μερική απώλεια των εμπορευμάτων και για τη βλάβη τους",στην περίπτωση λανθασμένης ενέργειας του προσώπου στο οποίο εκμίσθωσε το όχημα,question
5,EVAL_REHEARSAL_SITE,Driving Rules,greekmmlu:2537,http://testdriver.gr/peiforthgo.php,"Σύμφωνα με τη CMR, ο μεταφορέας ευθύνεται για την ολική ή μερική απώλεια των εμπορευμάτων και για τη βλάβη τους",στην περίπτωση λανθασμένης ενέργειας του προσώπου στο οποίο εκμίσθωσε το όχημα,question_all_choices
5,EVAL_REHEARSAL_SITE,Driving Rules,greekmmlu:2537,http://testdriver.gr/peiforthgo.php,"Σύμφωνα με τη CMR, ο μεταφορέας ευθύνεται για την ολική ή μερική απώλεια των εμπορευμάτων και για τη βλάβη τους",στην περίπτωση λανθασμένης ενέργειας του προσώπου στο οποίο εκμίσθωσε το όχημα,question_correct_answer
5,EVAL_REHEARSAL_SITE,Driving Rules,greekmmlu:2540,http://testdriver.gr/autokinhto-etoima.php?id=21,Οδηγείτε νύχτα με φώτα διασταυρώσεως (μεσαία) σε μία επαρχιακή οδό. Σε πόση απόσταση πρέπει να μπορείτε να σταματήσετε τ,Όσο και το μήκος της δέσμης των μεσαίων φωτών.,question
5,EVAL_REHEARSAL_SITE,Driving Rules,greekmmlu:2540,http://testdriver.gr/autokinhto-etoima.php?id=21,Οδηγείτε νύχτα με φώτα διασταυρώσεως (μεσαία) σε μία επαρχιακή οδό. Σε πόση απόσταση πρέπει να μπορείτε να σταματήσετε τ,Όσο και το μήκος της δέσμης των μεσαίων φωτών.,question
5,EVAL_REHEARSAL_SITE,Driving Rules,greekmmlu:2540,http://testdriver.gr/autokinhto-etoima.php?id=21,Οδηγείτε νύχτα με φώτα διασταυρώσεως (μεσαία) σε μία επαρχιακή οδό. Σε πόση απόσταση πρέπει να μπορείτε να σταματήσετε τ,Όσο και το μήκος της δέσμης των μεσαίων φωτών.,question_all_choices
5,EVAL_REHEARSAL_SITE,Driving Rules,greekmmlu:2540,http://testdriver.gr/autokinhto-etoima.php?id=21,Οδηγείτε νύχτα με φώτα διασταυρώσεως (μεσαία) σε μία επαρχιακή οδό. Σε πόση απόσταση πρέπει να μπορείτε να σταματήσετε τ,Όσο και το μήκος της δέσμης των μεσαίων φωτών.,question_all_choices
5,EVAL_REHEARSAL_SITE,Driving Rules,greekmmlu:2540,http://testdriver.gr/autokinhto-etoima.php?id=21,Οδηγείτε νύχτα με φώτα διασταυρώσεως (μεσαία) σε μία επαρχιακή οδό. Σε πόση απόσταση πρέπει να μπορείτε να σταματήσετε τ,Όσο και το μήκος της δέσμης των μεσαίων φωτών.,question_correct_answer
5,EVAL_REHEARSAL_SITE,Driving Rules,greekmmlu:2540,http://testdriver.gr/autokinhto-etoima.php?id=21,Οδηγείτε νύχτα με φώτα διασταυρώσεως (μεσαία) σε μία επαρχιακή οδό. Σε πόση απόσταση πρέπει να μπορείτε να σταματήσετε τ,Όσο και το μήκος της δέσμης των μεσαίων φωτών.,question_correct_answer
5,EVAL_REHEARSAL_SITE,Driving Rules,greekmmlu:2542,https://testdriver.gr/autokinhto-etoima.php?id=14,Τι μπορεί να αυξήσει την κατανάλωση καυσίμου;,Η οδήγηση με το μέγιστο αριθμό στροφών.,question_correct_answer
5,EVAL_REHEARSAL_SITE,Driving Rules,greekmmlu:2543,http://testdriver.gr/ru/peiforthgo.php,Η κατανάλωση αλκοόλ προκαλεί στον οδηγό:,Περιορισμό του οπτικού πεδίου.,question_all_choices
5,EVAL_REHEARSAL_SITE,Driving Rules,greekmmlu:2550,http://testdriver.gr/mhxanh.php,"Μετά από μία πτώση ή μικρή σύγκρουση που δεν έχει συνέπειες για τους επιβάτες της μοτοσυκλέτας, τι πρέπει να κάνει ο οδη","Να φροντίσει για τον εαυτό του, τον συνεπιβάτη του και να συνεχίσει το ταξίδι του, εφόσον ελέγξει προσεκτικά τη λειτουργ",eval_prompt
5,EVAL_REHEARSAL_SITE,Driving Rules,greekmmlu:2550,http://testdriver.gr/mhxanh.php,"Μετά από μία πτώση ή μικρή σύγκρουση που δεν έχει συνέπειες για τους επιβάτες της μοτοσυκλέτας, τι πρέπει να κάνει ο οδη","Να φροντίσει για τον εαυτό του, τον συνεπιβάτη του και να συνεχίσει το ταξίδι του, εφόσον ελέγξει προσεκτικά τη λειτουργ",question
5,EVAL_REHEARSAL_SITE,Driving Rules,greekmmlu:2550,http://testdriver.gr/mhxanh.php,"Μετά από μία πτώση ή μικρή σύγκρουση που δεν έχει συνέπειες για τους επιβάτες της μοτοσυκλέτας, τι πρέπει να κάνει ο οδη","Να φροντίσει για τον εαυτό του, τον συνεπιβάτη του και να συνεχίσει το ταξίδι του, εφόσον ελέγξει προσεκτικά τη λειτουργ",question_all_choices
5,EVAL_REHEARSAL_SITE,Driving Rules,greekmmlu:2550,http://testdriver.gr/mhxanh.php,"Μετά από μία πτώση ή μικρή σύγκρουση που δεν έχει συνέπειες για τους επιβάτες της μοτοσυκλέτας, τι πρέπει να κάνει ο οδη","Να φροντίσει για τον εαυτό του, τον συνεπιβάτη του και να συνεχίσει το ταξίδι του, εφόσον ελέγξει προσεκτικά τη λειτουργ",question_correct_answer
5,EVAL_REHEARSAL_SITE,Driving Rules,greekmmlu:2553,http://www.testdriver.gr/autokinhto-etoima.php?id=20,Ένα δίτροχο μοτοποδήλατο που κινείται με μικρή ταχύτητα εισέρχεται ξαφνικά μπροστά σας σε δρόμο με πυκνή κυκλοφορία:,Το αφήνετε να περάσει.,question
5,EVAL_REHEARSAL_SITE,Driving Rules,greekmmlu:2553,https://testdriver.gr/autokinhto-etoima.php?id=20,Ένα δίτροχο μοτοποδήλατο που κινείται με μικρή ταχύτητα εισέρχεται ξαφνικά μπροστά σας σε δρόμο με πυκνή κυκλοφορία:,Το αφήνετε να περάσει.,question
5,EVAL_REHEARSAL_SITE,Driving Rules,greekmmlu:2553,http://www.testdriver.gr/autokinhto-etoima.php?id=20,Ένα δίτροχο μοτοποδήλατο που κινείται με μικρή ταχύτητα εισέρχεται ξαφνικά μπροστά σας σε δρόμο με πυκνή κυκλοφορία:,Το αφήνετε να περάσει.,question_all_choices
5,EVAL_REHEARSAL_SITE,Driving Rules,greekmmlu:2553,https://testdriver.gr/autokinhto-etoima.php?id=20,Ένα δίτροχο μοτοποδήλατο που κινείται με μικρή ταχύτητα εισέρχεται ξαφνικά μπροστά σας σε δρόμο με πυκνή κυκλοφορία:,Το αφήνετε να περάσει.,question_all_choices
5,EVAL_REHEARSAL_SITE,Driving Rules,greekmmlu:2553,http://www.testdriver.gr/autokinhto-etoima.php?id=20,Ένα δίτροχο μοτοποδήλατο που κινείται με μικρή ταχύτητα εισέρχεται ξαφνικά μπροστά σας σε δρόμο με πυκνή κυκλοφορία:,Το αφήνετε να περάσει.,question_correct_answer
5,EVAL_REHEARSAL_SITE,Driving Rules,greekmmlu:2553,https://testdriver.gr/autokinhto-etoima.php?id=20,Ένα δίτροχο μοτοποδήλατο που κινείται με μικρή ταχύτητα εισέρχεται ξαφνικά μπροστά σας σε δρόμο με πυκνή κυκλοφορία:,Το αφήνετε να περάσει.,question_correct_answer
5,STUDY_GUIDE_HOST,Driving Rules,greekmmlu:2554,http://docplayer.gr/30443551-Simansi-otan-se-periohes-ergon-ston-aytokinitodromo-i-orizontia-simansi-symperilamvanei-aspres-kai-kitrines-grammes-taytohrona-seveste.html,Πότε επιτρέπεται να κάνετε όπισθεν με το όχημά σας;,Όταν δεν είναι δυνατή η προς τα εμπρός κίνηση ή γίνεται ελιγμός στάθμευσης.,question_all_choices
5,EVAL_REHEARSAL_SITE,Driving Rules,greekmmlu:2554,http://testdriver.gr/autokinhto-etoima.php?id=21,Πότε επιτρέπεται να κάνετε όπισθεν με το όχημά σας;,Όταν δεν είναι δυνατή η προς τα εμπρός κίνηση ή γίνεται ελιγμός στάθμευσης.,question_correct_answer
5,STUDY_GUIDE_HOST,Driving Rules,greekmmlu:2556,http://docplayer.gr/1200098-D-symfonia-eggrafi-i-proforiki-metaxy-dyo-toylahiston-prosopon-apo-tin.html,Ποιος είναι ο τύπος της σύμβασης μεταφοράς;,Δεν υπάρχει συγκεκριμένος τύπος. Καταρτίζεται εγγράφως ή προφορικώς,eval_prompt
5,EVAL_REHEARSAL_SITE,Driving Rules,greekmmlu:2559,http://testdriver.gr/autokinhto-etoima.php?id=9,"Τι προκαλεί η οδήγηση οποιουδήποτε οχήματος, όταν ο οδηγός του βρίσκεται υπό την επίδραση οινοπνεύματος;","Υπνηλία, δυσκολία σκέψεως, έλλειψη κρίσεως κλπ.",question
5,EVAL_REHEARSAL_SITE,Driving Rules,greekmmlu:2559,https://testdriver.gr/autokinhto-etoima.php?id=9,"Τι προκαλεί η οδήγηση οποιουδήποτε οχήματος, όταν ο οδηγός του βρίσκεται υπό την επίδραση οινοπνεύματος;","Υπνηλία, δυσκολία σκέψεως, έλλειψη κρίσεως κλπ.",question
5,EVAL_REHEARSAL_SITE,Driving Rules,greekmmlu:2559,http://testdriver.gr/autokinhto-etoima.php?id=9,"Τι προκαλεί η οδήγηση οποιουδήποτε οχήματος, όταν ο οδηγός του βρίσκεται υπό την επίδραση οινοπνεύματος;","Υπνηλία, δυσκολία σκέψεως, έλλειψη κρίσεως κλπ.",question_all_choices
5,EVAL_REHEARSAL_SITE,Driving Rules,greekmmlu:2559,https://testdriver.gr/autokinhto-etoima.php?id=9,"Τι προκαλεί η οδήγηση οποιουδήποτε οχήματος, όταν ο οδηγός του βρίσκεται υπό την επίδραση οινοπνεύματος;","Υπνηλία, δυσκολία σκέψεως, έλλειψη κρίσεως κλπ.",question_all_choices
5,EVAL_REHEARSAL_SITE,Driving Rules,greekmmlu:2559,http://testdriver.gr/autokinhto-etoima.php?id=9,"Τι προκαλεί η οδήγηση οποιουδήποτε οχήματος, όταν ο οδηγός του βρίσκεται υπό την επίδραση οινοπνεύματος;","Υπνηλία, δυσκολία σκέψεως, έλλειψη κρίσεως κλπ.",question_correct_answer
5,EVAL_REHEARSAL_SITE,Driving Rules,greekmmlu:2559,https://testdriver.gr/autokinhto-etoima.php?id=9,"Τι προκαλεί η οδήγηση οποιουδήποτε οχήματος, όταν ο οδηγός του βρίσκεται υπό την επίδραση οινοπνεύματος;","Υπνηλία, δυσκολία σκέψεως, έλλειψη κρίσεως κλπ.",question_correct_answer
5,EVAL_REHEARSAL_SITE,Driving Rules,greekmmlu:2563,http://testdriver.gr/ru/peiforthgo.php,Μετά από ένα απότομο φρενάρισμα το φορτίο μπορεί να μην είναι ασφαλές.,Ο οδηγός πρέπει να σταματήσει για να ελέγξει το φορτίο,question_all_choices
5,EVAL_REHEARSAL_SITE,Driving Rules,greekmmlu:2563,http://testdriver.gr/ru/peiforthgo.php,Μετά από ένα απότομο φρενάρισμα το φορτίο μπορεί να μην είναι ασφαλές.,Ο οδηγός πρέπει να σταματήσει για να ελέγξει το φορτίο,question_correct_answer
5,STUDY_GUIDE_HOST,Driving Rules,greekmmlu:2574,http://docplayer.gr/1200098-D-symfonia-eggrafi-i-proforiki-metaxy-dyo-toylahiston-prosopon-apo-tin.html,Τι σημαίνει η αναγραφή στην επιταγή «πληρώσατε σε διαταγή εμού του ιδίου»;,Η επιταγή μπορεί να εισπραχθεί από τον εκδότη της ή κάτοχό της έπειτα από οπισθογράφηση,eval_prompt
5,STUDY_GUIDE_HOST,Driving Rules,greekmmlu:2574,http://docplayer.gr/1200098-D-symfonia-eggrafi-i-proforiki-metaxy-dyo-toylahiston-prosopon-apo-tin.html,Τι σημαίνει η αναγραφή στην επιταγή «πληρώσατε σε διαταγή εμού του ιδίου»;,Η επιταγή μπορεί να εισπραχθεί από τον εκδότη της ή κάτοχό της έπειτα από οπισθογράφηση,question_correct_answer
5,STUDY_GUIDE_HOST,Driving Rules,greekmmlu:2576,http://docplayer.gr/1200098-D-symfonia-eggrafi-i-proforiki-metaxy-dyo-toylahiston-prosopon-apo-tin.html,Το συμβατικό ωράριο εργασίας καθορίζεται:,"Με συλλογική σύμβαση, διαιτητική απόφαση ή με την ατομική σύμβαση εργασίας, στα πλαίσια του νόμιμου ωραρίου",eval_prompt
5,STUDY_GUIDE_HOST,Driving Rules,greekmmlu:2576,http://docplayer.gr/1200098-D-symfonia-eggrafi-i-proforiki-metaxy-dyo-toylahiston-prosopon-apo-tin.html,Το συμβατικό ωράριο εργασίας καθορίζεται:,"Με συλλογική σύμβαση, διαιτητική απόφαση ή με την ατομική σύμβαση εργασίας, στα πλαίσια του νόμιμου ωραρίου",question_correct_answer
5,STUDY_GUIDE_HOST,Driving Rules,greekmmlu:2580,http://docplayer.gr/1200098-D-symfonia-eggrafi-i-proforiki-metaxy-dyo-toylahiston-prosopon-apo-tin.html,Η ασφαλιστική κάλυψη υγείας γίνεται:,Με τη χορήγηση στους ασφαλισμένους ορισμένων παροχών σε χρήμα και σε είδος,eval_prompt
5,STUDY_GUIDE_HOST,Driving Rules,greekmmlu:2581,http://docplayer.gr/1200098-D-symfonia-eggrafi-i-proforiki-metaxy-dyo-toylahiston-prosopon-apo-tin.html,Ο εταίρος μιας Ε.Π.Ε. έχει δικαίωμα από τον νόμο να εξέλθει από την εταιρεία:,όταν υπάρχει σπουδαίος λόγος ή/και όταν μεταβληθεί το αντικείμενο της επιχείρησης,eval_prompt
5,STUDY_GUIDE_HOST,Driving Rules,greekmmlu:2586,http://docplayer.gr/1200098-D-symfonia-eggrafi-i-proforiki-metaxy-dyo-toylahiston-prosopon-apo-tin.html,Ο μεταφορέας ή η μεταφορική επιχείρηση έχει υποχρέωση αναγγελίας της πρόσληψης οδηγού:,Στο Γραφείο Εργασίας του ΟΑΕΔ εντός 8 ημερών,eval_prompt
5,EVAL_REHEARSAL_SITE,Driving Rules,greekmmlu:2591,http://testdriver.gr/peiforthgo.php,Η σωστή ρύθμιση του καθίσματος του οδηγού είναι σημαντική για την άνεση και για την ασφάλειά του. Εξαρτάται από:,Τα σωματικά χαρακτηριστικά του οδηγού.,question_all_choices
5,EVAL_REHEARSAL_SITE,Driving Rules,greekmmlu:2594,http://testdriver.gr/mhxanh.php,Ποιον τύπο λαδιού χρησιμοποιείτε για τον κινητήρα της μοτοσυκλέτας σας και κάθε πότε αλλάζετε λάδια;,"Τον τύπο που έχει τη ρευστότητα που ορίζει ο κατασκευαστής και αλλάζετε σε τακτά χρονικά διαστήματα, σύμφωνα με όσα καθο",question
5,EVAL_REHEARSAL_SITE,Driving Rules,greekmmlu:2594,http://testdriver.gr/mhxanh.php,Ποιον τύπο λαδιού χρησιμοποιείτε για τον κινητήρα της μοτοσυκλέτας σας και κάθε πότε αλλάζετε λάδια;,"Τον τύπο που έχει τη ρευστότητα που ορίζει ο κατασκευαστής και αλλάζετε σε τακτά χρονικά διαστήματα, σύμφωνα με όσα καθο",question_all_choices
5,EVAL_REHEARSAL_SITE,Driving Rules,greekmmlu:2594,http://testdriver.gr/mhxanh.php,Ποιον τύπο λαδιού χρησιμοποιείτε για τον κινητήρα της μοτοσυκλέτας σας και κάθε πότε αλλάζετε λάδια;,"Τον τύπο που έχει τη ρευστότητα που ορίζει ο κατασκευαστής και αλλάζετε σε τακτά χρονικά διαστήματα, σύμφωνα με όσα καθο",question_correct_answer
5,STUDY_GUIDE_HOST,Driving Rules,greekmmlu:2597,http://docplayer.gr/1200098-D-symfonia-eggrafi-i-proforiki-metaxy-dyo-toylahiston-prosopon-apo-tin.html,Τι διασφαλίζουν οι Τράπεζες με τις πληροφορίες που τους παρέχει η ΤΕΙΡΕΣΙΑΣ ΑΕ;,Την προστασία της πίστης και τη μείωση των επισφαλειών,question
5,EVAL_REHEARSAL_SITE,Driving Rules,greekmmlu:2608,http://testdriver.gr/autokinhto-etoima.php?id=21,«Διαπράττετε αδίκημα φυγής» σημαίνει:,Να μη σταματήσετε ενώ έχετε εμπλακεί σε αυτό ως δράστης.,question_all_choices
5,EVAL_REHEARSAL_SITE,Driving Rules,greekmmlu:2608,http://testdriver.gr/autokinhto-etoima.php?id=5,«Διαπράττετε αδίκημα φυγής» σημαίνει:,Να μη σταματήσετε ενώ έχετε εμπλακεί σε αυτό ως δράστης.,question_all_choices
5,EVAL_REHEARSAL_SITE,Driving Rules,greekmmlu:2608,http://testdriver.gr/autokinhto-etoima.php?id=21,«Διαπράττετε αδίκημα φυγής» σημαίνει:,Να μη σταματήσετε ενώ έχετε εμπλακεί σε αυτό ως δράστης.,question_correct_answer
5,EVAL_REHEARSAL_SITE,Driving Rules,greekmmlu:2608,http://testdriver.gr/autokinhto-etoima.php?id=5,«Διαπράττετε αδίκημα φυγής» σημαίνει:,Να μη σταματήσετε ενώ έχετε εμπλακεί σε αυτό ως δράστης.,question_correct_answer
5,EVAL_REHEARSAL_SITE,Driving Rules,greekmmlu:2609,http://testdriver.gr/autokinhto-etoima.php?id=17,Η οικονομική οδήγηση:,"Μειώνει την κατανάλωση καυσίμων, βελτιώνει την ασφάλεια και είναι ευεργετική για το περιβάλλον.",question_all_choices
5,EVAL_REHEARSAL_SITE,Driving Rules,greekmmlu:2609,http://testdriver.gr/autokinhto-etoima.php?id=17,Η οικονομική οδήγηση:,"Μειώνει την κατανάλωση καυσίμων, βελτιώνει την ασφάλεια και είναι ευεργετική για το περιβάλλον.",question_correct_answer
5,EVAL_REHEARSAL_SITE,Driving Rules,greekmmlu:2610,http://testdriver.gr/mhxanh.php,"Διαπιστώνεται ότι μία μοτοσυκλέτα προκαλεί, κατά την κίνηση και τη λειτουργία της, θόρυβο πέραν του επιτρεπόμενου ορίου.",Με πρόστιμο και με επί τόπου αφαίρεση των στοιχείων κυκλοφορίας της μοτοσυκλέτας από αυτόν που βεβαιώνει την παράβαση.,eval_prompt
5,EVAL_REHEARSAL_SITE,Driving Rules,greekmmlu:2610,http://testdriver.gr/mhxanh.php,"Διαπιστώνεται ότι μία μοτοσυκλέτα προκαλεί, κατά την κίνηση και τη λειτουργία της, θόρυβο πέραν του επιτρεπόμενου ορίου.",Με πρόστιμο και με επί τόπου αφαίρεση των στοιχείων κυκλοφορίας της μοτοσυκλέτας από αυτόν που βεβαιώνει την παράβαση.,question
5,EVAL_REHEARSAL_SITE,Driving Rules,greekmmlu:2610,http://testdriver.gr/mhxanh.php,"Διαπιστώνεται ότι μία μοτοσυκλέτα προκαλεί, κατά την κίνηση και τη λειτουργία της, θόρυβο πέραν του επιτρεπόμενου ορίου.",Με πρόστιμο και με επί τόπου αφαίρεση των στοιχείων κυκλοφορίας της μοτοσυκλέτας από αυτόν που βεβαιώνει την παράβαση.,question_all_choices
5,EVAL_REHEARSAL_SITE,Driving Rules,greekmmlu:2610,http://testdriver.gr/mhxanh.php,"Διαπιστώνεται ότι μία μοτοσυκλέτα προκαλεί, κατά την κίνηση και τη λειτουργία της, θόρυβο πέραν του επιτρεπόμενου ορίου.",Με πρόστιμο και με επί τόπου αφαίρεση των στοιχείων κυκλοφορίας της μοτοσυκλέτας από αυτόν που βεβαιώνει την παράβαση.,question_correct_answer
5,EVAL_REHEARSAL_SITE,Driving Rules,greekmmlu:2620,https://www.testdriver.gr/autokinhto-etoima.php?id=23,Τι πρέπει να κάνετε όταν μειώνεται η πρόσφυση;,Επιβραδύνετε και αποφεύγετε τις απότομες κινήσεις με το τιμόνι.,question_all_choices
5,EVAL_REHEARSAL_SITE,Driving Rules,greekmmlu:2620,https://www.testdriver.gr/autokinhto-etoima.php?id=23,Τι πρέπει να κάνετε όταν μειώνεται η πρόσφυση;,Επιβραδύνετε και αποφεύγετε τις απότομες κινήσεις με το τιμόνι.,question_correct_answer
5,EVAL_REHEARSAL_SITE,Driving Rules,greekmmlu:2625,http://testdriver.gr/peileoforeio.php,Επιβάτης μεταβαίνει με μετρό από το σπίτι του στον Σιδηροδρομικό Σταθμό Λαρίσης στην Αθήνα. Στη συνέχεια μεταβαίνει με τ,Το λεωφορείο του ΟΑΣΑ είναι μέσο ανταγωνιστικό.,question
5,EVAL_REHEARSAL_SITE,Driving Rules,greekmmlu:2625,http://testdriver.gr/peileoforeio.php,Επιβάτης μεταβαίνει με μετρό από το σπίτι του στον Σιδηροδρομικό Σταθμό Λαρίσης στην Αθήνα. Στη συνέχεια μεταβαίνει με τ,Το λεωφορείο του ΟΑΣΑ είναι μέσο ανταγωνιστικό.,question_all_choices
5,EVAL_REHEARSAL_SITE,Driving Rules,greekmmlu:2625,http://testdriver.gr/peileoforeio.php,Επιβάτης μεταβαίνει με μετρό από το σπίτι του στον Σιδηροδρομικό Σταθμό Λαρίσης στην Αθήνα. Στη συνέχεια μεταβαίνει με τ,Το λεωφορείο του ΟΑΣΑ είναι μέσο ανταγωνιστικό.,question_correct_answer
5,EVAL_REHEARSAL_SITE,Driving Rules,greekmmlu:2630,https://testdriver.gr/autokinhto-etoima.php?id=7,Τι πρέπει να κάνετε μετά από ένα ατύχημα με ένα ζώο (π.χ. με ένα σκύλο);,"Να σταματήσετε, να θέσετε σε λειτουργία τα φώτα έκτακτης ανάγκης (αλάρμ) και να πάρετε μέτρα ασφαλείας στον τόπο του ατυ",question
5,EVAL_REHEARSAL_SITE,Driving Rules,greekmmlu:2630,https://testdriver.gr/autokinhto-etoima.php?id=7,Τι πρέπει να κάνετε μετά από ένα ατύχημα με ένα ζώο (π.χ. με ένα σκύλο);,"Να σταματήσετε, να θέσετε σε λειτουργία τα φώτα έκτακτης ανάγκης (αλάρμ) και να πάρετε μέτρα ασφαλείας στον τόπο του ατυ",question_all_choices
5,EVAL_REHEARSAL_SITE,Driving Rules,greekmmlu:2630,https://testdriver.gr/autokinhto-etoima.php?id=7,Τι πρέπει να κάνετε μετά από ένα ατύχημα με ένα ζώο (π.χ. με ένα σκύλο);,"Να σταματήσετε, να θέσετε σε λειτουργία τα φώτα έκτακτης ανάγκης (αλάρμ) και να πάρετε μέτρα ασφαλείας στον τόπο του ατυ",question_correct_answer
5,EVAL_REHEARSAL_SITE,Driving Rules,greekmmlu:2631,http://testdriver.gr/autokinhto-etoima.php?id=17,"Πόση είναι η απόσταση ακινητοποίησης κατά τον εμπειρικό κανόνα, όταν κινείστε με μία ταχύτητα 50 km/h επάνω σε επίπεδο σ",25 m.,question
5,EVAL_REHEARSAL_SITE,Driving Rules,greekmmlu:2631,http://testdriver.gr/autokinhto-etoima.php?id=17,"Πόση είναι η απόσταση ακινητοποίησης κατά τον εμπειρικό κανόνα, όταν κινείστε με μία ταχύτητα 50 km/h επάνω σε επίπεδο σ",25 m.,question_all_choices
5,EVAL_REHEARSAL_SITE,Driving Rules,greekmmlu:2631,http://testdriver.gr/autokinhto-etoima.php?id=17,"Πόση είναι η απόσταση ακινητοποίησης κατά τον εμπειρικό κανόνα, όταν κινείστε με μία ταχύτητα 50 km/h επάνω σε επίπεδο σ",25 m.,question_correct_answer
5,STUDY_GUIDE_HOST,Driving Rules,greekmmlu:2632,http://docplayer.gr/1200098-D-symfonia-eggrafi-i-proforiki-metaxy-dyo-toylahiston-prosopon-apo-tin.html,"Σε περιπτώσεις που υπάρχει διαφωνία της επιχείρησης και του Συμβουλίου Εργαζομένων σε θέματα της αρμοδιότητάς του, αρμόδ",Η Επιθεώρηση Εργασίας,eval_prompt
5,STUDY_GUIDE_HOST,Driving Rules,greekmmlu:2632,http://docplayer.gr/1200098-D-symfonia-eggrafi-i-proforiki-metaxy-dyo-toylahiston-prosopon-apo-tin.html,"Σε περιπτώσεις που υπάρχει διαφωνία της επιχείρησης και του Συμβουλίου Εργαζομένων σε θέματα της αρμοδιότητάς του, αρμόδ",Η Επιθεώρηση Εργασίας,question
5,STUDY_GUIDE_HOST,Driving Rules,greekmmlu:2632,http://docplayer.gr/1200098-D-symfonia-eggrafi-i-proforiki-metaxy-dyo-toylahiston-prosopon-apo-tin.html,"Σε περιπτώσεις που υπάρχει διαφωνία της επιχείρησης και του Συμβουλίου Εργαζομένων σε θέματα της αρμοδιότητάς του, αρμόδ",Η Επιθεώρηση Εργασίας,question_all_choices
5,STUDY_GUIDE_HOST,Driving Rules,greekmmlu:2632,http://docplayer.gr/1200098-D-symfonia-eggrafi-i-proforiki-metaxy-dyo-toylahiston-prosopon-apo-tin.html,"Σε περιπτώσεις που υπάρχει διαφωνία της επιχείρησης και του Συμβουλίου Εργαζομένων σε θέματα της αρμοδιότητάς του, αρμόδ",Η Επιθεώρηση Εργασίας,question_correct_answer
5,EVAL_REHEARSAL_SITE,Driving Rules,greekmmlu:2655,http://trafficsigns.info/el/bike?page=5,Σε ποια σημεία γύρω από ένα φορτηγό ή λεωφορείο δεν διακρίνεται ένα δίκυκλο από τον οδηγό του φορτηγού ή του λεωφορείου;,Ακριβώς από πίσω του.,eval_prompt
5,EVAL_REHEARSAL_SITE,Driving Rules,greekmmlu:2655,http://trafficsigns.info/el/bike?page=5,Σε ποια σημεία γύρω από ένα φορτηγό ή λεωφορείο δεν διακρίνεται ένα δίκυκλο από τον οδηγό του φορτηγού ή του λεωφορείου;,Ακριβώς από πίσω του.,question
5,EVAL_REHEARSAL_SITE,Driving Rules,greekmmlu:2655,http://trafficsigns.info/el/bike?page=5,Σε ποια σημεία γύρω από ένα φορτηγό ή λεωφορείο δεν διακρίνεται ένα δίκυκλο από τον οδηγό του φορτηγού ή του λεωφορείου;,Ακριβώς από πίσω του.,question_all_choices
5,EVAL_REHEARSAL_SITE,Driving Rules,greekmmlu:2655,http://trafficsigns.info/el/bike?page=5,Σε ποια σημεία γύρω από ένα φορτηγό ή λεωφορείο δεν διακρίνεται ένα δίκυκλο από τον οδηγό του φορτηγού ή του λεωφορείου;,Ακριβώς από πίσω του.,question_correct_answer
5,EVAL_REHEARSAL_SITE,Driving Rules,greekmmlu:2661,http://www.testdriver.gr/autokinhto-etoima.php?id=20,"Για να περάσετε δίπλα από έναν πεζό, οφείλετε να αφήσετε ένα πλευρικό διάστημα το λιγότερο:",1 μ.,question
5,EVAL_REHEARSAL_SITE,Driving Rules,greekmmlu:2661,https://testdriver.gr/autokinhto-etoima.php?id=20,"Για να περάσετε δίπλα από έναν πεζό, οφείλετε να αφήσετε ένα πλευρικό διάστημα το λιγότερο:",1 μ.,question
5,EVAL_REHEARSAL_SITE,Driving Rules,greekmmlu:2661,http://www.testdriver.gr/autokinhto-etoima.php?id=20,"Για να περάσετε δίπλα από έναν πεζό, οφείλετε να αφήσετε ένα πλευρικό διάστημα το λιγότερο:",1 μ.,question_all_choices
5,EVAL_REHEARSAL_SITE,Driving Rules,greekmmlu:2661,https://testdriver.gr/autokinhto-etoima.php?id=20,"Για να περάσετε δίπλα από έναν πεζό, οφείλετε να αφήσετε ένα πλευρικό διάστημα το λιγότερο:",1 μ.,question_all_choices
5,EVAL_REHEARSAL_SITE,Driving Rules,greekmmlu:2661,http://www.testdriver.gr/autokinhto-etoima.php?id=20,"Για να περάσετε δίπλα από έναν πεζό, οφείλετε να αφήσετε ένα πλευρικό διάστημα το λιγότερο:",1 μ.,question_correct_answer
5,EVAL_REHEARSAL_SITE,Driving Rules,greekmmlu:2661,https://testdriver.gr/autokinhto-etoima.php?id=20,"Για να περάσετε δίπλα από έναν πεζό, οφείλετε να αφήσετε ένα πλευρικό διάστημα το λιγότερο:",1 μ.,question_correct_answer
5,EVAL_REHEARSAL_SITE,Driving Rules,greekmmlu:2678,https://testdriver.gr/autokinhto-etoima.php?id=14,"Κάθε φορά που προσπερνάτε κάποιο όχημα, τη νύχτα, και επιτρέπεται να ανάψετε τα φώτα πορείας, αυτό το κάνετε:",Όταν είστε στο ύψος του.,question_correct_answer
1,OTHER_GENERIC,Driving Rules,greekmmlu:2680,http://farmakeiagr-online.life/angioten.html,"Σε περίπτωση ατυχήματος, μία από τις πρώτες ενέργειες που πρέπει να γίνουν είναι:",Το σβήσιμο του κινητήρα.,question
5,EVAL_REHEARSAL_SITE,Driving Rules,greekmmlu:2680,http://testdriver.gr/peiforthgo.php,"Σε περίπτωση ατυχήματος, μία από τις πρώτες ενέργειες που πρέπει να γίνουν είναι:",Το σβήσιμο του κινητήρα.,question
1,OTHER_GENERIC,Driving Rules,greekmmlu:2680,http://farmakeiagr-online.life/angioten.html,"Σε περίπτωση ατυχήματος, μία από τις πρώτες ενέργειες που πρέπει να γίνουν είναι:",Το σβήσιμο του κινητήρα.,question_correct_answer
5,EVAL_REHEARSAL_SITE,Driving Rules,greekmmlu:2680,http://testdriver.gr/peiforthgo.php,"Σε περίπτωση ατυχήματος, μία από τις πρώτες ενέργειες που πρέπει να γίνουν είναι:",Το σβήσιμο του κινητήρα.,question_correct_answer
5,EVAL_REHEARSAL_SITE,Driving Rules,greekmmlu:2683,http://testdriver.gr/autokinhto-etoima.php?id=17,Σε μία λωρίδα έκτακτης ανάγκης μπορείτε:,Να αντικαταστήσετε ένα κλαταρισμένο λάστιχο.,question_all_choices
5,EVAL_REHEARSAL_SITE,Driving Rules,greekmmlu:2684,http://testdriver.gr/peileoforeio.php,"Για την αποεπιβίβαση ατόμων με μειωμένη κινητικότητα χωρίς συνοδό, ίσως απαιτηθεί η συνδρομή του οδηγού. Ο οδηγός οφείλε",Παράσχει πάντοτε την απαραίτητη βοήθεια.,question
5,EVAL_REHEARSAL_SITE,Driving Rules,greekmmlu:2684,http://testdriver.gr/peileoforeio.php,"Για την αποεπιβίβαση ατόμων με μειωμένη κινητικότητα χωρίς συνοδό, ίσως απαιτηθεί η συνδρομή του οδηγού. Ο οδηγός οφείλε",Παράσχει πάντοτε την απαραίτητη βοήθεια.,question_correct_answer
5,EVAL_REHEARSAL_SITE,Driving Rules,greekmmlu:2686,http://testdriver.gr/autokinhto-etoima.php?id=17,Σε κατοικημένη περιοχή χωρίς φωτισμό μπορείτε να οδηγείτε με αναμμένα φώτα πορείας:,ΝΑΙ.,question_all_choices
5,EVAL_REHEARSAL_SITE,Driving Rules,greekmmlu:2686,http://testdriver.gr/autokinhto-etoima.php?id=17,Σε κατοικημένη περιοχή χωρίς φωτισμό μπορείτε να οδηγείτε με αναμμένα φώτα πορείας:,ΝΑΙ.,question_correct_answer
5,STUDY_GUIDE_HOST,Driving Rules,greekmmlu:2687,http://docplayer.gr/1200098-D-symfonia-eggrafi-i-proforiki-metaxy-dyo-toylahiston-prosopon-apo-tin.html,Κάθε εργαζόμενος δικαιούται να είναι μέλος:,Σε ένα σωματείο του κλάδου απασχόλησής του και σε ένα σωματείο της επιχείρησης που εργάζεται,eval_prompt
5,STUDY_GUIDE_HOST,Driving Rules,greekmmlu:2687,http://docplayer.gr/1200098-D-symfonia-eggrafi-i-proforiki-metaxy-dyo-toylahiston-prosopon-apo-tin.html,Κάθε εργαζόμενος δικαιούται να είναι μέλος:,Σε ένα σωματείο του κλάδου απασχόλησής του και σε ένα σωματείο της επιχείρησης που εργάζεται,question_correct_answer
5,EVAL_REHEARSAL_SITE,Driving Rules,greekmmlu:2698,http://testdriver.gr/peileoforeio.php,"Η μεταφορά προσώπων σε συνέδρια, σεμινάρια, πολιτιστικές, αθλητικές και κοινωνικές εκδηλώσεις από τα οικεία Κ.Τ.Ε.Λ. ή Ρ",Επιτρέπεται υπό συγκεκριμένες προϋποθέσεις.,eval_prompt
5,EVAL_REHEARSAL_SITE,Driving Rules,greekmmlu:2698,http://testdriver.gr/peileoforeio.php,"Η μεταφορά προσώπων σε συνέδρια, σεμινάρια, πολιτιστικές, αθλητικές και κοινωνικές εκδηλώσεις από τα οικεία Κ.Τ.Ε.Λ. ή Ρ",Επιτρέπεται υπό συγκεκριμένες προϋποθέσεις.,question
5,EVAL_REHEARSAL_SITE,Driving Rules,greekmmlu:2698,http://testdriver.gr/peileoforeio.php,"Η μεταφορά προσώπων σε συνέδρια, σεμινάρια, πολιτιστικές, αθλητικές και κοινωνικές εκδηλώσεις από τα οικεία Κ.Τ.Ε.Λ. ή Ρ",Επιτρέπεται υπό συγκεκριμένες προϋποθέσεις.,question_all_choices
5,EVAL_REHEARSAL_SITE,Driving Rules,greekmmlu:2698,http://testdriver.gr/peileoforeio.php,"Η μεταφορά προσώπων σε συνέδρια, σεμινάρια, πολιτιστικές, αθλητικές και κοινωνικές εκδηλώσεις από τα οικεία Κ.Τ.Ε.Λ. ή Ρ",Επιτρέπεται υπό συγκεκριμένες προϋποθέσεις.,question_correct_answer
5,EVAL_REHEARSAL_SITE,Driving Rules,greekmmlu:2699,http://testdriver.gr/autokinhtooles-organa.php,Ο ήχος που εκπέμπεται από το ηχητικό όργανο του οχήματος (κόρνα) πρέπει να είναι:,Συνεχής με ίδιο τόνο.,question
5,EVAL_REHEARSAL_SITE,Driving Rules,greekmmlu:2699,http://testdriver.gr/autokinhtooles-organa.php,Ο ήχος που εκπέμπεται από το ηχητικό όργανο του οχήματος (κόρνα) πρέπει να είναι:,Συνεχής με ίδιο τόνο.,question_all_choices
5,EVAL_REHEARSAL_SITE,Driving Rules,greekmmlu:2699,http://testdriver.gr/autokinhtooles-organa.php,Ο ήχος που εκπέμπεται από το ηχητικό όργανο του οχήματος (κόρνα) πρέπει να είναι:,Συνεχής με ίδιο τόνο.,question_correct_answer
5,EVAL_REHEARSAL_SITE,Driving Rules,greekmmlu:2700,https://testdriver.gr/autokinhto-etoima.php?id=14,Ποιο είναι το ανώτατο επιτρεπόμενο όριο ταχύτητας των επιβατηγών αυτοκινήτων σε αυτοκινητόδρομους αν τούτο δεν καθορίζετ,130 km/h.,eval_prompt
1,OTHER_GENERIC,Driving Rules,greekmmlu:2700,https://www.mybites.gr/quiz-ellada/test-poso-kala-gnwrizeis-ton-kwdika-odikhs-kykloforias,Ποιο είναι το ανώτατο επιτρεπόμενο όριο ταχύτητας των επιβατηγών αυτοκινήτων σε αυτοκινητόδρομους αν τούτο δεν καθορίζετ,130 km/h.,eval_prompt
5,EVAL_REHEARSAL_SITE,Driving Rules,greekmmlu:2700,https://testdriver.gr/autokinhto-etoima.php?id=14,Ποιο είναι το ανώτατο επιτρεπόμενο όριο ταχύτητας των επιβατηγών αυτοκινήτων σε αυτοκινητόδρομους αν τούτο δεν καθορίζετ,130 km/h.,question
1,OTHER_GENERIC,Driving Rules,greekmmlu:2700,https://www.mybites.gr/quiz-ellada/test-poso-kala-gnwrizeis-ton-kwdika-odikhs-kykloforias,Ποιο είναι το ανώτατο επιτρεπόμενο όριο ταχύτητας των επιβατηγών αυτοκινήτων σε αυτοκινητόδρομους αν τούτο δεν καθορίζετ,130 km/h.,question
5,EVAL_REHEARSAL_SITE,Driving Rules,greekmmlu:2700,https://testdriver.gr/autokinhto-etoima.php?id=14,Ποιο είναι το ανώτατο επιτρεπόμενο όριο ταχύτητας των επιβατηγών αυτοκινήτων σε αυτοκινητόδρομους αν τούτο δεν καθορίζετ,130 km/h.,question_all_choices
1,OTHER_GENERIC,Driving Rules,greekmmlu:2700,https://www.mybites.gr/quiz-ellada/test-poso-kala-gnwrizeis-ton-kwdika-odikhs-kykloforias,Ποιο είναι το ανώτατο επιτρεπόμενο όριο ταχύτητας των επιβατηγών αυτοκινήτων σε αυτοκινητόδρομους αν τούτο δεν καθορίζετ,130 km/h.,question_all_choices
5,EVAL_REHEARSAL_SITE,Driving Rules,greekmmlu:2700,https://testdriver.gr/autokinhto-etoima.php?id=14,Ποιο είναι το ανώτατο επιτρεπόμενο όριο ταχύτητας των επιβατηγών αυτοκινήτων σε αυτοκινητόδρομους αν τούτο δεν καθορίζετ,130 km/h.,question_correct_answer
1,OTHER_GENERIC,Driving Rules,greekmmlu:2700,https://www.mybites.gr/quiz-ellada/test-poso-kala-gnwrizeis-ton-kwdika-odikhs-kykloforias,Ποιο είναι το ανώτατο επιτρεπόμενο όριο ταχύτητας των επιβατηγών αυτοκινήτων σε αυτοκινητόδρομους αν τούτο δεν καθορίζετ,130 km/h.,question_correct_answer
5,EVAL_REHEARSAL_SITE,Driving Rules,greekmmlu:2702,http://testdriver.gr/peileoforeio.php,Το Πιστοποιητικό Επαγγελματικής Ικανότητας (ΠΕΙ) πρέπει να ανανεώνεται κάθε:,5 χρόνια,question_all_choices
5,EVAL_REHEARSAL_SITE,Driving Rules,greekmmlu:2709,http://testdriver.gr/autokinhto-etoima.php?id=17,Σε ποια απόσταση από πυροσβεστικό κρουνό επιτρέπεται να σταθμεύσετε το όχημά σας;,Σε απόσταση μεγαλύτερη των 5 m.,question_all_choices
5,EVAL_REHEARSAL_SITE,Driving Rules,greekmmlu:2709,http://testdriver.gr/autokinhto-etoima.php?id=17,Σε ποια απόσταση από πυροσβεστικό κρουνό επιτρέπεται να σταθμεύσετε το όχημά σας;,Σε απόσταση μεγαλύτερη των 5 m.,question_correct_answer
5,EVAL_REHEARSAL_SITE,Driving Rules,greekmmlu:2712,http://testdriver.gr/peiforthgo.php,"Σε περίπτωση δεύτερου οδηγού, η παρουσία του εντός του οχήματος είναι υποχρεωτική:",Μετά το πέρας της 1ης ώρας της διαδρομής.,question_all_choices
5,EVAL_REHEARSAL_SITE,Driving Rules,greekmmlu:2713,http://testdriver.gr/autokinhto-etoima.php?id=9,Ο όρος «απόσταση αντιδράσεως» αναφέρεται:,Στην απόσταση που διανύετε από τη στιγμή που θα δείτε κάποιο εμπόδιο μέχρι τη στιγμή που θα πατήσετε το φρένο.,question_all_choices
5,EVAL_REHEARSAL_SITE,Driving Rules,greekmmlu:2713,https://testdriver.gr/autokinhto-etoima.php?id=9,Ο όρος «απόσταση αντιδράσεως» αναφέρεται:,Στην απόσταση που διανύετε από τη στιγμή που θα δείτε κάποιο εμπόδιο μέχρι τη στιγμή που θα πατήσετε το φρένο.,question_all_choices
5,EVAL_REHEARSAL_SITE,Driving Rules,greekmmlu:2713,http://testdriver.gr/autokinhto-etoima.php?id=9,Ο όρος «απόσταση αντιδράσεως» αναφέρεται:,Στην απόσταση που διανύετε από τη στιγμή που θα δείτε κάποιο εμπόδιο μέχρι τη στιγμή που θα πατήσετε το φρένο.,question_correct_answer
5,EVAL_REHEARSAL_SITE,Driving Rules,greekmmlu:2713,https://testdriver.gr/autokinhto-etoima.php?id=9,Ο όρος «απόσταση αντιδράσεως» αναφέρεται:,Στην απόσταση που διανύετε από τη στιγμή που θα δείτε κάποιο εμπόδιο μέχρι τη στιγμή που θα πατήσετε το φρένο.,question_correct_answer
5,EVAL_REHEARSAL_SITE,Driving Rules,greekmmlu:2721,http://www.testdriver.gr/autokinhto-etoima.php?id=11,Τι πρέπει να κάνετε προκειμένου να αλλάξετε λωρίδα κυκλοφορίας;,"Να ελέγξετε με τους καθρέπτες και να κάνετε εγκαίρως γνωστή την πρόθεσή σας στους ακολουθούντες, χρησιμοποιώντας τους δε",question_all_choices
5,EVAL_REHEARSAL_SITE,Driving Rules,greekmmlu:2721,http://www.testdriver.gr/autokinhto-etoima.php?id=11,Τι πρέπει να κάνετε προκειμένου να αλλάξετε λωρίδα κυκλοφορίας;,"Να ελέγξετε με τους καθρέπτες και να κάνετε εγκαίρως γνωστή την πρόθεσή σας στους ακολουθούντες, χρησιμοποιώντας τους δε",question_correct_answer
5,EVAL_REHEARSAL_SITE,Driving Rules,greekmmlu:2724,http://testdriver.gr/autokinhto-etoima.php?id=27,Τι πρέπει να προσέχει ο οδηγός κατά τη χρησιμοποίηση των καθρεπτών ενός επιβατηγού;,Σε μία ορισμένη περιοχή (νεκρή γωνία) είναι δυνατόν να μην είναι ορατά αυτοκίνητα που προσπερνούν.,question
5,EVAL_REHEARSAL_SITE,Driving Rules,greekmmlu:2724,http://testdriver.gr/autokinhtooles-organa.php,Τι πρέπει να προσέχει ο οδηγός κατά τη χρησιμοποίηση των καθρεπτών ενός επιβατηγού;,Σε μία ορισμένη περιοχή (νεκρή γωνία) είναι δυνατόν να μην είναι ορατά αυτοκίνητα που προσπερνούν.,question
5,EVAL_REHEARSAL_SITE,Driving Rules,greekmmlu:2724,https://testdriver.gr/autokinhto-etoima.php?id=27,Τι πρέπει να προσέχει ο οδηγός κατά τη χρησιμοποίηση των καθρεπτών ενός επιβατηγού;,Σε μία ορισμένη περιοχή (νεκρή γωνία) είναι δυνατόν να μην είναι ορατά αυτοκίνητα που προσπερνούν.,question
5,EVAL_REHEARSAL_SITE,Driving Rules,greekmmlu:2724,http://testdriver.gr/autokinhtooles-organa.php,Τι πρέπει να προσέχει ο οδηγός κατά τη χρησιμοποίηση των καθρεπτών ενός επιβατηγού;,Σε μία ορισμένη περιοχή (νεκρή γωνία) είναι δυνατόν να μην είναι ορατά αυτοκίνητα που προσπερνούν.,question_all_choices
5,EVAL_REHEARSAL_SITE,Driving Rules,greekmmlu:2724,https://testdriver.gr/autokinhto-etoima.php?id=27,Τι πρέπει να προσέχει ο οδηγός κατά τη χρησιμοποίηση των καθρεπτών ενός επιβατηγού;,Σε μία ορισμένη περιοχή (νεκρή γωνία) είναι δυνατόν να μην είναι ορατά αυτοκίνητα που προσπερνούν.,question_all_choices
5,EVAL_REHEARSAL_SITE,Driving Rules,greekmmlu:2724,http://testdriver.gr/autokinhto-etoima.php?id=27,Τι πρέπει να προσέχει ο οδηγός κατά τη χρησιμοποίηση των καθρεπτών ενός επιβατηγού;,Σε μία ορισμένη περιοχή (νεκρή γωνία) είναι δυνατόν να μην είναι ορατά αυτοκίνητα που προσπερνούν.,question_correct_answer
5,EVAL_REHEARSAL_SITE,Driving Rules,greekmmlu:2724,http://testdriver.gr/autokinhtooles-organa.php,Τι πρέπει να προσέχει ο οδηγός κατά τη χρησιμοποίηση των καθρεπτών ενός επιβατηγού;,Σε μία ορισμένη περιοχή (νεκρή γωνία) είναι δυνατόν να μην είναι ορατά αυτοκίνητα που προσπερνούν.,question_correct_answer
5,EVAL_REHEARSAL_SITE,Driving Rules,greekmmlu:2724,https://testdriver.gr/autokinhto-etoima.php?id=27,Τι πρέπει να προσέχει ο οδηγός κατά τη χρησιμοποίηση των καθρεπτών ενός επιβατηγού;,Σε μία ορισμένη περιοχή (νεκρή γωνία) είναι δυνατόν να μην είναι ορατά αυτοκίνητα που προσπερνούν.,question_correct_answer
5,EVAL_REHEARSAL_SITE,Driving Rules,greekmmlu:2726,http://testdriver.gr/peiforthgo.php,"Ανάμεσα σε οποιεσδήποτε δύο εβδομαδιαίες περιόδους ανάπαυσης, ο οδηγός έχει:",Το πολύ 3 μειωμένες ημερήσιες χρονικές περιόδους ανάπαυσης.,question_all_choices
5,EVAL_REHEARSAL_SITE,Driving Rules,greekmmlu:2726,http://testdriver.gr/peiforthgo.php,"Ανάμεσα σε οποιεσδήποτε δύο εβδομαδιαίες περιόδους ανάπαυσης, ο οδηγός έχει:",Το πολύ 3 μειωμένες ημερήσιες χρονικές περιόδους ανάπαυσης.,question_correct_answer
5,EVAL_REHEARSAL_SITE,Driving Rules,greekmmlu:2730,http://www.testdriver.gr/autokinhto-etoima.php?id=13,"Κάτω από ποιες συνθήκες είναι δυνατόν, αφού πιει κάποιος ακόμη και ελάχιστη ποσότητα αλκοόλ, να μειωθεί η ικανότητά του ","Όταν έχει κάνει χρήση υπνωτικών, αναλγητικών ή ηρεμιστικών φαρμάκων.",eval_prompt
5,EVAL_REHEARSAL_SITE,Driving Rules,greekmmlu:2730,http://www.testdriver.gr/autokinhto-etoima.php?id=13,"Κάτω από ποιες συνθήκες είναι δυνατόν, αφού πιει κάποιος ακόμη και ελάχιστη ποσότητα αλκοόλ, να μειωθεί η ικανότητά του ","Όταν έχει κάνει χρήση υπνωτικών, αναλγητικών ή ηρεμιστικών φαρμάκων.",question
5,EVAL_REHEARSAL_SITE,Driving Rules,greekmmlu:2730,http://www.testdriver.gr/autokinhto-etoima.php?id=13,"Κάτω από ποιες συνθήκες είναι δυνατόν, αφού πιει κάποιος ακόμη και ελάχιστη ποσότητα αλκοόλ, να μειωθεί η ικανότητά του ","Όταν έχει κάνει χρήση υπνωτικών, αναλγητικών ή ηρεμιστικών φαρμάκων.",question_all_choices
5,EVAL_REHEARSAL_SITE,Driving Rules,greekmmlu:2730,http://www.testdriver.gr/autokinhto-etoima.php?id=13,"Κάτω από ποιες συνθήκες είναι δυνατόν, αφού πιει κάποιος ακόμη και ελάχιστη ποσότητα αλκοόλ, να μειωθεί η ικανότητά του ","Όταν έχει κάνει χρήση υπνωτικών, αναλγητικών ή ηρεμιστικών φαρμάκων.",question_correct_answer
5,EVAL_REHEARSAL_SITE,Driving Rules,greekmmlu:2735,http://testdriver.gr/autokinhtooles-organa.php,"Σε πόση απόσταση τουλάχιστον πρέπει να φωτίζουν επαρκώς την οδό, με συνθήκες αιθρίας, κατά τη νύχτα τα φώτα πορείας (μεγ",100 m.,question
5,EVAL_REHEARSAL_SITE,Driving Rules,greekmmlu:2735,http://testdriver.gr/autokinhtooles-organa.php,"Σε πόση απόσταση τουλάχιστον πρέπει να φωτίζουν επαρκώς την οδό, με συνθήκες αιθρίας, κατά τη νύχτα τα φώτα πορείας (μεγ",100 m.,question_correct_answer
5,EVAL_REHEARSAL_SITE,Driving Rules,greekmmlu:2742,http://www.testdriver.gr/autokinhto-etoima.php?id=18,Ποιος ο σκοπός του θερμοστάτη;,Να διατηρεί πάνω από ένα ορισμένο επίπεδο τη θερμοκρασία του κινητήρα.,question_all_choices
5,EVAL_REHEARSAL_SITE,Driving Rules,greekmmlu:2743,http://testdriver.gr/peiforthgo.php,"Σε περίπτωση ατυχήματος με τραυματίες, για να σταματήσετε την έντονη αιμορραγία κάποιου εξ αυτών, πρέπει να:",Εφαρμόσετε πίεση στην πληγή.,question
5,EVAL_REHEARSAL_SITE,Driving Rules,greekmmlu:2743,http://testdriver.gr/ru/peiforthgo.php,"Σε περίπτωση ατυχήματος με τραυματίες, για να σταματήσετε την έντονη αιμορραγία κάποιου εξ αυτών, πρέπει να:",Εφαρμόσετε πίεση στην πληγή.,question
5,EVAL_REHEARSAL_SITE,Driving Rules,greekmmlu:2743,http://testdriver.gr/peiforthgo.php,"Σε περίπτωση ατυχήματος με τραυματίες, για να σταματήσετε την έντονη αιμορραγία κάποιου εξ αυτών, πρέπει να:",Εφαρμόσετε πίεση στην πληγή.,question_all_choices
5,EVAL_REHEARSAL_SITE,Driving Rules,greekmmlu:2743,http://testdriver.gr/ru/peiforthgo.php,"Σε περίπτωση ατυχήματος με τραυματίες, για να σταματήσετε την έντονη αιμορραγία κάποιου εξ αυτών, πρέπει να:",Εφαρμόσετε πίεση στην πληγή.,question_all_choices
5,EVAL_REHEARSAL_SITE,Driving Rules,greekmmlu:2743,http://testdriver.gr/peiforthgo.php,"Σε περίπτωση ατυχήματος με τραυματίες, για να σταματήσετε την έντονη αιμορραγία κάποιου εξ αυτών, πρέπει να:",Εφαρμόσετε πίεση στην πληγή.,question_correct_answer
5,EVAL_REHEARSAL_SITE,Driving Rules,greekmmlu:2743,http://testdriver.gr/ru/peiforthgo.php,"Σε περίπτωση ατυχήματος με τραυματίες, για να σταματήσετε την έντονη αιμορραγία κάποιου εξ αυτών, πρέπει να:",Εφαρμόσετε πίεση στην πληγή.,question_correct_answer
5,EVAL_REHEARSAL_SITE,Driving Rules,greekmmlu:2746,http://testdriver.gr/peileoforeio.php,Το φορτίο του οχήματος είναι μία πρόσθετη δύναμη που ασκείται σε αυτό:,Είτε είναι σε στάση είτε κινείται.,question_correct_answer
5,EVAL_REHEARSAL_SITE,Driving Rules,greekmmlu:2747,https://testdriver.gr/autokinhto-etoima.php?id=16,"Γιατί πρέπει ακόμα και την ημέρα να κινείστε με αναμμένα τα μεσαία φώτα τουλάχιστον, όταν η ορατότητα εμποδίζεται σημαντ",Για να γίνεσθε έγκαιρα ορατοί από τους άλλους χρήστες της οδού.,eval_prompt
5,EVAL_REHEARSAL_SITE,Driving Rules,greekmmlu:2747,https://testdriver.gr/autokinhto-etoima.php?id=16,"Γιατί πρέπει ακόμα και την ημέρα να κινείστε με αναμμένα τα μεσαία φώτα τουλάχιστον, όταν η ορατότητα εμποδίζεται σημαντ",Για να γίνεσθε έγκαιρα ορατοί από τους άλλους χρήστες της οδού.,question
5,EVAL_REHEARSAL_SITE,Driving Rules,greekmmlu:2747,https://testdriver.gr/autokinhto-etoima.php?id=16,"Γιατί πρέπει ακόμα και την ημέρα να κινείστε με αναμμένα τα μεσαία φώτα τουλάχιστον, όταν η ορατότητα εμποδίζεται σημαντ",Για να γίνεσθε έγκαιρα ορατοί από τους άλλους χρήστες της οδού.,question_all_choices
5,EVAL_REHEARSAL_SITE,Driving Rules,greekmmlu:2747,https://testdriver.gr/autokinhto-etoima.php?id=16,"Γιατί πρέπει ακόμα και την ημέρα να κινείστε με αναμμένα τα μεσαία φώτα τουλάχιστον, όταν η ορατότητα εμποδίζεται σημαντ",Για να γίνεσθε έγκαιρα ορατοί από τους άλλους χρήστες της οδού.,question_correct_answer
5,EVAL_REHEARSAL_SITE,Driving Rules,greekmmlu:2748,http://testdriver.gr/autokinhto-etoima.php?id=24,"Για να αλλάξετε κατεύθυνση, ακόμη και αν δεν υπάρχει κάποιος άλλος χρήστης γύρω σας, είστε υποχρεωμένος να βγάλετε φλας:",ΝΑΙ.,eval_prompt
5,EVAL_REHEARSAL_SITE,Driving Rules,greekmmlu:2748,https://testdriver.gr/autokinhto-etoima.php?id=24,"Για να αλλάξετε κατεύθυνση, ακόμη και αν δεν υπάρχει κάποιος άλλος χρήστης γύρω σας, είστε υποχρεωμένος να βγάλετε φλας:",ΝΑΙ.,eval_prompt
5,EVAL_REHEARSAL_SITE,Driving Rules,greekmmlu:2748,https://testdriver.gr/autokinhto-etoima.php?id=24,"Για να αλλάξετε κατεύθυνση, ακόμη και αν δεν υπάρχει κάποιος άλλος χρήστης γύρω σας, είστε υποχρεωμένος να βγάλετε φλας:",ΝΑΙ.,eval_prompt
5,EVAL_REHEARSAL_SITE,Driving Rules,greekmmlu:2748,http://testdriver.gr/autokinhto-etoima.php?id=24,"Για να αλλάξετε κατεύθυνση, ακόμη και αν δεν υπάρχει κάποιος άλλος χρήστης γύρω σας, είστε υποχρεωμένος να βγάλετε φλας:",ΝΑΙ.,question
5,EVAL_REHEARSAL_SITE,Driving Rules,greekmmlu:2748,https://testdriver.gr/autokinhto-etoima.php?id=24,"Για να αλλάξετε κατεύθυνση, ακόμη και αν δεν υπάρχει κάποιος άλλος χρήστης γύρω σας, είστε υποχρεωμένος να βγάλετε φλας:",ΝΑΙ.,question
5,EVAL_REHEARSAL_SITE,Driving Rules,greekmmlu:2748,https://testdriver.gr/autokinhto-etoima.php?id=24,"Για να αλλάξετε κατεύθυνση, ακόμη και αν δεν υπάρχει κάποιος άλλος χρήστης γύρω σας, είστε υποχρεωμένος να βγάλετε φλας:",ΝΑΙ.,question
5,EVAL_REHEARSAL_SITE,Driving Rules,greekmmlu:2748,http://testdriver.gr/autokinhto-etoima.php?id=24,"Για να αλλάξετε κατεύθυνση, ακόμη και αν δεν υπάρχει κάποιος άλλος χρήστης γύρω σας, είστε υποχρεωμένος να βγάλετε φλας:",ΝΑΙ.,question_all_choices
5,EVAL_REHEARSAL_SITE,Driving Rules,greekmmlu:2748,https://testdriver.gr/autokinhto-etoima.php?id=24,"Για να αλλάξετε κατεύθυνση, ακόμη και αν δεν υπάρχει κάποιος άλλος χρήστης γύρω σας, είστε υποχρεωμένος να βγάλετε φλας:",ΝΑΙ.,question_all_choices
5,EVAL_REHEARSAL_SITE,Driving Rules,greekmmlu:2748,https://testdriver.gr/autokinhto-etoima.php?id=24,"Για να αλλάξετε κατεύθυνση, ακόμη και αν δεν υπάρχει κάποιος άλλος χρήστης γύρω σας, είστε υποχρεωμένος να βγάλετε φλας:",ΝΑΙ.,question_all_choices
5,EVAL_REHEARSAL_SITE,Driving Rules,greekmmlu:2748,http://testdriver.gr/autokinhto-etoima.php?id=24,"Για να αλλάξετε κατεύθυνση, ακόμη και αν δεν υπάρχει κάποιος άλλος χρήστης γύρω σας, είστε υποχρεωμένος να βγάλετε φλας:",ΝΑΙ.,question_correct_answer
5,EVAL_REHEARSAL_SITE,Driving Rules,greekmmlu:2748,https://testdriver.gr/autokinhto-etoima.php?id=24,"Για να αλλάξετε κατεύθυνση, ακόμη και αν δεν υπάρχει κάποιος άλλος χρήστης γύρω σας, είστε υποχρεωμένος να βγάλετε φλας:",ΝΑΙ.,question_correct_answer
5,EVAL_REHEARSAL_SITE,Driving Rules,greekmmlu:2748,https://testdriver.gr/autokinhto-etoima.php?id=24,"Για να αλλάξετε κατεύθυνση, ακόμη και αν δεν υπάρχει κάποιος άλλος χρήστης γύρω σας, είστε υποχρεωμένος να βγάλετε φλας:",ΝΑΙ.,question_correct_answer
5,EVAL_REHEARSAL_SITE,Driving Rules,greekmmlu:2756,http://testdriver.gr/autokinhto-etoima.php?id=24,Ο σωστός τρόπος για να σταθμεύσετε το όχημα σε πλαγιά είναι:,"Να τραβήξετε καλά το χειρόφρενο, να βάλετε κάποιο στήριγμα κάτω από έναν από τους τροχούς και να ασφαλίσετε βάζοντας μία",eval_prompt
5,EVAL_REHEARSAL_SITE,Driving Rules,greekmmlu:2756,https://testdriver.gr/autokinhto-etoima.php?id=24,Ο σωστός τρόπος για να σταθμεύσετε το όχημα σε πλαγιά είναι:,"Να τραβήξετε καλά το χειρόφρενο, να βάλετε κάποιο στήριγμα κάτω από έναν από τους τροχούς και να ασφαλίσετε βάζοντας μία",eval_prompt
5,EVAL_REHEARSAL_SITE,Driving Rules,greekmmlu:2756,https://testdriver.gr/autokinhto-etoima.php?id=24,Ο σωστός τρόπος για να σταθμεύσετε το όχημα σε πλαγιά είναι:,"Να τραβήξετε καλά το χειρόφρενο, να βάλετε κάποιο στήριγμα κάτω από έναν από τους τροχούς και να ασφαλίσετε βάζοντας μία",eval_prompt
5,EVAL_REHEARSAL_SITE,Driving Rules,greekmmlu:2756,http://testdriver.gr/autokinhto-etoima.php?id=24,Ο σωστός τρόπος για να σταθμεύσετε το όχημα σε πλαγιά είναι:,"Να τραβήξετε καλά το χειρόφρενο, να βάλετε κάποιο στήριγμα κάτω από έναν από τους τροχούς και να ασφαλίσετε βάζοντας μία",question_all_choices
5,EVAL_REHEARSAL_SITE,Driving Rules,greekmmlu:2756,https://testdriver.gr/autokinhto-etoima.php?id=24,Ο σωστός τρόπος για να σταθμεύσετε το όχημα σε πλαγιά είναι:,"Να τραβήξετε καλά το χειρόφρενο, να βάλετε κάποιο στήριγμα κάτω από έναν από τους τροχούς και να ασφαλίσετε βάζοντας μία",question_all_choices
5,EVAL_REHEARSAL_SITE,Driving Rules,greekmmlu:2756,https://testdriver.gr/autokinhto-etoima.php?id=24,Ο σωστός τρόπος για να σταθμεύσετε το όχημα σε πλαγιά είναι:,"Να τραβήξετε καλά το χειρόφρενο, να βάλετε κάποιο στήριγμα κάτω από έναν από τους τροχούς και να ασφαλίσετε βάζοντας μία",question_all_choices
5,EVAL_REHEARSAL_SITE,Driving Rules,greekmmlu:2756,http://testdriver.gr/autokinhto-etoima.php?id=24,Ο σωστός τρόπος για να σταθμεύσετε το όχημα σε πλαγιά είναι:,"Να τραβήξετε καλά το χειρόφρενο, να βάλετε κάποιο στήριγμα κάτω από έναν από τους τροχούς και να ασφαλίσετε βάζοντας μία",question_correct_answer
5,EVAL_REHEARSAL_SITE,Driving Rules,greekmmlu:2756,https://testdriver.gr/autokinhto-etoima.php?id=24,Ο σωστός τρόπος για να σταθμεύσετε το όχημα σε πλαγιά είναι:,"Να τραβήξετε καλά το χειρόφρενο, να βάλετε κάποιο στήριγμα κάτω από έναν από τους τροχούς και να ασφαλίσετε βάζοντας μία",question_correct_answer
5,EVAL_REHEARSAL_SITE,Driving Rules,greekmmlu:2756,https://testdriver.gr/autokinhto-etoima.php?id=24,Ο σωστός τρόπος για να σταθμεύσετε το όχημα σε πλαγιά είναι:,"Να τραβήξετε καλά το χειρόφρενο, να βάλετε κάποιο στήριγμα κάτω από έναν από τους τροχούς και να ασφαλίσετε βάζοντας μία",question_correct_answer
5,STUDY_GUIDE_HOST,Driving Rules,greekmmlu:2761,http://docplayer.gr/30443551-Simansi-otan-se-periohes-ergon-ston-aytokinitodromo-i-orizontia-simansi-symperilamvanei-aspres-kai-kitrines-grammes-taytohrona-seveste.html,Κατά την πορεία σας διαπιστώνετε ότι χάσατε τον έλεγχο του αυτοκινήτου επειδή στην άσφαλτο υπάρχουν λάδια. Τι θα κάνετε;,Θα αφήσετε τον ποδομοχλό του επιταχυντή και θα βάλετε τη χαμηλότερη ταχύτητα.,question
5,EVAL_REHEARSAL_SITE,Driving Rules,greekmmlu:2761,https://testdriver.gr/autokinhto-etoima.php?id=14,Κατά την πορεία σας διαπιστώνετε ότι χάσατε τον έλεγχο του αυτοκινήτου επειδή στην άσφαλτο υπάρχουν λάδια. Τι θα κάνετε;,Θα αφήσετε τον ποδομοχλό του επιταχυντή και θα βάλετε τη χαμηλότερη ταχύτητα.,question
5,STUDY_GUIDE_HOST,Driving Rules,greekmmlu:2761,http://docplayer.gr/30443551-Simansi-otan-se-periohes-ergon-ston-aytokinitodromo-i-orizontia-simansi-symperilamvanei-aspres-kai-kitrines-grammes-taytohrona-seveste.html,Κατά την πορεία σας διαπιστώνετε ότι χάσατε τον έλεγχο του αυτοκινήτου επειδή στην άσφαλτο υπάρχουν λάδια. Τι θα κάνετε;,Θα αφήσετε τον ποδομοχλό του επιταχυντή και θα βάλετε τη χαμηλότερη ταχύτητα.,question_all_choices
5,EVAL_REHEARSAL_SITE,Driving Rules,greekmmlu:2761,https://testdriver.gr/autokinhto-etoima.php?id=14,Κατά την πορεία σας διαπιστώνετε ότι χάσατε τον έλεγχο του αυτοκινήτου επειδή στην άσφαλτο υπάρχουν λάδια. Τι θα κάνετε;,Θα αφήσετε τον ποδομοχλό του επιταχυντή και θα βάλετε τη χαμηλότερη ταχύτητα.,question_all_choices
5,STUDY_GUIDE_HOST,Driving Rules,greekmmlu:2761,http://docplayer.gr/30443551-Simansi-otan-se-periohes-ergon-ston-aytokinitodromo-i-orizontia-simansi-symperilamvanei-aspres-kai-kitrines-grammes-taytohrona-seveste.html,Κατά την πορεία σας διαπιστώνετε ότι χάσατε τον έλεγχο του αυτοκινήτου επειδή στην άσφαλτο υπάρχουν λάδια. Τι θα κάνετε;,Θα αφήσετε τον ποδομοχλό του επιταχυντή και θα βάλετε τη χαμηλότερη ταχύτητα.,question_correct_answer
5,EVAL_REHEARSAL_SITE,Driving Rules,greekmmlu:2761,https://testdriver.gr/autokinhto-etoima.php?id=14,Κατά την πορεία σας διαπιστώνετε ότι χάσατε τον έλεγχο του αυτοκινήτου επειδή στην άσφαλτο υπάρχουν λάδια. Τι θα κάνετε;,Θα αφήσετε τον ποδομοχλό του επιταχυντή και θα βάλετε τη χαμηλότερη ταχύτητα.,question_correct_answer
5,EVAL_REHEARSAL_SITE,Driving Rules,greekmmlu:2766,http://testdriver.gr/autokinhto-etoima.php?id=24,Η υγρασία μπορεί να επηρεάσει δυσμενώς την αποτελεσματικότητα των φρένων. Πώς πρέπει να ενεργείτε στην περίπτωση αυτή;,"Να κινείστε με μικρή ταχύτητα και να φρενάρετε επανειλημμένα, ελαφρά.",question
5,EVAL_REHEARSAL_SITE,Driving Rules,greekmmlu:2766,https://testdriver.gr/autokinhto-etoima.php?id=24,Η υγρασία μπορεί να επηρεάσει δυσμενώς την αποτελεσματικότητα των φρένων. Πώς πρέπει να ενεργείτε στην περίπτωση αυτή;,"Να κινείστε με μικρή ταχύτητα και να φρενάρετε επανειλημμένα, ελαφρά.",question
5,EVAL_REHEARSAL_SITE,Driving Rules,greekmmlu:2766,https://testdriver.gr/autokinhto-etoima.php?id=24,Η υγρασία μπορεί να επηρεάσει δυσμενώς την αποτελεσματικότητα των φρένων. Πώς πρέπει να ενεργείτε στην περίπτωση αυτή;,"Να κινείστε με μικρή ταχύτητα και να φρενάρετε επανειλημμένα, ελαφρά.",question
5,EVAL_REHEARSAL_SITE,Driving Rules,greekmmlu:2766,http://testdriver.gr/autokinhto-etoima.php?id=24,Η υγρασία μπορεί να επηρεάσει δυσμενώς την αποτελεσματικότητα των φρένων. Πώς πρέπει να ενεργείτε στην περίπτωση αυτή;,"Να κινείστε με μικρή ταχύτητα και να φρενάρετε επανειλημμένα, ελαφρά.",question_all_choices
5,EVAL_REHEARSAL_SITE,Driving Rules,greekmmlu:2766,https://testdriver.gr/autokinhto-etoima.php?id=24,Η υγρασία μπορεί να επηρεάσει δυσμενώς την αποτελεσματικότητα των φρένων. Πώς πρέπει να ενεργείτε στην περίπτωση αυτή;,"Να κινείστε με μικρή ταχύτητα και να φρενάρετε επανειλημμένα, ελαφρά.",question_all_choices
5,EVAL_REHEARSAL_SITE,Driving Rules,greekmmlu:2766,https://testdriver.gr/autokinhto-etoima.php?id=24,Η υγρασία μπορεί να επηρεάσει δυσμενώς την αποτελεσματικότητα των φρένων. Πώς πρέπει να ενεργείτε στην περίπτωση αυτή;,"Να κινείστε με μικρή ταχύτητα και να φρενάρετε επανειλημμένα, ελαφρά.",question_all_choices
5,EVAL_REHEARSAL_SITE,Driving Rules,greekmmlu:2766,http://testdriver.gr/autokinhto-etoima.php?id=24,Η υγρασία μπορεί να επηρεάσει δυσμενώς την αποτελεσματικότητα των φρένων. Πώς πρέπει να ενεργείτε στην περίπτωση αυτή;,"Να κινείστε με μικρή ταχύτητα και να φρενάρετε επανειλημμένα, ελαφρά.",question_correct_answer
5,EVAL_REHEARSAL_SITE,Driving Rules,greekmmlu:2766,https://testdriver.gr/autokinhto-etoima.php?id=24,Η υγρασία μπορεί να επηρεάσει δυσμενώς την αποτελεσματικότητα των φρένων. Πώς πρέπει να ενεργείτε στην περίπτωση αυτή;,"Να κινείστε με μικρή ταχύτητα και να φρενάρετε επανειλημμένα, ελαφρά.",question_correct_answer
5,EVAL_REHEARSAL_SITE,Driving Rules,greekmmlu:2766,https://testdriver.gr/autokinhto-etoima.php?id=24,Η υγρασία μπορεί να επηρεάσει δυσμενώς την αποτελεσματικότητα των φρένων. Πώς πρέπει να ενεργείτε στην περίπτωση αυτή;,"Να κινείστε με μικρή ταχύτητα και να φρενάρετε επανειλημμένα, ελαφρά.",question_correct_answer
5,EVAL_REHEARSAL_SITE,Driving Rules,greekmmlu:2780,http://testdriver.gr/peileoforeio.php,Η ορθολογική οδήγηση:,Περιλαμβάνει την αμυντική και οικονομική οδήγηση.,question_all_choices
5,EVAL_REHEARSAL_SITE,Driving Rules,greekmmlu:2784,http://testdriver.gr/peiforthgo.php,Η βαρύτητα είναι η ιδιότητα των υλικών σωμάτων να:,Έλκουν άλλα υλικά σώματα.,question_all_choices
5,EVAL_REHEARSAL_SITE,Driving Rules,greekmmlu:2784,http://testdriver.gr/peiforthgo.php,Η βαρύτητα είναι η ιδιότητα των υλικών σωμάτων να:,Έλκουν άλλα υλικά σώματα.,question_correct_answer
5,EVAL_REHEARSAL_SITE,Driving Rules,greekmmlu:2789,http://testdriver.gr/autokinhto-etoima.php?id=24,"Σταθμεύετε το όχημά σας στην πλευρά ενός δρόμου, με το μπροστινό μέρος σε ανηφορική κλίση. Θα πρέπει να βάλετε χειρόφρεν",Πρώτη ταχύτητα.,eval_prompt
5,EVAL_REHEARSAL_SITE,Driving Rules,greekmmlu:2789,https://testdriver.gr/autokinhto-etoima.php?id=24,"Σταθμεύετε το όχημά σας στην πλευρά ενός δρόμου, με το μπροστινό μέρος σε ανηφορική κλίση. Θα πρέπει να βάλετε χειρόφρεν",Πρώτη ταχύτητα.,eval_prompt
5,EVAL_REHEARSAL_SITE,Driving Rules,greekmmlu:2789,https://testdriver.gr/autokinhto-etoima.php?id=24,"Σταθμεύετε το όχημά σας στην πλευρά ενός δρόμου, με το μπροστινό μέρος σε ανηφορική κλίση. Θα πρέπει να βάλετε χειρόφρεν",Πρώτη ταχύτητα.,eval_prompt
5,EVAL_REHEARSAL_SITE,Driving Rules,greekmmlu:2789,http://testdriver.gr/autokinhto-etoima.php?id=24,"Σταθμεύετε το όχημά σας στην πλευρά ενός δρόμου, με το μπροστινό μέρος σε ανηφορική κλίση. Θα πρέπει να βάλετε χειρόφρεν",Πρώτη ταχύτητα.,question
5,EVAL_REHEARSAL_SITE,Driving Rules,greekmmlu:2789,https://testdriver.gr/autokinhto-etoima.php?id=24,"Σταθμεύετε το όχημά σας στην πλευρά ενός δρόμου, με το μπροστινό μέρος σε ανηφορική κλίση. Θα πρέπει να βάλετε χειρόφρεν",Πρώτη ταχύτητα.,question
5,EVAL_REHEARSAL_SITE,Driving Rules,greekmmlu:2789,https://testdriver.gr/autokinhto-etoima.php?id=24,"Σταθμεύετε το όχημά σας στην πλευρά ενός δρόμου, με το μπροστινό μέρος σε ανηφορική κλίση. Θα πρέπει να βάλετε χειρόφρεν",Πρώτη ταχύτητα.,question
5,EVAL_REHEARSAL_SITE,Driving Rules,greekmmlu:2789,http://testdriver.gr/autokinhto-etoima.php?id=24,"Σταθμεύετε το όχημά σας στην πλευρά ενός δρόμου, με το μπροστινό μέρος σε ανηφορική κλίση. Θα πρέπει να βάλετε χειρόφρεν",Πρώτη ταχύτητα.,question_all_choices
5,EVAL_REHEARSAL_SITE,Driving Rules,greekmmlu:2789,https://testdriver.gr/autokinhto-etoima.php?id=24,"Σταθμεύετε το όχημά σας στην πλευρά ενός δρόμου, με το μπροστινό μέρος σε ανηφορική κλίση. Θα πρέπει να βάλετε χειρόφρεν",Πρώτη ταχύτητα.,question_all_choices
5,EVAL_REHEARSAL_SITE,Driving Rules,greekmmlu:2789,https://testdriver.gr/autokinhto-etoima.php?id=24,"Σταθμεύετε το όχημά σας στην πλευρά ενός δρόμου, με το μπροστινό μέρος σε ανηφορική κλίση. Θα πρέπει να βάλετε χειρόφρεν",Πρώτη ταχύτητα.,question_all_choices
5,EVAL_REHEARSAL_SITE,Driving Rules,greekmmlu:2789,http://testdriver.gr/autokinhto-etoima.php?id=24,"Σταθμεύετε το όχημά σας στην πλευρά ενός δρόμου, με το μπροστινό μέρος σε ανηφορική κλίση. Θα πρέπει να βάλετε χειρόφρεν",Πρώτη ταχύτητα.,question_correct_answer
5,EVAL_REHEARSAL_SITE,Driving Rules,greekmmlu:2789,https://testdriver.gr/autokinhto-etoima.php?id=24,"Σταθμεύετε το όχημά σας στην πλευρά ενός δρόμου, με το μπροστινό μέρος σε ανηφορική κλίση. Θα πρέπει να βάλετε χειρόφρεν",Πρώτη ταχύτητα.,question_correct_answer
5,EVAL_REHEARSAL_SITE,Driving Rules,greekmmlu:2789,https://testdriver.gr/autokinhto-etoima.php?id=24,"Σταθμεύετε το όχημά σας στην πλευρά ενός δρόμου, με το μπροστινό μέρος σε ανηφορική κλίση. Θα πρέπει να βάλετε χειρόφρεν",Πρώτη ταχύτητα.,question_correct_answer
5,EVAL_REHEARSAL_SITE,Driving Rules,greekmmlu:2790,http://www.testdriver.gr/autokinhto-etoima.php?id=18,"Πλησιάζετε σε διασταύρωση όπου υπάρχει πινακίδα STOP, και λίγο πιο μετά μία εγκάρσια συνεχής λευκή γραμμή που επίσης γρά",Στο ύψος της κατά πλάτος (εγκάρσιας) συνεχούς λευκής γραμμής.,question_correct_answer
5,EVAL_REHEARSAL_SITE,Driving Rules,greekmmlu:2790,http://www.testdriver.gr/autokinhto-etoima.php?id=18,"Πλησιάζετε σε διασταύρωση όπου υπάρχει πινακίδα STOP, και λίγο πιο μετά μία εγκάρσια συνεχής λευκή γραμμή που επίσης γρά",Στο ύψος της κατά πλάτος (εγκάρσιας) συνεχούς λευκής γραμμής.,question_correct_answer
5,EVAL_REHEARSAL_SITE,Driving Rules,greekmmlu:2799,http://testdriver.gr/peiforthgo.php,"Κατά τη χρήση ψηφιακού ταχογράφου, η ιδιόχειρη καταγραφή στοιχείων είναι απαραίτητη σε περίπτωση:",Δυσλειτουργίας κάποιου οργάνου.,question
5,EVAL_REHEARSAL_SITE,Driving Rules,greekmmlu:2799,http://testdriver.gr/peiforthgo.php,"Κατά τη χρήση ψηφιακού ταχογράφου, η ιδιόχειρη καταγραφή στοιχείων είναι απαραίτητη σε περίπτωση:",Δυσλειτουργίας κάποιου οργάνου.,question_correct_answer
5,EVAL_REHEARSAL_SITE,Driving Rules,greekmmlu:2802,http://testdriver.gr/autokinhto-etoima.php?id=24,Πλησιάζετε μία διασταύρωση που δεν έχει σήμανση. Η ορατότητα και στις δύο πλευρές εμποδίζεται από σταθμευμένα αυτοκίνητα,Εισέρχεστε προσεκτικά στη διασταύρωση.,question
5,EVAL_REHEARSAL_SITE,Driving Rules,greekmmlu:2802,https://testdriver.gr/autokinhto-etoima.php?id=24,Πλησιάζετε μία διασταύρωση που δεν έχει σήμανση. Η ορατότητα και στις δύο πλευρές εμποδίζεται από σταθμευμένα αυτοκίνητα,Εισέρχεστε προσεκτικά στη διασταύρωση.,question
5,EVAL_REHEARSAL_SITE,Driving Rules,greekmmlu:2802,https://testdriver.gr/autokinhto-etoima.php?id=24,Πλησιάζετε μία διασταύρωση που δεν έχει σήμανση. Η ορατότητα και στις δύο πλευρές εμποδίζεται από σταθμευμένα αυτοκίνητα,Εισέρχεστε προσεκτικά στη διασταύρωση.,question
5,EVAL_REHEARSAL_SITE,Driving Rules,greekmmlu:2802,http://testdriver.gr/autokinhto-etoima.php?id=24,Πλησιάζετε μία διασταύρωση που δεν έχει σήμανση. Η ορατότητα και στις δύο πλευρές εμποδίζεται από σταθμευμένα αυτοκίνητα,Εισέρχεστε προσεκτικά στη διασταύρωση.,question_all_choices
5,EVAL_REHEARSAL_SITE,Driving Rules,greekmmlu:2802,https://testdriver.gr/autokinhto-etoima.php?id=24,Πλησιάζετε μία διασταύρωση που δεν έχει σήμανση. Η ορατότητα και στις δύο πλευρές εμποδίζεται από σταθμευμένα αυτοκίνητα,Εισέρχεστε προσεκτικά στη διασταύρωση.,question_all_choices
5,EVAL_REHEARSAL_SITE,Driving Rules,greekmmlu:2802,https://testdriver.gr/autokinhto-etoima.php?id=24,Πλησιάζετε μία διασταύρωση που δεν έχει σήμανση. Η ορατότητα και στις δύο πλευρές εμποδίζεται από σταθμευμένα αυτοκίνητα,Εισέρχεστε προσεκτικά στη διασταύρωση.,question_all_choices
5,EVAL_REHEARSAL_SITE,Driving Rules,greekmmlu:2802,http://testdriver.gr/autokinhto-etoima.php?id=24,Πλησιάζετε μία διασταύρωση που δεν έχει σήμανση. Η ορατότητα και στις δύο πλευρές εμποδίζεται από σταθμευμένα αυτοκίνητα,Εισέρχεστε προσεκτικά στη διασταύρωση.,question_correct_answer
5,EVAL_REHEARSAL_SITE,Driving Rules,greekmmlu:2802,https://testdriver.gr/autokinhto-etoima.php?id=24,Πλησιάζετε μία διασταύρωση που δεν έχει σήμανση. Η ορατότητα και στις δύο πλευρές εμποδίζεται από σταθμευμένα αυτοκίνητα,Εισέρχεστε προσεκτικά στη διασταύρωση.,question_correct_answer
5,EVAL_REHEARSAL_SITE,Driving Rules,greekmmlu:2802,https://testdriver.gr/autokinhto-etoima.php?id=24,Πλησιάζετε μία διασταύρωση που δεν έχει σήμανση. Η ορατότητα και στις δύο πλευρές εμποδίζεται από σταθμευμένα αυτοκίνητα,Εισέρχεστε προσεκτικά στη διασταύρωση.,question_correct_answer
5,EVAL_REHEARSAL_SITE,Driving Rules,greekmmlu:2810,http://testdriver.gr/autokinhto-etoima.php?id=21,Μία κακή ζυγοστάθμιση:,Προκαλεί ταλαντώσεις στο τιμόνι και φθείρει πρόωρα τα ελαστικά.,question_all_choices
5,EVAL_REHEARSAL_SITE,Driving Rules,greekmmlu:2814,https://testdriver.gr/autokinhto-etoima.php?id=16,"Σε μία οδό ταχείας κυκλοφορίας, η ανώτατη επιτρεπόμενη ταχύτητα για τα επιβατηγά αυτοκίνητα και τις μοτοσυκλέτες άνω των",110 km/h.,eval_prompt
5,EVAL_REHEARSAL_SITE,Driving Rules,greekmmlu:2814,https://testdriver.gr/autokinhto-etoima.php?id=16,"Σε μία οδό ταχείας κυκλοφορίας, η ανώτατη επιτρεπόμενη ταχύτητα για τα επιβατηγά αυτοκίνητα και τις μοτοσυκλέτες άνω των",110 km/h.,question
5,EVAL_REHEARSAL_SITE,Driving Rules,greekmmlu:2814,https://testdriver.gr/autokinhto-etoima.php?id=16,"Σε μία οδό ταχείας κυκλοφορίας, η ανώτατη επιτρεπόμενη ταχύτητα για τα επιβατηγά αυτοκίνητα και τις μοτοσυκλέτες άνω των",110 km/h.,question_all_choices
5,EVAL_REHEARSAL_SITE,Driving Rules,greekmmlu:2814,https://testdriver.gr/autokinhto-etoima.php?id=16,"Σε μία οδό ταχείας κυκλοφορίας, η ανώτατη επιτρεπόμενη ταχύτητα για τα επιβατηγά αυτοκίνητα και τις μοτοσυκλέτες άνω των",110 km/h.,question_correct_answer
5,STUDY_GUIDE_HOST,Driving Rules,greekmmlu:2817,http://docplayer.gr/1200098-D-symfonia-eggrafi-i-proforiki-metaxy-dyo-toylahiston-prosopon-apo-tin.html,Η καταγγελία της σύμβασης εργασίας του μισθωτού είναι έγκυρη:,Όταν γίνει εγγράφως και καταβληθεί η νόμιμη αποζημίωση,eval_prompt
5,STUDY_GUIDE_HOST,Driving Rules,greekmmlu:2823,http://docplayer.gr/1200098-D-symfonia-eggrafi-i-proforiki-metaxy-dyo-toylahiston-prosopon-apo-tin.html,Από την ασφαλιστική σχέση προκύπτει υποχρέωση για τον εργοδότη:,Καταβολής των ασφαλιστικών εισφορών,eval_prompt
5,STUDY_GUIDE_HOST,Driving Rules,greekmmlu:2823,http://docplayer.gr/1200098-D-symfonia-eggrafi-i-proforiki-metaxy-dyo-toylahiston-prosopon-apo-tin.html,Από την ασφαλιστική σχέση προκύπτει υποχρέωση για τον εργοδότη:,Καταβολής των ασφαλιστικών εισφορών,question_all_choices
5,EVAL_REHEARSAL_SITE,Driving Rules,greekmmlu:2831,http://testdriver.gr/ru/peiforthgo.php,Η ισχύς και η ροπή στρέψης διαφοροποιούνται σημαντικά σε συνάρτηση με:,Την επιτάχυνση και τον αριθμό των στροφών.,question_all_choices
5,EVAL_REHEARSAL_SITE,Driving Rules,greekmmlu:2834,http://www.testdriver.gr/autokinhto-etoima.php?id=13,"Η πρόσφυση σε ένα βρεγμένο οδόστρωμα μειώνεται σε σχέση με το στεγνό, κατά:",50%.,question
5,EVAL_REHEARSAL_SITE,Driving Rules,greekmmlu:2834,http://www.testdriver.gr/autokinhto-etoima.php?id=13,"Η πρόσφυση σε ένα βρεγμένο οδόστρωμα μειώνεται σε σχέση με το στεγνό, κατά:",50%.,question_all_choices
5,EVAL_REHEARSAL_SITE,Driving Rules,greekmmlu:2834,http://www.testdriver.gr/autokinhto-etoima.php?id=13,"Η πρόσφυση σε ένα βρεγμένο οδόστρωμα μειώνεται σε σχέση με το στεγνό, κατά:",50%.,question_correct_answer
5,EVAL_REHEARSAL_SITE,Driving Rules,greekmmlu:2837,http://testdriver.gr/autokinhto-etoima.php?id=21,Όταν περιμένετε να ανάψει το πράσινο φως του σηματοδότη:,Έχετε το μοχλό ταχυτήτων στη «νεκρά» και πιέζετε τον ποδομοχλό της πέδης (φρένο).,question_all_choices
5,EVAL_REHEARSAL_SITE,Driving Rules,greekmmlu:2837,http://testdriver.gr/autokinhto-etoima.php?id=21,Όταν περιμένετε να ανάψει το πράσινο φως του σηματοδότη:,Έχετε το μοχλό ταχυτήτων στη «νεκρά» και πιέζετε τον ποδομοχλό της πέδης (φρένο).,question_all_choices
5,EVAL_REHEARSAL_SITE,Driving Rules,greekmmlu:2837,http://testdriver.gr/autokinhtooles-organa.php,Όταν περιμένετε να ανάψει το πράσινο φως του σηματοδότη:,Έχετε το μοχλό ταχυτήτων στη «νεκρά» και πιέζετε τον ποδομοχλό της πέδης (φρένο).,question_all_choices
5,EVAL_REHEARSAL_SITE,Driving Rules,greekmmlu:2837,http://testdriver.gr/autokinhto-etoima.php?id=21,Όταν περιμένετε να ανάψει το πράσινο φως του σηματοδότη:,Έχετε το μοχλό ταχυτήτων στη «νεκρά» και πιέζετε τον ποδομοχλό της πέδης (φρένο).,question_correct_answer
5,EVAL_REHEARSAL_SITE,Driving Rules,greekmmlu:2837,http://testdriver.gr/autokinhto-etoima.php?id=21,Όταν περιμένετε να ανάψει το πράσινο φως του σηματοδότη:,Έχετε το μοχλό ταχυτήτων στη «νεκρά» και πιέζετε τον ποδομοχλό της πέδης (φρένο).,question_correct_answer
5,EVAL_REHEARSAL_SITE,Driving Rules,greekmmlu:2841,http://testdriver.gr/autokinhto-etoima.php?id=9,Το μισό ενός οδοστρώματος είναι κλεισμένο εξαιτίας ενός εργοταξίου. Στο εργοτάξιο φθάνουν συγχρόνως και από αντίθετες κα,Το όχημα που κινείται στη λωρίδα που βρίσκεται το εμπόδιο.,eval_prompt
5,EVAL_REHEARSAL_SITE,Driving Rules,greekmmlu:2841,https://testdriver.gr/autokinhto-etoima.php?id=9,Το μισό ενός οδοστρώματος είναι κλεισμένο εξαιτίας ενός εργοταξίου. Στο εργοτάξιο φθάνουν συγχρόνως και από αντίθετες κα,Το όχημα που κινείται στη λωρίδα που βρίσκεται το εμπόδιο.,eval_prompt
5,EVAL_REHEARSAL_SITE,Driving Rules,greekmmlu:2841,http://testdriver.gr/autokinhto-etoima.php?id=9,Το μισό ενός οδοστρώματος είναι κλεισμένο εξαιτίας ενός εργοταξίου. Στο εργοτάξιο φθάνουν συγχρόνως και από αντίθετες κα,Το όχημα που κινείται στη λωρίδα που βρίσκεται το εμπόδιο.,question
5,EVAL_REHEARSAL_SITE,Driving Rules,greekmmlu:2841,https://testdriver.gr/autokinhto-etoima.php?id=9,Το μισό ενός οδοστρώματος είναι κλεισμένο εξαιτίας ενός εργοταξίου. Στο εργοτάξιο φθάνουν συγχρόνως και από αντίθετες κα,Το όχημα που κινείται στη λωρίδα που βρίσκεται το εμπόδιο.,question
5,STUDY_GUIDE_HOST,Driving Rules,greekmmlu:2841,http://docplayer.gr/30443551-Simansi-otan-se-periohes-ergon-ston-aytokinitodromo-i-orizontia-simansi-symperilamvanei-aspres-kai-kitrines-grammes-taytohrona-seveste.html,Το μισό ενός οδοστρώματος είναι κλεισμένο εξαιτίας ενός εργοταξίου. Στο εργοτάξιο φθάνουν συγχρόνως και από αντίθετες κα,Το όχημα που κινείται στη λωρίδα που βρίσκεται το εμπόδιο.,question_all_choices
5,EVAL_REHEARSAL_SITE,Driving Rules,greekmmlu:2841,http://testdriver.gr/autokinhto-etoima.php?id=9,Το μισό ενός οδοστρώματος είναι κλεισμένο εξαιτίας ενός εργοταξίου. Στο εργοτάξιο φθάνουν συγχρόνως και από αντίθετες κα,Το όχημα που κινείται στη λωρίδα που βρίσκεται το εμπόδιο.,question_all_choices
5,EVAL_REHEARSAL_SITE,Driving Rules,greekmmlu:2841,https://testdriver.gr/autokinhto-etoima.php?id=9,Το μισό ενός οδοστρώματος είναι κλεισμένο εξαιτίας ενός εργοταξίου. Στο εργοτάξιο φθάνουν συγχρόνως και από αντίθετες κα,Το όχημα που κινείται στη λωρίδα που βρίσκεται το εμπόδιο.,question_all_choices
5,EVAL_REHEARSAL_SITE,Driving Rules,greekmmlu:2841,http://testdriver.gr/autokinhto-etoima.php?id=9,Το μισό ενός οδοστρώματος είναι κλεισμένο εξαιτίας ενός εργοταξίου. Στο εργοτάξιο φθάνουν συγχρόνως και από αντίθετες κα,Το όχημα που κινείται στη λωρίδα που βρίσκεται το εμπόδιο.,question_correct_answer
5,EVAL_REHEARSAL_SITE,Driving Rules,greekmmlu:2841,https://testdriver.gr/autokinhto-etoima.php?id=9,Το μισό ενός οδοστρώματος είναι κλεισμένο εξαιτίας ενός εργοταξίου. Στο εργοτάξιο φθάνουν συγχρόνως και από αντίθετες κα,Το όχημα που κινείται στη λωρίδα που βρίσκεται το εμπόδιο.,question_correct_answer
5,EVAL_REHEARSAL_SITE,Driving Rules,greekmmlu:2842,http://testdriver.gr/ru/peiforthgo.php,Οι διμερείς άδειες,χρησιμοποιούνται για διεθνείς μεταφορές μεταξύ μη κοινοτικών χωρών ή μεταξύ μιας κοινοτικής και μιας τρίτης (εκτός ΕΕ) χ,eval_prompt
5,EVAL_REHEARSAL_SITE,Driving Rules,greekmmlu:2842,http://testdriver.gr/ru/peiforthgo.php,Οι διμερείς άδειες,χρησιμοποιούνται για διεθνείς μεταφορές μεταξύ μη κοινοτικών χωρών ή μεταξύ μιας κοινοτικής και μιας τρίτης (εκτός ΕΕ) χ,question_all_choices
5,EVAL_REHEARSAL_SITE,Driving Rules,greekmmlu:2842,http://testdriver.gr/ru/peiforthgo.php,Οι διμερείς άδειες,χρησιμοποιούνται για διεθνείς μεταφορές μεταξύ μη κοινοτικών χωρών ή μεταξύ μιας κοινοτικής και μιας τρίτης (εκτός ΕΕ) χ,question_correct_answer
5,EVAL_REHEARSAL_SITE,Driving Rules,greekmmlu:2846,http://www.testdriver.gr/autokinhto-etoima.php?id=11,Ταξιδεύετε σε στεγνό δρόμο με ένα καλοσυντηρημένο όχημα με ταχύτητα 90 χλμ/ώρα. Είστε σε επαγρύπνηση και χρειάζεται να φ,81m.,question
5,EVAL_REHEARSAL_SITE,Driving Rules,greekmmlu:2846,http://www.testdriver.gr/autokinhto-etoima.php?id=11,Ταξιδεύετε σε στεγνό δρόμο με ένα καλοσυντηρημένο όχημα με ταχύτητα 90 χλμ/ώρα. Είστε σε επαγρύπνηση και χρειάζεται να φ,81m.,question_all_choices
5,EVAL_REHEARSAL_SITE,Driving Rules,greekmmlu:2846,http://www.testdriver.gr/autokinhto-etoima.php?id=11,Ταξιδεύετε σε στεγνό δρόμο με ένα καλοσυντηρημένο όχημα με ταχύτητα 90 χλμ/ώρα. Είστε σε επαγρύπνηση και χρειάζεται να φ,81m.,question_correct_answer
5,STUDY_GUIDE_HOST,Driving Rules,greekmmlu:2850,http://docplayer.gr/1200098-D-symfonia-eggrafi-i-proforiki-metaxy-dyo-toylahiston-prosopon-apo-tin.html,Λόγοι λύσης της σύμβασης εξαρτημένης εργασίας είναι:,"Ο θάνατος του εργαζομένου, η οικειοθελής αποχώρηση του εργαζομένου, η καταγγελία της σύμβασης και η πάροδος του συμφωνημ",eval_prompt
5,STUDY_GUIDE_HOST,Driving Rules,greekmmlu:2850,http://docplayer.gr/1200098-D-symfonia-eggrafi-i-proforiki-metaxy-dyo-toylahiston-prosopon-apo-tin.html,Λόγοι λύσης της σύμβασης εξαρτημένης εργασίας είναι:,"Ο θάνατος του εργαζομένου, η οικειοθελής αποχώρηση του εργαζομένου, η καταγγελία της σύμβασης και η πάροδος του συμφωνημ",question_correct_answer
1,OTHER_GENERIC,Driving Rules,greekmmlu:2853,https://www.mybites.gr/quiz-ellada/test-poso-kala-gnwrizeis-ton-kwdika-odikhs-kykloforias,Σε ποιο λόγο μπορεί να οφείλεται η δυσκολία του χειρισμού του τιμονιού όταν το αυτοκίνητο κινείται;,Σε χαμηλή πίεση του αέρα των ελαστικών.,question
5,EVAL_REHEARSAL_SITE,Driving Rules,greekmmlu:2853,https://www.testdriver.gr/autokinhto-etoima.php?id=23,Σε ποιο λόγο μπορεί να οφείλεται η δυσκολία του χειρισμού του τιμονιού όταν το αυτοκίνητο κινείται;,Σε χαμηλή πίεση του αέρα των ελαστικών.,question
1,OTHER_GENERIC,Driving Rules,greekmmlu:2853,https://www.mybites.gr/quiz-ellada/test-poso-kala-gnwrizeis-ton-kwdika-odikhs-kykloforias,Σε ποιο λόγο μπορεί να οφείλεται η δυσκολία του χειρισμού του τιμονιού όταν το αυτοκίνητο κινείται;,Σε χαμηλή πίεση του αέρα των ελαστικών.,question_all_choices
5,EVAL_REHEARSAL_SITE,Driving Rules,greekmmlu:2853,https://www.testdriver.gr/autokinhto-etoima.php?id=23,Σε ποιο λόγο μπορεί να οφείλεται η δυσκολία του χειρισμού του τιμονιού όταν το αυτοκίνητο κινείται;,Σε χαμηλή πίεση του αέρα των ελαστικών.,question_all_choices
1,OTHER_GENERIC,Driving Rules,greekmmlu:2853,https://www.mybites.gr/quiz-ellada/test-poso-kala-gnwrizeis-ton-kwdika-odikhs-kykloforias,Σε ποιο λόγο μπορεί να οφείλεται η δυσκολία του χειρισμού του τιμονιού όταν το αυτοκίνητο κινείται;,Σε χαμηλή πίεση του αέρα των ελαστικών.,question_correct_answer
5,EVAL_REHEARSAL_SITE,Driving Rules,greekmmlu:2853,https://www.testdriver.gr/autokinhto-etoima.php?id=23,Σε ποιο λόγο μπορεί να οφείλεται η δυσκολία του χειρισμού του τιμονιού όταν το αυτοκίνητο κινείται;,Σε χαμηλή πίεση του αέρα των ελαστικών.,question_correct_answer
5,EVAL_REHEARSAL_SITE,Driving Rules,greekmmlu:2859,http://testdriver.gr/peileoforeio.php,Ορισμένα οχήματα εξαιρούνται από τον ευρωπαϊκό κανονισμό 561/2006 σχετικά με το ωράριο εργασίας. Μεταξύ αυτών είναι τα ο,Που μεταφέρουν επιβάτες σε τακτικά δρομολόγια όταν το μήκος της διαδρομής δεν υπερβαίνει τα 50 km.,question
5,EVAL_REHEARSAL_SITE,Driving Rules,greekmmlu:2859,http://testdriver.gr/peileoforeio.php,Ορισμένα οχήματα εξαιρούνται από τον ευρωπαϊκό κανονισμό 561/2006 σχετικά με το ωράριο εργασίας. Μεταξύ αυτών είναι τα ο,Που μεταφέρουν επιβάτες σε τακτικά δρομολόγια όταν το μήκος της διαδρομής δεν υπερβαίνει τα 50 km.,question_all_choices
5,EVAL_REHEARSAL_SITE,Driving Rules,greekmmlu:2859,http://testdriver.gr/peileoforeio.php,Ορισμένα οχήματα εξαιρούνται από τον ευρωπαϊκό κανονισμό 561/2006 σχετικά με το ωράριο εργασίας. Μεταξύ αυτών είναι τα ο,Που μεταφέρουν επιβάτες σε τακτικά δρομολόγια όταν το μήκος της διαδρομής δεν υπερβαίνει τα 50 km.,question_correct_answer
5,EVAL_REHEARSAL_SITE,Driving Rules,greekmmlu:2865,http://testdriver.gr/peiforthgo.php,"Η οδική εμπορευματική μεταφορά παρουσιάζει σημαντικά πλεονεκτήματα σε σχέση με τα άλλα μέσα, όπως:","μεταφορά από «πόρτα σε πόρτα», συμβατότητα υποδομών",question
5,EVAL_REHEARSAL_SITE,Driving Rules,greekmmlu:2865,http://testdriver.gr/peiforthgo.php,"Η οδική εμπορευματική μεταφορά παρουσιάζει σημαντικά πλεονεκτήματα σε σχέση με τα άλλα μέσα, όπως:","μεταφορά από «πόρτα σε πόρτα», συμβατότητα υποδομών",question_correct_answer
5,EVAL_REHEARSAL_SITE,Driving Rules,greekmmlu:2874,http://testdriver.gr/peileoforeio.php,"Μεταξύ των απαιτούμενων πληροφοριακών στοιχείων των επιβατών, που πρέπει να μεταβιβάζουν οι μεταφορείς στις Αρμόδιες Αρχ",Η οικογενειακή κατάσταση.,eval_prompt
5,EVAL_REHEARSAL_SITE,Driving Rules,greekmmlu:2874,http://testdriver.gr/peileoforeio.php,"Μεταξύ των απαιτούμενων πληροφοριακών στοιχείων των επιβατών, που πρέπει να μεταβιβάζουν οι μεταφορείς στις Αρμόδιες Αρχ",Η οικογενειακή κατάσταση.,question
5,EVAL_REHEARSAL_SITE,Driving Rules,greekmmlu:2874,http://testdriver.gr/peileoforeio.php,"Μεταξύ των απαιτούμενων πληροφοριακών στοιχείων των επιβατών, που πρέπει να μεταβιβάζουν οι μεταφορείς στις Αρμόδιες Αρχ",Η οικογενειακή κατάσταση.,question_all_choices
5,EVAL_REHEARSAL_SITE,Driving Rules,greekmmlu:2874,http://testdriver.gr/peileoforeio.php,"Μεταξύ των απαιτούμενων πληροφοριακών στοιχείων των επιβατών, που πρέπει να μεταβιβάζουν οι μεταφορείς στις Αρμόδιες Αρχ",Η οικογενειακή κατάσταση.,question_correct_answer
5,EVAL_REHEARSAL_SITE,Driving Rules,greekmmlu:2879,https://testdriver.gr/autokinhto-etoima.php?id=1,Σε διασταύρωση όπου ο σηματοδότης της πορείας σας δείχνει πράσινο φως και άλλο όχημα ή πεζός κινείται ακόμη από προηγούμ,Να παραχωρήσετε προτεραιότητα.,eval_prompt
5,EVAL_REHEARSAL_SITE,Driving Rules,greekmmlu:2879,https://testdriver.gr/autokinhto-etoima.php?id=1,Σε διασταύρωση όπου ο σηματοδότης της πορείας σας δείχνει πράσινο φως και άλλο όχημα ή πεζός κινείται ακόμη από προηγούμ,Να παραχωρήσετε προτεραιότητα.,question
5,EVAL_REHEARSAL_SITE,Driving Rules,greekmmlu:2879,https://testdriver.gr/autokinhto-etoima.php?id=1,Σε διασταύρωση όπου ο σηματοδότης της πορείας σας δείχνει πράσινο φως και άλλο όχημα ή πεζός κινείται ακόμη από προηγούμ,Να παραχωρήσετε προτεραιότητα.,question_all_choices
5,EVAL_REHEARSAL_SITE,Driving Rules,greekmmlu:2879,https://testdriver.gr/autokinhto-etoima.php?id=1,Σε διασταύρωση όπου ο σηματοδότης της πορείας σας δείχνει πράσινο φως και άλλο όχημα ή πεζός κινείται ακόμη από προηγούμ,Να παραχωρήσετε προτεραιότητα.,question_correct_answer
5,EVAL_REHEARSAL_SITE,Driving Rules,greekmmlu:2883,http://testdriver.gr/ru/peiforthgo.php,Κάποια από τα κατεξοχήν φορτία που μεταφέρονται με πλοία είναι:,"το πετρέλαιο, τα δημητριακά, τα μεταλλεύματα σιδήρου",question_all_choices
5,EVAL_REHEARSAL_SITE,Driving Rules,greekmmlu:2883,http://testdriver.gr/peiforthgo.php,Κάποια από τα κατεξοχήν φορτία που μεταφέρονται με πλοία είναι:,"το πετρέλαιο, τα δημητριακά, τα μεταλλεύματα σιδήρου",question_correct_answer
5,EVAL_REHEARSAL_SITE,Driving Rules,greekmmlu:2884,http://testdriver.gr/ru/peiforthgo.php,"Εντός ενός οχήματος, η εργονομία επιτελεί ιδιαίτερα σημαντικό ρόλο:",Στη διευκόλυνση της οδήγησης και στην ασφάλεια.,question_all_choices
5,EVAL_REHEARSAL_SITE,Driving Rules,greekmmlu:2884,http://testdriver.gr/ru/peiforthgo.php,"Εντός ενός οχήματος, η εργονομία επιτελεί ιδιαίτερα σημαντικό ρόλο:",Στη διευκόλυνση της οδήγησης και στην ασφάλεια.,question_correct_answer
5,STUDY_GUIDE_HOST,Driving Rules,greekmmlu:2885,http://docplayer.gr/1200098-D-symfonia-eggrafi-i-proforiki-metaxy-dyo-toylahiston-prosopon-apo-tin.html,Πώς φορολογείται ο μεμονωμένος μεταφορέας;,Τεκμαρτά και προκαταβλητέα σε δύο δόσεις με την έναρξη του ημερολογιακού έτους,eval_prompt
5,STUDY_GUIDE_HOST,Driving Rules,greekmmlu:2889,http://docplayer.gr/1200098-D-symfonia-eggrafi-i-proforiki-metaxy-dyo-toylahiston-prosopon-apo-tin.html,Η δημοσιότητα της Ε.Π.Ε. πραγματοποιείται με:,καταχώρηση αντιγράφου του καταστατικού στο μητρώο Ε.Π.Ε. που τηρείται στη γραμματεία του πρωτοδικείου της έδρας της εται,eval_prompt
5,STUDY_GUIDE_HOST,Driving Rules,greekmmlu:2889,http://docplayer.gr/1200098-D-symfonia-eggrafi-i-proforiki-metaxy-dyo-toylahiston-prosopon-apo-tin.html,Η δημοσιότητα της Ε.Π.Ε. πραγματοποιείται με:,καταχώρηση αντιγράφου του καταστατικού στο μητρώο Ε.Π.Ε. που τηρείται στη γραμματεία του πρωτοδικείου της έδρας της εται,question_all_choices
5,STUDY_GUIDE_HOST,Driving Rules,greekmmlu:2889,http://docplayer.gr/1200098-D-symfonia-eggrafi-i-proforiki-metaxy-dyo-toylahiston-prosopon-apo-tin.html,Η δημοσιότητα της Ε.Π.Ε. πραγματοποιείται με:,καταχώρηση αντιγράφου του καταστατικού στο μητρώο Ε.Π.Ε. που τηρείται στη γραμματεία του πρωτοδικείου της έδρας της εται,question_correct_answer
5,EVAL_REHEARSAL_SITE,Driving Rules,greekmmlu:2894,https://testdriver.gr/autokinhto-etoima.php?id=16,Η κατάσταση της υγείας σας είναι τέτοια που σας υποχρεώνει να παίρνετε φάρμακα που μπορεί να επηρεάζουν την οδήγησή σας.,Το γιατρό σας.,eval_prompt
5,EVAL_REHEARSAL_SITE,Driving Rules,greekmmlu:2894,https://testdriver.gr/autokinhto-etoima.php?id=16,Η κατάσταση της υγείας σας είναι τέτοια που σας υποχρεώνει να παίρνετε φάρμακα που μπορεί να επηρεάζουν την οδήγησή σας.,Το γιατρό σας.,question
5,EVAL_REHEARSAL_SITE,Driving Rules,greekmmlu:2894,https://testdriver.gr/autokinhto-etoima.php?id=16,Η κατάσταση της υγείας σας είναι τέτοια που σας υποχρεώνει να παίρνετε φάρμακα που μπορεί να επηρεάζουν την οδήγησή σας.,Το γιατρό σας.,question_all_choices
5,EVAL_REHEARSAL_SITE,Driving Rules,greekmmlu:2894,https://testdriver.gr/autokinhto-etoima.php?id=16,Η κατάσταση της υγείας σας είναι τέτοια που σας υποχρεώνει να παίρνετε φάρμακα που μπορεί να επηρεάζουν την οδήγησή σας.,Το γιατρό σας.,question_correct_answer
5,EVAL_REHEARSAL_SITE,Driving Rules,greekmmlu:2897,http://testdriver.gr/ru/peiforthgo.php,"Κατά την κίνηση σε ανωφέρεια, η επίδραση της δύναμης της βαρύτητας - σε σχέση με την επίδρασή της σε επίπεδη επιφάνεια -",Απαίτηση για μικρότερη δύναμη πέδησης για έλεγχο του οχήματος.,eval_prompt
5,EVAL_REHEARSAL_SITE,Driving Rules,greekmmlu:2897,http://testdriver.gr/ru/peiforthgo.php,"Κατά την κίνηση σε ανωφέρεια, η επίδραση της δύναμης της βαρύτητας - σε σχέση με την επίδρασή της σε επίπεδη επιφάνεια -",Απαίτηση για μικρότερη δύναμη πέδησης για έλεγχο του οχήματος.,question
5,EVAL_REHEARSAL_SITE,Driving Rules,greekmmlu:2897,http://testdriver.gr/ru/peiforthgo.php,"Κατά την κίνηση σε ανωφέρεια, η επίδραση της δύναμης της βαρύτητας - σε σχέση με την επίδρασή της σε επίπεδη επιφάνεια -",Απαίτηση για μικρότερη δύναμη πέδησης για έλεγχο του οχήματος.,question_all_choices
5,EVAL_REHEARSAL_SITE,Driving Rules,greekmmlu:2897,http://testdriver.gr/ru/peiforthgo.php,"Κατά την κίνηση σε ανωφέρεια, η επίδραση της δύναμης της βαρύτητας - σε σχέση με την επίδρασή της σε επίπεδη επιφάνεια -",Απαίτηση για μικρότερη δύναμη πέδησης για έλεγχο του οχήματος.,question_correct_answer
5,EVAL_REHEARSAL_SITE,Driving Rules,greekmmlu:2903,http://www.testdriver.gr/autokinhto-etoima.php?id=11,Σε τι πρέπει να υπολογίζει ο οδηγός ενός οχήματος που ακολουθεί ένα βαρύ όχημα το οποίο θέλει να στρίψει δεξιά σε έναν δ,Το βαρύ όχημα πριν στρίψει θα μετακινηθεί στο αριστερό μέρος του δρόμου.,eval_prompt
5,EVAL_REHEARSAL_SITE,Driving Rules,greekmmlu:2903,http://www.testdriver.gr/autokinhto-etoima.php?id=11,Σε τι πρέπει να υπολογίζει ο οδηγός ενός οχήματος που ακολουθεί ένα βαρύ όχημα το οποίο θέλει να στρίψει δεξιά σε έναν δ,Το βαρύ όχημα πριν στρίψει θα μετακινηθεί στο αριστερό μέρος του δρόμου.,question
5,EVAL_REHEARSAL_SITE,Driving Rules,greekmmlu:2903,http://www.testdriver.gr/autokinhto-etoima.php?id=11,Σε τι πρέπει να υπολογίζει ο οδηγός ενός οχήματος που ακολουθεί ένα βαρύ όχημα το οποίο θέλει να στρίψει δεξιά σε έναν δ,Το βαρύ όχημα πριν στρίψει θα μετακινηθεί στο αριστερό μέρος του δρόμου.,question_all_choices
5,EVAL_REHEARSAL_SITE,Driving Rules,greekmmlu:2903,http://www.testdriver.gr/autokinhto-etoima.php?id=11,Σε τι πρέπει να υπολογίζει ο οδηγός ενός οχήματος που ακολουθεί ένα βαρύ όχημα το οποίο θέλει να στρίψει δεξιά σε έναν δ,Το βαρύ όχημα πριν στρίψει θα μετακινηθεί στο αριστερό μέρος του δρόμου.,question_correct_answer
5,EVAL_REHEARSAL_SITE,Driving Rules,greekmmlu:2906,http://testdriver.gr/mhxanh.php,Η αλυσίδα της μοτοσυκλέτας χρειάζεται περιοδική λίπανση;,"Ναί, γιατί έτσι μειώνονται οι φθορές και η θερμοκρασία τόσο της αλυσίδας όσο και των γραναζιών μεταδόσεως της κινήσεως.",eval_prompt
5,EVAL_REHEARSAL_SITE,Driving Rules,greekmmlu:2906,http://testdriver.gr/mhxanh.php,Η αλυσίδα της μοτοσυκλέτας χρειάζεται περιοδική λίπανση;,"Ναί, γιατί έτσι μειώνονται οι φθορές και η θερμοκρασία τόσο της αλυσίδας όσο και των γραναζιών μεταδόσεως της κινήσεως.",question_all_choices
5,EVAL_REHEARSAL_SITE,Driving Rules,greekmmlu:2906,http://testdriver.gr/mhxanh.php,Η αλυσίδα της μοτοσυκλέτας χρειάζεται περιοδική λίπανση;,"Ναί, γιατί έτσι μειώνονται οι φθορές και η θερμοκρασία τόσο της αλυσίδας όσο και των γραναζιών μεταδόσεως της κινήσεως.",question_correct_answer
5,EVAL_REHEARSAL_SITE,Driving Rules,greekmmlu:2907,http://testdriver.gr/mhxanh.php,Δεν πρέπει να κινείστε με το συμπλέκτη πατημένο περισσότερο από όσο είναι εντελώς απαραίτητο χρονικά γιατί:,Μειώνεται ο έλεγχος της μοτοσυκλέτας σας.,question_all_choices
5,EVAL_REHEARSAL_SITE,Driving Rules,greekmmlu:2912,http://testdriver.gr/ru/peiforthgo.php,"Κατά την κίνηση σε ανωφέρεια, η επίδραση της δύναμης της βαρύτητας - σε σχέση με την επίδρασή της σε επίπεδη επιφάνεια -",Απαίτηση για μεγαλύτερη ελκτική δύναμη για την εμπρόσθια κίνηση του οχήματος.,eval_prompt
5,EVAL_REHEARSAL_SITE,Driving Rules,greekmmlu:2912,http://testdriver.gr/ru/peiforthgo.php,"Κατά την κίνηση σε ανωφέρεια, η επίδραση της δύναμης της βαρύτητας - σε σχέση με την επίδρασή της σε επίπεδη επιφάνεια -",Απαίτηση για μεγαλύτερη ελκτική δύναμη για την εμπρόσθια κίνηση του οχήματος.,question
5,EVAL_REHEARSAL_SITE,Driving Rules,greekmmlu:2912,http://testdriver.gr/ru/peiforthgo.php,"Κατά την κίνηση σε ανωφέρεια, η επίδραση της δύναμης της βαρύτητας - σε σχέση με την επίδρασή της σε επίπεδη επιφάνεια -",Απαίτηση για μεγαλύτερη ελκτική δύναμη για την εμπρόσθια κίνηση του οχήματος.,question_all_choices
5,EVAL_REHEARSAL_SITE,Driving Rules,greekmmlu:2912,http://testdriver.gr/ru/peiforthgo.php,"Κατά την κίνηση σε ανωφέρεια, η επίδραση της δύναμης της βαρύτητας - σε σχέση με την επίδρασή της σε επίπεδη επιφάνεια -",Απαίτηση για μεγαλύτερη ελκτική δύναμη για την εμπρόσθια κίνηση του οχήματος.,question_correct_answer
5,EVAL_REHEARSAL_SITE,Driving Rules,greekmmlu:2915,http://testdriver.gr/autokinhto-etoima.php?id=9,Εάν κάποιος οδηγός που κινείται στο αντίθετο ρεύμα σας θαμπώνει διατηρώντας αναμμένα τα φώτα πορείας του:,Επιβραδύνετε και οδηγείτε κοιτάζοντας προς τη δεξιά πλευρά.,question
5,EVAL_REHEARSAL_SITE,Driving Rules,greekmmlu:2915,https://testdriver.gr/autokinhto-etoima.php?id=9,Εάν κάποιος οδηγός που κινείται στο αντίθετο ρεύμα σας θαμπώνει διατηρώντας αναμμένα τα φώτα πορείας του:,Επιβραδύνετε και οδηγείτε κοιτάζοντας προς τη δεξιά πλευρά.,question
5,EVAL_REHEARSAL_SITE,Driving Rules,greekmmlu:2915,http://testdriver.gr/autokinhto-etoima.php?id=9,Εάν κάποιος οδηγός που κινείται στο αντίθετο ρεύμα σας θαμπώνει διατηρώντας αναμμένα τα φώτα πορείας του:,Επιβραδύνετε και οδηγείτε κοιτάζοντας προς τη δεξιά πλευρά.,question_all_choices
5,EVAL_REHEARSAL_SITE,Driving Rules,greekmmlu:2915,https://testdriver.gr/autokinhto-etoima.php?id=9,Εάν κάποιος οδηγός που κινείται στο αντίθετο ρεύμα σας θαμπώνει διατηρώντας αναμμένα τα φώτα πορείας του:,Επιβραδύνετε και οδηγείτε κοιτάζοντας προς τη δεξιά πλευρά.,question_all_choices
5,EVAL_REHEARSAL_SITE,Driving Rules,greekmmlu:2915,http://testdriver.gr/autokinhto-etoima.php?id=9,Εάν κάποιος οδηγός που κινείται στο αντίθετο ρεύμα σας θαμπώνει διατηρώντας αναμμένα τα φώτα πορείας του:,Επιβραδύνετε και οδηγείτε κοιτάζοντας προς τη δεξιά πλευρά.,question_correct_answer
5,EVAL_REHEARSAL_SITE,Driving Rules,greekmmlu:2915,https://testdriver.gr/autokinhto-etoima.php?id=9,Εάν κάποιος οδηγός που κινείται στο αντίθετο ρεύμα σας θαμπώνει διατηρώντας αναμμένα τα φώτα πορείας του:,Επιβραδύνετε και οδηγείτε κοιτάζοντας προς τη δεξιά πλευρά.,question_correct_answer
5,EVAL_REHEARSAL_SITE,Driving Rules,greekmmlu:2918,http://testdriver.gr/ru/peiforthgo.php,"Για να αποφευχθεί η αποκόλληση τροχού, πρέπει να γίνεται έλεγχος των παξιμαδιών:",σε σύντομο χρονικό διάστημα μετά το αρχικό τους σφίξιμο,question_all_choices
5,EVAL_REHEARSAL_SITE,Driving Rules,greekmmlu:2919,https://testdriver.gr/autokinhto-etoima.php?id=24,Η άδεια Β κατηγορίας θα σας επιτρέψει να οδηγήσετε;,Ένα φορτηγό όχημα του οποίου το μικτό βάρος δεν υπερβαίνει τα 3.500 kg.,question_correct_answer
5,EVAL_REHEARSAL_SITE,Driving Rules,greekmmlu:2921,http://testdriver.gr/autokinhto-etoima.php?id=17,Έναντι ποιων άλλων χρηστών του οδικού δικτύου πρέπει να είσθε ιδιαιτέρως προσεκτικοί;,"Έναντι αναπήρων, παιδιών και πεζών που έχουν ανάγκη βοήθειας.",question_all_choices
5,EVAL_REHEARSAL_SITE,Driving Rules,greekmmlu:2921,http://testdriver.gr/autokinhto-etoima.php?id=17,Έναντι ποιων άλλων χρηστών του οδικού δικτύου πρέπει να είσθε ιδιαιτέρως προσεκτικοί;,"Έναντι αναπήρων, παιδιών και πεζών που έχουν ανάγκη βοήθειας.",question_correct_answer
5,EVAL_REHEARSAL_SITE,Driving Rules,greekmmlu:2939,http://www.testdriver.gr/autokinhto-etoima.php?id=18,"Τι καταλαβαίνει κάποιος με τον όρο ""αμυντική οδήγηση"";",Να λαμβάνει μέριμνα για πιθανά σφάλματα άλλων.,question_correct_answer
5,EVAL_REHEARSAL_SITE,Driving Rules,greekmmlu:2944,http://testdriver.gr/mhxanh.php,Αν αντιθέτως ερχόμενο όχημα ανάβει τα μεγάλα του φώτα με αποτέλεσμα να μη βλέπετε τι κάνετε:,"Κλείνετε το γκάζι, ανάβετε τη μεσαία σκάλα των φώτων σας και ακολουθείτε τις γραμμές της οριζόντιας σημάνσεως, κινούμενο",eval_prompt
5,EVAL_REHEARSAL_SITE,Driving Rules,greekmmlu:2944,http://testdriver.gr/mhxanh.php,Αν αντιθέτως ερχόμενο όχημα ανάβει τα μεγάλα του φώτα με αποτέλεσμα να μη βλέπετε τι κάνετε:,"Κλείνετε το γκάζι, ανάβετε τη μεσαία σκάλα των φώτων σας και ακολουθείτε τις γραμμές της οριζόντιας σημάνσεως, κινούμενο",question
5,EVAL_REHEARSAL_SITE,Driving Rules,greekmmlu:2944,http://testdriver.gr/mhxanh.php,Αν αντιθέτως ερχόμενο όχημα ανάβει τα μεγάλα του φώτα με αποτέλεσμα να μη βλέπετε τι κάνετε:,"Κλείνετε το γκάζι, ανάβετε τη μεσαία σκάλα των φώτων σας και ακολουθείτε τις γραμμές της οριζόντιας σημάνσεως, κινούμενο",question_all_choices
5,EVAL_REHEARSAL_SITE,Driving Rules,greekmmlu:2944,http://testdriver.gr/mhxanh.php,Αν αντιθέτως ερχόμενο όχημα ανάβει τα μεγάλα του φώτα με αποτέλεσμα να μη βλέπετε τι κάνετε:,"Κλείνετε το γκάζι, ανάβετε τη μεσαία σκάλα των φώτων σας και ακολουθείτε τις γραμμές της οριζόντιας σημάνσεως, κινούμενο",question_correct_answer
5,EVAL_REHEARSAL_SITE,Driving Rules,greekmmlu:2949,http://www.testdriver.gr/autokinhto-etoima.php?id=18,Πλησιάζετε μία διασταύρωση και επιθυμείτε να στρίψετε αριστερά (σε αυτή). Η πρώτη ενέργεια που πρέπει να κάνετε είναι να,Ελέγξετε με τους καθρέπτες.,eval_prompt
5,EVAL_REHEARSAL_SITE,Driving Rules,greekmmlu:2949,http://www.testdriver.gr/autokinhto-etoima.php?id=18,Πλησιάζετε μία διασταύρωση και επιθυμείτε να στρίψετε αριστερά (σε αυτή). Η πρώτη ενέργεια που πρέπει να κάνετε είναι να,Ελέγξετε με τους καθρέπτες.,eval_prompt
5,EVAL_REHEARSAL_SITE,Driving Rules,greekmmlu:2949,http://www.testdriver.gr/autokinhto-etoima.php?id=18,Πλησιάζετε μία διασταύρωση και επιθυμείτε να στρίψετε αριστερά (σε αυτή). Η πρώτη ενέργεια που πρέπει να κάνετε είναι να,Ελέγξετε με τους καθρέπτες.,question
5,EVAL_REHEARSAL_SITE,Driving Rules,greekmmlu:2949,http://www.testdriver.gr/autokinhto-etoima.php?id=18,Πλησιάζετε μία διασταύρωση και επιθυμείτε να στρίψετε αριστερά (σε αυτή). Η πρώτη ενέργεια που πρέπει να κάνετε είναι να,Ελέγξετε με τους καθρέπτες.,question
5,EVAL_REHEARSAL_SITE,Driving Rules,greekmmlu:2949,http://www.testdriver.gr/autokinhto-etoima.php?id=18,Πλησιάζετε μία διασταύρωση και επιθυμείτε να στρίψετε αριστερά (σε αυτή). Η πρώτη ενέργεια που πρέπει να κάνετε είναι να,Ελέγξετε με τους καθρέπτες.,question_all_choices
5,EVAL_REHEARSAL_SITE,Driving Rules,greekmmlu:2949,http://www.testdriver.gr/autokinhto-etoima.php?id=18,Πλησιάζετε μία διασταύρωση και επιθυμείτε να στρίψετε αριστερά (σε αυτή). Η πρώτη ενέργεια που πρέπει να κάνετε είναι να,Ελέγξετε με τους καθρέπτες.,question_all_choices
5,EVAL_REHEARSAL_SITE,Driving Rules,greekmmlu:2949,http://www.testdriver.gr/autokinhto-etoima.php?id=18,Πλησιάζετε μία διασταύρωση και επιθυμείτε να στρίψετε αριστερά (σε αυτή). Η πρώτη ενέργεια που πρέπει να κάνετε είναι να,Ελέγξετε με τους καθρέπτες.,question_correct_answer
5,EVAL_REHEARSAL_SITE,Driving Rules,greekmmlu:2949,http://www.testdriver.gr/autokinhto-etoima.php?id=18,Πλησιάζετε μία διασταύρωση και επιθυμείτε να στρίψετε αριστερά (σε αυτή). Η πρώτη ενέργεια που πρέπει να κάνετε είναι να,Ελέγξετε με τους καθρέπτες.,question_correct_answer
5,EVAL_REHEARSAL_SITE,Driving Rules,greekmmlu:2950,http://www.testdriver.gr/autokinhto-etoima.php?id=8,"Στον αυτοκινητόδρομο, κατά τη διάρκεια ενός προσπεράσματος:",Μπορείτε να συνεχίσετε να κινείσθε στη λωρίδα σας για να προσπεράσετε πολλά οχήματα ταυτόχρονα.,question_all_choices
5,EVAL_REHEARSAL_SITE,Driving Rules,greekmmlu:2950,http://www.testdriver.gr/autokinhto-etoima.php?id=8,"Στον αυτοκινητόδρομο, κατά τη διάρκεια ενός προσπεράσματος:",Μπορείτε να συνεχίσετε να κινείσθε στη λωρίδα σας για να προσπεράσετε πολλά οχήματα ταυτόχρονα.,question_correct_answer
5,EVAL_REHEARSAL_SITE,Driving Rules,greekmmlu:2956,http://www.testdriver.gr/autokinhto-etoima.php?id=13,Ποιος τρόπος οδηγήσεως είναι ιδιαίτερα οικονομικός και συμβάλλει στην προστασία του περιβάλλοντος;,Έγκαιρη αλλαγή της ταχύτητας με την αμέσως μεγαλύτερη.,question_all_choices
5,EVAL_REHEARSAL_SITE,Driving Rules,greekmmlu:2956,http://www.testdriver.gr/autokinhto-etoima.php?id=13,Ποιος τρόπος οδηγήσεως είναι ιδιαίτερα οικονομικός και συμβάλλει στην προστασία του περιβάλλοντος;,Έγκαιρη αλλαγή της ταχύτητας με την αμέσως μεγαλύτερη.,question_correct_answer
5,EVAL_REHEARSAL_SITE,Driving Rules,greekmmlu:2960,http://testdriver.gr/autokinhto-etoima.php?id=21,Νιώθετε τους πίσω τροχούς του αυτοκινήτου σας να γλιστρούν προς τα δεξιά. Για να διορθώσετε την ολίσθηση θα πρέπει να:,Στρίψετε το τιμόνι προς τα δεξιά.,question
5,EVAL_REHEARSAL_SITE,Driving Rules,greekmmlu:2960,http://testdriver.gr/autokinhto-etoima.php?id=21,Νιώθετε τους πίσω τροχούς του αυτοκινήτου σας να γλιστρούν προς τα δεξιά. Για να διορθώσετε την ολίσθηση θα πρέπει να:,Στρίψετε το τιμόνι προς τα δεξιά.,question
5,EVAL_REHEARSAL_SITE,Driving Rules,greekmmlu:2960,http://testdriver.gr/autokinhto-etoima.php?id=21,Νιώθετε τους πίσω τροχούς του αυτοκινήτου σας να γλιστρούν προς τα δεξιά. Για να διορθώσετε την ολίσθηση θα πρέπει να:,Στρίψετε το τιμόνι προς τα δεξιά.,question_all_choices
5,EVAL_REHEARSAL_SITE,Driving Rules,greekmmlu:2960,http://testdriver.gr/autokinhto-etoima.php?id=21,Νιώθετε τους πίσω τροχούς του αυτοκινήτου σας να γλιστρούν προς τα δεξιά. Για να διορθώσετε την ολίσθηση θα πρέπει να:,Στρίψετε το τιμόνι προς τα δεξιά.,question_all_choices
5,EVAL_REHEARSAL_SITE,Driving Rules,greekmmlu:2960,http://testdriver.gr/autokinhto-etoima.php?id=21,Νιώθετε τους πίσω τροχούς του αυτοκινήτου σας να γλιστρούν προς τα δεξιά. Για να διορθώσετε την ολίσθηση θα πρέπει να:,Στρίψετε το τιμόνι προς τα δεξιά.,question_correct_answer
5,EVAL_REHEARSAL_SITE,Driving Rules,greekmmlu:2960,http://testdriver.gr/autokinhto-etoima.php?id=21,Νιώθετε τους πίσω τροχούς του αυτοκινήτου σας να γλιστρούν προς τα δεξιά. Για να διορθώσετε την ολίσθηση θα πρέπει να:,Στρίψετε το τιμόνι προς τα δεξιά.,question_correct_answer
5,EVAL_REHEARSAL_SITE,Driving Rules,greekmmlu:2965,https://testdriver.gr/autokinhto-etoima.php?id=16,Για ποιο σκοπό χρησιμοποιείται η πέδη σταθμεύσεως (χειρόφρενο);,Για την ακινητοποίηση του οχήματος σε περίπτωση σταθμεύσεως και ως βοηθητική πέδη σε κάθε περίπτωση που μπορεί να απαιτη,question_all_choices
5,EVAL_REHEARSAL_SITE,Driving Rules,greekmmlu:2965,https://testdriver.gr/autokinhto-etoima.php?id=16,Για ποιο σκοπό χρησιμοποιείται η πέδη σταθμεύσεως (χειρόφρενο);,Για την ακινητοποίηση του οχήματος σε περίπτωση σταθμεύσεως και ως βοηθητική πέδη σε κάθε περίπτωση που μπορεί να απαιτη,question_correct_answer
5,EVAL_REHEARSAL_SITE,Driving Rules,greekmmlu:2980,http://www.testdriver.gr/autokinhto-etoima.php?id=18,Έχετε υποχρέωση προς τους άλλους χρήστες της οδού για συνεχή προσοχή και αμοιβαίο σεβασμό. Τι σημαίνει αυτό;,Η οδική ασφάλεια προϋποθέτει το προσωπικό ενδιαφέρον σας προς τους άλλους χρήστες.,question
5,EVAL_REHEARSAL_SITE,Driving Rules,greekmmlu:2980,http://www.testdriver.gr/autokinhto-etoima.php?id=18,Έχετε υποχρέωση προς τους άλλους χρήστες της οδού για συνεχή προσοχή και αμοιβαίο σεβασμό. Τι σημαίνει αυτό;,Η οδική ασφάλεια προϋποθέτει το προσωπικό ενδιαφέρον σας προς τους άλλους χρήστες.,question
5,EVAL_REHEARSAL_SITE,Driving Rules,greekmmlu:2980,http://www.testdriver.gr/autokinhto-etoima.php?id=18,Έχετε υποχρέωση προς τους άλλους χρήστες της οδού για συνεχή προσοχή και αμοιβαίο σεβασμό. Τι σημαίνει αυτό;,Η οδική ασφάλεια προϋποθέτει το προσωπικό ενδιαφέρον σας προς τους άλλους χρήστες.,question_correct_answer
5,EVAL_REHEARSAL_SITE,Driving Rules,greekmmlu:2980,http://www.testdriver.gr/autokinhto-etoima.php?id=18,Έχετε υποχρέωση προς τους άλλους χρήστες της οδού για συνεχή προσοχή και αμοιβαίο σεβασμό. Τι σημαίνει αυτό;,Η οδική ασφάλεια προϋποθέτει το προσωπικό ενδιαφέρον σας προς τους άλλους χρήστες.,question_correct_answer
5,EVAL_REHEARSAL_SITE,Driving Rules,greekmmlu:2982,http://testdriver.gr/peiforthgo.php,Η συνθήκη Σένγκεν είναι μία διακρατική συμφωνία που έχει ως στόχο τη θέσπιση κοινού πλαισίου για:,Τη διακίνηση πολιτών μεταξύ των κρατών-μελών.,question
5,EVAL_REHEARSAL_SITE,Driving Rules,greekmmlu:2982,http://testdriver.gr/ru/peiforthgo.php,Η συνθήκη Σένγκεν είναι μία διακρατική συμφωνία που έχει ως στόχο τη θέσπιση κοινού πλαισίου για:,Τη διακίνηση πολιτών μεταξύ των κρατών-μελών.,question
5,EVAL_REHEARSAL_SITE,Driving Rules,greekmmlu:2982,http://testdriver.gr/peiforthgo.php,Η συνθήκη Σένγκεν είναι μία διακρατική συμφωνία που έχει ως στόχο τη θέσπιση κοινού πλαισίου για:,Τη διακίνηση πολιτών μεταξύ των κρατών-μελών.,question_correct_answer
5,EVAL_REHEARSAL_SITE,Driving Rules,greekmmlu:2982,http://testdriver.gr/ru/peiforthgo.php,Η συνθήκη Σένγκεν είναι μία διακρατική συμφωνία που έχει ως στόχο τη θέσπιση κοινού πλαισίου για:,Τη διακίνηση πολιτών μεταξύ των κρατών-μελών.,question_correct_answer
5,EVAL_REHEARSAL_SITE,Driving Rules,greekmmlu:2983,https://testdriver.gr/autokinhto-etoima.php?id=7,Πίσω από ένα φορτηγό έχει σχηματισθεί μία φάλαγγα από επιβατηγά αυτοκίνητα. Ποιο επιβατηγό θα έπρεπε να προσπεράσει πρώτ,Το πρώτο επιβατηγό της φάλαγγας.,question_all_choices
5,EVAL_REHEARSAL_SITE,Driving Rules,greekmmlu:2983,https://testdriver.gr/autokinhto-etoima.php?id=7,Πίσω από ένα φορτηγό έχει σχηματισθεί μία φάλαγγα από επιβατηγά αυτοκίνητα. Ποιο επιβατηγό θα έπρεπε να προσπεράσει πρώτ,Το πρώτο επιβατηγό της φάλαγγας.,question_correct_answer
5,EVAL_REHEARSAL_SITE,Driving Rules,greekmmlu:2987,http://testdriver.gr/mhxanh.php,"Σε ένα ιδανικό φρενάρισμα, τι ποσοστό συμμετοχής έχει το φρένο κάθε τροχού της μοτοσυκλέτας;",75% ο εμπρόσθιος και 25% ο οπίσθιος.,question
5,EVAL_REHEARSAL_SITE,Driving Rules,greekmmlu:2987,http://testdriver.gr/mhxanh.php,"Σε ένα ιδανικό φρενάρισμα, τι ποσοστό συμμετοχής έχει το φρένο κάθε τροχού της μοτοσυκλέτας;",75% ο εμπρόσθιος και 25% ο οπίσθιος.,question_all_choices
5,EVAL_REHEARSAL_SITE,Driving Rules,greekmmlu:2987,http://testdriver.gr/mhxanh.php,"Σε ένα ιδανικό φρενάρισμα, τι ποσοστό συμμετοχής έχει το φρένο κάθε τροχού της μοτοσυκλέτας;",75% ο εμπρόσθιος και 25% ο οπίσθιος.,question_correct_answer
5,EVAL_REHEARSAL_SITE,Driving Rules,greekmmlu:2988,http://testdriver.gr/peileoforeio.php,"Κάποιο ΑμεΑ χρειάζεται πολύ χρόνο για να επιβιβαστεί στο λεωφορείο, αλλά δεν θέλει βοήθεια από τρίτους. Ο οδηγός οφείλει",Παραχωρήσει τον χρόνο που απαιτείται.,eval_prompt
5,EVAL_REHEARSAL_SITE,Driving Rules,greekmmlu:2988,http://testdriver.gr/peileoforeio.php,"Κάποιο ΑμεΑ χρειάζεται πολύ χρόνο για να επιβιβαστεί στο λεωφορείο, αλλά δεν θέλει βοήθεια από τρίτους. Ο οδηγός οφείλει",Παραχωρήσει τον χρόνο που απαιτείται.,question
5,EVAL_REHEARSAL_SITE,Driving Rules,greekmmlu:2988,http://testdriver.gr/peileoforeio.php,"Κάποιο ΑμεΑ χρειάζεται πολύ χρόνο για να επιβιβαστεί στο λεωφορείο, αλλά δεν θέλει βοήθεια από τρίτους. Ο οδηγός οφείλει",Παραχωρήσει τον χρόνο που απαιτείται.,question_all_choices
5,EVAL_REHEARSAL_SITE,Driving Rules,greekmmlu:2988,http://testdriver.gr/peileoforeio.php,"Κάποιο ΑμεΑ χρειάζεται πολύ χρόνο για να επιβιβαστεί στο λεωφορείο, αλλά δεν θέλει βοήθεια από τρίτους. Ο οδηγός οφείλει",Παραχωρήσει τον χρόνο που απαιτείται.,question_correct_answer
5,EVAL_REHEARSAL_SITE,Driving Rules,greekmmlu:2990,http://testdriver.gr/peileoforeio.php,Το σύστημα ALB είναι μία ρυθμιστική βαλβίδα της δύναμης πέδησης σε συνάρτηση με:,Το φορτίο.,question
5,EVAL_REHEARSAL_SITE,Driving Rules,greekmmlu:2990,http://testdriver.gr/peileoforeio.php,Το σύστημα ALB είναι μία ρυθμιστική βαλβίδα της δύναμης πέδησης σε συνάρτηση με:,Το φορτίο.,question_correct_answer
5,EVAL_REHEARSAL_SITE,Driving Rules,greekmmlu:2991,https://testdriver.gr/autokinhto-etoima.php?id=1,"Σε περίπτωση έκτακτης ανάγκης, μπορείτε να χρησιμοποιήσετε τον εκκινητή (μίζα) για να προωθήσετε ή να οπισθοδρομήσετε με",ΝΑΙ.,eval_prompt
5,EVAL_REHEARSAL_SITE,Driving Rules,greekmmlu:2991,https://testdriver.gr/autokinhto-etoima.php?id=1,"Σε περίπτωση έκτακτης ανάγκης, μπορείτε να χρησιμοποιήσετε τον εκκινητή (μίζα) για να προωθήσετε ή να οπισθοδρομήσετε με",ΝΑΙ.,question
5,EVAL_REHEARSAL_SITE,Driving Rules,greekmmlu:2991,https://testdriver.gr/autokinhto-etoima.php?id=1,"Σε περίπτωση έκτακτης ανάγκης, μπορείτε να χρησιμοποιήσετε τον εκκινητή (μίζα) για να προωθήσετε ή να οπισθοδρομήσετε με",ΝΑΙ.,question_all_choices
5,EVAL_REHEARSAL_SITE,Driving Rules,greekmmlu:2991,https://testdriver.gr/autokinhto-etoima.php?id=1,"Σε περίπτωση έκτακτης ανάγκης, μπορείτε να χρησιμοποιήσετε τον εκκινητή (μίζα) για να προωθήσετε ή να οπισθοδρομήσετε με",ΝΑΙ.,question_correct_answer
5,STUDY_GUIDE_HOST,Driving Rules,greekmmlu:2996,http://docplayer.gr/1200098-D-symfonia-eggrafi-i-proforiki-metaxy-dyo-toylahiston-prosopon-apo-tin.html,Οι συνδικαλιστικές οργανώσεις στην Ελλάδα διακρίνονται:,"Σε πρωτοβάθμιες, δευτεροβάθμιες και τριτοβάθμιες",eval_prompt
5,EVAL_REHEARSAL_SITE,Driving Rules,greekmmlu:3006,http://testdriver.gr/peileoforeio.php,"Μεταξύ των απαιτούμενων πληροφοριακών στοιχείων των επιβατών, που πρέπει να μεταβιβάζουν οι μεταφορείς στις Αρμόδιες Αρχ",Το όνομα πατρός.,eval_prompt
5,EVAL_REHEARSAL_SITE,Driving Rules,greekmmlu:3006,http://testdriver.gr/peileoforeio.php,"Μεταξύ των απαιτούμενων πληροφοριακών στοιχείων των επιβατών, που πρέπει να μεταβιβάζουν οι μεταφορείς στις Αρμόδιες Αρχ",Το όνομα πατρός.,question
5,EVAL_REHEARSAL_SITE,Driving Rules,greekmmlu:3006,http://testdriver.gr/peileoforeio.php,"Μεταξύ των απαιτούμενων πληροφοριακών στοιχείων των επιβατών, που πρέπει να μεταβιβάζουν οι μεταφορείς στις Αρμόδιες Αρχ",Το όνομα πατρός.,question_all_choices
5,EVAL_REHEARSAL_SITE,Driving Rules,greekmmlu:3006,http://testdriver.gr/peileoforeio.php,"Μεταξύ των απαιτούμενων πληροφοριακών στοιχείων των επιβατών, που πρέπει να μεταβιβάζουν οι μεταφορείς στις Αρμόδιες Αρχ",Το όνομα πατρός.,question_correct_answer
5,EVAL_REHEARSAL_SITE,Driving Rules,greekmmlu:3011,http://testdriver.gr/peiforthgo.php,Η ισχύς αυξάνεται σταδιακά με την αύξηση των στροφών του κινητήρα μέχρι ένα μέγιστο σημείο και μετά μειώνεται. Στα πετρε,μεγαλύτερο από αυτόν που αντιστοιχεί στη μέγιστη ροπή.,eval_prompt
5,EVAL_REHEARSAL_SITE,Driving Rules,greekmmlu:3011,http://testdriver.gr/peiforthgo.php,Η ισχύς αυξάνεται σταδιακά με την αύξηση των στροφών του κινητήρα μέχρι ένα μέγιστο σημείο και μετά μειώνεται. Στα πετρε,μεγαλύτερο από αυτόν που αντιστοιχεί στη μέγιστη ροπή.,question
5,EVAL_REHEARSAL_SITE,Driving Rules,greekmmlu:3011,http://testdriver.gr/peiforthgo.php,Η ισχύς αυξάνεται σταδιακά με την αύξηση των στροφών του κινητήρα μέχρι ένα μέγιστο σημείο και μετά μειώνεται. Στα πετρε,μεγαλύτερο από αυτόν που αντιστοιχεί στη μέγιστη ροπή.,question_all_choices
5,EVAL_REHEARSAL_SITE,Driving Rules,greekmmlu:3011,http://testdriver.gr/peiforthgo.php,Η ισχύς αυξάνεται σταδιακά με την αύξηση των στροφών του κινητήρα μέχρι ένα μέγιστο σημείο και μετά μειώνεται. Στα πετρε,μεγαλύτερο από αυτόν που αντιστοιχεί στη μέγιστη ροπή.,question_correct_answer
5,EVAL_REHEARSAL_SITE,Driving Rules,greekmmlu:3014,http://testdriver.gr/peileoforeio.php,Επιβάτης μεταβαίνει με μετρό από το σπίτι του στον Σιδηροδρομικό Σταθμό Λαρίσης στην Αθήνα. Στη συνέχεια μεταβαίνει με τ,Το αεροπλάνο είναι μέσο ανταγωνιστικό.,question
5,EVAL_REHEARSAL_SITE,Driving Rules,greekmmlu:3014,http://testdriver.gr/peileoforeio.php,Επιβάτης μεταβαίνει με μετρό από το σπίτι του στον Σιδηροδρομικό Σταθμό Λαρίσης στην Αθήνα. Στη συνέχεια μεταβαίνει με τ,Το αεροπλάνο είναι μέσο ανταγωνιστικό.,question_all_choices
5,EVAL_REHEARSAL_SITE,Driving Rules,greekmmlu:3014,http://testdriver.gr/peileoforeio.php,Επιβάτης μεταβαίνει με μετρό από το σπίτι του στον Σιδηροδρομικό Σταθμό Λαρίσης στην Αθήνα. Στη συνέχεια μεταβαίνει με τ,Το αεροπλάνο είναι μέσο ανταγωνιστικό.,question_correct_answer
5,STUDY_GUIDE_HOST,Driving Rules,greekmmlu:3020,http://docplayer.gr/1200098-D-symfonia-eggrafi-i-proforiki-metaxy-dyo-toylahiston-prosopon-apo-tin.html,Οι αποδοχές των οδηγών φορτηγών αυτοκινήτων πάσης φύσεως καθορίζονται:,Με Συλλογική Σύμβαση Εργασίας ή Διαιτητική απόφαση ή με την ατομική σύμβαση εργασίας,eval_prompt
5,EVAL_REHEARSAL_SITE,Driving Rules,greekmmlu:3028,http://testdriver.gr/autokinhto-etoima.php?id=5,Με ποιον τρόπο επισημαίνεται η επιβίβαση ή αποβίβαση μαθητών σε ή από σχολικό λεωφορείο;,Με τη θέση σε λειτουργία των φώτων έκτακτης ανάγκης (αλάρμ).,question
5,EVAL_REHEARSAL_SITE,Driving Rules,greekmmlu:3028,http://testdriver.gr/autokinhto-etoima.php?id=5,Με ποιον τρόπο επισημαίνεται η επιβίβαση ή αποβίβαση μαθητών σε ή από σχολικό λεωφορείο;,Με τη θέση σε λειτουργία των φώτων έκτακτης ανάγκης (αλάρμ).,question_all_choices
5,EVAL_REHEARSAL_SITE,Driving Rules,greekmmlu:3028,http://testdriver.gr/autokinhto-etoima.php?id=5,Με ποιον τρόπο επισημαίνεται η επιβίβαση ή αποβίβαση μαθητών σε ή από σχολικό λεωφορείο;,Με τη θέση σε λειτουργία των φώτων έκτακτης ανάγκης (αλάρμ).,question_correct_answer
5,EVAL_REHEARSAL_SITE,Driving Rules,greekmmlu:3041,http://www.testdriver.gr/autokinhto-etoima.php?id=18,Ποιο είναι το ανώτατο επιτρεπόμενο όριο ταχύτητας των επιβατηγών αυτοκινήτων σε οδούς ταχείας κυκλοφορίας αν τούτο δεν κ,110 km/h.,eval_prompt
5,EVAL_REHEARSAL_SITE,Driving Rules,greekmmlu:3041,http://www.testdriver.gr/autokinhto-etoima.php?id=18,Ποιο είναι το ανώτατο επιτρεπόμενο όριο ταχύτητας των επιβατηγών αυτοκινήτων σε οδούς ταχείας κυκλοφορίας αν τούτο δεν κ,110 km/h.,eval_prompt
5,EVAL_REHEARSAL_SITE,Driving Rules,greekmmlu:3041,http://www.testdriver.gr/autokinhto-etoima.php?id=18,Ποιο είναι το ανώτατο επιτρεπόμενο όριο ταχύτητας των επιβατηγών αυτοκινήτων σε οδούς ταχείας κυκλοφορίας αν τούτο δεν κ,110 km/h.,question
5,EVAL_REHEARSAL_SITE,Driving Rules,greekmmlu:3041,http://www.testdriver.gr/autokinhto-etoima.php?id=18,Ποιο είναι το ανώτατο επιτρεπόμενο όριο ταχύτητας των επιβατηγών αυτοκινήτων σε οδούς ταχείας κυκλοφορίας αν τούτο δεν κ,110 km/h.,question
5,EVAL_REHEARSAL_SITE,Driving Rules,greekmmlu:3041,http://www.testdriver.gr/autokinhto-etoima.php?id=18,Ποιο είναι το ανώτατο επιτρεπόμενο όριο ταχύτητας των επιβατηγών αυτοκινήτων σε οδούς ταχείας κυκλοφορίας αν τούτο δεν κ,110 km/h.,question_all_choices
5,EVAL_REHEARSAL_SITE,Driving Rules,greekmmlu:3041,http://www.testdriver.gr/autokinhto-etoima.php?id=18,Ποιο είναι το ανώτατο επιτρεπόμενο όριο ταχύτητας των επιβατηγών αυτοκινήτων σε οδούς ταχείας κυκλοφορίας αν τούτο δεν κ,110 km/h.,question_all_choices
5,EVAL_REHEARSAL_SITE,Driving Rules,greekmmlu:3041,http://www.testdriver.gr/autokinhto-etoima.php?id=18,Ποιο είναι το ανώτατο επιτρεπόμενο όριο ταχύτητας των επιβατηγών αυτοκινήτων σε οδούς ταχείας κυκλοφορίας αν τούτο δεν κ,110 km/h.,question_correct_answer
5,EVAL_REHEARSAL_SITE,Driving Rules,greekmmlu:3041,http://www.testdriver.gr/autokinhto-etoima.php?id=18,Ποιο είναι το ανώτατο επιτρεπόμενο όριο ταχύτητας των επιβατηγών αυτοκινήτων σε οδούς ταχείας κυκλοφορίας αν τούτο δεν κ,110 km/h.,question_correct_answer
5,STUDY_GUIDE_HOST,Driving Rules,greekmmlu:3046,http://docplayer.gr/1200098-D-symfonia-eggrafi-i-proforiki-metaxy-dyo-toylahiston-prosopon-apo-tin.html,"Η απεργία είναι δικαίωμα των εργαζομένων, κατοχυρωμένο από το Σύνταγμα και ασκείται:",Από τις νόμιμες συνδικαλιστικές οργανώσεις,eval_prompt
5,EVAL_REHEARSAL_SITE,Driving Rules,greekmmlu:3047,http://testdriver.gr/autokinhto-etoima.php?id=24,Ο χρόνος αντιδράσεως ποικίλλει ανάλογα με:,Την ηλικία σας.,question_all_choices
5,EVAL_REHEARSAL_SITE,Driving Rules,greekmmlu:3049,http://testdriver.gr/autokinhto-etoima.php?id=27,"Όταν ο εκκινητής (μίζα) δεν ξεκινά, ποια μπορεί να είναι η πιθανή αιτία;",Κακή κατάσταση του συσσωρευτή.,question
5,EVAL_REHEARSAL_SITE,Driving Rules,greekmmlu:3049,https://testdriver.gr/autokinhto-etoima.php?id=27,"Όταν ο εκκινητής (μίζα) δεν ξεκινά, ποια μπορεί να είναι η πιθανή αιτία;",Κακή κατάσταση του συσσωρευτή.,question
5,EVAL_REHEARSAL_SITE,Driving Rules,greekmmlu:3049,https://testdriver.gr/autokinhto-etoima.php?id=27,"Όταν ο εκκινητής (μίζα) δεν ξεκινά, ποια μπορεί να είναι η πιθανή αιτία;",Κακή κατάσταση του συσσωρευτή.,question_all_choices
5,EVAL_REHEARSAL_SITE,Driving Rules,greekmmlu:3049,http://testdriver.gr/autokinhto-etoima.php?id=27,"Όταν ο εκκινητής (μίζα) δεν ξεκινά, ποια μπορεί να είναι η πιθανή αιτία;",Κακή κατάσταση του συσσωρευτή.,question_correct_answer
5,EVAL_REHEARSAL_SITE,Driving Rules,greekmmlu:3049,https://testdriver.gr/autokinhto-etoima.php?id=27,"Όταν ο εκκινητής (μίζα) δεν ξεκινά, ποια μπορεί να είναι η πιθανή αιτία;",Κακή κατάσταση του συσσωρευτή.,question_correct_answer
5,EVAL_REHEARSAL_SITE,Driving Rules,greekmmlu:3054,http://testdriver.gr/ru/peiforthgo.php,Μεταξύ των συνηθέστερων κατηγοριών ατυχημάτων με εμπλοκή φορτηγού είναι οι εξής:,ανατροπή και έλεγχος διεύθυνσης σε σταθερή στροφή,question_all_choices
5,EVAL_REHEARSAL_SITE,Driving Rules,greekmmlu:3063,http://testdriver.gr/autokinhto-etoima.php?id=29,Ένα ογκώδες αντικείμενο δεν επιτρέπεται να εξέχει προς τα πίσω περισσότερο του 30% του μήκους του οχήματος χωρίς ειδική ,ΝΑΙ.,eval_prompt
5,EVAL_REHEARSAL_SITE,Driving Rules,greekmmlu:3063,http://testdriver.gr/autokinhto-etoima.php?id=29,Ένα ογκώδες αντικείμενο δεν επιτρέπεται να εξέχει προς τα πίσω περισσότερο του 30% του μήκους του οχήματος χωρίς ειδική ,ΝΑΙ.,question
5,EVAL_REHEARSAL_SITE,Driving Rules,greekmmlu:3063,http://testdriver.gr/autokinhto-etoima.php?id=29,Ένα ογκώδες αντικείμενο δεν επιτρέπεται να εξέχει προς τα πίσω περισσότερο του 30% του μήκους του οχήματος χωρίς ειδική ,ΝΑΙ.,question_all_choices
5,EVAL_REHEARSAL_SITE,Driving Rules,greekmmlu:3063,http://testdriver.gr/autokinhto-etoima.php?id=29,Ένα ογκώδες αντικείμενο δεν επιτρέπεται να εξέχει προς τα πίσω περισσότερο του 30% του μήκους του οχήματος χωρίς ειδική ,ΝΑΙ.,question_correct_answer
5,STUDY_GUIDE_HOST,Driving Rules,greekmmlu:3070,http://docplayer.gr/1200098-D-symfonia-eggrafi-i-proforiki-metaxy-dyo-toylahiston-prosopon-apo-tin.html,Τι κόστος έχει η προεξόφληση συναλλαγματικής από Τράπεζα;,"Τόκο, προμήθεια και έξοδα αποστολής",eval_prompt
5,STUDY_GUIDE_HOST,Driving Rules,greekmmlu:3074,http://docplayer.gr/30443551-Simansi-otan-se-periohes-ergon-ston-aytokinitodromo-i-orizontia-simansi-symperilamvanei-aspres-kai-kitrines-grammes-taytohrona-seveste.html,"Όταν σε περιοχές έργων στον αυτοκινητόδρομο, η οριζόντια σήμανση συμπεριλαμβάνει άσπρες και κίτρινες γραμμές ταυτόχρονα,",Μόνο τις κίτρινες γραμμές.,question
5,EVAL_REHEARSAL_SITE,Driving Rules,greekmmlu:3074,http://testdriver.gr/autokinhto-etoima.php?id=27,"Όταν σε περιοχές έργων στον αυτοκινητόδρομο, η οριζόντια σήμανση συμπεριλαμβάνει άσπρες και κίτρινες γραμμές ταυτόχρονα,",Μόνο τις κίτρινες γραμμές.,question
5,EVAL_REHEARSAL_SITE,Driving Rules,greekmmlu:3074,https://testdriver.gr/autokinhto-etoima.php?id=27,"Όταν σε περιοχές έργων στον αυτοκινητόδρομο, η οριζόντια σήμανση συμπεριλαμβάνει άσπρες και κίτρινες γραμμές ταυτόχρονα,",Μόνο τις κίτρινες γραμμές.,question
5,STUDY_GUIDE_HOST,Driving Rules,greekmmlu:3074,http://docplayer.gr/30443551-Simansi-otan-se-periohes-ergon-ston-aytokinitodromo-i-orizontia-simansi-symperilamvanei-aspres-kai-kitrines-grammes-taytohrona-seveste.html,"Όταν σε περιοχές έργων στον αυτοκινητόδρομο, η οριζόντια σήμανση συμπεριλαμβάνει άσπρες και κίτρινες γραμμές ταυτόχρονα,",Μόνο τις κίτρινες γραμμές.,question_all_choices
5,EVAL_REHEARSAL_SITE,Driving Rules,greekmmlu:3074,http://testdriver.gr/autokinhto-etoima.php?id=27,"Όταν σε περιοχές έργων στον αυτοκινητόδρομο, η οριζόντια σήμανση συμπεριλαμβάνει άσπρες και κίτρινες γραμμές ταυτόχρονα,",Μόνο τις κίτρινες γραμμές.,question_all_choices
5,EVAL_REHEARSAL_SITE,Driving Rules,greekmmlu:3074,https://testdriver.gr/autokinhto-etoima.php?id=27,"Όταν σε περιοχές έργων στον αυτοκινητόδρομο, η οριζόντια σήμανση συμπεριλαμβάνει άσπρες και κίτρινες γραμμές ταυτόχρονα,",Μόνο τις κίτρινες γραμμές.,question_all_choices
5,STUDY_GUIDE_HOST,Driving Rules,greekmmlu:3074,http://docplayer.gr/30443551-Simansi-otan-se-periohes-ergon-ston-aytokinitodromo-i-orizontia-simansi-symperilamvanei-aspres-kai-kitrines-grammes-taytohrona-seveste.html,"Όταν σε περιοχές έργων στον αυτοκινητόδρομο, η οριζόντια σήμανση συμπεριλαμβάνει άσπρες και κίτρινες γραμμές ταυτόχρονα,",Μόνο τις κίτρινες γραμμές.,question_correct_answer
5,EVAL_REHEARSAL_SITE,Driving Rules,greekmmlu:3074,http://testdriver.gr/autokinhto-etoima.php?id=27,"Όταν σε περιοχές έργων στον αυτοκινητόδρομο, η οριζόντια σήμανση συμπεριλαμβάνει άσπρες και κίτρινες γραμμές ταυτόχρονα,",Μόνο τις κίτρινες γραμμές.,question_correct_answer
5,EVAL_REHEARSAL_SITE,Driving Rules,greekmmlu:3074,https://testdriver.gr/autokinhto-etoima.php?id=27,"Όταν σε περιοχές έργων στον αυτοκινητόδρομο, η οριζόντια σήμανση συμπεριλαμβάνει άσπρες και κίτρινες γραμμές ταυτόχρονα,",Μόνο τις κίτρινες γραμμές.,question_correct_answer
5,EVAL_REHEARSAL_SITE,Driving Rules,greekmmlu:3079,http://testdriver.gr/autokinhto-etoima.php?id=27,"Εάν συγκρίνετε το τιμόνι με την αριθμημένη οθόνη ενός ωρολογίου με δείκτες, η σωστή θέση των χεριών, σε ευθεία πορεία, τ",Εννέα και τέταρτο έως δέκα και δέκα.,eval_prompt
5,EVAL_REHEARSAL_SITE,Driving Rules,greekmmlu:3079,http://testdriver.gr/autokinhtooles-organa.php,"Εάν συγκρίνετε το τιμόνι με την αριθμημένη οθόνη ενός ωρολογίου με δείκτες, η σωστή θέση των χεριών, σε ευθεία πορεία, τ",Εννέα και τέταρτο έως δέκα και δέκα.,eval_prompt
5,EVAL_REHEARSAL_SITE,Driving Rules,greekmmlu:3079,http://www.testdriver.gr/autokinhto-etoima.php?id=20,"Εάν συγκρίνετε το τιμόνι με την αριθμημένη οθόνη ενός ωρολογίου με δείκτες, η σωστή θέση των χεριών, σε ευθεία πορεία, τ",Εννέα και τέταρτο έως δέκα και δέκα.,eval_prompt
5,EVAL_REHEARSAL_SITE,Driving Rules,greekmmlu:3079,https://testdriver.gr/autokinhto-etoima.php?id=20,"Εάν συγκρίνετε το τιμόνι με την αριθμημένη οθόνη ενός ωρολογίου με δείκτες, η σωστή θέση των χεριών, σε ευθεία πορεία, τ",Εννέα και τέταρτο έως δέκα και δέκα.,eval_prompt
5,EVAL_REHEARSAL_SITE,Driving Rules,greekmmlu:3079,https://testdriver.gr/autokinhto-etoima.php?id=27,"Εάν συγκρίνετε το τιμόνι με την αριθμημένη οθόνη ενός ωρολογίου με δείκτες, η σωστή θέση των χεριών, σε ευθεία πορεία, τ",Εννέα και τέταρτο έως δέκα και δέκα.,eval_prompt
5,EVAL_REHEARSAL_SITE,Driving Rules,greekmmlu:3079,http://testdriver.gr/autokinhto-etoima.php?id=27,"Εάν συγκρίνετε το τιμόνι με την αριθμημένη οθόνη ενός ωρολογίου με δείκτες, η σωστή θέση των χεριών, σε ευθεία πορεία, τ",Εννέα και τέταρτο έως δέκα και δέκα.,question
5,EVAL_REHEARSAL_SITE,Driving Rules,greekmmlu:3079,http://testdriver.gr/autokinhtooles-organa.php,"Εάν συγκρίνετε το τιμόνι με την αριθμημένη οθόνη ενός ωρολογίου με δείκτες, η σωστή θέση των χεριών, σε ευθεία πορεία, τ",Εννέα και τέταρτο έως δέκα και δέκα.,question
5,EVAL_REHEARSAL_SITE,Driving Rules,greekmmlu:3079,http://www.testdriver.gr/autokinhto-etoima.php?id=20,"Εάν συγκρίνετε το τιμόνι με την αριθμημένη οθόνη ενός ωρολογίου με δείκτες, η σωστή θέση των χεριών, σε ευθεία πορεία, τ",Εννέα και τέταρτο έως δέκα και δέκα.,question
5,EVAL_REHEARSAL_SITE,Driving Rules,greekmmlu:3079,https://testdriver.gr/autokinhto-etoima.php?id=20,"Εάν συγκρίνετε το τιμόνι με την αριθμημένη οθόνη ενός ωρολογίου με δείκτες, η σωστή θέση των χεριών, σε ευθεία πορεία, τ",Εννέα και τέταρτο έως δέκα και δέκα.,question
5,EVAL_REHEARSAL_SITE,Driving Rules,greekmmlu:3079,https://testdriver.gr/autokinhto-etoima.php?id=27,"Εάν συγκρίνετε το τιμόνι με την αριθμημένη οθόνη ενός ωρολογίου με δείκτες, η σωστή θέση των χεριών, σε ευθεία πορεία, τ",Εννέα και τέταρτο έως δέκα και δέκα.,question
5,EVAL_REHEARSAL_SITE,Driving Rules,greekmmlu:3079,http://testdriver.gr/autokinhto-etoima.php?id=27,"Εάν συγκρίνετε το τιμόνι με την αριθμημένη οθόνη ενός ωρολογίου με δείκτες, η σωστή θέση των χεριών, σε ευθεία πορεία, τ",Εννέα και τέταρτο έως δέκα και δέκα.,question_all_choices
5,EVAL_REHEARSAL_SITE,Driving Rules,greekmmlu:3079,http://testdriver.gr/autokinhtooles-organa.php,"Εάν συγκρίνετε το τιμόνι με την αριθμημένη οθόνη ενός ωρολογίου με δείκτες, η σωστή θέση των χεριών, σε ευθεία πορεία, τ",Εννέα και τέταρτο έως δέκα και δέκα.,question_all_choices
5,EVAL_REHEARSAL_SITE,Driving Rules,greekmmlu:3079,http://www.testdriver.gr/autokinhto-etoima.php?id=20,"Εάν συγκρίνετε το τιμόνι με την αριθμημένη οθόνη ενός ωρολογίου με δείκτες, η σωστή θέση των χεριών, σε ευθεία πορεία, τ",Εννέα και τέταρτο έως δέκα και δέκα.,question_all_choices
5,EVAL_REHEARSAL_SITE,Driving Rules,greekmmlu:3079,https://testdriver.gr/autokinhto-etoima.php?id=20,"Εάν συγκρίνετε το τιμόνι με την αριθμημένη οθόνη ενός ωρολογίου με δείκτες, η σωστή θέση των χεριών, σε ευθεία πορεία, τ",Εννέα και τέταρτο έως δέκα και δέκα.,question_all_choices
5,EVAL_REHEARSAL_SITE,Driving Rules,greekmmlu:3079,https://testdriver.gr/autokinhto-etoima.php?id=27,"Εάν συγκρίνετε το τιμόνι με την αριθμημένη οθόνη ενός ωρολογίου με δείκτες, η σωστή θέση των χεριών, σε ευθεία πορεία, τ",Εννέα και τέταρτο έως δέκα και δέκα.,question_all_choices
5,EVAL_REHEARSAL_SITE,Driving Rules,greekmmlu:3079,http://testdriver.gr/autokinhto-etoima.php?id=27,"Εάν συγκρίνετε το τιμόνι με την αριθμημένη οθόνη ενός ωρολογίου με δείκτες, η σωστή θέση των χεριών, σε ευθεία πορεία, τ",Εννέα και τέταρτο έως δέκα και δέκα.,question_correct_answer
5,EVAL_REHEARSAL_SITE,Driving Rules,greekmmlu:3079,http://testdriver.gr/autokinhtooles-organa.php,"Εάν συγκρίνετε το τιμόνι με την αριθμημένη οθόνη ενός ωρολογίου με δείκτες, η σωστή θέση των χεριών, σε ευθεία πορεία, τ",Εννέα και τέταρτο έως δέκα και δέκα.,question_correct_answer
5,EVAL_REHEARSAL_SITE,Driving Rules,greekmmlu:3079,http://www.testdriver.gr/autokinhto-etoima.php?id=20,"Εάν συγκρίνετε το τιμόνι με την αριθμημένη οθόνη ενός ωρολογίου με δείκτες, η σωστή θέση των χεριών, σε ευθεία πορεία, τ",Εννέα και τέταρτο έως δέκα και δέκα.,question_correct_answer
5,EVAL_REHEARSAL_SITE,Driving Rules,greekmmlu:3079,https://testdriver.gr/autokinhto-etoima.php?id=20,"Εάν συγκρίνετε το τιμόνι με την αριθμημένη οθόνη ενός ωρολογίου με δείκτες, η σωστή θέση των χεριών, σε ευθεία πορεία, τ",Εννέα και τέταρτο έως δέκα και δέκα.,question_correct_answer
5,EVAL_REHEARSAL_SITE,Driving Rules,greekmmlu:3079,https://testdriver.gr/autokinhto-etoima.php?id=27,"Εάν συγκρίνετε το τιμόνι με την αριθμημένη οθόνη ενός ωρολογίου με δείκτες, η σωστή θέση των χεριών, σε ευθεία πορεία, τ",Εννέα και τέταρτο έως δέκα και δέκα.,question_correct_answer
5,EVAL_REHEARSAL_SITE,Driving Rules,greekmmlu:3080,http://testdriver.gr/peiforthgo.php,Έχει ευθύνη ο μεταφορέας για ζημιές που οφείλονται σε ίδια ελαττώματα του μεταφερόμενου πράγματος σύμφωνα με τη CMR;,"Όχι, αλλά θα πρέπει να αποδείξει ότι τα εμπορεύματα που παρέλαβε εμφάνιζαν ελάττωμα",eval_prompt
5,EVAL_REHEARSAL_SITE,Driving Rules,greekmmlu:3080,http://testdriver.gr/peiforthgo.php,Έχει ευθύνη ο μεταφορέας για ζημιές που οφείλονται σε ίδια ελαττώματα του μεταφερόμενου πράγματος σύμφωνα με τη CMR;,"Όχι, αλλά θα πρέπει να αποδείξει ότι τα εμπορεύματα που παρέλαβε εμφάνιζαν ελάττωμα",question
5,EVAL_REHEARSAL_SITE,Driving Rules,greekmmlu:3080,http://testdriver.gr/peiforthgo.php,Έχει ευθύνη ο μεταφορέας για ζημιές που οφείλονται σε ίδια ελαττώματα του μεταφερόμενου πράγματος σύμφωνα με τη CMR;,"Όχι, αλλά θα πρέπει να αποδείξει ότι τα εμπορεύματα που παρέλαβε εμφάνιζαν ελάττωμα",question_all_choices
5,EVAL_REHEARSAL_SITE,Driving Rules,greekmmlu:3080,http://testdriver.gr/peiforthgo.php,Έχει ευθύνη ο μεταφορέας για ζημιές που οφείλονται σε ίδια ελαττώματα του μεταφερόμενου πράγματος σύμφωνα με τη CMR;,"Όχι, αλλά θα πρέπει να αποδείξει ότι τα εμπορεύματα που παρέλαβε εμφάνιζαν ελάττωμα",question_correct_answer
5,STUDY_GUIDE_HOST,Driving Rules,greekmmlu:3081,http://docplayer.gr/1200098-D-symfonia-eggrafi-i-proforiki-metaxy-dyo-toylahiston-prosopon-apo-tin.html,Πότε αποδίδεται στο Δημόσιο ο παρακρατηθείς από τους μισθωτούς φόρος;,Ανά δίμηνο και μέχρι το τέλος του επόμενου μήνα,eval_prompt
1,OTHER_GENERIC,Driving Rules,greekmmlu:3084,http://farmakeia-gr.life/lanoxicaps.html,Τι πρέπει να προσέχει ο οδηγός κατά τη χρησιμοποίηση του καθρέπτη ενός επιβατηγού;,Οι καθρέπτες πρέπει να είναι προσαρμοσμένοι στον εκάστοτε οδηγό.,question
5,EVAL_REHEARSAL_SITE,Driving Rules,greekmmlu:3084,http://testdriver.gr/autokinhtooles-organa.php,Τι πρέπει να προσέχει ο οδηγός κατά τη χρησιμοποίηση του καθρέπτη ενός επιβατηγού;,Οι καθρέπτες πρέπει να είναι προσαρμοσμένοι στον εκάστοτε οδηγό.,question
5,EVAL_REHEARSAL_SITE,Driving Rules,greekmmlu:3084,http://testdriver.gr/autokinhtooles-organa.php,Τι πρέπει να προσέχει ο οδηγός κατά τη χρησιμοποίηση του καθρέπτη ενός επιβατηγού;,Οι καθρέπτες πρέπει να είναι προσαρμοσμένοι στον εκάστοτε οδηγό.,question_all_choices
5,EVAL_REHEARSAL_SITE,Driving Rules,greekmmlu:3084,http://testdriver.gr/autokinhtooles-organa.php,Τι πρέπει να προσέχει ο οδηγός κατά τη χρησιμοποίηση του καθρέπτη ενός επιβατηγού;,Οι καθρέπτες πρέπει να είναι προσαρμοσμένοι στον εκάστοτε οδηγό.,question_correct_answer
5,EVAL_REHEARSAL_SITE,Driving Rules,greekmmlu:3088,https://testdriver.gr/autokinhto-etoima.php?id=16,Δεν συνιστάται να τοποθετείτε στο όχημά σας:,"Ελαστικά ""ακτινικά"" (Radial) μπροστά και σταυρωτά πίσω.",question_all_choices
5,EVAL_REHEARSAL_SITE,Driving Rules,greekmmlu:3104,http://www.testdriver.gr/autokinhto-etoima.php?id=8,Ο χρόνος αντιδράσεώς σας σε απότομο φρενάρισμα είναι 1 sec και το όχημά σας κινείται με ταχύτητα 50 km/h. Πόση περίπου α,15μ.,eval_prompt
5,EVAL_REHEARSAL_SITE,Driving Rules,greekmmlu:3104,http://www.testdriver.gr/autokinhto-etoima.php?id=8,Ο χρόνος αντιδράσεώς σας σε απότομο φρενάρισμα είναι 1 sec και το όχημά σας κινείται με ταχύτητα 50 km/h. Πόση περίπου α,15μ.,question
5,EVAL_REHEARSAL_SITE,Driving Rules,greekmmlu:3104,http://www.testdriver.gr/autokinhto-etoima.php?id=8,Ο χρόνος αντιδράσεώς σας σε απότομο φρενάρισμα είναι 1 sec και το όχημά σας κινείται με ταχύτητα 50 km/h. Πόση περίπου α,15μ.,question_all_choices
5,EVAL_REHEARSAL_SITE,Driving Rules,greekmmlu:3104,http://www.testdriver.gr/autokinhto-etoima.php?id=8,Ο χρόνος αντιδράσεώς σας σε απότομο φρενάρισμα είναι 1 sec και το όχημά σας κινείται με ταχύτητα 50 km/h. Πόση περίπου α,15μ.,question_correct_answer
5,EVAL_REHEARSAL_SITE,Driving Rules,greekmmlu:3120,http://testdriver.gr/autokinhto-etoima.php?id=21,Τα λαστιχάκια των υαλοκαθαριστήρων αντικαθίστανται:,"Κάθε φορά που έχουν φθαρεί και τουλάχιστον μία φορά το χρόνο, κατά προτίμηση πριν τον χειμώνα.",question_correct_answer
5,EVAL_REHEARSAL_SITE,Driving Rules,greekmmlu:3120,http://testdriver.gr/autokinhto-etoima.php?id=21,Τα λαστιχάκια των υαλοκαθαριστήρων αντικαθίστανται:,"Κάθε φορά που έχουν φθαρεί και τουλάχιστον μία φορά το χρόνο, κατά προτίμηση πριν τον χειμώνα.",question_correct_answer
5,EVAL_REHEARSAL_SITE,Driving Rules,greekmmlu:3121,http://testdriver.gr/autokinhto-etoima.php?id=21,Γιατί πρέπει μία χαλασμένη εξάτμιση να διορθωθεί χωρίς καθυστέρηση;,Διότι προκαλείται αυξημένος θόρυβος που ενοχλεί τους άλλους.,question_all_choices
5,EVAL_REHEARSAL_SITE,Driving Rules,greekmmlu:3121,http://testdriver.gr/autokinhto-etoima.php?id=21,Γιατί πρέπει μία χαλασμένη εξάτμιση να διορθωθεί χωρίς καθυστέρηση;,Διότι προκαλείται αυξημένος θόρυβος που ενοχλεί τους άλλους.,question_correct_answer
5,STUDY_GUIDE_HOST,Driving Rules,greekmmlu:3125,http://docplayer.gr/1200098-D-symfonia-eggrafi-i-proforiki-metaxy-dyo-toylahiston-prosopon-apo-tin.html,Σε ποια από τις αναφερόμενες περιπτώσεις είναι άκυρη η σύμβαση μεταφοράς;,Όταν γίνεται από πρόσωπα ένα εκ των οποίων είναι ανήλικο ή όταν η σύμβαση είναι παράνομη και ανήθικη,eval_prompt
5,EVAL_REHEARSAL_SITE,Driving Rules,greekmmlu:3129,http://testdriver.gr/autokinhtooles-organa.php,"Σε κανονική πορεία που δεν απαιτείται συχνή αλλαγή ταχυτήτων, το αριστερό πόδι:",Μένει ακίνητο στα αριστερά του ποδομοχλού.,question_all_choices
5,EVAL_REHEARSAL_SITE,Driving Rules,greekmmlu:3129,https://www.testdriver.gr/autokinhto-etoima.php?id=23,"Σε κανονική πορεία που δεν απαιτείται συχνή αλλαγή ταχυτήτων, το αριστερό πόδι:",Μένει ακίνητο στα αριστερά του ποδομοχλού.,question_all_choices
5,EVAL_REHEARSAL_SITE,Driving Rules,greekmmlu:3132,http://testdriver.gr/peiforthgo.php,"Σε διαδικασία σταθερής στροφής, οι αποσταθεροποιητικές τάσεις - που μπορεί να οδηγήσουν στην ανατροπή φορτηγού - προέρχο",τη φυγόκεντρο δύναμη και την εξωτερική μετατόπιση του κέντρου βάρους ως προς το ίχνος των τροχών,question_all_choices
5,EVAL_REHEARSAL_SITE,Driving Rules,greekmmlu:3132,http://testdriver.gr/peiforthgo.php,"Σε διαδικασία σταθερής στροφής, οι αποσταθεροποιητικές τάσεις - που μπορεί να οδηγήσουν στην ανατροπή φορτηγού - προέρχο",τη φυγόκεντρο δύναμη και την εξωτερική μετατόπιση του κέντρου βάρους ως προς το ίχνος των τροχών,question_correct_answer
5,EVAL_REHEARSAL_SITE,Driving Rules,greekmmlu:3140,http://testdriver.gr/peileoforeio.php,Η επίδραση της δύναμης του βάρους στην κίνηση του οχήματος:,Μεταβάλλεται ανάλογα με την κλίση της οδού.,question_correct_answer
5,EVAL_REHEARSAL_SITE,Driving Rules,greekmmlu:3141,http://testdriver.gr/autokinhto-etoima.php?id=17,Πλησιάζετε με ταχύτητα περίπου 50 km/h μία διασταύρωση στην οποία υπάρχει φωτεινή σηματοδότηση. Περίπου 5 m πριν τη διασ,Συνεχίζετε την πορεία σας διότι δεν προλαβαίνετε να ακινητοποιήσετε το όχημα πριν τη διασταύρωση.,eval_prompt
5,EVAL_REHEARSAL_SITE,Driving Rules,greekmmlu:3141,http://testdriver.gr/autokinhto-etoima.php?id=17,Πλησιάζετε με ταχύτητα περίπου 50 km/h μία διασταύρωση στην οποία υπάρχει φωτεινή σηματοδότηση. Περίπου 5 m πριν τη διασ,Συνεχίζετε την πορεία σας διότι δεν προλαβαίνετε να ακινητοποιήσετε το όχημα πριν τη διασταύρωση.,question
5,EVAL_REHEARSAL_SITE,Driving Rules,greekmmlu:3141,http://testdriver.gr/autokinhto-etoima.php?id=17,Πλησιάζετε με ταχύτητα περίπου 50 km/h μία διασταύρωση στην οποία υπάρχει φωτεινή σηματοδότηση. Περίπου 5 m πριν τη διασ,Συνεχίζετε την πορεία σας διότι δεν προλαβαίνετε να ακινητοποιήσετε το όχημα πριν τη διασταύρωση.,question_all_choices
5,EVAL_REHEARSAL_SITE,Driving Rules,greekmmlu:3141,http://testdriver.gr/autokinhto-etoima.php?id=17,Πλησιάζετε με ταχύτητα περίπου 50 km/h μία διασταύρωση στην οποία υπάρχει φωτεινή σηματοδότηση. Περίπου 5 m πριν τη διασ,Συνεχίζετε την πορεία σας διότι δεν προλαβαίνετε να ακινητοποιήσετε το όχημα πριν τη διασταύρωση.,question_correct_answer
5,EVAL_REHEARSAL_SITE,Driving Rules,greekmmlu:3146,http://testdriver.gr/ru/peiforthgo.php,"Όταν ενεργοποιείται το ABS, ο οδηγός πρέπει:",Να εξακολουθήσει να ασκεί κανονική πίεση στον ποδομοχλό πέδησης.,question_all_choices
5,EVAL_REHEARSAL_SITE,Driving Rules,greekmmlu:3151,http://testdriver.gr/ru/peiforthgo.php,Το άγχος βραχυπρόθεσμα προκαλεί:,Απώλεια συγκέντρωσης και αναίτια νευρικότητα.,question_all_choices
5,EVAL_REHEARSAL_SITE,Driving Rules,greekmmlu:3156,http://www.testdriver.gr/autokinhto-etoima.php?id=11,Σε πόση απόσταση από στάση λεωφορείων επιτρέπεται να σταθμεύσετε το όχημά σας;,Σε απόσταση μεγαλύτερη των 12 m.,question_all_choices
5,EVAL_REHEARSAL_SITE,Driving Rules,greekmmlu:3156,http://www.testdriver.gr/autokinhto-etoima.php?id=11,Σε πόση απόσταση από στάση λεωφορείων επιτρέπεται να σταθμεύσετε το όχημά σας;,Σε απόσταση μεγαλύτερη των 12 m.,question_correct_answer
5,EVAL_REHEARSAL_SITE,Driving Rules,greekmmlu:3163,http://testdriver.gr/ru/peiforthgo.php,Μεταξύ των συνηθέστερων κατηγοριών ατυχημάτων με εμπλοκή φορτηγού είναι οι εξής:,οι απαιτήσεις τριβής σε δεξιά στροφή και η σταθερή επιβράδυνση πέδησης,question_correct_answer
5,EVAL_REHEARSAL_SITE,Driving Rules,greekmmlu:3164,https://testdriver.gr/autokinhto-etoima.php?id=7,Σε δρόμους εντός κατοικημένων περιοχών το προειδοποιητικό τρίγωνο πρέπει να τοποθετείται πίσω από το όχημα τουλάχιστον σ,20 μ.,eval_prompt
5,EVAL_REHEARSAL_SITE,Driving Rules,greekmmlu:3164,https://testdriver.gr/autokinhto-etoima.php?id=7,Σε δρόμους εντός κατοικημένων περιοχών το προειδοποιητικό τρίγωνο πρέπει να τοποθετείται πίσω από το όχημα τουλάχιστον σ,20 μ.,question
5,EVAL_REHEARSAL_SITE,Driving Rules,greekmmlu:3164,https://testdriver.gr/autokinhto-etoima.php?id=7,Σε δρόμους εντός κατοικημένων περιοχών το προειδοποιητικό τρίγωνο πρέπει να τοποθετείται πίσω από το όχημα τουλάχιστον σ,20 μ.,question_all_choices
5,EVAL_REHEARSAL_SITE,Driving Rules,greekmmlu:3164,https://testdriver.gr/autokinhto-etoima.php?id=7,Σε δρόμους εντός κατοικημένων περιοχών το προειδοποιητικό τρίγωνο πρέπει να τοποθετείται πίσω από το όχημα τουλάχιστον σ,20 μ.,question_correct_answer
5,EVAL_REHEARSAL_SITE,Driving Rules,greekmmlu:3167,http://testdriver.gr/autokinhto-etoima.php?id=17,Η κατανάλωση αλκοόλ μπορεί να προκαλέσει κατά την οδήγηση:,Μειωμένο έλεγχο.,question_all_choices
5,EVAL_REHEARSAL_SITE,Driving Rules,greekmmlu:3179,http://testdriver.gr/mhxanh.php,"Πλησιάζετε οδηγώντας το δίκυκλό σας σε διασταύρωση, όπου ο φωτεινός σηματοδότης δείχνει κόκκινο φως. Στο οδόστρωμα μπροσ",Πριν ακριβώς από τη σημασμένη διάβαση των πεζών.,eval_prompt
5,EVAL_REHEARSAL_SITE,Driving Rules,greekmmlu:3179,http://trafficsigns.info/el/bike?page=5,"Πλησιάζετε οδηγώντας το δίκυκλό σας σε διασταύρωση, όπου ο φωτεινός σηματοδότης δείχνει κόκκινο φως. Στο οδόστρωμα μπροσ",Πριν ακριβώς από τη σημασμένη διάβαση των πεζών.,eval_prompt
5,EVAL_REHEARSAL_SITE,Driving Rules,greekmmlu:3179,http://testdriver.gr/mhxanh.php,"Πλησιάζετε οδηγώντας το δίκυκλό σας σε διασταύρωση, όπου ο φωτεινός σηματοδότης δείχνει κόκκινο φως. Στο οδόστρωμα μπροσ",Πριν ακριβώς από τη σημασμένη διάβαση των πεζών.,question
5,EVAL_REHEARSAL_SITE,Driving Rules,greekmmlu:3179,http://trafficsigns.info/el/bike?page=5,"Πλησιάζετε οδηγώντας το δίκυκλό σας σε διασταύρωση, όπου ο φωτεινός σηματοδότης δείχνει κόκκινο φως. Στο οδόστρωμα μπροσ",Πριν ακριβώς από τη σημασμένη διάβαση των πεζών.,question
5,EVAL_REHEARSAL_SITE,Driving Rules,greekmmlu:3179,http://testdriver.gr/mhxanh.php,"Πλησιάζετε οδηγώντας το δίκυκλό σας σε διασταύρωση, όπου ο φωτεινός σηματοδότης δείχνει κόκκινο φως. Στο οδόστρωμα μπροσ",Πριν ακριβώς από τη σημασμένη διάβαση των πεζών.,question_all_choices
5,EVAL_REHEARSAL_SITE,Driving Rules,greekmmlu:3179,http://trafficsigns.info/el/bike?page=5,"Πλησιάζετε οδηγώντας το δίκυκλό σας σε διασταύρωση, όπου ο φωτεινός σηματοδότης δείχνει κόκκινο φως. Στο οδόστρωμα μπροσ",Πριν ακριβώς από τη σημασμένη διάβαση των πεζών.,question_all_choices
5,EVAL_REHEARSAL_SITE,Driving Rules,greekmmlu:3179,http://testdriver.gr/mhxanh.php,"Πλησιάζετε οδηγώντας το δίκυκλό σας σε διασταύρωση, όπου ο φωτεινός σηματοδότης δείχνει κόκκινο φως. Στο οδόστρωμα μπροσ",Πριν ακριβώς από τη σημασμένη διάβαση των πεζών.,question_correct_answer
5,EVAL_REHEARSAL_SITE,Driving Rules,greekmmlu:3179,http://trafficsigns.info/el/bike?page=5,"Πλησιάζετε οδηγώντας το δίκυκλό σας σε διασταύρωση, όπου ο φωτεινός σηματοδότης δείχνει κόκκινο φως. Στο οδόστρωμα μπροσ",Πριν ακριβώς από τη σημασμένη διάβαση των πεζών.,question_correct_answer
5,STUDY_GUIDE_HOST,Driving Rules,greekmmlu:3187,http://docplayer.gr/1200098-D-symfonia-eggrafi-i-proforiki-metaxy-dyo-toylahiston-prosopon-apo-tin.html,Οι εργασίες της πτώχευσης περατώνονται με τους ακόλουθους τρόπους:,"με πτωχευτικό συμβιβασμό, ένωση των πιστωτών και αποκατάσταση του πτωχού",eval_prompt
5,EVAL_REHEARSAL_SITE,Driving Rules,greekmmlu:3188,http://www.testdriver.gr/autokinhto-etoima.php?id=13,"Όταν πρόκειται να εγκαταλείψετε μία πλατεία, έχετε υποχρέωση να ειδοποιήσετε με τα φλας αυτούς που ακολουθούν:",ΝΑΙ.,question
5,EVAL_REHEARSAL_SITE,Driving Rules,greekmmlu:3188,http://www.testdriver.gr/autokinhto-etoima.php?id=13,"Όταν πρόκειται να εγκαταλείψετε μία πλατεία, έχετε υποχρέωση να ειδοποιήσετε με τα φλας αυτούς που ακολουθούν:",ΝΑΙ.,question_all_choices
5,EVAL_REHEARSAL_SITE,Driving Rules,greekmmlu:3188,http://www.testdriver.gr/autokinhto-etoima.php?id=13,"Όταν πρόκειται να εγκαταλείψετε μία πλατεία, έχετε υποχρέωση να ειδοποιήσετε με τα φλας αυτούς που ακολουθούν:",ΝΑΙ.,question_correct_answer
5,EVAL_REHEARSAL_SITE,Driving Rules,greekmmlu:3192,https://www.testdriver.gr/autokinhto-etoima.php?id=23,Καθώς ετοιμάζεστε να προσπεράσετε διακρίνετε από τον εξωτερικό σας καθρέπτη το φως ενός μοτοποδηλάτου:,Περιμένετε να περάσει πρώτα το μοτοποδήλατο και έπειτα προσπερνάτε.,question
5,EVAL_REHEARSAL_SITE,Driving Rules,greekmmlu:3192,https://www.testdriver.gr/autokinhto-etoima.php?id=23,Καθώς ετοιμάζεστε να προσπεράσετε διακρίνετε από τον εξωτερικό σας καθρέπτη το φως ενός μοτοποδηλάτου:,Περιμένετε να περάσει πρώτα το μοτοποδήλατο και έπειτα προσπερνάτε.,question_all_choices
5,EVAL_REHEARSAL_SITE,Driving Rules,greekmmlu:3194,https://testdriver.gr/autokinhto-etoima.php?id=14,Αλλάζετε σχέση στο κιβώτιο ταχυτήτων μέσα σε στροφή:,Είναι λανθασμένος χειρισμός.,question_all_choices
5,EVAL_REHEARSAL_SITE,Driving Rules,greekmmlu:3200,http://testdriver.gr/autokinhto-etoima.php?id=17,Επιταχύνετε το αυτοκίνητό σας πολύ απότομα και αυτό αρχίζει να ολισθαίνει. Η πρώτη σας ενέργεια είναι να:,Αφήσετε το γκάζι.,eval_prompt
5,EVAL_REHEARSAL_SITE,Driving Rules,greekmmlu:3200,http://testdriver.gr/autokinhto-etoima.php?id=17,Επιταχύνετε το αυτοκίνητό σας πολύ απότομα και αυτό αρχίζει να ολισθαίνει. Η πρώτη σας ενέργεια είναι να:,Αφήσετε το γκάζι.,question
5,EVAL_REHEARSAL_SITE,Driving Rules,greekmmlu:3200,http://testdriver.gr/autokinhto-etoima.php?id=17,Επιταχύνετε το αυτοκίνητό σας πολύ απότομα και αυτό αρχίζει να ολισθαίνει. Η πρώτη σας ενέργεια είναι να:,Αφήσετε το γκάζι.,question_all_choices
5,EVAL_REHEARSAL_SITE,Driving Rules,greekmmlu:3200,http://testdriver.gr/autokinhto-etoima.php?id=17,Επιταχύνετε το αυτοκίνητό σας πολύ απότομα και αυτό αρχίζει να ολισθαίνει. Η πρώτη σας ενέργεια είναι να:,Αφήσετε το γκάζι.,question_correct_answer
5,EVAL_REHEARSAL_SITE,Driving Rules,greekmmlu:3201,http://testdriver.gr/autokinhto-etoima.php?id=5,Πόσο είναι το ελάχιστο ποσοστό αλκοόλ στο αίμα που θεωρείται ότι ο οδηγός βρίσκεται υπό την επίδρασή του;,"Μεγαλύτερο του 0,5 g ανά λίτρο αίματος.",question
5,EVAL_REHEARSAL_SITE,Driving Rules,greekmmlu:3201,http://testdriver.gr/autokinhto-etoima.php?id=5,Πόσο είναι το ελάχιστο ποσοστό αλκοόλ στο αίμα που θεωρείται ότι ο οδηγός βρίσκεται υπό την επίδρασή του;,"Μεγαλύτερο του 0,5 g ανά λίτρο αίματος.",question_all_choices
5,EVAL_REHEARSAL_SITE,Driving Rules,greekmmlu:3201,http://testdriver.gr/autokinhto-etoima.php?id=5,Πόσο είναι το ελάχιστο ποσοστό αλκοόλ στο αίμα που θεωρείται ότι ο οδηγός βρίσκεται υπό την επίδρασή του;,"Μεγαλύτερο του 0,5 g ανά λίτρο αίματος.",question_correct_answer
5,EVAL_REHEARSAL_SITE,Driving Rules,greekmmlu:3203,http://testdriver.gr/autokinhtooles-organa.php,"Όταν δεν λειτουργούν τα φώτα τροχοπεδήσεως του οχήματός σας, με ποιον τρόπο οφείλετε να ειδοποιήσετε αυτόν που ακολουθεί",Κάμπτοντας τον βραχίονα προς τα κάτω.,eval_prompt
5,EVAL_REHEARSAL_SITE,Driving Rules,greekmmlu:3203,https://testdriver.gr/autokinhto-etoima.php?id=1,"Όταν δεν λειτουργούν τα φώτα τροχοπεδήσεως του οχήματός σας, με ποιον τρόπο οφείλετε να ειδοποιήσετε αυτόν που ακολουθεί",Κάμπτοντας τον βραχίονα προς τα κάτω.,eval_prompt
5,EVAL_REHEARSAL_SITE,Driving Rules,greekmmlu:3203,http://testdriver.gr/autokinhtooles-organa.php,"Όταν δεν λειτουργούν τα φώτα τροχοπεδήσεως του οχήματός σας, με ποιον τρόπο οφείλετε να ειδοποιήσετε αυτόν που ακολουθεί",Κάμπτοντας τον βραχίονα προς τα κάτω.,question
5,EVAL_REHEARSAL_SITE,Driving Rules,greekmmlu:3203,https://testdriver.gr/autokinhto-etoima.php?id=1,"Όταν δεν λειτουργούν τα φώτα τροχοπεδήσεως του οχήματός σας, με ποιον τρόπο οφείλετε να ειδοποιήσετε αυτόν που ακολουθεί",Κάμπτοντας τον βραχίονα προς τα κάτω.,question
5,EVAL_REHEARSAL_SITE,Driving Rules,greekmmlu:3203,http://testdriver.gr/autokinhtooles-organa.php,"Όταν δεν λειτουργούν τα φώτα τροχοπεδήσεως του οχήματός σας, με ποιον τρόπο οφείλετε να ειδοποιήσετε αυτόν που ακολουθεί",Κάμπτοντας τον βραχίονα προς τα κάτω.,question_all_choices
5,EVAL_REHEARSAL_SITE,Driving Rules,greekmmlu:3203,https://testdriver.gr/autokinhto-etoima.php?id=1,"Όταν δεν λειτουργούν τα φώτα τροχοπεδήσεως του οχήματός σας, με ποιον τρόπο οφείλετε να ειδοποιήσετε αυτόν που ακολουθεί",Κάμπτοντας τον βραχίονα προς τα κάτω.,question_all_choices
5,EVAL_REHEARSAL_SITE,Driving Rules,greekmmlu:3203,http://testdriver.gr/autokinhtooles-organa.php,"Όταν δεν λειτουργούν τα φώτα τροχοπεδήσεως του οχήματός σας, με ποιον τρόπο οφείλετε να ειδοποιήσετε αυτόν που ακολουθεί",Κάμπτοντας τον βραχίονα προς τα κάτω.,question_correct_answer
5,EVAL_REHEARSAL_SITE,Driving Rules,greekmmlu:3203,https://testdriver.gr/autokinhto-etoima.php?id=1,"Όταν δεν λειτουργούν τα φώτα τροχοπεδήσεως του οχήματός σας, με ποιον τρόπο οφείλετε να ειδοποιήσετε αυτόν που ακολουθεί",Κάμπτοντας τον βραχίονα προς τα κάτω.,question_correct_answer
5,STUDY_GUIDE_HOST,Driving Rules,greekmmlu:3210,http://docplayer.gr/30443551-Simansi-otan-se-periohes-ergon-ston-aytokinitodromo-i-orizontia-simansi-symperilamvanei-aspres-kai-kitrines-grammes-taytohrona-seveste.html,Όταν οδηγείτε επί πολύ χρόνο σε έναν αυτοκινητόδρομο μπορεί να νιώθετε κουρασμένοι. Η καλύτερη συμπεριφορά στην περίπτωσ,Βεβαιωθείτε ότι το όχημα έχει καλό εξαερισμό και εάν είναι απαραίτητο σταματήστε σε μία περιοχή στάθμευσης και περπατήστ,question_all_choices
5,EVAL_REHEARSAL_SITE,Driving Rules,greekmmlu:3210,http://testdriver.gr/autokinhto-etoima.php?id=21,Όταν οδηγείτε επί πολύ χρόνο σε έναν αυτοκινητόδρομο μπορεί να νιώθετε κουρασμένοι. Η καλύτερη συμπεριφορά στην περίπτωσ,Βεβαιωθείτε ότι το όχημα έχει καλό εξαερισμό και εάν είναι απαραίτητο σταματήστε σε μία περιοχή στάθμευσης και περπατήστ,question_all_choices
5,STUDY_GUIDE_HOST,Driving Rules,greekmmlu:3210,http://docplayer.gr/30443551-Simansi-otan-se-periohes-ergon-ston-aytokinitodromo-i-orizontia-simansi-symperilamvanei-aspres-kai-kitrines-grammes-taytohrona-seveste.html,Όταν οδηγείτε επί πολύ χρόνο σε έναν αυτοκινητόδρομο μπορεί να νιώθετε κουρασμένοι. Η καλύτερη συμπεριφορά στην περίπτωσ,Βεβαιωθείτε ότι το όχημα έχει καλό εξαερισμό και εάν είναι απαραίτητο σταματήστε σε μία περιοχή στάθμευσης και περπατήστ,question_correct_answer
5,EVAL_REHEARSAL_SITE,Driving Rules,greekmmlu:3217,http://testdriver.gr/autokinhto-etoima.php?id=29,"Οδηγείτε με την 4η ταχύτητα, ο κινητήρας δυσκολεύεται (σκορτσάρει) και κινδυνεύει να σταματήσει εντελώς, τότε:",Περνάτε στην 3η ταχύτητα.,question
5,EVAL_REHEARSAL_SITE,Driving Rules,greekmmlu:3217,http://testdriver.gr/autokinhtooles-organa.php,"Οδηγείτε με την 4η ταχύτητα, ο κινητήρας δυσκολεύεται (σκορτσάρει) και κινδυνεύει να σταματήσει εντελώς, τότε:",Περνάτε στην 3η ταχύτητα.,question
5,EVAL_REHEARSAL_SITE,Driving Rules,greekmmlu:3217,http://testdriver.gr/autokinhto-etoima.php?id=29,"Οδηγείτε με την 4η ταχύτητα, ο κινητήρας δυσκολεύεται (σκορτσάρει) και κινδυνεύει να σταματήσει εντελώς, τότε:",Περνάτε στην 3η ταχύτητα.,question_all_choices
5,EVAL_REHEARSAL_SITE,Driving Rules,greekmmlu:3217,http://testdriver.gr/autokinhtooles-organa.php,"Οδηγείτε με την 4η ταχύτητα, ο κινητήρας δυσκολεύεται (σκορτσάρει) και κινδυνεύει να σταματήσει εντελώς, τότε:",Περνάτε στην 3η ταχύτητα.,question_all_choices
5,EVAL_REHEARSAL_SITE,Driving Rules,greekmmlu:3217,http://testdriver.gr/autokinhto-etoima.php?id=29,"Οδηγείτε με την 4η ταχύτητα, ο κινητήρας δυσκολεύεται (σκορτσάρει) και κινδυνεύει να σταματήσει εντελώς, τότε:",Περνάτε στην 3η ταχύτητα.,question_correct_answer
5,EVAL_REHEARSAL_SITE,Driving Rules,greekmmlu:3217,http://testdriver.gr/autokinhtooles-organa.php,"Οδηγείτε με την 4η ταχύτητα, ο κινητήρας δυσκολεύεται (σκορτσάρει) και κινδυνεύει να σταματήσει εντελώς, τότε:",Περνάτε στην 3η ταχύτητα.,question_correct_answer
5,EVAL_REHEARSAL_SITE,Driving Rules,greekmmlu:3219,http://www.testdriver.gr/autokinhto-etoima.php?id=13,Σε πόση απόσταση από διασταύρωση επιτρέπεται να σταθμεύσετε το όχημά σας;,Σε απόσταση μεγαλύτερη των 10 m από τη νοητή προέκταση της πλησιέστερης οριογραμμής του κάθετου οδοστρώματος.,question_all_choices
5,EVAL_REHEARSAL_SITE,Driving Rules,greekmmlu:3219,http://www.testdriver.gr/autokinhto-etoima.php?id=13,Σε πόση απόσταση από διασταύρωση επιτρέπεται να σταθμεύσετε το όχημά σας;,Σε απόσταση μεγαλύτερη των 10 m από τη νοητή προέκταση της πλησιέστερης οριογραμμής του κάθετου οδοστρώματος.,question_correct_answer
5,EVAL_REHEARSAL_SITE,Driving Rules,greekmmlu:3224,http://www.testdriver.gr/autokinhto-etoima.php?id=18,Τα τζάμια του οχήματός σας έχουν πιάσει πάγο. Τι πρέπει να κάνετε πριν ξεκινήσετε;,Καθαρίζετε όλα τα τζάμια από τον πάγο.,eval_prompt
5,EVAL_REHEARSAL_SITE,Driving Rules,greekmmlu:3224,http://www.testdriver.gr/autokinhto-etoima.php?id=18,Τα τζάμια του οχήματός σας έχουν πιάσει πάγο. Τι πρέπει να κάνετε πριν ξεκινήσετε;,Καθαρίζετε όλα τα τζάμια από τον πάγο.,eval_prompt
5,EVAL_REHEARSAL_SITE,Driving Rules,greekmmlu:3224,http://www.testdriver.gr/autokinhto-etoima.php?id=18,Τα τζάμια του οχήματός σας έχουν πιάσει πάγο. Τι πρέπει να κάνετε πριν ξεκινήσετε;,Καθαρίζετε όλα τα τζάμια από τον πάγο.,question
5,EVAL_REHEARSAL_SITE,Driving Rules,greekmmlu:3224,http://www.testdriver.gr/autokinhto-etoima.php?id=18,Τα τζάμια του οχήματός σας έχουν πιάσει πάγο. Τι πρέπει να κάνετε πριν ξεκινήσετε;,Καθαρίζετε όλα τα τζάμια από τον πάγο.,question
5,EVAL_REHEARSAL_SITE,Driving Rules,greekmmlu:3224,http://www.testdriver.gr/autokinhto-etoima.php?id=18,Τα τζάμια του οχήματός σας έχουν πιάσει πάγο. Τι πρέπει να κάνετε πριν ξεκινήσετε;,Καθαρίζετε όλα τα τζάμια από τον πάγο.,question_all_choices
5,EVAL_REHEARSAL_SITE,Driving Rules,greekmmlu:3224,http://www.testdriver.gr/autokinhto-etoima.php?id=18,Τα τζάμια του οχήματός σας έχουν πιάσει πάγο. Τι πρέπει να κάνετε πριν ξεκινήσετε;,Καθαρίζετε όλα τα τζάμια από τον πάγο.,question_all_choices
5,EVAL_REHEARSAL_SITE,Driving Rules,greekmmlu:3224,http://www.testdriver.gr/autokinhto-etoima.php?id=18,Τα τζάμια του οχήματός σας έχουν πιάσει πάγο. Τι πρέπει να κάνετε πριν ξεκινήσετε;,Καθαρίζετε όλα τα τζάμια από τον πάγο.,question_correct_answer
5,EVAL_REHEARSAL_SITE,Driving Rules,greekmmlu:3224,http://www.testdriver.gr/autokinhto-etoima.php?id=18,Τα τζάμια του οχήματός σας έχουν πιάσει πάγο. Τι πρέπει να κάνετε πριν ξεκινήσετε;,Καθαρίζετε όλα τα τζάμια από τον πάγο.,question_correct_answer
5,EVAL_REHEARSAL_SITE,Driving Rules,greekmmlu:3227,http://www.testdriver.gr/autokinhto-etoima.php?id=13,Τι υποχρέωση έχετε στις υποδείξεις τροχονόμων;,Πρέπει να τις ακολουθείτε σε κάθε περίπτωση.,question_all_choices
5,EVAL_REHEARSAL_SITE,Driving Rules,greekmmlu:3228,http://testdriver.gr/ru/peiforthgo.php,Για τον εντοπισμό της θέσης του οχήματος εφαρμόζονται οι εξής τεχνολογίες:,"GPS, GIS",question_all_choices
5,EVAL_REHEARSAL_SITE,Driving Rules,greekmmlu:3231,https://testdriver.gr/autokinhto-etoima.php?id=7,"Όταν οδηγείτε σε στροφή, η ελάχιστη ταχύτητα του οχήματός σας θα πρέπει να είναι όταν:",Εισέρχεστε στη στροφή.,question
5,EVAL_REHEARSAL_SITE,Driving Rules,greekmmlu:3231,https://testdriver.gr/autokinhto-etoima.php?id=7,"Όταν οδηγείτε σε στροφή, η ελάχιστη ταχύτητα του οχήματός σας θα πρέπει να είναι όταν:",Εισέρχεστε στη στροφή.,question_all_choices
5,EVAL_REHEARSAL_SITE,Driving Rules,greekmmlu:3231,https://testdriver.gr/autokinhto-etoima.php?id=7,"Όταν οδηγείτε σε στροφή, η ελάχιστη ταχύτητα του οχήματός σας θα πρέπει να είναι όταν:",Εισέρχεστε στη στροφή.,question_correct_answer
5,EVAL_REHEARSAL_SITE,Driving Rules,greekmmlu:3236,http://testdriver.gr/peileoforeio.php,"Κατά τον έλεγχο ολίσθησης: επιλέγουμε μία «υψηλή» σχέση στο κιβώτιο με τον κινητήρα σε λειτουργία, «δένουμε» το χειρόφρε",Δεν διακοπεί η λειτουργία του κινητήρα.,eval_prompt
5,EVAL_REHEARSAL_SITE,Driving Rules,greekmmlu:3236,http://testdriver.gr/peileoforeio.php,"Κατά τον έλεγχο ολίσθησης: επιλέγουμε μία «υψηλή» σχέση στο κιβώτιο με τον κινητήρα σε λειτουργία, «δένουμε» το χειρόφρε",Δεν διακοπεί η λειτουργία του κινητήρα.,question
5,EVAL_REHEARSAL_SITE,Driving Rules,greekmmlu:3236,http://testdriver.gr/peileoforeio.php,"Κατά τον έλεγχο ολίσθησης: επιλέγουμε μία «υψηλή» σχέση στο κιβώτιο με τον κινητήρα σε λειτουργία, «δένουμε» το χειρόφρε",Δεν διακοπεί η λειτουργία του κινητήρα.,question_all_choices
5,EVAL_REHEARSAL_SITE,Driving Rules,greekmmlu:3236,http://testdriver.gr/peileoforeio.php,"Κατά τον έλεγχο ολίσθησης: επιλέγουμε μία «υψηλή» σχέση στο κιβώτιο με τον κινητήρα σε λειτουργία, «δένουμε» το χειρόφρε",Δεν διακοπεί η λειτουργία του κινητήρα.,question_correct_answer
5,EVAL_REHEARSAL_SITE,Driving Rules,greekmmlu:3242,https://testdriver.gr/autokinhto-etoima.php?id=7,Η πινακίδα εισόδου σε κατοικημένη περιοχή σημαίνει ταυτόχρονα πως το όριο ταχύτητας περιορίζεται σε:,50 km/h.,question
5,EVAL_REHEARSAL_SITE,Driving Rules,greekmmlu:3242,https://testdriver.gr/autokinhto-etoima.php?id=7,Η πινακίδα εισόδου σε κατοικημένη περιοχή σημαίνει ταυτόχρονα πως το όριο ταχύτητας περιορίζεται σε:,50 km/h.,question_all_choices
5,EVAL_REHEARSAL_SITE,Driving Rules,greekmmlu:3242,https://testdriver.gr/autokinhto-etoima.php?id=7,Η πινακίδα εισόδου σε κατοικημένη περιοχή σημαίνει ταυτόχρονα πως το όριο ταχύτητας περιορίζεται σε:,50 km/h.,question_correct_answer
5,EVAL_REHEARSAL_SITE,Driving Rules,greekmmlu:3250,http://trafficsigns.info/el/simiparxi,"Είστε σταματημένος σε κάποιο κόκκινο φανάρι, μπροστά από διάβαση πεζών. Το πράσινο φανάρι της διάβασης πεζών γίνεται κόκ",Ετοιμάζεστε να ξεκινήσετε αφού ανάψει πράσινο για εσάς και επιβεβαιώσετε πως δεν υπάρχουν πεζοί που να διασχίζουν ακόμη ,question
5,EVAL_REHEARSAL_SITE,Driving Rules,greekmmlu:3251,https://testdriver.gr/autokinhto-etoima.php?id=1,"Οι τριοδικοί καταλύτες μειώνουν την εκπομπή μονοξειδίου του άνθρακα, οξειδίου του αζώτου και υδρογονανθράκων μέχρι και:",90%.,eval_prompt
5,EVAL_REHEARSAL_SITE,Driving Rules,greekmmlu:3251,https://testdriver.gr/autokinhto-etoima.php?id=1,"Οι τριοδικοί καταλύτες μειώνουν την εκπομπή μονοξειδίου του άνθρακα, οξειδίου του αζώτου και υδρογονανθράκων μέχρι και:",90%.,question
5,EVAL_REHEARSAL_SITE,Driving Rules,greekmmlu:3251,https://testdriver.gr/autokinhto-etoima.php?id=1,"Οι τριοδικοί καταλύτες μειώνουν την εκπομπή μονοξειδίου του άνθρακα, οξειδίου του αζώτου και υδρογονανθράκων μέχρι και:",90%.,question_all_choices
5,EVAL_REHEARSAL_SITE,Driving Rules,greekmmlu:3251,https://testdriver.gr/autokinhto-etoima.php?id=1,"Οι τριοδικοί καταλύτες μειώνουν την εκπομπή μονοξειδίου του άνθρακα, οξειδίου του αζώτου και υδρογονανθράκων μέχρι και:",90%.,question_correct_answer
5,EVAL_REHEARSAL_SITE,Driving Rules,greekmmlu:3252,http://testdriver.gr/autokinhto-etoima.php?id=5,"Φτάνοντας στον σηματοδότη με ταχύτητα 50 km/h, το φανάρι γίνεται κίτρινο:","Επειδή είστε πολύ κοντά στον σηματοδότη, περνάτε για να αποφύγετε πιθανούς κινδύνους από το απότομο σταμάτημα.",question_all_choices
5,EVAL_REHEARSAL_SITE,Driving Rules,greekmmlu:3255,https://testdriver.gr/autokinhto-etoima.php?id=1,Η επιτρεπόμενη περιεκτικότητα αλκοόλ στο αίμα είναι:,"0,5 γραμμάρια ανά λίτρο αίματος και 0,2 γραμμάρια ανά λίτρο αίματος για νέους οδηγούς.",eval_prompt
5,EVAL_REHEARSAL_SITE,Driving Rules,greekmmlu:3255,https://testdriver.gr/autokinhto-etoima.php?id=1,Η επιτρεπόμενη περιεκτικότητα αλκοόλ στο αίμα είναι:,"0,5 γραμμάρια ανά λίτρο αίματος και 0,2 γραμμάρια ανά λίτρο αίματος για νέους οδηγούς.",question_all_choices
5,EVAL_REHEARSAL_SITE,Driving Rules,greekmmlu:3255,https://testdriver.gr/autokinhto-etoima.php?id=1,Η επιτρεπόμενη περιεκτικότητα αλκοόλ στο αίμα είναι:,"0,5 γραμμάρια ανά λίτρο αίματος και 0,2 γραμμάρια ανά λίτρο αίματος για νέους οδηγούς.",question_correct_answer
5,EVAL_REHEARSAL_SITE,Driving Rules,greekmmlu:3262,http://testdriver.gr/peiforthgo.php,Σε περίπτωση ατυχήματος με τραυματίες που έχουν έρθει σε επαφή με το ηλεκτρικό ρεύμα:,Μπορείτε να επιχειρήσετε απεγκλωβισμό μόνο αν διαθέτετε αντικείμενο που είναι κακός αγωγός του ρεύματος.,question_all_choices
5,STUDY_GUIDE_HOST,Driving Rules,greekmmlu:3273,http://docplayer.gr/1200098-D-symfonia-eggrafi-i-proforiki-metaxy-dyo-toylahiston-prosopon-apo-tin.html,Οι βασικές προϋποθέσεις για τη θεμελίωση του δικαιώματος σύνταξης γήρατος είναι:,Η πραγματοποίηση ορισμένου χρόνου ασφάλισης και η συμπλήρωση ενός ορισμένου ορίου ηλικίας,eval_prompt
5,STUDY_GUIDE_HOST,Driving Rules,greekmmlu:3278,http://docplayer.gr/30443551-Simansi-otan-se-periohes-ergon-ston-aytokinitodromo-i-orizontia-simansi-symperilamvanei-aspres-kai-kitrines-grammes-taytohrona-seveste.html,"Με ποιον τρόπο είναι δυνατόν να προληφθεί η κόπωση, σε πολύωρη οδήγηση;",Με στάσεις για ξεκούραση σε τακτά χρονικά διαστήματα.,question_all_choices
5,EVAL_REHEARSAL_SITE,Driving Rules,greekmmlu:3282,http://testdriver.gr/peileoforeio.php,"Μεταξύ των απαιτούμενων πληροφοριακών στοιχείων των επιβατών, που πρέπει να μεταβιβάζουν οι μεταφορείς στις Αρμόδιες Αρχ",Η διεύθυνση κατοικίας.,eval_prompt
5,EVAL_REHEARSAL_SITE,Driving Rules,greekmmlu:3282,http://testdriver.gr/peileoforeio.php,"Μεταξύ των απαιτούμενων πληροφοριακών στοιχείων των επιβατών, που πρέπει να μεταβιβάζουν οι μεταφορείς στις Αρμόδιες Αρχ",Η διεύθυνση κατοικίας.,question
5,EVAL_REHEARSAL_SITE,Driving Rules,greekmmlu:3282,http://testdriver.gr/peileoforeio.php,"Μεταξύ των απαιτούμενων πληροφοριακών στοιχείων των επιβατών, που πρέπει να μεταβιβάζουν οι μεταφορείς στις Αρμόδιες Αρχ",Η διεύθυνση κατοικίας.,question_all_choices
5,EVAL_REHEARSAL_SITE,Driving Rules,greekmmlu:3282,http://testdriver.gr/peileoforeio.php,"Μεταξύ των απαιτούμενων πληροφοριακών στοιχείων των επιβατών, που πρέπει να μεταβιβάζουν οι μεταφορείς στις Αρμόδιες Αρχ",Η διεύθυνση κατοικίας.,question_correct_answer
5,STUDY_GUIDE_HOST,Driving Rules,greekmmlu:3287,http://docplayer.gr/1200098-D-symfonia-eggrafi-i-proforiki-metaxy-dyo-toylahiston-prosopon-apo-tin.html,Τα όργανα διοίκησης μιας Ε.Π.Ε. είναι τα εξής:,η συνέλευση των εταίρων και ο διαχειριστής (ή οι διαχειριστές),eval_prompt
5,EVAL_REHEARSAL_SITE,Driving Rules,greekmmlu:3297,http://testdriver.gr/autokinhto-etoima.php?id=21,Περιμένετε να στρίψετε δεξιά σε έναν κάθετο με προτεραιότητα δρόμο και βλέπετε ένα αυτοκίνητο να πλησιάζει γρήγορα από α,Περιμένετε αρκετά ώστε να σιγουρευτείτε ότι το όχημα στρίβει δεξιά.,question
5,EVAL_REHEARSAL_SITE,Driving Rules,greekmmlu:3297,http://testdriver.gr/autokinhto-etoima.php?id=21,Περιμένετε να στρίψετε δεξιά σε έναν κάθετο με προτεραιότητα δρόμο και βλέπετε ένα αυτοκίνητο να πλησιάζει γρήγορα από α,Περιμένετε αρκετά ώστε να σιγουρευτείτε ότι το όχημα στρίβει δεξιά.,question
5,EVAL_REHEARSAL_SITE,Driving Rules,greekmmlu:3297,http://testdriver.gr/autokinhto-etoima.php?id=21,Περιμένετε να στρίψετε δεξιά σε έναν κάθετο με προτεραιότητα δρόμο και βλέπετε ένα αυτοκίνητο να πλησιάζει γρήγορα από α,Περιμένετε αρκετά ώστε να σιγουρευτείτε ότι το όχημα στρίβει δεξιά.,question_all_choices
5,EVAL_REHEARSAL_SITE,Driving Rules,greekmmlu:3297,http://testdriver.gr/autokinhto-etoima.php?id=21,Περιμένετε να στρίψετε δεξιά σε έναν κάθετο με προτεραιότητα δρόμο και βλέπετε ένα αυτοκίνητο να πλησιάζει γρήγορα από α,Περιμένετε αρκετά ώστε να σιγουρευτείτε ότι το όχημα στρίβει δεξιά.,question_all_choices
5,EVAL_REHEARSAL_SITE,Driving Rules,greekmmlu:3297,http://testdriver.gr/autokinhto-etoima.php?id=21,Περιμένετε να στρίψετε δεξιά σε έναν κάθετο με προτεραιότητα δρόμο και βλέπετε ένα αυτοκίνητο να πλησιάζει γρήγορα από α,Περιμένετε αρκετά ώστε να σιγουρευτείτε ότι το όχημα στρίβει δεξιά.,question_correct_answer
5,EVAL_REHEARSAL_SITE,Driving Rules,greekmmlu:3297,http://testdriver.gr/autokinhto-etoima.php?id=21,Περιμένετε να στρίψετε δεξιά σε έναν κάθετο με προτεραιότητα δρόμο και βλέπετε ένα αυτοκίνητο να πλησιάζει γρήγορα από α,Περιμένετε αρκετά ώστε να σιγουρευτείτε ότι το όχημα στρίβει δεξιά.,question_correct_answer
5,EVAL_REHEARSAL_SITE,Driving Rules,greekmmlu:3299,http://www.testdriver.gr/autokinhto-etoima.php?id=13,"Σε δρόμους εκτός κατοικημένων περιοχών που δεν είναι αυτοκινητόδρομοι ή οδοί ταχείας κυκλοφορίας, το προειδοποιητικό τρί",50 μ.,eval_prompt
5,EVAL_REHEARSAL_SITE,Driving Rules,greekmmlu:3299,http://www.testdriver.gr/autokinhto-etoima.php?id=13,"Σε δρόμους εκτός κατοικημένων περιοχών που δεν είναι αυτοκινητόδρομοι ή οδοί ταχείας κυκλοφορίας, το προειδοποιητικό τρί",50 μ.,question
5,EVAL_REHEARSAL_SITE,Driving Rules,greekmmlu:3299,http://www.testdriver.gr/autokinhto-etoima.php?id=13,"Σε δρόμους εκτός κατοικημένων περιοχών που δεν είναι αυτοκινητόδρομοι ή οδοί ταχείας κυκλοφορίας, το προειδοποιητικό τρί",50 μ.,question_all_choices
5,EVAL_REHEARSAL_SITE,Driving Rules,greekmmlu:3299,http://www.testdriver.gr/autokinhto-etoima.php?id=13,"Σε δρόμους εκτός κατοικημένων περιοχών που δεν είναι αυτοκινητόδρομοι ή οδοί ταχείας κυκλοφορίας, το προειδοποιητικό τρί",50 μ.,question_correct_answer
5,EVAL_REHEARSAL_SITE,Driving Rules,greekmmlu:3299,https://testdriver.gr/autokinhto-etoima.php?id=16,"Σε δρόμους εκτός κατοικημένων περιοχών που δεν είναι αυτοκινητόδρομοι ή οδοί ταχείας κυκλοφορίας, το προειδοποιητικό τρί",50 μ.,question_correct_answer
5,EVAL_REHEARSAL_SITE,Driving Rules,greekmmlu:3304,http://www.testdriver.gr/autokinhto-etoima.php?id=20,Σε ποιους δρόμους κατοικημένων περιοχών επιτρέπεται η κυκλοφορία των οχημάτων σε παράλληλους στοίχους;,"Σε δρόμους διπλής κατευθύνσεως, με δύο τουλάχιστον λωρίδες κυκλοφορίας για κάθε κατεύθυνση και σε μονόδρομους με δύο του",eval_prompt
5,EVAL_REHEARSAL_SITE,Driving Rules,greekmmlu:3304,https://testdriver.gr/autokinhto-etoima.php?id=20,Σε ποιους δρόμους κατοικημένων περιοχών επιτρέπεται η κυκλοφορία των οχημάτων σε παράλληλους στοίχους;,"Σε δρόμους διπλής κατευθύνσεως, με δύο τουλάχιστον λωρίδες κυκλοφορίας για κάθε κατεύθυνση και σε μονόδρομους με δύο του",eval_prompt
5,EVAL_REHEARSAL_SITE,Driving Rules,greekmmlu:3304,http://www.testdriver.gr/autokinhto-etoima.php?id=20,Σε ποιους δρόμους κατοικημένων περιοχών επιτρέπεται η κυκλοφορία των οχημάτων σε παράλληλους στοίχους;,"Σε δρόμους διπλής κατευθύνσεως, με δύο τουλάχιστον λωρίδες κυκλοφορίας για κάθε κατεύθυνση και σε μονόδρομους με δύο του",question
5,EVAL_REHEARSAL_SITE,Driving Rules,greekmmlu:3304,https://testdriver.gr/autokinhto-etoima.php?id=20,Σε ποιους δρόμους κατοικημένων περιοχών επιτρέπεται η κυκλοφορία των οχημάτων σε παράλληλους στοίχους;,"Σε δρόμους διπλής κατευθύνσεως, με δύο τουλάχιστον λωρίδες κυκλοφορίας για κάθε κατεύθυνση και σε μονόδρομους με δύο του",question
5,EVAL_REHEARSAL_SITE,Driving Rules,greekmmlu:3304,http://www.testdriver.gr/autokinhto-etoima.php?id=20,Σε ποιους δρόμους κατοικημένων περιοχών επιτρέπεται η κυκλοφορία των οχημάτων σε παράλληλους στοίχους;,"Σε δρόμους διπλής κατευθύνσεως, με δύο τουλάχιστον λωρίδες κυκλοφορίας για κάθε κατεύθυνση και σε μονόδρομους με δύο του",question_all_choices
5,EVAL_REHEARSAL_SITE,Driving Rules,greekmmlu:3304,https://testdriver.gr/autokinhto-etoima.php?id=20,Σε ποιους δρόμους κατοικημένων περιοχών επιτρέπεται η κυκλοφορία των οχημάτων σε παράλληλους στοίχους;,"Σε δρόμους διπλής κατευθύνσεως, με δύο τουλάχιστον λωρίδες κυκλοφορίας για κάθε κατεύθυνση και σε μονόδρομους με δύο του",question_all_choices
5,EVAL_REHEARSAL_SITE,Driving Rules,greekmmlu:3304,http://www.testdriver.gr/autokinhto-etoima.php?id=20,Σε ποιους δρόμους κατοικημένων περιοχών επιτρέπεται η κυκλοφορία των οχημάτων σε παράλληλους στοίχους;,"Σε δρόμους διπλής κατευθύνσεως, με δύο τουλάχιστον λωρίδες κυκλοφορίας για κάθε κατεύθυνση και σε μονόδρομους με δύο του",question_correct_answer
5,EVAL_REHEARSAL_SITE,Driving Rules,greekmmlu:3304,https://testdriver.gr/autokinhto-etoima.php?id=20,Σε ποιους δρόμους κατοικημένων περιοχών επιτρέπεται η κυκλοφορία των οχημάτων σε παράλληλους στοίχους;,"Σε δρόμους διπλής κατευθύνσεως, με δύο τουλάχιστον λωρίδες κυκλοφορίας για κάθε κατεύθυνση και σε μονόδρομους με δύο του",question_correct_answer
5,EVAL_REHEARSAL_SITE,Driving Rules,greekmmlu:3306,http://testdriver.gr/peiforthgo.php,Η μέγιστη διάρκεια ισχύος της κοινοτικής άδειας του Κανονισμού (ΕΟΚ) 881/92 είναι:,5 έτη,question
5,EVAL_REHEARSAL_SITE,Driving Rules,greekmmlu:3306,http://testdriver.gr/peiforthgo.php,Η μέγιστη διάρκεια ισχύος της κοινοτικής άδειας του Κανονισμού (ΕΟΚ) 881/92 είναι:,5 έτη,question_correct_answer
5,STUDY_GUIDE_HOST,Driving Rules,greekmmlu:3312,http://docplayer.gr/1200098-D-symfonia-eggrafi-i-proforiki-metaxy-dyo-toylahiston-prosopon-apo-tin.html,Είναι η επιταγή μεταβιβάσιμη;,"Ναι, με οπισθογράφηση",eval_prompt
5,EVAL_REHEARSAL_SITE,Driving Rules,greekmmlu:3318,http://www.testdriver.gr/autokinhto-etoima.php?id=11,Τι μπορεί να συντελέσει στο να εξοικονομήσετε καύσιμο και να ελαττώσετε την επιβάρυνση του περιβάλλοντος;,Κατά την έρευνα αγοράς του αυτοκινήτου σας να λάβετε υπόψη σας την κατανάλωση καυσίμου.,question
5,EVAL_REHEARSAL_SITE,Driving Rules,greekmmlu:3318,http://www.testdriver.gr/autokinhto-etoima.php?id=11,Τι μπορεί να συντελέσει στο να εξοικονομήσετε καύσιμο και να ελαττώσετε την επιβάρυνση του περιβάλλοντος;,Κατά την έρευνα αγοράς του αυτοκινήτου σας να λάβετε υπόψη σας την κατανάλωση καυσίμου.,question_correct_answer
5,EVAL_REHEARSAL_SITE,Driving Rules,greekmmlu:3319,http://testdriver.gr/peileoforeio.php,Το στροφόμετρο βρίσκεται στον πίνακα οργάνων του οχήματος και πληροφορεί τον οδηγό σχετικά με:,Τον αριθμό των στροφών ανά λεπτό του κινητήρα.,question
5,EVAL_REHEARSAL_SITE,Driving Rules,greekmmlu:3319,http://testdriver.gr/peileoforeio.php,Το στροφόμετρο βρίσκεται στον πίνακα οργάνων του οχήματος και πληροφορεί τον οδηγό σχετικά με:,Τον αριθμό των στροφών ανά λεπτό του κινητήρα.,question_all_choices
5,EVAL_REHEARSAL_SITE,Driving Rules,greekmmlu:3319,http://testdriver.gr/peileoforeio.php,Το στροφόμετρο βρίσκεται στον πίνακα οργάνων του οχήματος και πληροφορεί τον οδηγό σχετικά με:,Τον αριθμό των στροφών ανά λεπτό του κινητήρα.,question_correct_answer
5,EVAL_REHEARSAL_SITE,Driving Rules,greekmmlu:3327,http://testdriver.gr/peileoforeio.php,Η «έξυπνη κάρτα» οδηγού μπορεί να χρησιμοποιηθεί:,Από τον ίδιο οδηγό για δύο οχήματα.,question_all_choices
5,EVAL_REHEARSAL_SITE,Driving Rules,greekmmlu:3327,http://testdriver.gr/ru/peiforthgo.php,Η «έξυπνη κάρτα» οδηγού μπορεί να χρησιμοποιηθεί:,Από τον ίδιο οδηγό για δύο οχήματα.,question_correct_answer
5,STUDY_GUIDE_HOST,Driving Rules,greekmmlu:3329,http://docplayer.gr/30443551-Simansi-otan-se-periohes-ergon-ston-aytokinitodromo-i-orizontia-simansi-symperilamvanei-aspres-kai-kitrines-grammes-taytohrona-seveste.html,Ένα ρυμουλκούμενο (με φυσούνες απλής ενέργειας) όταν αποσυνδέεται από το ρυμουλκό πρέπει να ακινητοποιείται με:,μηχανικό τρόπο,question_all_choices
5,EVAL_REHEARSAL_SITE,Driving Rules,greekmmlu:3330,http://www.testdriver.gr/autokinhto-etoima.php?id=11,Ποιες ώρες έχετε υποχρέωση να ανάβετε τα φώτα διασταυρώσεως (μεσαία) του αυτοκινήτου σας όταν αυτό κινείται;,Μισή ώρα μετά τη δύση του ηλίου και μέχρι μισή ώρα πριν από την ανατολή του.,question
5,EVAL_REHEARSAL_SITE,Driving Rules,greekmmlu:3330,http://www.testdriver.gr/autokinhto-etoima.php?id=11,Ποιες ώρες έχετε υποχρέωση να ανάβετε τα φώτα διασταυρώσεως (μεσαία) του αυτοκινήτου σας όταν αυτό κινείται;,Μισή ώρα μετά τη δύση του ηλίου και μέχρι μισή ώρα πριν από την ανατολή του.,question_all_choices
5,EVAL_REHEARSAL_SITE,Driving Rules,greekmmlu:3330,http://www.testdriver.gr/autokinhto-etoima.php?id=11,Ποιες ώρες έχετε υποχρέωση να ανάβετε τα φώτα διασταυρώσεως (μεσαία) του αυτοκινήτου σας όταν αυτό κινείται;,Μισή ώρα μετά τη δύση του ηλίου και μέχρι μισή ώρα πριν από την ανατολή του.,question_correct_answer
5,EVAL_REHEARSAL_SITE,Driving Rules,greekmmlu:3331,http://testdriver.gr/peiforthgo.php,"Η υγρασία μπορεί να μετατραπεί σε πάγο που επικάθεται στις βαλβίδες και τους αγωγούς, με αποτέλεσμα τη μειωμένη απόδοση ",Σε χαμηλές θερμοκρασίες.,eval_prompt
5,EVAL_REHEARSAL_SITE,Driving Rules,greekmmlu:3331,http://testdriver.gr/peiforthgo.php,"Η υγρασία μπορεί να μετατραπεί σε πάγο που επικάθεται στις βαλβίδες και τους αγωγούς, με αποτέλεσμα τη μειωμένη απόδοση ",Σε χαμηλές θερμοκρασίες.,question
5,EVAL_REHEARSAL_SITE,Driving Rules,greekmmlu:3331,http://testdriver.gr/peiforthgo.php,"Η υγρασία μπορεί να μετατραπεί σε πάγο που επικάθεται στις βαλβίδες και τους αγωγούς, με αποτέλεσμα τη μειωμένη απόδοση ",Σε χαμηλές θερμοκρασίες.,question_all_choices
5,EVAL_REHEARSAL_SITE,Driving Rules,greekmmlu:3331,http://testdriver.gr/peiforthgo.php,"Η υγρασία μπορεί να μετατραπεί σε πάγο που επικάθεται στις βαλβίδες και τους αγωγούς, με αποτέλεσμα τη μειωμένη απόδοση ",Σε χαμηλές θερμοκρασίες.,question_correct_answer
5,EVAL_REHEARSAL_SITE,Driving Rules,greekmmlu:3335,http://testdriver.gr/autokinhto-etoima.php?id=27,Για να εγκατασταθείτε σωστά στη θέση του οδηγού:,Πρέπει να μπορείτε να ακουμπάτε τους καρπούς των χεριών σας στο επάνω μέρος του τιμονιού και να μπορείτε να πατάτε ως το,eval_prompt
5,EVAL_REHEARSAL_SITE,Driving Rules,greekmmlu:3335,https://testdriver.gr/autokinhto-etoima.php?id=27,Για να εγκατασταθείτε σωστά στη θέση του οδηγού:,Πρέπει να μπορείτε να ακουμπάτε τους καρπούς των χεριών σας στο επάνω μέρος του τιμονιού και να μπορείτε να πατάτε ως το,eval_prompt
5,EVAL_REHEARSAL_SITE,Driving Rules,greekmmlu:3335,http://testdriver.gr/autokinhto-etoima.php?id=27,Για να εγκατασταθείτε σωστά στη θέση του οδηγού:,Πρέπει να μπορείτε να ακουμπάτε τους καρπούς των χεριών σας στο επάνω μέρος του τιμονιού και να μπορείτε να πατάτε ως το,question_all_choices
5,EVAL_REHEARSAL_SITE,Driving Rules,greekmmlu:3335,https://testdriver.gr/autokinhto-etoima.php?id=27,Για να εγκατασταθείτε σωστά στη θέση του οδηγού:,Πρέπει να μπορείτε να ακουμπάτε τους καρπούς των χεριών σας στο επάνω μέρος του τιμονιού και να μπορείτε να πατάτε ως το,question_all_choices
5,EVAL_REHEARSAL_SITE,Driving Rules,greekmmlu:3335,http://testdriver.gr/autokinhto-etoima.php?id=27,Για να εγκατασταθείτε σωστά στη θέση του οδηγού:,Πρέπει να μπορείτε να ακουμπάτε τους καρπούς των χεριών σας στο επάνω μέρος του τιμονιού και να μπορείτε να πατάτε ως το,question_correct_answer
5,EVAL_REHEARSAL_SITE,Driving Rules,greekmmlu:3335,https://testdriver.gr/autokinhto-etoima.php?id=27,Για να εγκατασταθείτε σωστά στη θέση του οδηγού:,Πρέπει να μπορείτε να ακουμπάτε τους καρπούς των χεριών σας στο επάνω μέρος του τιμονιού και να μπορείτε να πατάτε ως το,question_correct_answer
5,EVAL_REHEARSAL_SITE,Driving Rules,greekmmlu:3336,http://www.testdriver.gr/autokinhto-etoima.php?id=8,Θα πρέπει να ελέγξετε τα φρένα σας μετά από οδήγηση μέσα από λιμνάζοντα νερά επειδή:,Τα φρένα σας μπορεί να έχουν βραχεί.,question
5,EVAL_REHEARSAL_SITE,Driving Rules,greekmmlu:3336,http://www.testdriver.gr/autokinhto-etoima.php?id=8,Θα πρέπει να ελέγξετε τα φρένα σας μετά από οδήγηση μέσα από λιμνάζοντα νερά επειδή:,Τα φρένα σας μπορεί να έχουν βραχεί.,question_correct_answer
5,EVAL_REHEARSAL_SITE,Driving Rules,greekmmlu:3345,http://www.testdriver.gr/autokinhto-etoima.php?id=8,Οδηγείτε σε αυτοκινητόδρομο. Βρέχει και αυτό προκαλεί μείωση της ορατότητας. Θα πρέπει:,Να χρησιμοποιήσετε τα φώτα σας.,question_all_choices
5,EVAL_REHEARSAL_SITE,Driving Rules,greekmmlu:3345,http://www.testdriver.gr/autokinhto-etoima.php?id=8,Οδηγείτε σε αυτοκινητόδρομο. Βρέχει και αυτό προκαλεί μείωση της ορατότητας. Θα πρέπει:,Να χρησιμοποιήσετε τα φώτα σας.,question_correct_answer
5,STUDY_GUIDE_HOST,Driving Rules,greekmmlu:3354,http://docplayer.gr/1200098-D-symfonia-eggrafi-i-proforiki-metaxy-dyo-toylahiston-prosopon-apo-tin.html,Το ύψος της σύνταξης εξαρτάται:,Από το ύψος των συντάξιμων αποδοχών και τη διάρκεια της ασφάλισης,eval_prompt
5,EVAL_REHEARSAL_SITE,Driving Rules,greekmmlu:3356,http://www.testdriver.gr/autokinhto-etoima.php?id=13,Σε ποια από τις ακόλουθες περιπτώσεις πρέπει να μετριάσετε την ταχύτητα του οχήματός σας;,Όταν προσπερνάτε λεωφορείο σταματημένο σε στάση.,question
5,EVAL_REHEARSAL_SITE,Driving Rules,greekmmlu:3356,http://www.testdriver.gr/autokinhto-etoima.php?id=13,Σε ποια από τις ακόλουθες περιπτώσεις πρέπει να μετριάσετε την ταχύτητα του οχήματός σας;,Όταν προσπερνάτε λεωφορείο σταματημένο σε στάση.,question_all_choices
5,EVAL_REHEARSAL_SITE,Driving Rules,greekmmlu:3356,http://www.testdriver.gr/autokinhto-etoima.php?id=13,Σε ποια από τις ακόλουθες περιπτώσεις πρέπει να μετριάσετε την ταχύτητα του οχήματός σας;,Όταν προσπερνάτε λεωφορείο σταματημένο σε στάση.,question_correct_answer
5,EVAL_REHEARSAL_SITE,Driving Rules,greekmmlu:3358,http://testdriver.gr/autokinhto-etoima.php?id=9,Ποιος είναι υπεύθυνος για την καλή κατάσταση κυκλοφορίας ενός οχήματος που έχει άδεια κυκλοφορίας;,Ο ιδιοκτήτης ή ο κάτοχος του αυτοκινήτου.,question
5,EVAL_REHEARSAL_SITE,Driving Rules,greekmmlu:3358,https://testdriver.gr/autokinhto-etoima.php?id=9,Ποιος είναι υπεύθυνος για την καλή κατάσταση κυκλοφορίας ενός οχήματος που έχει άδεια κυκλοφορίας;,Ο ιδιοκτήτης ή ο κάτοχος του αυτοκινήτου.,question
5,EVAL_REHEARSAL_SITE,Driving Rules,greekmmlu:3358,http://testdriver.gr/autokinhto-etoima.php?id=9,Ποιος είναι υπεύθυνος για την καλή κατάσταση κυκλοφορίας ενός οχήματος που έχει άδεια κυκλοφορίας;,Ο ιδιοκτήτης ή ο κάτοχος του αυτοκινήτου.,question_all_choices
5,EVAL_REHEARSAL_SITE,Driving Rules,greekmmlu:3358,https://testdriver.gr/autokinhto-etoima.php?id=9,Ποιος είναι υπεύθυνος για την καλή κατάσταση κυκλοφορίας ενός οχήματος που έχει άδεια κυκλοφορίας;,Ο ιδιοκτήτης ή ο κάτοχος του αυτοκινήτου.,question_all_choices
5,EVAL_REHEARSAL_SITE,Driving Rules,greekmmlu:3358,http://testdriver.gr/autokinhto-etoima.php?id=9,Ποιος είναι υπεύθυνος για την καλή κατάσταση κυκλοφορίας ενός οχήματος που έχει άδεια κυκλοφορίας;,Ο ιδιοκτήτης ή ο κάτοχος του αυτοκινήτου.,question_correct_answer
5,EVAL_REHEARSAL_SITE,Driving Rules,greekmmlu:3358,https://testdriver.gr/autokinhto-etoima.php?id=9,Ποιος είναι υπεύθυνος για την καλή κατάσταση κυκλοφορίας ενός οχήματος που έχει άδεια κυκλοφορίας;,Ο ιδιοκτήτης ή ο κάτοχος του αυτοκινήτου.,question_correct_answer
5,EVAL_REHEARSAL_SITE,Driving Rules,greekmmlu:3360,https://testdriver.gr/autokinhto-etoima.php?id=7,Ποια απόσταση έχετε υποχρέωση να αφήνετε από προπορευόμενο όχημα;,"Τόση ώστε να εξασφαλίζεται, σε κάθε περίπτωση, η έγκαιρη ακινητοποίηση του οχήματός σας για να αποφύγετε σύγκρουση.",eval_prompt
5,EVAL_REHEARSAL_SITE,Driving Rules,greekmmlu:3360,https://testdriver.gr/autokinhto-etoima.php?id=7,Ποια απόσταση έχετε υποχρέωση να αφήνετε από προπορευόμενο όχημα;,"Τόση ώστε να εξασφαλίζεται, σε κάθε περίπτωση, η έγκαιρη ακινητοποίηση του οχήματός σας για να αποφύγετε σύγκρουση.",question_all_choices
5,EVAL_REHEARSAL_SITE,Driving Rules,greekmmlu:3360,https://testdriver.gr/autokinhto-etoima.php?id=7,Ποια απόσταση έχετε υποχρέωση να αφήνετε από προπορευόμενο όχημα;,"Τόση ώστε να εξασφαλίζεται, σε κάθε περίπτωση, η έγκαιρη ακινητοποίηση του οχήματός σας για να αποφύγετε σύγκρουση.",question_correct_answer
5,EVAL_REHEARSAL_SITE,Driving Rules,greekmmlu:3364,http://testdriver.gr/autokinhto-etoima.php?id=24,Τα ελαστικά του ίδιου άξονα πρέπει να έχουν την ίδια πίεση;,Ναί. Οπωσδήποτε πρέπει να έχουν την ίδια πίεση.,question_all_choices
5,EVAL_REHEARSAL_SITE,Driving Rules,greekmmlu:3364,https://testdriver.gr/autokinhto-etoima.php?id=24,Τα ελαστικά του ίδιου άξονα πρέπει να έχουν την ίδια πίεση;,Ναί. Οπωσδήποτε πρέπει να έχουν την ίδια πίεση.,question_all_choices
5,EVAL_REHEARSAL_SITE,Driving Rules,greekmmlu:3364,https://testdriver.gr/autokinhto-etoima.php?id=24,Τα ελαστικά του ίδιου άξονα πρέπει να έχουν την ίδια πίεση;,Ναί. Οπωσδήποτε πρέπει να έχουν την ίδια πίεση.,question_all_choices
5,EVAL_REHEARSAL_SITE,Driving Rules,greekmmlu:3364,http://testdriver.gr/autokinhto-etoima.php?id=24,Τα ελαστικά του ίδιου άξονα πρέπει να έχουν την ίδια πίεση;,Ναί. Οπωσδήποτε πρέπει να έχουν την ίδια πίεση.,question_correct_answer
5,EVAL_REHEARSAL_SITE,Driving Rules,greekmmlu:3364,https://testdriver.gr/autokinhto-etoima.php?id=24,Τα ελαστικά του ίδιου άξονα πρέπει να έχουν την ίδια πίεση;,Ναί. Οπωσδήποτε πρέπει να έχουν την ίδια πίεση.,question_correct_answer
5,EVAL_REHEARSAL_SITE,Driving Rules,greekmmlu:3367,http://testdriver.gr/autokinhto-etoima.php?id=29,Σε έναν μεγάλο κατήφορο είναι προτιμότερο να:,Κατεβάσετε σχέση στο κιβώτιο ταχυτήτων για να επωφεληθείτε από το «φρενάρισμα» του κινητήρα.,question_all_choices
5,EVAL_REHEARSAL_SITE,Driving Rules,greekmmlu:3367,https://testdriver.gr/autokinhto-etoima.php?id=14,Σε έναν μεγάλο κατήφορο είναι προτιμότερο να:,Κατεβάσετε σχέση στο κιβώτιο ταχυτήτων για να επωφεληθείτε από το «φρενάρισμα» του κινητήρα.,question_all_choices
5,STUDY_GUIDE_HOST,Driving Rules,greekmmlu:3368,http://docplayer.gr/1200098-D-symfonia-eggrafi-i-proforiki-metaxy-dyo-toylahiston-prosopon-apo-tin.html,Ποιοι παρέχουν πίστωση και έναντι ποιου ανταλλάγματος;,"Τράπεζες, προμηθευτές, πελάτες και ιδιώτες με αντάλλαγμα τόκο",eval_prompt
5,EVAL_REHEARSAL_SITE,Driving Rules,greekmmlu:3390,http://testdriver.gr/autokinhto-etoima.php?id=21,Προσεγγίζετε σε μία διασταύρωση που το οδόστρωμα είναι διαγραμμισμένο με τόξα και γραμμές που επιτρέπουν την πορεία μόνο,Οδηγείτε ευθεία εμπρός.,question
5,EVAL_REHEARSAL_SITE,Driving Rules,greekmmlu:3390,http://testdriver.gr/autokinhto-etoima.php?id=21,Προσεγγίζετε σε μία διασταύρωση που το οδόστρωμα είναι διαγραμμισμένο με τόξα και γραμμές που επιτρέπουν την πορεία μόνο,Οδηγείτε ευθεία εμπρός.,question
5,EVAL_REHEARSAL_SITE,Driving Rules,greekmmlu:3390,http://testdriver.gr/autokinhto-etoima.php?id=21,Προσεγγίζετε σε μία διασταύρωση που το οδόστρωμα είναι διαγραμμισμένο με τόξα και γραμμές που επιτρέπουν την πορεία μόνο,Οδηγείτε ευθεία εμπρός.,question_all_choices
5,EVAL_REHEARSAL_SITE,Driving Rules,greekmmlu:3390,http://testdriver.gr/autokinhto-etoima.php?id=21,Προσεγγίζετε σε μία διασταύρωση που το οδόστρωμα είναι διαγραμμισμένο με τόξα και γραμμές που επιτρέπουν την πορεία μόνο,Οδηγείτε ευθεία εμπρός.,question_all_choices
5,EVAL_REHEARSAL_SITE,Driving Rules,greekmmlu:3390,http://testdriver.gr/autokinhto-etoima.php?id=21,Προσεγγίζετε σε μία διασταύρωση που το οδόστρωμα είναι διαγραμμισμένο με τόξα και γραμμές που επιτρέπουν την πορεία μόνο,Οδηγείτε ευθεία εμπρός.,question_correct_answer
5,EVAL_REHEARSAL_SITE,Driving Rules,greekmmlu:3390,http://testdriver.gr/autokinhto-etoima.php?id=21,Προσεγγίζετε σε μία διασταύρωση που το οδόστρωμα είναι διαγραμμισμένο με τόξα και γραμμές που επιτρέπουν την πορεία μόνο,Οδηγείτε ευθεία εμπρός.,question_correct_answer
5,EVAL_REHEARSAL_SITE,Driving Rules,greekmmlu:3394,http://www.testdriver.gr/autokinhto-etoima.php?id=18,Πώς προειδοποιεί κάποιος οδηγός την υπόλοιπη κυκλοφορία όταν διαπιστώσει βλάβη στο όχημά του ενώ κινείται και υποχρεώνετ,Πρέπει αμέσως να θέσει σε λειτουργία τα φώτα έκτακτης ανάγκης (αλάρμ).,eval_prompt
5,EVAL_REHEARSAL_SITE,Driving Rules,greekmmlu:3394,http://www.testdriver.gr/autokinhto-etoima.php?id=18,Πώς προειδοποιεί κάποιος οδηγός την υπόλοιπη κυκλοφορία όταν διαπιστώσει βλάβη στο όχημά του ενώ κινείται και υποχρεώνετ,Πρέπει αμέσως να θέσει σε λειτουργία τα φώτα έκτακτης ανάγκης (αλάρμ).,eval_prompt
5,EVAL_REHEARSAL_SITE,Driving Rules,greekmmlu:3394,http://www.testdriver.gr/autokinhto-etoima.php?id=18,Πώς προειδοποιεί κάποιος οδηγός την υπόλοιπη κυκλοφορία όταν διαπιστώσει βλάβη στο όχημά του ενώ κινείται και υποχρεώνετ,Πρέπει αμέσως να θέσει σε λειτουργία τα φώτα έκτακτης ανάγκης (αλάρμ).,question
5,EVAL_REHEARSAL_SITE,Driving Rules,greekmmlu:3394,http://www.testdriver.gr/autokinhto-etoima.php?id=18,Πώς προειδοποιεί κάποιος οδηγός την υπόλοιπη κυκλοφορία όταν διαπιστώσει βλάβη στο όχημά του ενώ κινείται και υποχρεώνετ,Πρέπει αμέσως να θέσει σε λειτουργία τα φώτα έκτακτης ανάγκης (αλάρμ).,question
5,EVAL_REHEARSAL_SITE,Driving Rules,greekmmlu:3394,http://www.testdriver.gr/autokinhto-etoima.php?id=18,Πώς προειδοποιεί κάποιος οδηγός την υπόλοιπη κυκλοφορία όταν διαπιστώσει βλάβη στο όχημά του ενώ κινείται και υποχρεώνετ,Πρέπει αμέσως να θέσει σε λειτουργία τα φώτα έκτακτης ανάγκης (αλάρμ).,question_all_choices
5,EVAL_REHEARSAL_SITE,Driving Rules,greekmmlu:3394,http://www.testdriver.gr/autokinhto-etoima.php?id=18,Πώς προειδοποιεί κάποιος οδηγός την υπόλοιπη κυκλοφορία όταν διαπιστώσει βλάβη στο όχημά του ενώ κινείται και υποχρεώνετ,Πρέπει αμέσως να θέσει σε λειτουργία τα φώτα έκτακτης ανάγκης (αλάρμ).,question_all_choices
5,EVAL_REHEARSAL_SITE,Driving Rules,greekmmlu:3394,http://www.testdriver.gr/autokinhto-etoima.php?id=18,Πώς προειδοποιεί κάποιος οδηγός την υπόλοιπη κυκλοφορία όταν διαπιστώσει βλάβη στο όχημά του ενώ κινείται και υποχρεώνετ,Πρέπει αμέσως να θέσει σε λειτουργία τα φώτα έκτακτης ανάγκης (αλάρμ).,question_correct_answer
5,EVAL_REHEARSAL_SITE,Driving Rules,greekmmlu:3394,http://www.testdriver.gr/autokinhto-etoima.php?id=18,Πώς προειδοποιεί κάποιος οδηγός την υπόλοιπη κυκλοφορία όταν διαπιστώσει βλάβη στο όχημά του ενώ κινείται και υποχρεώνετ,Πρέπει αμέσως να θέσει σε λειτουργία τα φώτα έκτακτης ανάγκης (αλάρμ).,question_correct_answer
5,EVAL_REHEARSAL_SITE,Driving Rules,greekmmlu:3401,http://testdriver.gr/autokinhtooles-organa.php,Ποια είναι τα φώτα διασταυρώσεως του αυτοκινήτου;,Τα φώτα που έχουν εμβέλεια τουλάχιστον 40 m.,question_all_choices
5,EVAL_REHEARSAL_SITE,Driving Rules,greekmmlu:3401,http://testdriver.gr/autokinhtooles-organa.php,Ποια είναι τα φώτα διασταυρώσεως του αυτοκινήτου;,Τα φώτα που έχουν εμβέλεια τουλάχιστον 40 m.,question_correct_answer
5,EVAL_REHEARSAL_SITE,Driving Rules,greekmmlu:3406,http://testdriver.gr/ru/peiforthgo.php,Για την αμφίδρομη επικοινωνία οχήματος και μεταφορικής εταιρείας εφαρμόζονται οι εξής τεχνολογίες:,"RDS/TMC, GPRS, GSM, WAP",question_all_choices
5,EVAL_REHEARSAL_SITE,Driving Rules,greekmmlu:3406,http://testdriver.gr/ru/peiforthgo.php,Για την αμφίδρομη επικοινωνία οχήματος και μεταφορικής εταιρείας εφαρμόζονται οι εξής τεχνολογίες:,"RDS/TMC, GPRS, GSM, WAP",question_correct_answer
5,EVAL_REHEARSAL_SITE,Driving Rules,greekmmlu:3408,http://www.testdriver.gr/autokinhto-etoima.php?id=13,"Όταν ο δρόμος διπλής κατευθύνσεως, που διαθέτει δύο λωρίδες κυκλοφορίας για κάθε κατεύθυνση, είναι τελείως ελεύθερος, σε",Στη δεξιά λωρίδα κυκλοφορίας.,eval_prompt
5,EVAL_REHEARSAL_SITE,Driving Rules,greekmmlu:3408,http://www.testdriver.gr/autokinhto-etoima.php?id=13,"Όταν ο δρόμος διπλής κατευθύνσεως, που διαθέτει δύο λωρίδες κυκλοφορίας για κάθε κατεύθυνση, είναι τελείως ελεύθερος, σε",Στη δεξιά λωρίδα κυκλοφορίας.,question
5,EVAL_REHEARSAL_SITE,Driving Rules,greekmmlu:3408,http://www.testdriver.gr/autokinhto-etoima.php?id=13,"Όταν ο δρόμος διπλής κατευθύνσεως, που διαθέτει δύο λωρίδες κυκλοφορίας για κάθε κατεύθυνση, είναι τελείως ελεύθερος, σε",Στη δεξιά λωρίδα κυκλοφορίας.,question_all_choices
5,EVAL_REHEARSAL_SITE,Driving Rules,greekmmlu:3408,http://www.testdriver.gr/autokinhto-etoima.php?id=13,"Όταν ο δρόμος διπλής κατευθύνσεως, που διαθέτει δύο λωρίδες κυκλοφορίας για κάθε κατεύθυνση, είναι τελείως ελεύθερος, σε",Στη δεξιά λωρίδα κυκλοφορίας.,question_correct_answer
5,EVAL_REHEARSAL_SITE,Driving Rules,greekmmlu:3413,http://testdriver.gr/autokinhto-etoima.php?id=5,Για να χρησιμοποιήσετε σωστά μια λωρίδα επιβραδύνσεως:,Προειδοποιείτε πρώτα τους υπόλοιπους χρήστες και τη χρησιμοποιείτε από την αρχή της.,question_all_choices
5,EVAL_REHEARSAL_SITE,Driving Rules,greekmmlu:3413,http://testdriver.gr/autokinhto-etoima.php?id=5,Για να χρησιμοποιήσετε σωστά μια λωρίδα επιβραδύνσεως:,Προειδοποιείτε πρώτα τους υπόλοιπους χρήστες και τη χρησιμοποιείτε από την αρχή της.,question_correct_answer
5,EVAL_REHEARSAL_SITE,Driving Rules,greekmmlu:3422,http://testdriver.gr/peileoforeio.php,Από την υποχρέωση χρήσης ζώνης ασφαλείας δεν εξαιρούνται:,Άτομα που το βάρος τους υπερβαίνει τα 120 kg.,question_correct_answer
5,STUDY_GUIDE_HOST,Driving Rules,greekmmlu:3424,http://docplayer.gr/1200098-D-symfonia-eggrafi-i-proforiki-metaxy-dyo-toylahiston-prosopon-apo-tin.html,"Ποιες συνέπειες έχει η μη καταβολή, από τον εργοδότη, των ασφαλιστικών εισφορών;","Τη συνέχιση της ασφαλιστικής σχέσης, εφόσον ο ασφαλισμένος ζητήσει εγκαίρως την τακτοποίηση των εισφορών",eval_prompt
5,STUDY_GUIDE_HOST,Driving Rules,greekmmlu:3429,http://docplayer.gr/1200098-D-symfonia-eggrafi-i-proforiki-metaxy-dyo-toylahiston-prosopon-apo-tin.html,Βασικά στοιχεία της σύμβασης εργασίας είναι:,"Το είδος της εργασίας, ο μισθός, η χρονική διάρκεια της σύμβασης εργασίας",eval_prompt
5,EVAL_REHEARSAL_SITE,Driving Rules,greekmmlu:3434,https://testdriver.gr/autokinhto-etoima.php?id=16,Ποιοι κίνδυνοι δημιουργούνται από την υδρολίσθηση;,Δεν μπορείτε να κατευθύνετε το όχημα με το τιμόνι και να φρενάρετε με ασφάλεια.,question_all_choices
5,EVAL_REHEARSAL_SITE,Driving Rules,greekmmlu:3434,http://testdriver.gr/autokinhto-etoima.php?id=27,Ποιοι κίνδυνοι δημιουργούνται από την υδρολίσθηση;,Δεν μπορείτε να κατευθύνετε το όχημα με το τιμόνι και να φρενάρετε με ασφάλεια.,question_correct_answer
5,EVAL_REHEARSAL_SITE,Driving Rules,greekmmlu:3434,https://testdriver.gr/autokinhto-etoima.php?id=16,Ποιοι κίνδυνοι δημιουργούνται από την υδρολίσθηση;,Δεν μπορείτε να κατευθύνετε το όχημα με το τιμόνι και να φρενάρετε με ασφάλεια.,question_correct_answer
5,EVAL_REHEARSAL_SITE,Driving Rules,greekmmlu:3434,https://testdriver.gr/autokinhto-etoima.php?id=27,Ποιοι κίνδυνοι δημιουργούνται από την υδρολίσθηση;,Δεν μπορείτε να κατευθύνετε το όχημα με το τιμόνι και να φρενάρετε με ασφάλεια.,question_correct_answer
5,EVAL_REHEARSAL_SITE,Driving Rules,greekmmlu:3445,http://testdriver.gr/mhxanh.php,Οδηγώντας τη μοτοσικλέτα σας δεν επιτρέπεται:,Να χρησιμοποιείτε ακουστικά που έχουν συνδεθεί με φορητό ραδιόφωνο ή μαγνητόφωνο.,question_all_choices
5,EVAL_REHEARSAL_SITE,Driving Rules,greekmmlu:3453,http://www.testdriver.gr/autokinhto-etoima.php?id=13,"Κατά τη διάρκεια της ημέρας, πρέπει να χρησιμοποιείτε τα φώτα σας:",Όταν η ορατότητα είναι ανεπαρκής.,question_correct_answer
5,EVAL_REHEARSAL_SITE,Driving Rules,greekmmlu:3479,http://testdriver.gr/peiforthgo.php,Φορτηγό κατηγορίας Ν3 (ταξινομημένο το 1980) είναι πλήρως εξοπλισμένο με ζώνες ασφαλείας χωρίς να είναι υποχρεωμένο από ,τόσο ο οδηγός όσο και ο συνοδηγός οφείλουν να φορούν ζώνη ασφαλείας,question
5,EVAL_REHEARSAL_SITE,Driving Rules,greekmmlu:3479,http://testdriver.gr/peiforthgo.php,Φορτηγό κατηγορίας Ν3 (ταξινομημένο το 1980) είναι πλήρως εξοπλισμένο με ζώνες ασφαλείας χωρίς να είναι υποχρεωμένο από ,τόσο ο οδηγός όσο και ο συνοδηγός οφείλουν να φορούν ζώνη ασφαλείας,question_correct_answer
5,STUDY_GUIDE_HOST,Driving Rules,greekmmlu:3486,http://docplayer.gr/1200098-D-symfonia-eggrafi-i-proforiki-metaxy-dyo-toylahiston-prosopon-apo-tin.html,Η σύμβαση παροχής εξαρτημένης εργασίας καταρτίζεται:,Με προφορική ή γραπτή συμφωνία,eval_prompt
5,STUDY_GUIDE_HOST,Driving Rules,greekmmlu:3488,http://docplayer.gr/1200098-D-symfonia-eggrafi-i-proforiki-metaxy-dyo-toylahiston-prosopon-apo-tin.html,Σύμβαση είναι;,"Συμφωνία, έγγραφη ή προφορική, μεταξύ δύο τουλάχιστον προσώπων από την οποία προκύπτουν δικαιώματα και υποχρεώσεις για τ",eval_prompt
5,STUDY_GUIDE_HOST,Driving Rules,greekmmlu:3488,http://docplayer.gr/1200098-D-symfonia-eggrafi-i-proforiki-metaxy-dyo-toylahiston-prosopon-apo-tin.html,Σύμβαση είναι;,"Συμφωνία, έγγραφη ή προφορική, μεταξύ δύο τουλάχιστον προσώπων από την οποία προκύπτουν δικαιώματα και υποχρεώσεις για τ",question_all_choices
5,STUDY_GUIDE_HOST,Driving Rules,greekmmlu:3488,http://docplayer.gr/1200098-D-symfonia-eggrafi-i-proforiki-metaxy-dyo-toylahiston-prosopon-apo-tin.html,Σύμβαση είναι;,"Συμφωνία, έγγραφη ή προφορική, μεταξύ δύο τουλάχιστον προσώπων από την οποία προκύπτουν δικαιώματα και υποχρεώσεις για τ",question_correct_answer
5,EVAL_REHEARSAL_SITE,Driving Rules,greekmmlu:3495,http://testdriver.gr/autokinhto-etoima.php?id=27,"Εάν φοράτε φακούς επαφής, πρέπει να έχετε επίσης στο όχημα ένα ζευγάρι γυαλιών διαθέσιμο κάθε στιγμή:",ΝΑΙ.,eval_prompt
5,EVAL_REHEARSAL_SITE,Driving Rules,greekmmlu:3495,https://testdriver.gr/autokinhto-etoima.php?id=27,"Εάν φοράτε φακούς επαφής, πρέπει να έχετε επίσης στο όχημα ένα ζευγάρι γυαλιών διαθέσιμο κάθε στιγμή:",ΝΑΙ.,eval_prompt
5,EVAL_REHEARSAL_SITE,Driving Rules,greekmmlu:3495,http://testdriver.gr/autokinhto-etoima.php?id=27,"Εάν φοράτε φακούς επαφής, πρέπει να έχετε επίσης στο όχημα ένα ζευγάρι γυαλιών διαθέσιμο κάθε στιγμή:",ΝΑΙ.,question
5,EVAL_REHEARSAL_SITE,Driving Rules,greekmmlu:3495,https://testdriver.gr/autokinhto-etoima.php?id=27,"Εάν φοράτε φακούς επαφής, πρέπει να έχετε επίσης στο όχημα ένα ζευγάρι γυαλιών διαθέσιμο κάθε στιγμή:",ΝΑΙ.,question
5,EVAL_REHEARSAL_SITE,Driving Rules,greekmmlu:3495,http://testdriver.gr/autokinhto-etoima.php?id=27,"Εάν φοράτε φακούς επαφής, πρέπει να έχετε επίσης στο όχημα ένα ζευγάρι γυαλιών διαθέσιμο κάθε στιγμή:",ΝΑΙ.,question_all_choices
5,EVAL_REHEARSAL_SITE,Driving Rules,greekmmlu:3495,https://testdriver.gr/autokinhto-etoima.php?id=27,"Εάν φοράτε φακούς επαφής, πρέπει να έχετε επίσης στο όχημα ένα ζευγάρι γυαλιών διαθέσιμο κάθε στιγμή:",ΝΑΙ.,question_all_choices
5,EVAL_REHEARSAL_SITE,Driving Rules,greekmmlu:3495,http://testdriver.gr/autokinhto-etoima.php?id=27,"Εάν φοράτε φακούς επαφής, πρέπει να έχετε επίσης στο όχημα ένα ζευγάρι γυαλιών διαθέσιμο κάθε στιγμή:",ΝΑΙ.,question_correct_answer
5,EVAL_REHEARSAL_SITE,Driving Rules,greekmmlu:3495,https://testdriver.gr/autokinhto-etoima.php?id=27,"Εάν φοράτε φακούς επαφής, πρέπει να έχετε επίσης στο όχημα ένα ζευγάρι γυαλιών διαθέσιμο κάθε στιγμή:",ΝΑΙ.,question_correct_answer
5,EVAL_REHEARSAL_SITE,Driving Rules,greekmmlu:3504,http://testdriver.gr/peileoforeio.php,Μεικτό βάρος είναι το συνολικό βάρος ενός οχήματος περιλαμβανομένων:,"Των μελών του πληρώματος, των επιβατών και των αποσκευών τους.",question_all_choices
5,EVAL_REHEARSAL_SITE,Driving Rules,greekmmlu:3504,http://testdriver.gr/peileoforeio.php,Μεικτό βάρος είναι το συνολικό βάρος ενός οχήματος περιλαμβανομένων:,"Των μελών του πληρώματος, των επιβατών και των αποσκευών τους.",question_correct_answer
5,EVAL_REHEARSAL_SITE,Driving Rules,greekmmlu:3511,http://testdriver.gr/peileoforeio.php,Ορισμένα οχήματα εξαιρούνται από τον ευρωπαϊκό κανονισμό 561/2006 σχετικά με το ωράριο εργασίας. Μεταξύ αυτών είναι τα ο,Των οποίων η ταχύτητα δεν υπερβαίνει τα 40 km/h.,eval_prompt
5,EVAL_REHEARSAL_SITE,Driving Rules,greekmmlu:3511,http://testdriver.gr/peileoforeio.php,Ορισμένα οχήματα εξαιρούνται από τον ευρωπαϊκό κανονισμό 561/2006 σχετικά με το ωράριο εργασίας. Μεταξύ αυτών είναι τα ο,Των οποίων η ταχύτητα δεν υπερβαίνει τα 40 km/h.,question
5,EVAL_REHEARSAL_SITE,Driving Rules,greekmmlu:3511,http://testdriver.gr/peileoforeio.php,Ορισμένα οχήματα εξαιρούνται από τον ευρωπαϊκό κανονισμό 561/2006 σχετικά με το ωράριο εργασίας. Μεταξύ αυτών είναι τα ο,Των οποίων η ταχύτητα δεν υπερβαίνει τα 40 km/h.,question_all_choices
5,EVAL_REHEARSAL_SITE,Driving Rules,greekmmlu:3511,http://testdriver.gr/peileoforeio.php,Ορισμένα οχήματα εξαιρούνται από τον ευρωπαϊκό κανονισμό 561/2006 σχετικά με το ωράριο εργασίας. Μεταξύ αυτών είναι τα ο,Των οποίων η ταχύτητα δεν υπερβαίνει τα 40 km/h.,question_correct_answer
5,EVAL_REHEARSAL_SITE,Driving Rules,greekmmlu:3514,http://testdriver.gr/peileoforeio.php,Η υιοθέτηση των αρχών της ασφαλούς φόρτωσης επιβατών και αποσκευών οδηγεί σε:,Μικρότερο χρόνο αναμονής στις ενδιάμεσες στάσεις.,question_all_choices
5,EVAL_REHEARSAL_SITE,Driving Rules,greekmmlu:3514,http://testdriver.gr/peileoforeio.php,Η υιοθέτηση των αρχών της ασφαλούς φόρτωσης επιβατών και αποσκευών οδηγεί σε:,Μικρότερο χρόνο αναμονής στις ενδιάμεσες στάσεις.,question_correct_answer
5,EVAL_REHEARSAL_SITE,Driving Rules,greekmmlu:3525,https://testdriver.gr/autokinhto-etoima.php?id=1,"Το να βοηθήσετε ένα άτομο που βρίσκεται σε κίνδυνο, σημαίνει να παραμείνετε κοντά του για να του προσφέρετε βοήθεια:",ΝΑΙ.,eval_prompt
5,EVAL_REHEARSAL_SITE,Driving Rules,greekmmlu:3525,https://testdriver.gr/autokinhto-etoima.php?id=1,"Το να βοηθήσετε ένα άτομο που βρίσκεται σε κίνδυνο, σημαίνει να παραμείνετε κοντά του για να του προσφέρετε βοήθεια:",ΝΑΙ.,question
5,EVAL_REHEARSAL_SITE,Driving Rules,greekmmlu:3525,https://testdriver.gr/autokinhto-etoima.php?id=1,"Το να βοηθήσετε ένα άτομο που βρίσκεται σε κίνδυνο, σημαίνει να παραμείνετε κοντά του για να του προσφέρετε βοήθεια:",ΝΑΙ.,question_all_choices
5,EVAL_REHEARSAL_SITE,Driving Rules,greekmmlu:3525,https://testdriver.gr/autokinhto-etoima.php?id=1,"Το να βοηθήσετε ένα άτομο που βρίσκεται σε κίνδυνο, σημαίνει να παραμείνετε κοντά του για να του προσφέρετε βοήθεια:",ΝΑΙ.,question_correct_answer
5,EVAL_REHEARSAL_SITE,Driving Rules,greekmmlu:3533,http://testdriver.gr/peileoforeio.php,"Σε εργονομικά σχεδιασμένους χώρους, η εργασία είναι:",Καλά οργανωμένη και πιο ευχάριστη,question_all_choices
5,EVAL_REHEARSAL_SITE,Driving Rules,greekmmlu:3538,https://testdriver.gr/autokinhto-etoima.php?id=7,"Εκτός κατοικημένης περιοχής, ανάβετε υποχρεωτικά τα φώτα διασταυρώσεως και κατά τη διάρκεια της ημέρας:",Σε μία σήραγγα.,question
5,EVAL_REHEARSAL_SITE,Driving Rules,greekmmlu:3538,https://testdriver.gr/autokinhto-etoima.php?id=7,"Εκτός κατοικημένης περιοχής, ανάβετε υποχρεωτικά τα φώτα διασταυρώσεως και κατά τη διάρκεια της ημέρας:",Σε μία σήραγγα.,question_all_choices
5,EVAL_REHEARSAL_SITE,Driving Rules,greekmmlu:3538,https://testdriver.gr/autokinhto-etoima.php?id=7,"Εκτός κατοικημένης περιοχής, ανάβετε υποχρεωτικά τα φώτα διασταυρώσεως και κατά τη διάρκεια της ημέρας:",Σε μία σήραγγα.,question_correct_answer
5,EVAL_REHEARSAL_SITE,Driving Rules,greekmmlu:3547,http://testdriver.gr/mhxanh.php,Όταν οδηγείτε μοτοσικλέτα η συνηθισμένη θέση σας στον δρόμο πρέπει να σας επιτρέπει:,Να φαίνεστε στους καθρέφτες του οχήματος εμπρός σας.,question_all_choices
5,STUDY_GUIDE_HOST,Driving Rules,greekmmlu:3562,http://docplayer.gr/1200098-D-symfonia-eggrafi-i-proforiki-metaxy-dyo-toylahiston-prosopon-apo-tin.html,"Ποια οχήματα επιβαρύνονται με χαμηλότερα τέλη κυκλοφορίας, τα Ι.Χ. ή τα Δ.Χ.;",Τα Δ.Χ.,question
5,STUDY_GUIDE_HOST,Driving Rules,greekmmlu:3562,http://docplayer.gr/1200098-D-symfonia-eggrafi-i-proforiki-metaxy-dyo-toylahiston-prosopon-apo-tin.html,"Ποια οχήματα επιβαρύνονται με χαμηλότερα τέλη κυκλοφορίας, τα Ι.Χ. ή τα Δ.Χ.;",Τα Δ.Χ.,question_correct_answer
5,EVAL_REHEARSAL_SITE,Driving Rules,greekmmlu:3563,http://testdriver.gr/mhxanh.php,Βλέπετε προειδοποιητικές πινακίδες που δείχνουν απότομη στροφή εμπρός δεξιά. Τι πρέπει να κάνετε;,Να επιβραδύνετε πριν τη στροφή.,question
5,EVAL_REHEARSAL_SITE,Driving Rules,greekmmlu:3563,http://testdriver.gr/mhxanh.php,Βλέπετε προειδοποιητικές πινακίδες που δείχνουν απότομη στροφή εμπρός δεξιά. Τι πρέπει να κάνετε;,Να επιβραδύνετε πριν τη στροφή.,question_correct_answer
5,EVAL_REHEARSAL_SITE,Driving Rules,greekmmlu:3566,https://testdriver.gr/autokinhto-etoima.php?id=14,Σε πόση απόσταση από φωτεινό σηματοδότη επιτρέπεται να σταθμεύσετε το όχημά σας;,Σε απόσταση μεγαλύτερη των 20 m.,question_all_choices
5,EVAL_REHEARSAL_SITE,Driving Rules,greekmmlu:3566,https://testdriver.gr/autokinhto-etoima.php?id=14,Σε πόση απόσταση από φωτεινό σηματοδότη επιτρέπεται να σταθμεύσετε το όχημά σας;,Σε απόσταση μεγαλύτερη των 20 m.,question_correct_answer
5,STUDY_GUIDE_HOST,Driving Rules,greekmmlu:3571,http://docplayer.gr/1200098-D-symfonia-eggrafi-i-proforiki-metaxy-dyo-toylahiston-prosopon-apo-tin.html,Υπέρβαση του νόμιμου ωραρίου θεωρείται:,Υπερωριακή απασχόληση,eval_prompt
5,EVAL_REHEARSAL_SITE,Driving Rules,greekmmlu:3573,https://testdriver.gr/autokinhto-etoima.php?id=9,"Αν δεν λειτουργούν οι δείκτες αλλαγής κατευθύνσεως (φλας) του οχήματός σας, με ποιον τρόπο θα προειδοποιήσετε ότι έχετε ",Εκτείνοντας τον αριστερό βραχίονα.,question_all_choices
5,EVAL_REHEARSAL_SITE,Driving Rules,greekmmlu:3573,https://testdriver.gr/autokinhto-etoima.php?id=9,"Αν δεν λειτουργούν οι δείκτες αλλαγής κατευθύνσεως (φλας) του οχήματός σας, με ποιον τρόπο θα προειδοποιήσετε ότι έχετε ",Εκτείνοντας τον αριστερό βραχίονα.,question_correct_answer
5,EVAL_REHEARSAL_SITE,Driving Rules,greekmmlu:3576,http://www.testdriver.gr/autokinhto-etoima.php?id=13,Σε ποια Υπηρεσία υποχρεούστε να αναγγείλετε ατύχημα στο οποίο εμπλακήκατε και από το οποίο επήλθε θάνατος ή σωματική βλά,Στην πλησιέστερη Αστυνομική Αρχή.,eval_prompt
5,EVAL_REHEARSAL_SITE,Driving Rules,greekmmlu:3576,http://www.testdriver.gr/autokinhto-etoima.php?id=13,Σε ποια Υπηρεσία υποχρεούστε να αναγγείλετε ατύχημα στο οποίο εμπλακήκατε και από το οποίο επήλθε θάνατος ή σωματική βλά,Στην πλησιέστερη Αστυνομική Αρχή.,question
5,EVAL_REHEARSAL_SITE,Driving Rules,greekmmlu:3576,http://www.testdriver.gr/autokinhto-etoima.php?id=13,Σε ποια Υπηρεσία υποχρεούστε να αναγγείλετε ατύχημα στο οποίο εμπλακήκατε και από το οποίο επήλθε θάνατος ή σωματική βλά,Στην πλησιέστερη Αστυνομική Αρχή.,question_all_choices
5,EVAL_REHEARSAL_SITE,Driving Rules,greekmmlu:3576,http://www.testdriver.gr/autokinhto-etoima.php?id=13,Σε ποια Υπηρεσία υποχρεούστε να αναγγείλετε ατύχημα στο οποίο εμπλακήκατε και από το οποίο επήλθε θάνατος ή σωματική βλά,Στην πλησιέστερη Αστυνομική Αρχή.,question_correct_answer
5,EVAL_REHEARSAL_SITE,Driving Rules,greekmmlu:3577,http://www.testdriver.gr/autokinhto-etoima.php?id=18,"Ο χρόνος αντίδρασής σας είναι 1 sec. Πόσο μήκος θα διανύσει, κατά τον εμπειρικό κανόνα, το όχημά σας τρέχοντας με ταχύτη",30 m.,eval_prompt
5,EVAL_REHEARSAL_SITE,Driving Rules,greekmmlu:3577,http://www.testdriver.gr/autokinhto-etoima.php?id=18,"Ο χρόνος αντίδρασής σας είναι 1 sec. Πόσο μήκος θα διανύσει, κατά τον εμπειρικό κανόνα, το όχημά σας τρέχοντας με ταχύτη",30 m.,eval_prompt
5,EVAL_REHEARSAL_SITE,Driving Rules,greekmmlu:3577,http://www.testdriver.gr/autokinhto-etoima.php?id=18,"Ο χρόνος αντίδρασής σας είναι 1 sec. Πόσο μήκος θα διανύσει, κατά τον εμπειρικό κανόνα, το όχημά σας τρέχοντας με ταχύτη",30 m.,question
5,EVAL_REHEARSAL_SITE,Driving Rules,greekmmlu:3577,http://www.testdriver.gr/autokinhto-etoima.php?id=18,"Ο χρόνος αντίδρασής σας είναι 1 sec. Πόσο μήκος θα διανύσει, κατά τον εμπειρικό κανόνα, το όχημά σας τρέχοντας με ταχύτη",30 m.,question
5,EVAL_REHEARSAL_SITE,Driving Rules,greekmmlu:3577,http://www.testdriver.gr/autokinhto-etoima.php?id=18,"Ο χρόνος αντίδρασής σας είναι 1 sec. Πόσο μήκος θα διανύσει, κατά τον εμπειρικό κανόνα, το όχημά σας τρέχοντας με ταχύτη",30 m.,question_all_choices
5,EVAL_REHEARSAL_SITE,Driving Rules,greekmmlu:3577,http://www.testdriver.gr/autokinhto-etoima.php?id=18,"Ο χρόνος αντίδρασής σας είναι 1 sec. Πόσο μήκος θα διανύσει, κατά τον εμπειρικό κανόνα, το όχημά σας τρέχοντας με ταχύτη",30 m.,question_all_choices
5,EVAL_REHEARSAL_SITE,Driving Rules,greekmmlu:3577,http://www.testdriver.gr/autokinhto-etoima.php?id=18,"Ο χρόνος αντίδρασής σας είναι 1 sec. Πόσο μήκος θα διανύσει, κατά τον εμπειρικό κανόνα, το όχημά σας τρέχοντας με ταχύτη",30 m.,question_correct_answer
5,EVAL_REHEARSAL_SITE,Driving Rules,greekmmlu:3577,http://www.testdriver.gr/autokinhto-etoima.php?id=18,"Ο χρόνος αντίδρασής σας είναι 1 sec. Πόσο μήκος θα διανύσει, κατά τον εμπειρικό κανόνα, το όχημά σας τρέχοντας με ταχύτη",30 m.,question_correct_answer
5,EVAL_REHEARSAL_SITE,Driving Rules,greekmmlu:3578,http://www.testdriver.gr/autokinhto-etoima.php?id=18,Για ποιο λόγο όταν αρχίσει να βρέχει πρέπει η απόσταση ασφαλείας να είναι μεγαλύτερη;,"Είναι πολύ πιθανόν, από τη βρομιά του δρόμου, να δημιουργηθεί επάνω στο οδόστρωμα ένα επικίνδυνο στρώμα γλίτσας, το οποί",question
5,EVAL_REHEARSAL_SITE,Driving Rules,greekmmlu:3578,http://www.testdriver.gr/autokinhto-etoima.php?id=18,Για ποιο λόγο όταν αρχίσει να βρέχει πρέπει η απόσταση ασφαλείας να είναι μεγαλύτερη;,"Είναι πολύ πιθανόν, από τη βρομιά του δρόμου, να δημιουργηθεί επάνω στο οδόστρωμα ένα επικίνδυνο στρώμα γλίτσας, το οποί",question
5,EVAL_REHEARSAL_SITE,Driving Rules,greekmmlu:3578,http://www.testdriver.gr/autokinhto-etoima.php?id=18,Για ποιο λόγο όταν αρχίσει να βρέχει πρέπει η απόσταση ασφαλείας να είναι μεγαλύτερη;,"Είναι πολύ πιθανόν, από τη βρομιά του δρόμου, να δημιουργηθεί επάνω στο οδόστρωμα ένα επικίνδυνο στρώμα γλίτσας, το οποί",question_all_choices
5,EVAL_REHEARSAL_SITE,Driving Rules,greekmmlu:3578,http://www.testdriver.gr/autokinhto-etoima.php?id=18,Για ποιο λόγο όταν αρχίσει να βρέχει πρέπει η απόσταση ασφαλείας να είναι μεγαλύτερη;,"Είναι πολύ πιθανόν, από τη βρομιά του δρόμου, να δημιουργηθεί επάνω στο οδόστρωμα ένα επικίνδυνο στρώμα γλίτσας, το οποί",question_all_choices
5,EVAL_REHEARSAL_SITE,Driving Rules,greekmmlu:3578,http://www.testdriver.gr/autokinhto-etoima.php?id=18,Για ποιο λόγο όταν αρχίσει να βρέχει πρέπει η απόσταση ασφαλείας να είναι μεγαλύτερη;,"Είναι πολύ πιθανόν, από τη βρομιά του δρόμου, να δημιουργηθεί επάνω στο οδόστρωμα ένα επικίνδυνο στρώμα γλίτσας, το οποί",question_correct_answer
5,EVAL_REHEARSAL_SITE,Driving Rules,greekmmlu:3578,http://www.testdriver.gr/autokinhto-etoima.php?id=18,Για ποιο λόγο όταν αρχίσει να βρέχει πρέπει η απόσταση ασφαλείας να είναι μεγαλύτερη;,"Είναι πολύ πιθανόν, από τη βρομιά του δρόμου, να δημιουργηθεί επάνω στο οδόστρωμα ένα επικίνδυνο στρώμα γλίτσας, το οποί",question_correct_answer
5,EVAL_REHEARSAL_SITE,Driving Rules,greekmmlu:3579,http://testdriver.gr/ru/peiforthgo.php,Τα ΦΙΧ αυτοκίνητα εκτελούν:,και τα δύο είδη μεταφορών υπό ορισμένες συνθήκες,question_all_choices
5,STUDY_GUIDE_HOST,Driving Rules,greekmmlu:3582,http://docplayer.gr/30443551-Simansi-otan-se-periohes-ergon-ston-aytokinitodromo-i-orizontia-simansi-symperilamvanei-aspres-kai-kitrines-grammes-taytohrona-seveste.html,"Αν αντιληφθείτε ότι ένα όχημα από την αντίθετη κατεύθυνση έρχεται επάνω σας, λόγω βλάβης ή άλλης αιτίας, πώς θα αντιδράσ","Θα προσπαθήσετε, κινούμενοι εφόσον είναι δυνατόν προς τα δεξιά, να βγείτε από την τροχιά του οχήματος, κορνάροντας συνεχ",question_correct_answer
5,EVAL_REHEARSAL_SITE,Driving Rules,greekmmlu:3586,http://testdriver.gr/autokinhto-etoima.php?id=27,"Σε ποια τμήματα της οδού δεν επιτρέπεται να εισέλθετε, εάν εξαιτίας κυκλοφοριακής συμφορήσεως θα έπρεπε να περιμένετε;","Διασταυρώσεις δρόμων, σιδηροδρομικές διαβάσεις, διαβάσεις πεζών.",question
5,EVAL_REHEARSAL_SITE,Driving Rules,greekmmlu:3586,https://testdriver.gr/autokinhto-etoima.php?id=27,"Σε ποια τμήματα της οδού δεν επιτρέπεται να εισέλθετε, εάν εξαιτίας κυκλοφοριακής συμφορήσεως θα έπρεπε να περιμένετε;","Διασταυρώσεις δρόμων, σιδηροδρομικές διαβάσεις, διαβάσεις πεζών.",question
5,EVAL_REHEARSAL_SITE,Driving Rules,greekmmlu:3586,http://testdriver.gr/autokinhto-etoima.php?id=27,"Σε ποια τμήματα της οδού δεν επιτρέπεται να εισέλθετε, εάν εξαιτίας κυκλοφοριακής συμφορήσεως θα έπρεπε να περιμένετε;","Διασταυρώσεις δρόμων, σιδηροδρομικές διαβάσεις, διαβάσεις πεζών.",question_all_choices
5,EVAL_REHEARSAL_SITE,Driving Rules,greekmmlu:3586,https://testdriver.gr/autokinhto-etoima.php?id=27,"Σε ποια τμήματα της οδού δεν επιτρέπεται να εισέλθετε, εάν εξαιτίας κυκλοφοριακής συμφορήσεως θα έπρεπε να περιμένετε;","Διασταυρώσεις δρόμων, σιδηροδρομικές διαβάσεις, διαβάσεις πεζών.",question_all_choices
5,EVAL_REHEARSAL_SITE,Driving Rules,greekmmlu:3586,http://testdriver.gr/autokinhto-etoima.php?id=27,"Σε ποια τμήματα της οδού δεν επιτρέπεται να εισέλθετε, εάν εξαιτίας κυκλοφοριακής συμφορήσεως θα έπρεπε να περιμένετε;","Διασταυρώσεις δρόμων, σιδηροδρομικές διαβάσεις, διαβάσεις πεζών.",question_correct_answer
5,EVAL_REHEARSAL_SITE,Driving Rules,greekmmlu:3586,https://testdriver.gr/autokinhto-etoima.php?id=27,"Σε ποια τμήματα της οδού δεν επιτρέπεται να εισέλθετε, εάν εξαιτίας κυκλοφοριακής συμφορήσεως θα έπρεπε να περιμένετε;","Διασταυρώσεις δρόμων, σιδηροδρομικές διαβάσεις, διαβάσεις πεζών.",question_correct_answer
5,STUDY_GUIDE_HOST,Driving Rules,greekmmlu:3592,http://docplayer.gr/1200098-D-symfonia-eggrafi-i-proforiki-metaxy-dyo-toylahiston-prosopon-apo-tin.html,"Όταν η σύμβαση μεταφοράς είναι προφορική, υπάρχει ευθύνη του μεταφορέα σε περίπτωση μερικής ή ολικής απώλειας του φορτίο","Ναι, υπάρχει",eval_prompt
5,STUDY_GUIDE_HOST,Driving Rules,greekmmlu:3603,http://docplayer.gr/1200098-D-symfonia-eggrafi-i-proforiki-metaxy-dyo-toylahiston-prosopon-apo-tin.html,Ποια είναι τα βασικά χαρακτηριστικά της σύμβασης έργου (εργολαβία) που πρέπει να υπάρχουν και στη σύμβαση μεταφοράς;,Το έργο που συμφωνήθηκε και η αμοιβή,eval_prompt
5,STUDY_GUIDE_HOST,Driving Rules,greekmmlu:3603,http://docplayer.gr/1200098-D-symfonia-eggrafi-i-proforiki-metaxy-dyo-toylahiston-prosopon-apo-tin.html,Ποια είναι τα βασικά χαρακτηριστικά της σύμβασης έργου (εργολαβία) που πρέπει να υπάρχουν και στη σύμβαση μεταφοράς;,Το έργο που συμφωνήθηκε και η αμοιβή,question
5,STUDY_GUIDE_HOST,Driving Rules,greekmmlu:3603,http://docplayer.gr/1200098-D-symfonia-eggrafi-i-proforiki-metaxy-dyo-toylahiston-prosopon-apo-tin.html,Ποια είναι τα βασικά χαρακτηριστικά της σύμβασης έργου (εργολαβία) που πρέπει να υπάρχουν και στη σύμβαση μεταφοράς;,Το έργο που συμφωνήθηκε και η αμοιβή,question_all_choices
5,STUDY_GUIDE_HOST,Driving Rules,greekmmlu:3603,http://docplayer.gr/1200098-D-symfonia-eggrafi-i-proforiki-metaxy-dyo-toylahiston-prosopon-apo-tin.html,Ποια είναι τα βασικά χαρακτηριστικά της σύμβασης έργου (εργολαβία) που πρέπει να υπάρχουν και στη σύμβαση μεταφοράς;,Το έργο που συμφωνήθηκε και η αμοιβή,question_correct_answer
5,EVAL_REHEARSAL_SITE,Driving Rules,greekmmlu:3629,http://testdriver.gr/autokinhto-etoima.php?id=27,Σε μια κυκλική διασταύρωση:,Συγκλίνετε προς το κέντρο εάν η έξοδός σας από τον κόμβο βρίσκεται στα αριστερά της προεκτάσεως του άξονα του δρόμου από,eval_prompt
5,EVAL_REHEARSAL_SITE,Driving Rules,greekmmlu:3629,https://testdriver.gr/autokinhto-etoima.php?id=27,Σε μια κυκλική διασταύρωση:,Συγκλίνετε προς το κέντρο εάν η έξοδός σας από τον κόμβο βρίσκεται στα αριστερά της προεκτάσεως του άξονα του δρόμου από,eval_prompt
5,EVAL_REHEARSAL_SITE,Driving Rules,greekmmlu:3629,http://testdriver.gr/autokinhto-etoima.php?id=27,Σε μια κυκλική διασταύρωση:,Συγκλίνετε προς το κέντρο εάν η έξοδός σας από τον κόμβο βρίσκεται στα αριστερά της προεκτάσεως του άξονα του δρόμου από,question_all_choices
5,EVAL_REHEARSAL_SITE,Driving Rules,greekmmlu:3629,https://testdriver.gr/autokinhto-etoima.php?id=27,Σε μια κυκλική διασταύρωση:,Συγκλίνετε προς το κέντρο εάν η έξοδός σας από τον κόμβο βρίσκεται στα αριστερά της προεκτάσεως του άξονα του δρόμου από,question_all_choices
5,EVAL_REHEARSAL_SITE,Driving Rules,greekmmlu:3629,http://testdriver.gr/autokinhto-etoima.php?id=27,Σε μια κυκλική διασταύρωση:,Συγκλίνετε προς το κέντρο εάν η έξοδός σας από τον κόμβο βρίσκεται στα αριστερά της προεκτάσεως του άξονα του δρόμου από,question_correct_answer
5,EVAL_REHEARSAL_SITE,Driving Rules,greekmmlu:3629,https://testdriver.gr/autokinhto-etoima.php?id=27,Σε μια κυκλική διασταύρωση:,Συγκλίνετε προς το κέντρο εάν η έξοδός σας από τον κόμβο βρίσκεται στα αριστερά της προεκτάσεως του άξονα του δρόμου από,question_correct_answer
5,EVAL_REHEARSAL_SITE,Driving Rules,greekmmlu:3630,http://testdriver.gr/ru/peiforthgo.php,"Σε περίπτωση δύο οδηγών, ο οδηγός που δεν οδηγεί αλλά βοηθά στην πλοήγηση καταγράφεται στον ψηφιακό ταχογράφο στη θέση:",«Άλλες εργασίες»,eval_prompt
5,EVAL_REHEARSAL_SITE,Driving Rules,greekmmlu:3630,http://testdriver.gr/ru/peiforthgo.php,"Σε περίπτωση δύο οδηγών, ο οδηγός που δεν οδηγεί αλλά βοηθά στην πλοήγηση καταγράφεται στον ψηφιακό ταχογράφο στη θέση:",«Άλλες εργασίες»,question
5,EVAL_REHEARSAL_SITE,Driving Rules,greekmmlu:3630,http://testdriver.gr/ru/peiforthgo.php,"Σε περίπτωση δύο οδηγών, ο οδηγός που δεν οδηγεί αλλά βοηθά στην πλοήγηση καταγράφεται στον ψηφιακό ταχογράφο στη θέση:",«Άλλες εργασίες»,question_all_choices
5,EVAL_REHEARSAL_SITE,Driving Rules,greekmmlu:3630,http://testdriver.gr/ru/peiforthgo.php,"Σε περίπτωση δύο οδηγών, ο οδηγός που δεν οδηγεί αλλά βοηθά στην πλοήγηση καταγράφεται στον ψηφιακό ταχογράφο στη θέση:",«Άλλες εργασίες»,question_correct_answer
5,EVAL_REHEARSAL_SITE,Driving Rules,greekmmlu:3634,https://testdriver.gr/autokinhto-etoima.php?id=16,Σε αυτοκινητόδρομο ή σε δρόμο ταχείας κυκλοφορίας το προειδοποιητικό τρίγωνο πρέπει να τοποθετείται πίσω από το όχημα το,100 μ.,eval_prompt
5,EVAL_REHEARSAL_SITE,Driving Rules,greekmmlu:3634,http://www.testdriver.gr/autokinhto-etoima.php?id=13,Σε αυτοκινητόδρομο ή σε δρόμο ταχείας κυκλοφορίας το προειδοποιητικό τρίγωνο πρέπει να τοποθετείται πίσω από το όχημα το,100 μ.,question
5,EVAL_REHEARSAL_SITE,Driving Rules,greekmmlu:3634,https://testdriver.gr/autokinhto-etoima.php?id=16,Σε αυτοκινητόδρομο ή σε δρόμο ταχείας κυκλοφορίας το προειδοποιητικό τρίγωνο πρέπει να τοποθετείται πίσω από το όχημα το,100 μ.,question
5,EVAL_REHEARSAL_SITE,Driving Rules,greekmmlu:3634,https://testdriver.gr/autokinhto-etoima.php?id=16,Σε αυτοκινητόδρομο ή σε δρόμο ταχείας κυκλοφορίας το προειδοποιητικό τρίγωνο πρέπει να τοποθετείται πίσω από το όχημα το,100 μ.,question_all_choices
5,EVAL_REHEARSAL_SITE,Driving Rules,greekmmlu:3634,http://www.testdriver.gr/autokinhto-etoima.php?id=13,Σε αυτοκινητόδρομο ή σε δρόμο ταχείας κυκλοφορίας το προειδοποιητικό τρίγωνο πρέπει να τοποθετείται πίσω από το όχημα το,100 μ.,question_correct_answer
5,EVAL_REHEARSAL_SITE,Driving Rules,greekmmlu:3634,https://testdriver.gr/autokinhto-etoima.php?id=16,Σε αυτοκινητόδρομο ή σε δρόμο ταχείας κυκλοφορίας το προειδοποιητικό τρίγωνο πρέπει να τοποθετείται πίσω από το όχημα το,100 μ.,question_correct_answer
5,EVAL_REHEARSAL_SITE,Driving Rules,greekmmlu:3636,https://testdriver.gr/autokinhto-etoima.php?id=14,Ένας σιδηροδρομικός υπάλληλος κουνάει σε μια διάβαση σιδηροδρομικής γραμμής ένα κόκκινο φως. Πώς συμπεριφέρεστε;,Σταματάτε σε ασφαλή απόσταση πριν από τη διάβαση της σιδηροδρομικής γραμμής.,question
5,EVAL_REHEARSAL_SITE,Driving Rules,greekmmlu:3636,https://testdriver.gr/autokinhto-etoima.php?id=14,Ένας σιδηροδρομικός υπάλληλος κουνάει σε μια διάβαση σιδηροδρομικής γραμμής ένα κόκκινο φως. Πώς συμπεριφέρεστε;,Σταματάτε σε ασφαλή απόσταση πριν από τη διάβαση της σιδηροδρομικής γραμμής.,question_all_choices
5,EVAL_REHEARSAL_SITE,Driving Rules,greekmmlu:3640,http://testdriver.gr/ru/peiforthgo.php,Πώς επιβεβαιώνεται η ύπαρξη του συμβολαίου (σύμβασης) μεταφοράς CMR;,"Με το δελτίο παραδόσεως διεθνούς φορτωτικής (CMR), που εκδίδεται σε τρία αντίτυπα, τα οποία υπογράφουν ο αποστολέας και ",question_all_choices
5,EVAL_REHEARSAL_SITE,Driving Rules,greekmmlu:3640,http://testdriver.gr/ru/peiforthgo.php,Πώς επιβεβαιώνεται η ύπαρξη του συμβολαίου (σύμβασης) μεταφοράς CMR;,"Με το δελτίο παραδόσεως διεθνούς φορτωτικής (CMR), που εκδίδεται σε τρία αντίτυπα, τα οποία υπογράφουν ο αποστολέας και ",question_correct_answer
5,STUDY_GUIDE_HOST,Driving Rules,greekmmlu:3651,http://docplayer.gr/1200098-D-symfonia-eggrafi-i-proforiki-metaxy-dyo-toylahiston-prosopon-apo-tin.html,Απαραίτητα στοιχεία της σύμβασης οδικής μεταφοράς εμπορευμάτων είναι:,"Μεταφερόμενο είδος, ποσότητα, τόπος, χρόνος, κόμιστρο",eval_prompt
5,EVAL_REHEARSAL_SITE,Driving Rules,greekmmlu:3653,http://testdriver.gr/autokinhto-etoima.php?id=5,Η φυγόκεντρη δύναμη:,Ωθεί το όχημά σας προς το εξωτερικό της στροφής.,question_all_choices
5,EVAL_REHEARSAL_SITE,Driving Rules,greekmmlu:3654,https://testdriver.gr/autokinhto-etoima.php?id=24,Ο εισερχόμενος στον αυτοκινητόδρομο έχει προτεραιότητα;,"Όχι, διότι έχουν προτεραιότητα όσοι κινούνται στον αυτοκινητόδρομο.",question_all_choices
5,EVAL_REHEARSAL_SITE,Driving Rules,greekmmlu:3654,http://testdriver.gr/autokinhto-etoima.php?id=24,Ο εισερχόμενος στον αυτοκινητόδρομο έχει προτεραιότητα;,"Όχι, διότι έχουν προτεραιότητα όσοι κινούνται στον αυτοκινητόδρομο.",question_correct_answer
5,EVAL_REHEARSAL_SITE,Driving Rules,greekmmlu:3654,https://testdriver.gr/autokinhto-etoima.php?id=24,Ο εισερχόμενος στον αυτοκινητόδρομο έχει προτεραιότητα;,"Όχι, διότι έχουν προτεραιότητα όσοι κινούνται στον αυτοκινητόδρομο.",question_correct_answer
5,EVAL_REHEARSAL_SITE,Driving Rules,greekmmlu:3659,http://testdriver.gr/peileoforeio.php,Ορισμένα οχήματα εξαιρούνται από τον ευρωπαϊκό κανονισμό 561/2006 σχετικά με το ωράριο εργασίας. Μεταξύ αυτών είναι τα ο,που υποβάλλονται σε οδικές δοκιμές για λόγους τεχνικής βελτίωσης,question
5,EVAL_REHEARSAL_SITE,Driving Rules,greekmmlu:3659,http://testdriver.gr/peileoforeio.php,Ορισμένα οχήματα εξαιρούνται από τον ευρωπαϊκό κανονισμό 561/2006 σχετικά με το ωράριο εργασίας. Μεταξύ αυτών είναι τα ο,που υποβάλλονται σε οδικές δοκιμές για λόγους τεχνικής βελτίωσης,question_all_choices
5,EVAL_REHEARSAL_SITE,Driving Rules,greekmmlu:3659,http://testdriver.gr/peileoforeio.php,Ορισμένα οχήματα εξαιρούνται από τον ευρωπαϊκό κανονισμό 561/2006 σχετικά με το ωράριο εργασίας. Μεταξύ αυτών είναι τα ο,που υποβάλλονται σε οδικές δοκιμές για λόγους τεχνικής βελτίωσης,question_correct_answer
5,EVAL_REHEARSAL_SITE,Driving Rules,greekmmlu:3661,http://testdriver.gr/peiforthgo.php,Ένα φορτηγό μεταφέρει 6 τόνους εμπορευμάτων από την Αθήνα στη Θεσσαλονίκη (απόσταση περίπου 500 χιλιομέτρων) και επιστρέ,500 τονοχιλιόμετρα,eval_prompt
5,EVAL_REHEARSAL_SITE,Driving Rules,greekmmlu:3661,http://testdriver.gr/peiforthgo.php,Ένα φορτηγό μεταφέρει 6 τόνους εμπορευμάτων από την Αθήνα στη Θεσσαλονίκη (απόσταση περίπου 500 χιλιομέτρων) και επιστρέ,500 τονοχιλιόμετρα,question
5,EVAL_REHEARSAL_SITE,Driving Rules,greekmmlu:3661,http://testdriver.gr/peiforthgo.php,Ένα φορτηγό μεταφέρει 6 τόνους εμπορευμάτων από την Αθήνα στη Θεσσαλονίκη (απόσταση περίπου 500 χιλιομέτρων) και επιστρέ,500 τονοχιλιόμετρα,question_all_choices
5,EVAL_REHEARSAL_SITE,Driving Rules,greekmmlu:3661,http://testdriver.gr/peiforthgo.php,Ένα φορτηγό μεταφέρει 6 τόνους εμπορευμάτων από την Αθήνα στη Θεσσαλονίκη (απόσταση περίπου 500 χιλιομέτρων) και επιστρέ,500 τονοχιλιόμετρα,question_correct_answer
5,STUDY_GUIDE_HOST,Driving Rules,greekmmlu:3664,http://docplayer.gr/1200098-D-symfonia-eggrafi-i-proforiki-metaxy-dyo-toylahiston-prosopon-apo-tin.html,Για τη σύνταξη λόγω εργατικού ατυχήματος απαιτείται:,Έστω και 1 ημέρα ασφάλισης χωρίς άλλη προϋπόθεση,eval_prompt
5,EVAL_REHEARSAL_SITE,Driving Rules,greekmmlu:3674,https://www.testdriver.gr/autokinhto-etoima.php?id=23,"Αν η διέλευση αντιθέτως κινούμενων οχημάτων σε οδό με κλίση είναι δύσκολη, το όχημα που, κατά κανόνα, πρέπει να σταματήσ",ΝΑΙ.,eval_prompt
5,EVAL_REHEARSAL_SITE,Driving Rules,greekmmlu:3674,https://www.testdriver.gr/autokinhto-etoima.php?id=23,"Αν η διέλευση αντιθέτως κινούμενων οχημάτων σε οδό με κλίση είναι δύσκολη, το όχημα που, κατά κανόνα, πρέπει να σταματήσ",ΝΑΙ.,question
5,EVAL_REHEARSAL_SITE,Driving Rules,greekmmlu:3674,https://www.testdriver.gr/autokinhto-etoima.php?id=23,"Αν η διέλευση αντιθέτως κινούμενων οχημάτων σε οδό με κλίση είναι δύσκολη, το όχημα που, κατά κανόνα, πρέπει να σταματήσ",ΝΑΙ.,question_all_choices
5,EVAL_REHEARSAL_SITE,Driving Rules,greekmmlu:3674,https://www.testdriver.gr/autokinhto-etoima.php?id=23,"Αν η διέλευση αντιθέτως κινούμενων οχημάτων σε οδό με κλίση είναι δύσκολη, το όχημα που, κατά κανόνα, πρέπει να σταματήσ",ΝΑΙ.,question_correct_answer
5,EVAL_REHEARSAL_SITE,Driving Rules,greekmmlu:3683,http://www.testdriver.gr/autokinhto-etoima.php?id=20,"Πού πρέπει να τοποθετήσετε, κατά το δυνατόν, τις αποσκευές σας για να εξοικονομήσετε καύσιμο;",Στο χώρο των αποσκευών (πορτ-μπαγκάζ).,question
5,EVAL_REHEARSAL_SITE,Driving Rules,greekmmlu:3683,https://testdriver.gr/autokinhto-etoima.php?id=20,"Πού πρέπει να τοποθετήσετε, κατά το δυνατόν, τις αποσκευές σας για να εξοικονομήσετε καύσιμο;",Στο χώρο των αποσκευών (πορτ-μπαγκάζ).,question
5,EVAL_REHEARSAL_SITE,Driving Rules,greekmmlu:3683,http://www.testdriver.gr/autokinhto-etoima.php?id=20,"Πού πρέπει να τοποθετήσετε, κατά το δυνατόν, τις αποσκευές σας για να εξοικονομήσετε καύσιμο;",Στο χώρο των αποσκευών (πορτ-μπαγκάζ).,question_correct_answer
5,EVAL_REHEARSAL_SITE,Driving Rules,greekmmlu:3683,https://testdriver.gr/autokinhto-etoima.php?id=20,"Πού πρέπει να τοποθετήσετε, κατά το δυνατόν, τις αποσκευές σας για να εξοικονομήσετε καύσιμο;",Στο χώρο των αποσκευών (πορτ-μπαγκάζ).,question_correct_answer
5,EVAL_REHEARSAL_SITE,Driving Rules,greekmmlu:3685,https://testdriver.gr/autokinhto-etoima.php?id=7,Ποια είναι τα ελάχιστα φαρμακευτικά υλικά που πρέπει να υπάρχουν στο φαρμακείο του αυτοκινήτου;,"Οινόπνευμα, ιώδιο, βαμβάκι, γάζες αποστειρωμένες, διάφοροι επίδεσμοι, λευκοπλάστ.",question
5,EVAL_REHEARSAL_SITE,Driving Rules,greekmmlu:3685,https://testdriver.gr/autokinhto-etoima.php?id=7,Ποια είναι τα ελάχιστα φαρμακευτικά υλικά που πρέπει να υπάρχουν στο φαρμακείο του αυτοκινήτου;,"Οινόπνευμα, ιώδιο, βαμβάκι, γάζες αποστειρωμένες, διάφοροι επίδεσμοι, λευκοπλάστ.",question_correct_answer
5,EVAL_REHEARSAL_SITE,Driving Rules,greekmmlu:3693,http://www.testdriver.gr/autokinhto-etoima.php?id=13,"Ο άνεμος, σε σχέση με τις ταχύτητες που αναπτύσσονται στον αυτοκινητόδρομο, έχει επίδραση στην ασφαλή κίνηση του οχήματό",ΝΑΙ.,eval_prompt
5,EVAL_REHEARSAL_SITE,Driving Rules,greekmmlu:3693,http://www.testdriver.gr/autokinhto-etoima.php?id=13,"Ο άνεμος, σε σχέση με τις ταχύτητες που αναπτύσσονται στον αυτοκινητόδρομο, έχει επίδραση στην ασφαλή κίνηση του οχήματό",ΝΑΙ.,question
5,EVAL_REHEARSAL_SITE,Driving Rules,greekmmlu:3693,http://www.testdriver.gr/autokinhto-etoima.php?id=13,"Ο άνεμος, σε σχέση με τις ταχύτητες που αναπτύσσονται στον αυτοκινητόδρομο, έχει επίδραση στην ασφαλή κίνηση του οχήματό",ΝΑΙ.,question_all_choices
5,EVAL_REHEARSAL_SITE,Driving Rules,greekmmlu:3693,http://www.testdriver.gr/autokinhto-etoima.php?id=13,"Ο άνεμος, σε σχέση με τις ταχύτητες που αναπτύσσονται στον αυτοκινητόδρομο, έχει επίδραση στην ασφαλή κίνηση του οχήματό",ΝΑΙ.,question_correct_answer
5,EVAL_REHEARSAL_SITE,Driving Rules,greekmmlu:3696,https://testdriver.gr/autokinhto-etoima.php?id=7,"Σε διασταύρωση όπου ο σηματοδότης της πορείας σας δείχνει κόκκινο φως κυκλικής μορφής το οποίο αναβοσβήνει, ποια υποχρέω",Να ακινητοποιήσετε το όχημά σας.,question
5,EVAL_REHEARSAL_SITE,Driving Rules,greekmmlu:3696,https://testdriver.gr/autokinhto-etoima.php?id=7,"Σε διασταύρωση όπου ο σηματοδότης της πορείας σας δείχνει κόκκινο φως κυκλικής μορφής το οποίο αναβοσβήνει, ποια υποχρέω",Να ακινητοποιήσετε το όχημά σας.,question_all_choices
5,EVAL_REHEARSAL_SITE,Driving Rules,greekmmlu:3696,https://testdriver.gr/autokinhto-etoima.php?id=7,"Σε διασταύρωση όπου ο σηματοδότης της πορείας σας δείχνει κόκκινο φως κυκλικής μορφής το οποίο αναβοσβήνει, ποια υποχρέω",Να ακινητοποιήσετε το όχημά σας.,question_correct_answer
5,EVAL_REHEARSAL_SITE,Driving Rules,greekmmlu:3700,http://testdriver.gr/ru/peiforthgo.php,"Μετά την παρέλευση πενταετίας από την κτήση ΠΕΙ, ο οδηγός προκειμένου να συνεχίσει να ασκεί το επάγγελμα:",Υποχρεούται να παρακολουθήσει μαθήματα περιοδικής κατάρτισης.,question_all_choices
5,STUDY_GUIDE_HOST,Driving Rules,greekmmlu:3710,http://docplayer.gr/30443551-Simansi-otan-se-periohes-ergon-ston-aytokinitodromo-i-orizontia-simansi-symperilamvanei-aspres-kai-kitrines-grammes-taytohrona-seveste.html,Ποια υποχρέωση έχετε όταν αντιληφθείτε ότι ο οδηγός του οχήματος που ακολουθεί έχει πρόθεση να σας προσπεράσει;,Να φέρετε το όχημά σας όσο το δυνατόν πλησιέστερα στο δεξιό άκρο του οδοστρώματος και αν χρειαστεί να μειώσετε την ταχύτ,eval_prompt
5,EVAL_REHEARSAL_SITE,Driving Rules,greekmmlu:3710,http://testdriver.gr/autokinhto-etoima.php?id=27,Ποια υποχρέωση έχετε όταν αντιληφθείτε ότι ο οδηγός του οχήματος που ακολουθεί έχει πρόθεση να σας προσπεράσει;,Να φέρετε το όχημά σας όσο το δυνατόν πλησιέστερα στο δεξιό άκρο του οδοστρώματος και αν χρειαστεί να μειώσετε την ταχύτ,eval_prompt
5,EVAL_REHEARSAL_SITE,Driving Rules,greekmmlu:3710,https://testdriver.gr/autokinhto-etoima.php?id=27,Ποια υποχρέωση έχετε όταν αντιληφθείτε ότι ο οδηγός του οχήματος που ακολουθεί έχει πρόθεση να σας προσπεράσει;,Να φέρετε το όχημά σας όσο το δυνατόν πλησιέστερα στο δεξιό άκρο του οδοστρώματος και αν χρειαστεί να μειώσετε την ταχύτ,eval_prompt
5,STUDY_GUIDE_HOST,Driving Rules,greekmmlu:3710,http://docplayer.gr/30443551-Simansi-otan-se-periohes-ergon-ston-aytokinitodromo-i-orizontia-simansi-symperilamvanei-aspres-kai-kitrines-grammes-taytohrona-seveste.html,Ποια υποχρέωση έχετε όταν αντιληφθείτε ότι ο οδηγός του οχήματος που ακολουθεί έχει πρόθεση να σας προσπεράσει;,Να φέρετε το όχημά σας όσο το δυνατόν πλησιέστερα στο δεξιό άκρο του οδοστρώματος και αν χρειαστεί να μειώσετε την ταχύτ,question
5,EVAL_REHEARSAL_SITE,Driving Rules,greekmmlu:3710,http://testdriver.gr/autokinhto-etoima.php?id=27,Ποια υποχρέωση έχετε όταν αντιληφθείτε ότι ο οδηγός του οχήματος που ακολουθεί έχει πρόθεση να σας προσπεράσει;,Να φέρετε το όχημά σας όσο το δυνατόν πλησιέστερα στο δεξιό άκρο του οδοστρώματος και αν χρειαστεί να μειώσετε την ταχύτ,question
5,EVAL_REHEARSAL_SITE,Driving Rules,greekmmlu:3710,https://testdriver.gr/autokinhto-etoima.php?id=27,Ποια υποχρέωση έχετε όταν αντιληφθείτε ότι ο οδηγός του οχήματος που ακολουθεί έχει πρόθεση να σας προσπεράσει;,Να φέρετε το όχημά σας όσο το δυνατόν πλησιέστερα στο δεξιό άκρο του οδοστρώματος και αν χρειαστεί να μειώσετε την ταχύτ,question
5,STUDY_GUIDE_HOST,Driving Rules,greekmmlu:3710,http://docplayer.gr/30443551-Simansi-otan-se-periohes-ergon-ston-aytokinitodromo-i-orizontia-simansi-symperilamvanei-aspres-kai-kitrines-grammes-taytohrona-seveste.html,Ποια υποχρέωση έχετε όταν αντιληφθείτε ότι ο οδηγός του οχήματος που ακολουθεί έχει πρόθεση να σας προσπεράσει;,Να φέρετε το όχημά σας όσο το δυνατόν πλησιέστερα στο δεξιό άκρο του οδοστρώματος και αν χρειαστεί να μειώσετε την ταχύτ,question_all_choices
5,EVAL_REHEARSAL_SITE,Driving Rules,greekmmlu:3710,http://testdriver.gr/autokinhto-etoima.php?id=27,Ποια υποχρέωση έχετε όταν αντιληφθείτε ότι ο οδηγός του οχήματος που ακολουθεί έχει πρόθεση να σας προσπεράσει;,Να φέρετε το όχημά σας όσο το δυνατόν πλησιέστερα στο δεξιό άκρο του οδοστρώματος και αν χρειαστεί να μειώσετε την ταχύτ,question_all_choices
5,EVAL_REHEARSAL_SITE,Driving Rules,greekmmlu:3710,https://testdriver.gr/autokinhto-etoima.php?id=27,Ποια υποχρέωση έχετε όταν αντιληφθείτε ότι ο οδηγός του οχήματος που ακολουθεί έχει πρόθεση να σας προσπεράσει;,Να φέρετε το όχημά σας όσο το δυνατόν πλησιέστερα στο δεξιό άκρο του οδοστρώματος και αν χρειαστεί να μειώσετε την ταχύτ,question_all_choices
5,STUDY_GUIDE_HOST,Driving Rules,greekmmlu:3710,http://docplayer.gr/30443551-Simansi-otan-se-periohes-ergon-ston-aytokinitodromo-i-orizontia-simansi-symperilamvanei-aspres-kai-kitrines-grammes-taytohrona-seveste.html,Ποια υποχρέωση έχετε όταν αντιληφθείτε ότι ο οδηγός του οχήματος που ακολουθεί έχει πρόθεση να σας προσπεράσει;,Να φέρετε το όχημά σας όσο το δυνατόν πλησιέστερα στο δεξιό άκρο του οδοστρώματος και αν χρειαστεί να μειώσετε την ταχύτ,question_correct_answer
5,EVAL_REHEARSAL_SITE,Driving Rules,greekmmlu:3710,http://testdriver.gr/autokinhto-etoima.php?id=27,Ποια υποχρέωση έχετε όταν αντιληφθείτε ότι ο οδηγός του οχήματος που ακολουθεί έχει πρόθεση να σας προσπεράσει;,Να φέρετε το όχημά σας όσο το δυνατόν πλησιέστερα στο δεξιό άκρο του οδοστρώματος και αν χρειαστεί να μειώσετε την ταχύτ,question_correct_answer
5,EVAL_REHEARSAL_SITE,Driving Rules,greekmmlu:3710,https://testdriver.gr/autokinhto-etoima.php?id=27,Ποια υποχρέωση έχετε όταν αντιληφθείτε ότι ο οδηγός του οχήματος που ακολουθεί έχει πρόθεση να σας προσπεράσει;,Να φέρετε το όχημά σας όσο το δυνατόν πλησιέστερα στο δεξιό άκρο του οδοστρώματος και αν χρειαστεί να μειώσετε την ταχύτ,question_correct_answer
5,EVAL_REHEARSAL_SITE,Driving Rules,greekmmlu:3711,http://testdriver.gr/autokinhto-etoima.php?id=9,"Ποιο σφάλμα συμπεριφοράς οδηγεί, κατά το προσπέρασμα σε οδό ταχείας κυκλοφορίας χωρίς διαχωριστική νησίδα, σε σοβαρά ατυ",Η υποτίμηση της ταχύτητας των προπορευομένων οχημάτων και των αντιθέτως ερχομένων οχημάτων.,question
5,EVAL_REHEARSAL_SITE,Driving Rules,greekmmlu:3711,https://testdriver.gr/autokinhto-etoima.php?id=9,"Ποιο σφάλμα συμπεριφοράς οδηγεί, κατά το προσπέρασμα σε οδό ταχείας κυκλοφορίας χωρίς διαχωριστική νησίδα, σε σοβαρά ατυ",Η υποτίμηση της ταχύτητας των προπορευομένων οχημάτων και των αντιθέτως ερχομένων οχημάτων.,question
5,EVAL_REHEARSAL_SITE,Driving Rules,greekmmlu:3711,http://testdriver.gr/autokinhto-etoima.php?id=9,"Ποιο σφάλμα συμπεριφοράς οδηγεί, κατά το προσπέρασμα σε οδό ταχείας κυκλοφορίας χωρίς διαχωριστική νησίδα, σε σοβαρά ατυ",Η υποτίμηση της ταχύτητας των προπορευομένων οχημάτων και των αντιθέτως ερχομένων οχημάτων.,question_all_choices
5,EVAL_REHEARSAL_SITE,Driving Rules,greekmmlu:3711,http://testdriver.gr/autokinhto-etoima.php?id=9,"Ποιο σφάλμα συμπεριφοράς οδηγεί, κατά το προσπέρασμα σε οδό ταχείας κυκλοφορίας χωρίς διαχωριστική νησίδα, σε σοβαρά ατυ",Η υποτίμηση της ταχύτητας των προπορευομένων οχημάτων και των αντιθέτως ερχομένων οχημάτων.,question_correct_answer
5,EVAL_REHEARSAL_SITE,Driving Rules,greekmmlu:3711,https://testdriver.gr/autokinhto-etoima.php?id=9,"Ποιο σφάλμα συμπεριφοράς οδηγεί, κατά το προσπέρασμα σε οδό ταχείας κυκλοφορίας χωρίς διαχωριστική νησίδα, σε σοβαρά ατυ",Η υποτίμηση της ταχύτητας των προπορευομένων οχημάτων και των αντιθέτως ερχομένων οχημάτων.,question_correct_answer
5,STUDY_GUIDE_HOST,Driving Rules,greekmmlu:3713,http://docplayer.gr/30443551-Simansi-otan-se-periohes-ergon-ston-aytokinitodromo-i-orizontia-simansi-symperilamvanei-aspres-kai-kitrines-grammes-taytohrona-seveste.html,Έχετε εμπλακεί σε ένα ατύχημα μόνο με υλικές ζημιές. Θα πρέπει να ενημερώσετε τον ζημιωθέντα άμεσα ή έμμεσα μέσα σε:,24 ώρες.,eval_prompt
5,EVAL_REHEARSAL_SITE,Driving Rules,greekmmlu:3713,http://www.testdriver.gr/autokinhto-etoima.php?id=20,Έχετε εμπλακεί σε ένα ατύχημα μόνο με υλικές ζημιές. Θα πρέπει να ενημερώσετε τον ζημιωθέντα άμεσα ή έμμεσα μέσα σε:,24 ώρες.,eval_prompt
5,EVAL_REHEARSAL_SITE,Driving Rules,greekmmlu:3713,https://testdriver.gr/autokinhto-etoima.php?id=20,Έχετε εμπλακεί σε ένα ατύχημα μόνο με υλικές ζημιές. Θα πρέπει να ενημερώσετε τον ζημιωθέντα άμεσα ή έμμεσα μέσα σε:,24 ώρες.,eval_prompt
5,STUDY_GUIDE_HOST,Driving Rules,greekmmlu:3713,http://docplayer.gr/30443551-Simansi-otan-se-periohes-ergon-ston-aytokinitodromo-i-orizontia-simansi-symperilamvanei-aspres-kai-kitrines-grammes-taytohrona-seveste.html,Έχετε εμπλακεί σε ένα ατύχημα μόνο με υλικές ζημιές. Θα πρέπει να ενημερώσετε τον ζημιωθέντα άμεσα ή έμμεσα μέσα σε:,24 ώρες.,question
5,EVAL_REHEARSAL_SITE,Driving Rules,greekmmlu:3713,http://www.testdriver.gr/autokinhto-etoima.php?id=20,Έχετε εμπλακεί σε ένα ατύχημα μόνο με υλικές ζημιές. Θα πρέπει να ενημερώσετε τον ζημιωθέντα άμεσα ή έμμεσα μέσα σε:,24 ώρες.,question
5,EVAL_REHEARSAL_SITE,Driving Rules,greekmmlu:3713,https://testdriver.gr/autokinhto-etoima.php?id=20,Έχετε εμπλακεί σε ένα ατύχημα μόνο με υλικές ζημιές. Θα πρέπει να ενημερώσετε τον ζημιωθέντα άμεσα ή έμμεσα μέσα σε:,24 ώρες.,question
5,STUDY_GUIDE_HOST,Driving Rules,greekmmlu:3713,http://docplayer.gr/30443551-Simansi-otan-se-periohes-ergon-ston-aytokinitodromo-i-orizontia-simansi-symperilamvanei-aspres-kai-kitrines-grammes-taytohrona-seveste.html,Έχετε εμπλακεί σε ένα ατύχημα μόνο με υλικές ζημιές. Θα πρέπει να ενημερώσετε τον ζημιωθέντα άμεσα ή έμμεσα μέσα σε:,24 ώρες.,question_all_choices
5,EVAL_REHEARSAL_SITE,Driving Rules,greekmmlu:3713,http://www.testdriver.gr/autokinhto-etoima.php?id=20,Έχετε εμπλακεί σε ένα ατύχημα μόνο με υλικές ζημιές. Θα πρέπει να ενημερώσετε τον ζημιωθέντα άμεσα ή έμμεσα μέσα σε:,24 ώρες.,question_all_choices
5,EVAL_REHEARSAL_SITE,Driving Rules,greekmmlu:3713,https://testdriver.gr/autokinhto-etoima.php?id=20,Έχετε εμπλακεί σε ένα ατύχημα μόνο με υλικές ζημιές. Θα πρέπει να ενημερώσετε τον ζημιωθέντα άμεσα ή έμμεσα μέσα σε:,24 ώρες.,question_all_choices
5,STUDY_GUIDE_HOST,Driving Rules,greekmmlu:3713,http://docplayer.gr/30443551-Simansi-otan-se-periohes-ergon-ston-aytokinitodromo-i-orizontia-simansi-symperilamvanei-aspres-kai-kitrines-grammes-taytohrona-seveste.html,Έχετε εμπλακεί σε ένα ατύχημα μόνο με υλικές ζημιές. Θα πρέπει να ενημερώσετε τον ζημιωθέντα άμεσα ή έμμεσα μέσα σε:,24 ώρες.,question_correct_answer
5,EVAL_REHEARSAL_SITE,Driving Rules,greekmmlu:3713,http://www.testdriver.gr/autokinhto-etoima.php?id=20,Έχετε εμπλακεί σε ένα ατύχημα μόνο με υλικές ζημιές. Θα πρέπει να ενημερώσετε τον ζημιωθέντα άμεσα ή έμμεσα μέσα σε:,24 ώρες.,question_correct_answer
5,EVAL_REHEARSAL_SITE,Driving Rules,greekmmlu:3713,https://testdriver.gr/autokinhto-etoima.php?id=20,Έχετε εμπλακεί σε ένα ατύχημα μόνο με υλικές ζημιές. Θα πρέπει να ενημερώσετε τον ζημιωθέντα άμεσα ή έμμεσα μέσα σε:,24 ώρες.,question_correct_answer
5,EVAL_REHEARSAL_SITE,Driving Rules,greekmmlu:3719,http://www.testdriver.gr/autokinhto-etoima.php?id=8,Η αρνητική επίδραση των ηρεμιστικών και καταπραϋντικών φαρμάκων αυξάνεται με τη χρήση αλκοόλ;,"Ναι, και μάλιστα πολλαπλασιάζεται.",question
5,EVAL_REHEARSAL_SITE,Driving Rules,greekmmlu:3719,http://www.testdriver.gr/autokinhto-etoima.php?id=8,Η αρνητική επίδραση των ηρεμιστικών και καταπραϋντικών φαρμάκων αυξάνεται με τη χρήση αλκοόλ;,"Ναι, και μάλιστα πολλαπλασιάζεται.",question_correct_answer
5,EVAL_REHEARSAL_SITE,Driving Rules,greekmmlu:3727,https://testdriver.gr/autokinhto-etoima.php?id=16,Σε έναν δρόμο με πυκνή κυκλοφορία έχετε πάρει θέση για να στρίψετε αριστερά. Επάνω στη διασταύρωση διαπιστώνετε ότι έπρε,Στρίβετε αριστερά.,eval_prompt
5,EVAL_REHEARSAL_SITE,Driving Rules,greekmmlu:3727,https://testdriver.gr/autokinhto-etoima.php?id=16,Σε έναν δρόμο με πυκνή κυκλοφορία έχετε πάρει θέση για να στρίψετε αριστερά. Επάνω στη διασταύρωση διαπιστώνετε ότι έπρε,Στρίβετε αριστερά.,question
5,EVAL_REHEARSAL_SITE,Driving Rules,greekmmlu:3727,https://testdriver.gr/autokinhto-etoima.php?id=16,Σε έναν δρόμο με πυκνή κυκλοφορία έχετε πάρει θέση για να στρίψετε αριστερά. Επάνω στη διασταύρωση διαπιστώνετε ότι έπρε,Στρίβετε αριστερά.,question_all_choices
5,EVAL_REHEARSAL_SITE,Driving Rules,greekmmlu:3727,https://testdriver.gr/autokinhto-etoima.php?id=16,Σε έναν δρόμο με πυκνή κυκλοφορία έχετε πάρει θέση για να στρίψετε αριστερά. Επάνω στη διασταύρωση διαπιστώνετε ότι έπρε,Στρίβετε αριστερά.,question_correct_answer
5,EVAL_REHEARSAL_SITE,Driving Rules,greekmmlu:3744,http://testdriver.gr/peileoforeio.php,"Σε λεωφορεία όπου η χρήση ζώνης ασφαλείας είναι υποχρεωτική, οι επιβάτες πρέπει να ενημερώνονται γι' αυτή τους την υποχρ",Είτε από τον οδηγό είτε μέσω οπτικοακουστικών μηνυμάτων.,eval_prompt
5,EVAL_REHEARSAL_SITE,Driving Rules,greekmmlu:3744,http://testdriver.gr/peileoforeio.php,"Σε λεωφορεία όπου η χρήση ζώνης ασφαλείας είναι υποχρεωτική, οι επιβάτες πρέπει να ενημερώνονται γι' αυτή τους την υποχρ",Είτε από τον οδηγό είτε μέσω οπτικοακουστικών μηνυμάτων.,question
5,EVAL_REHEARSAL_SITE,Driving Rules,greekmmlu:3744,http://testdriver.gr/peileoforeio.php,"Σε λεωφορεία όπου η χρήση ζώνης ασφαλείας είναι υποχρεωτική, οι επιβάτες πρέπει να ενημερώνονται γι' αυτή τους την υποχρ",Είτε από τον οδηγό είτε μέσω οπτικοακουστικών μηνυμάτων.,question_all_choices
5,EVAL_REHEARSAL_SITE,Driving Rules,greekmmlu:3744,http://testdriver.gr/peileoforeio.php,"Σε λεωφορεία όπου η χρήση ζώνης ασφαλείας είναι υποχρεωτική, οι επιβάτες πρέπει να ενημερώνονται γι' αυτή τους την υποχρ",Είτε από τον οδηγό είτε μέσω οπτικοακουστικών μηνυμάτων.,question_correct_answer
5,EVAL_REHEARSAL_SITE,Driving Rules,greekmmlu:3748,http://testdriver.gr/peiforthgo.php,Το μέγεθος της ισχύος είναι:,Ο ρυθμός παραγωγής έργου.,question_all_choices
5,EVAL_REHEARSAL_SITE,Driving Rules,greekmmlu:3748,http://testdriver.gr/peileoforeio.php,Το μέγεθος της ισχύος είναι:,Ο ρυθμός παραγωγής έργου.,question_all_choices
5,EVAL_REHEARSAL_SITE,Driving Rules,greekmmlu:3752,http://testdriver.gr/mhxanh.php,Η τελευταία ενέργειά σας πριν κάνετε στροφή 180° στο δρόμο είναι:,Να κοιτάξετε επάνω από τον ώμο σας για έναν τελευταίο έλεγχο.,question_all_choices
5,STUDY_GUIDE_HOST,Driving Rules,greekmmlu:3754,http://docplayer.gr/1200098-D-symfonia-eggrafi-i-proforiki-metaxy-dyo-toylahiston-prosopon-apo-tin.html,Κατά τη μεταβίβαση οχήματος ΔΧ τι φόρος ή τέλος καταβάλλεται;,Εφόσον μεταβιβάζεται με την άδειά του καταβάλλεται εφάπαξ πάγιο ποσό φόρου από τον πωλητή και τέλη μεταβίβασης από τον α,eval_prompt
5,EVAL_REHEARSAL_SITE,Driving Rules,greekmmlu:3770,http://testdriver.gr/ru/peiforthgo.php,"Κατά τη μεταφορά κορμών δέντρου, τα οχήματα πρέπει να είναι εξοπλισμένα με παράπλευρους ορθοστάτες:",οι οποίοι πρέπει να φτάνουν μέχρι το ύψος του φορτίου,question
5,EVAL_REHEARSAL_SITE,Driving Rules,greekmmlu:3770,http://testdriver.gr/ru/peiforthgo.php,"Κατά τη μεταφορά κορμών δέντρου, τα οχήματα πρέπει να είναι εξοπλισμένα με παράπλευρους ορθοστάτες:",οι οποίοι πρέπει να φτάνουν μέχρι το ύψος του φορτίου,question_all_choices
5,EVAL_REHEARSAL_SITE,Driving Rules,greekmmlu:3770,http://testdriver.gr/ru/peiforthgo.php,"Κατά τη μεταφορά κορμών δέντρου, τα οχήματα πρέπει να είναι εξοπλισμένα με παράπλευρους ορθοστάτες:",οι οποίοι πρέπει να φτάνουν μέχρι το ύψος του φορτίου,question_correct_answer
5,STUDY_GUIDE_HOST,Driving Rules,greekmmlu:3775,http://docplayer.gr/1200098-D-symfonia-eggrafi-i-proforiki-metaxy-dyo-toylahiston-prosopon-apo-tin.html,Τα μέλη των Δευτεροβάθμιων και Τριτοβάθμιων Συνδικαλιστικών οργανώσεων είναι:,Σωματεία και Ομοσπονδίες Σωματείων ή/και Εργατικά Κέντρα,eval_prompt
5,STUDY_GUIDE_HOST,Driving Rules,greekmmlu:3783,http://docplayer.gr/1200098-D-symfonia-eggrafi-i-proforiki-metaxy-dyo-toylahiston-prosopon-apo-tin.html,Ο αποστολέας επικαλείται ζημιά στο φορτίο από υπαιτιότητα του μεταφορέα. Είναι υποχρεωμένος να αποδείξει τη ζημιά στο δι,Όχι. Ο μεταφορέας έχει ευθύνη να αποδείξει ότι δεν υπάρχει ζημιά,eval_prompt
5,EVAL_REHEARSAL_SITE,Driving Rules,greekmmlu:3784,http://testdriver.gr/peileoforeio.php,"Μεταξύ των παρακάτω περιπτώσεων, μικρότερη δύναμη απαιτείται:",Για τη διατήρηση σταθερής ταχύτητας.,question_all_choices
5,STUDY_GUIDE_HOST,Driving Rules,greekmmlu:3786,http://docplayer.gr/30443551-Simansi-otan-se-periohes-ergon-ston-aytokinitodromo-i-orizontia-simansi-symperilamvanei-aspres-kai-kitrines-grammes-taytohrona-seveste.html,"Ποια είναι η σημασία του σήματος ""ΚΟΜΒΟΣ INTERCHANGE 2000 m"" σε πράσινο φόντο;",Αναγγελία προσεγγίσεως σε ανισόπεδο κόμβο αυτοκινητόδρομου.,question_all_choices
5,EVAL_REHEARSAL_SITE,Driving Rules,greekmmlu:3786,http://testdriver.gr/autokinhto-etoima.php?id=29,"Ποια είναι η σημασία του σήματος ""ΚΟΜΒΟΣ INTERCHANGE 2000 m"" σε πράσινο φόντο;",Αναγγελία προσεγγίσεως σε ανισόπεδο κόμβο αυτοκινητόδρομου.,question_all_choices
5,EVAL_REHEARSAL_SITE,Driving Rules,greekmmlu:3789,http://testdriver.gr/autokinhto-etoima.php?id=29,"Πώς συμπεριφέρεσθε όταν, ενώ οδηγείτε νύχτα σε ελεύθερο δρόμο, αισθανθείτε συμπτώματα κοπώσεως (νύστα, ρίγος, ξάφνιασμα ",Μεριμνάτε για επαρκείς στάσεις για ξεκούραση.,question_all_choices
5,EVAL_REHEARSAL_SITE,Driving Rules,greekmmlu:3789,https://www.testdriver.gr/autokinhto-etoima.php?id=23,"Πώς συμπεριφέρεσθε όταν, ενώ οδηγείτε νύχτα σε ελεύθερο δρόμο, αισθανθείτε συμπτώματα κοπώσεως (νύστα, ρίγος, ξάφνιασμα ",Μεριμνάτε για επαρκείς στάσεις για ξεκούραση.,question_all_choices
5,STUDY_GUIDE_HOST,Driving Rules,greekmmlu:3792,http://docplayer.gr/1200098-D-symfonia-eggrafi-i-proforiki-metaxy-dyo-toylahiston-prosopon-apo-tin.html,Σε τι συνίσταται η πίστωση;,"Σε χρήμα, αγαθά και δικαιώματα",eval_prompt
5,EVAL_REHEARSAL_SITE,Driving Rules,greekmmlu:3795,http://www.testdriver.gr/autokinhto-etoima.php?id=13,"Οδηγείτε και διπλασιάζετε την ταχύτητα του οχήματός σας. Όταν το κάνετε αυτό, η απόσταση ακινητοποιήσεως κατά τον εμπειρ",Τετραπλασιασθεί.,eval_prompt
5,EVAL_REHEARSAL_SITE,Driving Rules,greekmmlu:3795,http://www.testdriver.gr/autokinhto-etoima.php?id=13,"Οδηγείτε και διπλασιάζετε την ταχύτητα του οχήματός σας. Όταν το κάνετε αυτό, η απόσταση ακινητοποιήσεως κατά τον εμπειρ",Τετραπλασιασθεί.,question
5,EVAL_REHEARSAL_SITE,Driving Rules,greekmmlu:3795,http://www.testdriver.gr/autokinhto-etoima.php?id=13,"Οδηγείτε και διπλασιάζετε την ταχύτητα του οχήματός σας. Όταν το κάνετε αυτό, η απόσταση ακινητοποιήσεως κατά τον εμπειρ",Τετραπλασιασθεί.,question_all_choices
5,EVAL_REHEARSAL_SITE,Driving Rules,greekmmlu:3795,http://www.testdriver.gr/autokinhto-etoima.php?id=13,"Οδηγείτε και διπλασιάζετε την ταχύτητα του οχήματός σας. Όταν το κάνετε αυτό, η απόσταση ακινητοποιήσεως κατά τον εμπειρ",Τετραπλασιασθεί.,question_correct_answer
5,EVAL_REHEARSAL_SITE,Driving Rules,greekmmlu:3797,http://www.testdriver.gr/autokinhto-etoima.php?id=13,Το όχημά σας έμεινε από βλάβη σε έναν επαρχιακό δρόμο. Τι πρέπει να προσέξετε κατά τη ρυμούλκηση;,"Κατά τη ρυμούλκηση να θέσετε σε λειτουργία, και στα δύο οχήματα, τα φώτα έκτακτης ανάγκης (αλάρμ).",eval_prompt
5,EVAL_REHEARSAL_SITE,Driving Rules,greekmmlu:3797,http://www.testdriver.gr/autokinhto-etoima.php?id=13,Το όχημά σας έμεινε από βλάβη σε έναν επαρχιακό δρόμο. Τι πρέπει να προσέξετε κατά τη ρυμούλκηση;,"Κατά τη ρυμούλκηση να θέσετε σε λειτουργία, και στα δύο οχήματα, τα φώτα έκτακτης ανάγκης (αλάρμ).",question
5,EVAL_REHEARSAL_SITE,Driving Rules,greekmmlu:3797,http://www.testdriver.gr/autokinhto-etoima.php?id=13,Το όχημά σας έμεινε από βλάβη σε έναν επαρχιακό δρόμο. Τι πρέπει να προσέξετε κατά τη ρυμούλκηση;,"Κατά τη ρυμούλκηση να θέσετε σε λειτουργία, και στα δύο οχήματα, τα φώτα έκτακτης ανάγκης (αλάρμ).",question_all_choices
5,EVAL_REHEARSAL_SITE,Driving Rules,greekmmlu:3797,http://www.testdriver.gr/autokinhto-etoima.php?id=13,Το όχημά σας έμεινε από βλάβη σε έναν επαρχιακό δρόμο. Τι πρέπει να προσέξετε κατά τη ρυμούλκηση;,"Κατά τη ρυμούλκηση να θέσετε σε λειτουργία, και στα δύο οχήματα, τα φώτα έκτακτης ανάγκης (αλάρμ).",question_correct_answer
5,EVAL_REHEARSAL_SITE,Driving Rules,greekmmlu:3814,http://testdriver.gr/mhxanh.php,"Μία δίκυκλη μοτοσυκλέτα που έχει κινητήρα 120 cc, κινείται σε οδό ταχείας κυκλοφορίας. Ποιο είναι το μέγιστο επιτρεπόμεν",80 km/h.,eval_prompt
5,EVAL_REHEARSAL_SITE,Driving Rules,greekmmlu:3814,http://testdriver.gr/mhxanh.php,"Μία δίκυκλη μοτοσυκλέτα που έχει κινητήρα 120 cc, κινείται σε οδό ταχείας κυκλοφορίας. Ποιο είναι το μέγιστο επιτρεπόμεν",80 km/h.,question
5,EVAL_REHEARSAL_SITE,Driving Rules,greekmmlu:3814,http://testdriver.gr/mhxanh.php,"Μία δίκυκλη μοτοσυκλέτα που έχει κινητήρα 120 cc, κινείται σε οδό ταχείας κυκλοφορίας. Ποιο είναι το μέγιστο επιτρεπόμεν",80 km/h.,question_all_choices
5,EVAL_REHEARSAL_SITE,Driving Rules,greekmmlu:3814,http://testdriver.gr/mhxanh.php,"Μία δίκυκλη μοτοσυκλέτα που έχει κινητήρα 120 cc, κινείται σε οδό ταχείας κυκλοφορίας. Ποιο είναι το μέγιστο επιτρεπόμεν",80 km/h.,question_correct_answer
5,STUDY_GUIDE_HOST,Driving Rules,greekmmlu:3819,http://docplayer.gr/1200098-D-symfonia-eggrafi-i-proforiki-metaxy-dyo-toylahiston-prosopon-apo-tin.html,"Αν ο κάτοχος επιταγής δεν προβεί σε σφράγιση ακάλυπτης επιταγής, τι δικαιώματα χάνει;",Χάνει το δικαίωμα της ποινικής δίωξης του εκδότη και της έκδοσης διαταγής πληρωμής,eval_prompt
5,STUDY_GUIDE_HOST,Driving Rules,greekmmlu:3819,http://docplayer.gr/1200098-D-symfonia-eggrafi-i-proforiki-metaxy-dyo-toylahiston-prosopon-apo-tin.html,"Αν ο κάτοχος επιταγής δεν προβεί σε σφράγιση ακάλυπτης επιταγής, τι δικαιώματα χάνει;",Χάνει το δικαίωμα της ποινικής δίωξης του εκδότη και της έκδοσης διαταγής πληρωμής,question
5,EVAL_REHEARSAL_SITE,Driving Rules,greekmmlu:3821,http://testdriver.gr/ru/peiforthgo.php,Το μηχανόφρενο (κλαπέτο) είναι επιβραδυντής που λειτουργεί με:,Μηδενισμό της παροχής πετρελαίου μέσω ποδομοχλού.,question_all_choices
5,EVAL_REHEARSAL_SITE,Driving Rules,greekmmlu:3825,http://testdriver.gr/autokinhto-etoima.php?id=5,Ποια κυρίως συνέπεια έχει η μη λειτουργία του ανεμιστήρα;,Υπερθέρμανση του κινητήρα.,question_all_choices
5,EVAL_REHEARSAL_SITE,Driving Rules,greekmmlu:3826,http://testdriver.gr/autokinhtooles-organa.php,Η χρήση ζώνης ασφαλείας είναι απαραίτητη από τους επιβάτες των πίσω καθισμάτων;,"Ναί, γιατί δεν προστατεύονται σε περίπτωση ατυχήματος.",question_all_choices
5,EVAL_REHEARSAL_SITE,Driving Rules,greekmmlu:3830,http://testdriver.gr/peileoforeio.php,Οι βασικές θέσεις ενός ψηφιακού ταχογράφου είναι:,"Διαθεσιμότητα, διάλειμμα ή ανάπαυση, άλλες εργασίες, οδήγηση.",question_all_choices
5,EVAL_REHEARSAL_SITE,Driving Rules,greekmmlu:3830,http://testdriver.gr/peileoforeio.php,Οι βασικές θέσεις ενός ψηφιακού ταχογράφου είναι:,"Διαθεσιμότητα, διάλειμμα ή ανάπαυση, άλλες εργασίες, οδήγηση.",question_correct_answer
5,EVAL_REHEARSAL_SITE,Driving Rules,greekmmlu:3832,http://testdriver.gr/ru/peiforthgo.php,Με την ενεργοποίηση του κεντρικού διακόπτη κινδύνου:,Ο κινητήρας σταματά να λειτουργεί.,question_all_choices
5,STUDY_GUIDE_HOST,Driving Rules,greekmmlu:3842,http://docplayer.gr/1200098-D-symfonia-eggrafi-i-proforiki-metaxy-dyo-toylahiston-prosopon-apo-tin.html,Πότε είναι άκυρη μία σύμβαση μεταφοράς επιβατών ή εμπορευμάτων γενικά;,Όταν λείπουν τα βασικά στοιχεία για την κατάρτιση έγκυρης σύμβασης,eval_prompt
5,EVAL_REHEARSAL_SITE,Driving Rules,greekmmlu:3844,http://testdriver.gr/ru/peiforthgo.php,«Υπερφόρτωση ενός άξονα» σημαίνει ότι έχει γίνει υπέρβαση:,Της φέρουσας ικανότητας του άξονα.,question_correct_answer
5,STUDY_GUIDE_HOST,Driving Rules,greekmmlu:3848,http://docplayer.gr/1200098-D-symfonia-eggrafi-i-proforiki-metaxy-dyo-toylahiston-prosopon-apo-tin.html,Τι δυνατότητες χρηματοδότησης έχει ο κάτοχος μεταχρονολογημένων επιταγών μέσω πιστωτικών φορέων;,Μπορεί να λάβει χρηματοδότηση μεταβιβάζοντας στην τράπεζα εισπρακτέες επιταγές,eval_prompt
5,STUDY_GUIDE_HOST,Driving Rules,greekmmlu:3850,http://docplayer.gr/1200098-D-symfonia-eggrafi-i-proforiki-metaxy-dyo-toylahiston-prosopon-apo-tin.html,Ποιες εταιρείες ονομάζονται κεφαλαιουχικές;,"η Α.Ε., η Ε.Π.Ε. και ο Συνεταιρισμός",eval_prompt
5,EVAL_REHEARSAL_SITE,Driving Rules,greekmmlu:3851,http://testdriver.gr/autokinhto-etoima.php?id=24,"Αν σε ηλεκτρικό κύκλωμα (π.χ. φώτων) του αυτοκινήτου σας είναι καμένη η ασφάλεια, τι πρέπει να κάνετε;",Να την αντικαταστήσετε με καινούργια των ίδιων ενδείξεων σε αμπέρ.,question
5,EVAL_REHEARSAL_SITE,Driving Rules,greekmmlu:3851,https://testdriver.gr/autokinhto-etoima.php?id=24,"Αν σε ηλεκτρικό κύκλωμα (π.χ. φώτων) του αυτοκινήτου σας είναι καμένη η ασφάλεια, τι πρέπει να κάνετε;",Να την αντικαταστήσετε με καινούργια των ίδιων ενδείξεων σε αμπέρ.,question
5,EVAL_REHEARSAL_SITE,Driving Rules,greekmmlu:3851,https://testdriver.gr/autokinhto-etoima.php?id=24,"Αν σε ηλεκτρικό κύκλωμα (π.χ. φώτων) του αυτοκινήτου σας είναι καμένη η ασφάλεια, τι πρέπει να κάνετε;",Να την αντικαταστήσετε με καινούργια των ίδιων ενδείξεων σε αμπέρ.,question
5,EVAL_REHEARSAL_SITE,Driving Rules,greekmmlu:3851,http://testdriver.gr/autokinhto-etoima.php?id=24,"Αν σε ηλεκτρικό κύκλωμα (π.χ. φώτων) του αυτοκινήτου σας είναι καμένη η ασφάλεια, τι πρέπει να κάνετε;",Να την αντικαταστήσετε με καινούργια των ίδιων ενδείξεων σε αμπέρ.,question_all_choices
5,EVAL_REHEARSAL_SITE,Driving Rules,greekmmlu:3851,https://testdriver.gr/autokinhto-etoima.php?id=24,"Αν σε ηλεκτρικό κύκλωμα (π.χ. φώτων) του αυτοκινήτου σας είναι καμένη η ασφάλεια, τι πρέπει να κάνετε;",Να την αντικαταστήσετε με καινούργια των ίδιων ενδείξεων σε αμπέρ.,question_all_choices
5,EVAL_REHEARSAL_SITE,Driving Rules,greekmmlu:3851,https://testdriver.gr/autokinhto-etoima.php?id=24,"Αν σε ηλεκτρικό κύκλωμα (π.χ. φώτων) του αυτοκινήτου σας είναι καμένη η ασφάλεια, τι πρέπει να κάνετε;",Να την αντικαταστήσετε με καινούργια των ίδιων ενδείξεων σε αμπέρ.,question_all_choices
5,EVAL_REHEARSAL_SITE,Driving Rules,greekmmlu:3851,http://testdriver.gr/autokinhto-etoima.php?id=24,"Αν σε ηλεκτρικό κύκλωμα (π.χ. φώτων) του αυτοκινήτου σας είναι καμένη η ασφάλεια, τι πρέπει να κάνετε;",Να την αντικαταστήσετε με καινούργια των ίδιων ενδείξεων σε αμπέρ.,question_correct_answer
5,EVAL_REHEARSAL_SITE,Driving Rules,greekmmlu:3851,https://testdriver.gr/autokinhto-etoima.php?id=24,"Αν σε ηλεκτρικό κύκλωμα (π.χ. φώτων) του αυτοκινήτου σας είναι καμένη η ασφάλεια, τι πρέπει να κάνετε;",Να την αντικαταστήσετε με καινούργια των ίδιων ενδείξεων σε αμπέρ.,question_correct_answer
5,EVAL_REHEARSAL_SITE,Driving Rules,greekmmlu:3851,https://testdriver.gr/autokinhto-etoima.php?id=24,"Αν σε ηλεκτρικό κύκλωμα (π.χ. φώτων) του αυτοκινήτου σας είναι καμένη η ασφάλεια, τι πρέπει να κάνετε;",Να την αντικαταστήσετε με καινούργια των ίδιων ενδείξεων σε αμπέρ.,question_correct_answer
5,EVAL_REHEARSAL_SITE,Driving Rules,greekmmlu:3860,http://testdriver.gr/peileoforeio.php,Αντιλαμβάνεστε πως κάποιο όχημα προσπαθεί να σας προσπεράσει και ο οδηγός του αντιμετωπίζει πρόβλημα ορατότητας. Εσείς:,Μειώνετε ταχύτητα και πλησιάζετε το δεξιό άκρο του οδοστρώματος.,question
5,EVAL_REHEARSAL_SITE,Driving Rules,greekmmlu:3860,http://testdriver.gr/peileoforeio.php,Αντιλαμβάνεστε πως κάποιο όχημα προσπαθεί να σας προσπεράσει και ο οδηγός του αντιμετωπίζει πρόβλημα ορατότητας. Εσείς:,Μειώνετε ταχύτητα και πλησιάζετε το δεξιό άκρο του οδοστρώματος.,question_all_choices
5,EVAL_REHEARSAL_SITE,Driving Rules,greekmmlu:3860,http://testdriver.gr/peileoforeio.php,Αντιλαμβάνεστε πως κάποιο όχημα προσπαθεί να σας προσπεράσει και ο οδηγός του αντιμετωπίζει πρόβλημα ορατότητας. Εσείς:,Μειώνετε ταχύτητα και πλησιάζετε το δεξιό άκρο του οδοστρώματος.,question_correct_answer
5,EVAL_REHEARSAL_SITE,Driving Rules,greekmmlu:3865,http://testdriver.gr/peileoforeio.php,"Σε ξαφνική ριπή ανατολικού ανέμου, συνιστάται:",Ελαφρά στροφή του τιμονιού προς τα ανατολικά.,question_correct_answer
5,EVAL_REHEARSAL_SITE,Driving Rules,greekmmlu:3866,http://testdriver.gr/peiforthgo.php,Η δωρεάν διευκόλυνση της μεταφοράς και προώθησης λαθρομετανάστη στο εσωτερικό της χώρας:,Αποτελεί αδίκημα.,question_all_choices
5,EVAL_REHEARSAL_SITE,Driving Rules,greekmmlu:3866,http://testdriver.gr/peiforthgo.php,Η δωρεάν διευκόλυνση της μεταφοράς και προώθησης λαθρομετανάστη στο εσωτερικό της χώρας:,Αποτελεί αδίκημα.,question_correct_answer
5,EVAL_REHEARSAL_SITE,Driving Rules,greekmmlu:3872,http://www.testdriver.gr/autokinhto-etoima.php?id=8,Σε ποιες περιπτώσεις μπορεί δυνατός πλευρικός άνεμος να γίνει ιδιαίτερα επικίνδυνος;,Κατά το προσπέρασμα συρμών.,question_all_choices
5,EVAL_REHEARSAL_SITE,Driving Rules,greekmmlu:3872,http://www.testdriver.gr/autokinhto-etoima.php?id=8,Σε ποιες περιπτώσεις μπορεί δυνατός πλευρικός άνεμος να γίνει ιδιαίτερα επικίνδυνος;,Κατά το προσπέρασμα συρμών.,question_correct_answer
5,EVAL_REHEARSAL_SITE,Driving Rules,greekmmlu:3874,http://www.testdriver.gr/autokinhto-etoima.php?id=11,"Αν το όριο δεν καθορίζεται με ειδικές πινακίδες, ποιο είναι το ανώτατο επιτρεπόμενο όριο ταχύτητας των επιβατηγών αυτοκι",90 km/h.,eval_prompt
5,EVAL_REHEARSAL_SITE,Driving Rules,greekmmlu:3874,http://www.testdriver.gr/autokinhto-etoima.php?id=11,"Αν το όριο δεν καθορίζεται με ειδικές πινακίδες, ποιο είναι το ανώτατο επιτρεπόμενο όριο ταχύτητας των επιβατηγών αυτοκι",90 km/h.,question
5,EVAL_REHEARSAL_SITE,Driving Rules,greekmmlu:3874,http://www.testdriver.gr/autokinhto-etoima.php?id=11,"Αν το όριο δεν καθορίζεται με ειδικές πινακίδες, ποιο είναι το ανώτατο επιτρεπόμενο όριο ταχύτητας των επιβατηγών αυτοκι",90 km/h.,question_all_choices
5,EVAL_REHEARSAL_SITE,Driving Rules,greekmmlu:3874,http://www.testdriver.gr/autokinhto-etoima.php?id=11,"Αν το όριο δεν καθορίζεται με ειδικές πινακίδες, ποιο είναι το ανώτατο επιτρεπόμενο όριο ταχύτητας των επιβατηγών αυτοκι",90 km/h.,question_correct_answer
5,EVAL_REHEARSAL_SITE,Driving Rules,greekmmlu:3882,http://testdriver.gr/autokinhto-etoima.php?id=21,"Ένα αυτοκίνητο που σας ακολουθεί ετοιμάζεται να σας προσπεράσει, ενώ στο οδόστρωμα υπάρχουν βέλη συμπτύξεως στο ρεύμα κυ",Διατηρείτε σταθερή ταχύτητα και στην ανάγκη επιβραδύνετε.,eval_prompt
5,EVAL_REHEARSAL_SITE,Driving Rules,greekmmlu:3882,http://testdriver.gr/autokinhto-etoima.php?id=21,"Ένα αυτοκίνητο που σας ακολουθεί ετοιμάζεται να σας προσπεράσει, ενώ στο οδόστρωμα υπάρχουν βέλη συμπτύξεως στο ρεύμα κυ",Διατηρείτε σταθερή ταχύτητα και στην ανάγκη επιβραδύνετε.,eval_prompt
5,EVAL_REHEARSAL_SITE,Driving Rules,greekmmlu:3882,http://testdriver.gr/autokinhto-etoima.php?id=21,"Ένα αυτοκίνητο που σας ακολουθεί ετοιμάζεται να σας προσπεράσει, ενώ στο οδόστρωμα υπάρχουν βέλη συμπτύξεως στο ρεύμα κυ",Διατηρείτε σταθερή ταχύτητα και στην ανάγκη επιβραδύνετε.,question
5,EVAL_REHEARSAL_SITE,Driving Rules,greekmmlu:3882,http://testdriver.gr/autokinhto-etoima.php?id=21,"Ένα αυτοκίνητο που σας ακολουθεί ετοιμάζεται να σας προσπεράσει, ενώ στο οδόστρωμα υπάρχουν βέλη συμπτύξεως στο ρεύμα κυ",Διατηρείτε σταθερή ταχύτητα και στην ανάγκη επιβραδύνετε.,question
5,EVAL_REHEARSAL_SITE,Driving Rules,greekmmlu:3882,http://testdriver.gr/autokinhto-etoima.php?id=21,"Ένα αυτοκίνητο που σας ακολουθεί ετοιμάζεται να σας προσπεράσει, ενώ στο οδόστρωμα υπάρχουν βέλη συμπτύξεως στο ρεύμα κυ",Διατηρείτε σταθερή ταχύτητα και στην ανάγκη επιβραδύνετε.,question_all_choices
5,EVAL_REHEARSAL_SITE,Driving Rules,greekmmlu:3882,http://testdriver.gr/autokinhto-etoima.php?id=21,"Ένα αυτοκίνητο που σας ακολουθεί ετοιμάζεται να σας προσπεράσει, ενώ στο οδόστρωμα υπάρχουν βέλη συμπτύξεως στο ρεύμα κυ",Διατηρείτε σταθερή ταχύτητα και στην ανάγκη επιβραδύνετε.,question_all_choices
5,EVAL_REHEARSAL_SITE,Driving Rules,greekmmlu:3882,http://testdriver.gr/autokinhto-etoima.php?id=21,"Ένα αυτοκίνητο που σας ακολουθεί ετοιμάζεται να σας προσπεράσει, ενώ στο οδόστρωμα υπάρχουν βέλη συμπτύξεως στο ρεύμα κυ",Διατηρείτε σταθερή ταχύτητα και στην ανάγκη επιβραδύνετε.,question_correct_answer
5,EVAL_REHEARSAL_SITE,Driving Rules,greekmmlu:3882,http://testdriver.gr/autokinhto-etoima.php?id=21,"Ένα αυτοκίνητο που σας ακολουθεί ετοιμάζεται να σας προσπεράσει, ενώ στο οδόστρωμα υπάρχουν βέλη συμπτύξεως στο ρεύμα κυ",Διατηρείτε σταθερή ταχύτητα και στην ανάγκη επιβραδύνετε.,question_correct_answer
5,STUDY_GUIDE_HOST,Driving Rules,greekmmlu:3884,http://docplayer.gr/1200098-D-symfonia-eggrafi-i-proforiki-metaxy-dyo-toylahiston-prosopon-apo-tin.html,Η συμμετοχή του εργαζομένου σε απεργία που κηρύχθηκε νομίμως από τη συνδικαλιστική του οργάνωση είναι:,Προαιρετική,eval_prompt
5,STUDY_GUIDE_HOST,Driving Rules,greekmmlu:3884,http://docplayer.gr/1200098-D-symfonia-eggrafi-i-proforiki-metaxy-dyo-toylahiston-prosopon-apo-tin.html,Η συμμετοχή του εργαζομένου σε απεργία που κηρύχθηκε νομίμως από τη συνδικαλιστική του οργάνωση είναι:,Προαιρετική,question
5,STUDY_GUIDE_HOST,Driving Rules,greekmmlu:3884,http://docplayer.gr/1200098-D-symfonia-eggrafi-i-proforiki-metaxy-dyo-toylahiston-prosopon-apo-tin.html,Η συμμετοχή του εργαζομένου σε απεργία που κηρύχθηκε νομίμως από τη συνδικαλιστική του οργάνωση είναι:,Προαιρετική,question_correct_answer
5,EVAL_REHEARSAL_SITE,Driving Rules,greekmmlu:3889,http://www.testdriver.gr/autokinhto-etoima.php?id=20,Μετά από μια μεγάλη περίοδο ξηρασίας ένας δρόμος είναι πιθανό να είναι πιο ολισθηρός:,Όταν αρχίσει να βρέχει.,question
5,EVAL_REHEARSAL_SITE,Driving Rules,greekmmlu:3889,https://testdriver.gr/autokinhto-etoima.php?id=20,Μετά από μια μεγάλη περίοδο ξηρασίας ένας δρόμος είναι πιθανό να είναι πιο ολισθηρός:,Όταν αρχίσει να βρέχει.,question
5,EVAL_REHEARSAL_SITE,Driving Rules,greekmmlu:3889,http://www.testdriver.gr/autokinhto-etoima.php?id=20,Μετά από μια μεγάλη περίοδο ξηρασίας ένας δρόμος είναι πιθανό να είναι πιο ολισθηρός:,Όταν αρχίσει να βρέχει.,question_all_choices
5,EVAL_REHEARSAL_SITE,Driving Rules,greekmmlu:3889,https://testdriver.gr/autokinhto-etoima.php?id=20,Μετά από μια μεγάλη περίοδο ξηρασίας ένας δρόμος είναι πιθανό να είναι πιο ολισθηρός:,Όταν αρχίσει να βρέχει.,question_all_choices
5,EVAL_REHEARSAL_SITE,Driving Rules,greekmmlu:3889,http://www.testdriver.gr/autokinhto-etoima.php?id=20,Μετά από μια μεγάλη περίοδο ξηρασίας ένας δρόμος είναι πιθανό να είναι πιο ολισθηρός:,Όταν αρχίσει να βρέχει.,question_correct_answer
5,EVAL_REHEARSAL_SITE,Driving Rules,greekmmlu:3889,https://testdriver.gr/autokinhto-etoima.php?id=20,Μετά από μια μεγάλη περίοδο ξηρασίας ένας δρόμος είναι πιθανό να είναι πιο ολισθηρός:,Όταν αρχίσει να βρέχει.,question_correct_answer
5,EVAL_REHEARSAL_SITE,Driving Rules,greekmmlu:3894,http://testdriver.gr/peiforthgo.php,Το μέγεθος της ειδικής κατανάλωσης είναι:,Η ποσότητα του καυσίμου που καταναλώνεται σε μία ώρα οδήγησης.,question_all_choices
5,EVAL_REHEARSAL_SITE,Driving Rules,greekmmlu:3894,http://testdriver.gr/peileoforeio.php,Το μέγεθος της ειδικής κατανάλωσης είναι:,Η ποσότητα του καυσίμου που καταναλώνεται σε μία ώρα οδήγησης.,question_all_choices
5,EVAL_REHEARSAL_SITE,Driving Rules,greekmmlu:3902,http://testdriver.gr/ru/peiforthgo.php,Η συνδυασμένη μεταφορά εμπορευμάτων πραγματοποιείται:,στον ίδιο ή σε διαφορετικό γεωγραφικό χώρο με δύο τουλάχιστον ετερογενή μεταφορικά μέσα,question_correct_answer
5,EVAL_REHEARSAL_SITE,Driving Rules,greekmmlu:3910,http://www.testdriver.gr/autokinhto-etoima.php?id=11,"Σε ισόπεδο κυκλικό κόμβο, χωρίς σήμανση, ποιοι έχουν προτεραιότητα;",Εκείνοι που μπαίνουν στον κόμβο.,question_all_choices
5,STUDY_GUIDE_HOST,Driving Rules,greekmmlu:3915,http://docplayer.gr/1200098-D-symfonia-eggrafi-i-proforiki-metaxy-dyo-toylahiston-prosopon-apo-tin.html,Πότε αποδίδεται ο ΦΠΑ από τις επιχειρήσεις που τηρούν βιβλία Γ΄ κατηγορίας;,Κάθε μήνα και μέχρι την 20ή ημέρα του επόμενου μήνα με περιοδική δήλωση,eval_prompt
5,EVAL_REHEARSAL_SITE,Driving Rules,greekmmlu:3917,http://testdriver.gr/autokinhto-etoima.php?id=29,"Σε περίπτωση που αντιληφθείτε ότι ο ποδομοχλός φρένων παρουσιάζει μεγάλη ελαστικότητα, ποιο από τα παρακάτω αίτια είναι ",Να έχετε διαρροή υγρών των φρένων ή η στάθμη υγρών των φρένων να είναι πολύ χαμηλή.,eval_prompt
5,EVAL_REHEARSAL_SITE,Driving Rules,greekmmlu:3917,http://testdriver.gr/autokinhto-etoima.php?id=29,"Σε περίπτωση που αντιληφθείτε ότι ο ποδομοχλός φρένων παρουσιάζει μεγάλη ελαστικότητα, ποιο από τα παρακάτω αίτια είναι ",Να έχετε διαρροή υγρών των φρένων ή η στάθμη υγρών των φρένων να είναι πολύ χαμηλή.,question
5,EVAL_REHEARSAL_SITE,Driving Rules,greekmmlu:3917,http://testdriver.gr/autokinhto-etoima.php?id=29,"Σε περίπτωση που αντιληφθείτε ότι ο ποδομοχλός φρένων παρουσιάζει μεγάλη ελαστικότητα, ποιο από τα παρακάτω αίτια είναι ",Να έχετε διαρροή υγρών των φρένων ή η στάθμη υγρών των φρένων να είναι πολύ χαμηλή.,question_all_choices
5,EVAL_REHEARSAL_SITE,Driving Rules,greekmmlu:3917,http://testdriver.gr/autokinhto-etoima.php?id=29,"Σε περίπτωση που αντιληφθείτε ότι ο ποδομοχλός φρένων παρουσιάζει μεγάλη ελαστικότητα, ποιο από τα παρακάτω αίτια είναι ",Να έχετε διαρροή υγρών των φρένων ή η στάθμη υγρών των φρένων να είναι πολύ χαμηλή.,question_correct_answer
5,EVAL_REHEARSAL_SITE,Driving Rules,greekmmlu:3918,http://testdriver.gr/peileoforeio.php,Το Π.Ε.Ι. πρέπει να ανανεώνεται κάθε:,5 χρόνια.,question_all_choices
5,EVAL_REHEARSAL_SITE,Driving Rules,greekmmlu:3924,https://testdriver.gr/autokinhto-etoima.php?id=16,Σε ποια περίπτωση επιτρέπεται η στάθμευση αυτοκινήτου παραπλεύρως άλλου κανονικά σταθμευμένου κατά μήκος του δρόμου;,Μόνο αν το επιτρέπει ειδική σήμανση.,question
5,EVAL_REHEARSAL_SITE,Driving Rules,greekmmlu:3924,https://testdriver.gr/autokinhto-etoima.php?id=16,Σε ποια περίπτωση επιτρέπεται η στάθμευση αυτοκινήτου παραπλεύρως άλλου κανονικά σταθμευμένου κατά μήκος του δρόμου;,Μόνο αν το επιτρέπει ειδική σήμανση.,question_correct_answer
5,EVAL_REHEARSAL_SITE,Driving Rules,greekmmlu:3926,http://www.testdriver.gr/autokinhto-etoima.php?id=18,"Σε ποια θέση σε μονόδρομο επιτρέπεται η στάθμευση οχημάτων, αν δεν υπάρχει απαγορευτική πινακίδα;",Και στην αριστερή και στη δεξιά άκρη του δρόμου.,question
5,EVAL_REHEARSAL_SITE,Driving Rules,greekmmlu:3926,http://www.testdriver.gr/autokinhto-etoima.php?id=18,"Σε ποια θέση σε μονόδρομο επιτρέπεται η στάθμευση οχημάτων, αν δεν υπάρχει απαγορευτική πινακίδα;",Και στην αριστερή και στη δεξιά άκρη του δρόμου.,question
5,EVAL_REHEARSAL_SITE,Driving Rules,greekmmlu:3926,http://www.testdriver.gr/autokinhto-etoima.php?id=18,"Σε ποια θέση σε μονόδρομο επιτρέπεται η στάθμευση οχημάτων, αν δεν υπάρχει απαγορευτική πινακίδα;",Και στην αριστερή και στη δεξιά άκρη του δρόμου.,question_all_choices
5,EVAL_REHEARSAL_SITE,Driving Rules,greekmmlu:3934,http://testdriver.gr/autokinhto-etoima.php?id=5,Η απόσταση ακινητοποιήσεως αντιστοιχεί στον αριθμό των μέτρων που διήνυσε το όχημά σας κατά τη διάρκεια των χρόνων αντιδ,ΝΑΙ.,eval_prompt
5,EVAL_REHEARSAL_SITE,Driving Rules,greekmmlu:3934,http://testdriver.gr/autokinhto-etoima.php?id=5,Η απόσταση ακινητοποιήσεως αντιστοιχεί στον αριθμό των μέτρων που διήνυσε το όχημά σας κατά τη διάρκεια των χρόνων αντιδ,ΝΑΙ.,question
5,EVAL_REHEARSAL_SITE,Driving Rules,greekmmlu:3934,http://testdriver.gr/autokinhto-etoima.php?id=5,Η απόσταση ακινητοποιήσεως αντιστοιχεί στον αριθμό των μέτρων που διήνυσε το όχημά σας κατά τη διάρκεια των χρόνων αντιδ,ΝΑΙ.,question_all_choices
5,EVAL_REHEARSAL_SITE,Driving Rules,greekmmlu:3934,http://testdriver.gr/autokinhto-etoima.php?id=5,Η απόσταση ακινητοποιήσεως αντιστοιχεί στον αριθμό των μέτρων που διήνυσε το όχημά σας κατά τη διάρκεια των χρόνων αντιδ,ΝΑΙ.,question_correct_answer
5,STUDY_GUIDE_HOST,Driving Rules,greekmmlu:3935,http://docplayer.gr/1200098-D-symfonia-eggrafi-i-proforiki-metaxy-dyo-toylahiston-prosopon-apo-tin.html,Ποια είναι τα κυριότερα αξιόγραφα;,"Η συναλλαγματική, το γραμμάτιο σε διαταγή και η επιταγή",eval_prompt
5,EVAL_REHEARSAL_SITE,Driving Rules,greekmmlu:3936,http://testdriver.gr/ru/peiforthgo.php,"Αν ένα σώμα κινείται ευθύγραμμα και ασκήσουμε σε αυτό μία δύναμη κάθετη στην τροχιά του, τότε το σώμα θα αρχίσει να:",Διαγράφει καμπύλη τροχιά.,eval_prompt
5,EVAL_REHEARSAL_SITE,Driving Rules,greekmmlu:3936,http://testdriver.gr/ru/peiforthgo.php,"Αν ένα σώμα κινείται ευθύγραμμα και ασκήσουμε σε αυτό μία δύναμη κάθετη στην τροχιά του, τότε το σώμα θα αρχίσει να:",Διαγράφει καμπύλη τροχιά.,question
5,EVAL_REHEARSAL_SITE,Driving Rules,greekmmlu:3936,http://testdriver.gr/ru/peiforthgo.php,"Αν ένα σώμα κινείται ευθύγραμμα και ασκήσουμε σε αυτό μία δύναμη κάθετη στην τροχιά του, τότε το σώμα θα αρχίσει να:",Διαγράφει καμπύλη τροχιά.,question_all_choices
5,EVAL_REHEARSAL_SITE,Driving Rules,greekmmlu:3936,http://testdriver.gr/ru/peiforthgo.php,"Αν ένα σώμα κινείται ευθύγραμμα και ασκήσουμε σε αυτό μία δύναμη κάθετη στην τροχιά του, τότε το σώμα θα αρχίσει να:",Διαγράφει καμπύλη τροχιά.,question_correct_answer
5,STUDY_GUIDE_HOST,Driving Rules,greekmmlu:3937,http://docplayer.gr/1200098-D-symfonia-eggrafi-i-proforiki-metaxy-dyo-toylahiston-prosopon-apo-tin.html,Ποιες είναι οι προϋποθέσεις για την υπαγωγή εργαζομένου στον ασφαλιστικό του φορέα;,Η παροχή εξαρτημένης εργασίας έναντι αμοιβής κατά κύριο επάγγελμα,eval_prompt
5,EVAL_REHEARSAL_SITE,Driving Rules,greekmmlu:3946,https://testdriver.gr/autokinhto-etoima.php?id=7,Η εκπομπή καπνού από έναν πετρελαιοκινητήρα ενός επιβατηγού μπορεί να οφείλεται σε:,Βλάβη στο σύστημα ψεκασμού.,question_all_choices
5,EVAL_REHEARSAL_SITE,Driving Rules,greekmmlu:3949,http://testdriver.gr/autokinhto-etoima.php?id=24,Μία λωρίδα επιταχύνσεως είναι:,Μία λωρίδα που επιτρέπει την ασφαλή είσοδο σε αυτοκινητόδρομο ή σε οδό ταχείας κυκλοφορίας.,question_all_choices
5,EVAL_REHEARSAL_SITE,Driving Rules,greekmmlu:3949,http://testdriver.gr/autokinhto-etoima.php?id=24,Μία λωρίδα επιταχύνσεως είναι:,Μία λωρίδα που επιτρέπει την ασφαλή είσοδο σε αυτοκινητόδρομο ή σε οδό ταχείας κυκλοφορίας.,question_correct_answer
5,EVAL_REHEARSAL_SITE,Driving Rules,greekmmlu:3949,https://testdriver.gr/autokinhto-etoima.php?id=24,Μία λωρίδα επιταχύνσεως είναι:,Μία λωρίδα που επιτρέπει την ασφαλή είσοδο σε αυτοκινητόδρομο ή σε οδό ταχείας κυκλοφορίας.,question_correct_answer
5,EVAL_REHEARSAL_SITE,Driving Rules,greekmmlu:3949,https://testdriver.gr/autokinhto-etoima.php?id=24,Μία λωρίδα επιταχύνσεως είναι:,Μία λωρίδα που επιτρέπει την ασφαλή είσοδο σε αυτοκινητόδρομο ή σε οδό ταχείας κυκλοφορίας.,question_correct_answer
5,EVAL_REHEARSAL_SITE,Driving Rules,greekmmlu:3954,http://testdriver.gr/autokinhto-etoima.php?id=17,Σε ποια περίπτωση μπορούν οι αρχές να διατάξουν την επανεξέταση στην οδήγηση ενός προσώπου που έχει άδεια οδήγησης;,Αν υπάρχουν αμφιβολίες για την ικανότητα να οδηγεί.,question
5,EVAL_REHEARSAL_SITE,Driving Rules,greekmmlu:3954,http://testdriver.gr/autokinhto-etoima.php?id=17,Σε ποια περίπτωση μπορούν οι αρχές να διατάξουν την επανεξέταση στην οδήγηση ενός προσώπου που έχει άδεια οδήγησης;,Αν υπάρχουν αμφιβολίες για την ικανότητα να οδηγεί.,question_all_choices
5,EVAL_REHEARSAL_SITE,Driving Rules,greekmmlu:3954,http://testdriver.gr/autokinhto-etoima.php?id=17,Σε ποια περίπτωση μπορούν οι αρχές να διατάξουν την επανεξέταση στην οδήγηση ενός προσώπου που έχει άδεια οδήγησης;,Αν υπάρχουν αμφιβολίες για την ικανότητα να οδηγεί.,question_correct_answer
5,EVAL_REHEARSAL_SITE,Driving Rules,greekmmlu:3958,https://testdriver.gr/autokinhto-etoima.php?id=16,"Ένας τροχονόμος ρυθμίζει την κυκλοφορία σε μία διασταύρωση, αν και ο φωτεινός σηματοδότης λειτουργεί. Συμμορφώνεστε με:",Τα σήματα του τροχονόμου.,question
5,EVAL_REHEARSAL_SITE,Driving Rules,greekmmlu:3958,https://testdriver.gr/autokinhto-etoima.php?id=16,"Ένας τροχονόμος ρυθμίζει την κυκλοφορία σε μία διασταύρωση, αν και ο φωτεινός σηματοδότης λειτουργεί. Συμμορφώνεστε με:",Τα σήματα του τροχονόμου.,question_all_choices
5,EVAL_REHEARSAL_SITE,Driving Rules,greekmmlu:3958,https://testdriver.gr/autokinhto-etoima.php?id=16,"Ένας τροχονόμος ρυθμίζει την κυκλοφορία σε μία διασταύρωση, αν και ο φωτεινός σηματοδότης λειτουργεί. Συμμορφώνεστε με:",Τα σήματα του τροχονόμου.,question_correct_answer
5,EVAL_REHEARSAL_SITE,Driving Rules,greekmmlu:3961,http://www.testdriver.gr/autokinhto-etoima.php?id=20,"Σε ποια περίπτωση, όταν βγαίνετε από σειρά σταθμευμένων αυτοκινήτων, επιτρέπεται να διακόψετε το ρεύμα κυκλοφορίας;",Σε καμία περίπτωση.,question
5,EVAL_REHEARSAL_SITE,Driving Rules,greekmmlu:3961,https://testdriver.gr/autokinhto-etoima.php?id=20,"Σε ποια περίπτωση, όταν βγαίνετε από σειρά σταθμευμένων αυτοκινήτων, επιτρέπεται να διακόψετε το ρεύμα κυκλοφορίας;",Σε καμία περίπτωση.,question
5,EVAL_REHEARSAL_SITE,Driving Rules,greekmmlu:3961,https://testdriver.gr/autokinhto-etoima.php?id=7,"Σε ποια περίπτωση, όταν βγαίνετε από σειρά σταθμευμένων αυτοκινήτων, επιτρέπεται να διακόψετε το ρεύμα κυκλοφορίας;",Σε καμία περίπτωση.,question
5,EVAL_REHEARSAL_SITE,Driving Rules,greekmmlu:3961,http://www.testdriver.gr/autokinhto-etoima.php?id=20,"Σε ποια περίπτωση, όταν βγαίνετε από σειρά σταθμευμένων αυτοκινήτων, επιτρέπεται να διακόψετε το ρεύμα κυκλοφορίας;",Σε καμία περίπτωση.,question_all_choices
5,EVAL_REHEARSAL_SITE,Driving Rules,greekmmlu:3961,https://testdriver.gr/autokinhto-etoima.php?id=7,"Σε ποια περίπτωση, όταν βγαίνετε από σειρά σταθμευμένων αυτοκινήτων, επιτρέπεται να διακόψετε το ρεύμα κυκλοφορίας;",Σε καμία περίπτωση.,question_all_choices
5,EVAL_REHEARSAL_SITE,Driving Rules,greekmmlu:3961,http://www.testdriver.gr/autokinhto-etoima.php?id=20,"Σε ποια περίπτωση, όταν βγαίνετε από σειρά σταθμευμένων αυτοκινήτων, επιτρέπεται να διακόψετε το ρεύμα κυκλοφορίας;",Σε καμία περίπτωση.,question_correct_answer
5,EVAL_REHEARSAL_SITE,Driving Rules,greekmmlu:3961,https://testdriver.gr/autokinhto-etoima.php?id=20,"Σε ποια περίπτωση, όταν βγαίνετε από σειρά σταθμευμένων αυτοκινήτων, επιτρέπεται να διακόψετε το ρεύμα κυκλοφορίας;",Σε καμία περίπτωση.,question_correct_answer
5,EVAL_REHEARSAL_SITE,Driving Rules,greekmmlu:3961,https://testdriver.gr/autokinhto-etoima.php?id=7,"Σε ποια περίπτωση, όταν βγαίνετε από σειρά σταθμευμένων αυτοκινήτων, επιτρέπεται να διακόψετε το ρεύμα κυκλοφορίας;",Σε καμία περίπτωση.,question_correct_answer
5,EVAL_REHEARSAL_SITE,Driving Rules,greekmmlu:3964,http://www.testdriver.gr/autokinhto-etoima.php?id=18,Η ευθυγράμμιση και η ζυγοστάθμιση των τροχών είναι εργασίες που ο ίδιος ο οδηγός μπορεί να πραγματοποιήσει;,ΟΧΙ.,eval_prompt
5,EVAL_REHEARSAL_SITE,Driving Rules,greekmmlu:3964,http://www.testdriver.gr/autokinhto-etoima.php?id=18,Η ευθυγράμμιση και η ζυγοστάθμιση των τροχών είναι εργασίες που ο ίδιος ο οδηγός μπορεί να πραγματοποιήσει;,ΟΧΙ.,eval_prompt
5,EVAL_REHEARSAL_SITE,Driving Rules,greekmmlu:3964,http://www.testdriver.gr/autokinhto-etoima.php?id=18,Η ευθυγράμμιση και η ζυγοστάθμιση των τροχών είναι εργασίες που ο ίδιος ο οδηγός μπορεί να πραγματοποιήσει;,ΟΧΙ.,question
5,EVAL_REHEARSAL_SITE,Driving Rules,greekmmlu:3964,http://www.testdriver.gr/autokinhto-etoima.php?id=18,Η ευθυγράμμιση και η ζυγοστάθμιση των τροχών είναι εργασίες που ο ίδιος ο οδηγός μπορεί να πραγματοποιήσει;,ΟΧΙ.,question
5,EVAL_REHEARSAL_SITE,Driving Rules,greekmmlu:3964,http://www.testdriver.gr/autokinhto-etoima.php?id=18,Η ευθυγράμμιση και η ζυγοστάθμιση των τροχών είναι εργασίες που ο ίδιος ο οδηγός μπορεί να πραγματοποιήσει;,ΟΧΙ.,question_all_choices
5,EVAL_REHEARSAL_SITE,Driving Rules,greekmmlu:3964,http://www.testdriver.gr/autokinhto-etoima.php?id=18,Η ευθυγράμμιση και η ζυγοστάθμιση των τροχών είναι εργασίες που ο ίδιος ο οδηγός μπορεί να πραγματοποιήσει;,ΟΧΙ.,question_all_choices
5,EVAL_REHEARSAL_SITE,Driving Rules,greekmmlu:3964,http://www.testdriver.gr/autokinhto-etoima.php?id=18,Η ευθυγράμμιση και η ζυγοστάθμιση των τροχών είναι εργασίες που ο ίδιος ο οδηγός μπορεί να πραγματοποιήσει;,ΟΧΙ.,question_correct_answer
5,EVAL_REHEARSAL_SITE,Driving Rules,greekmmlu:3964,http://www.testdriver.gr/autokinhto-etoima.php?id=18,Η ευθυγράμμιση και η ζυγοστάθμιση των τροχών είναι εργασίες που ο ίδιος ο οδηγός μπορεί να πραγματοποιήσει;,ΟΧΙ.,question_correct_answer
5,STUDY_GUIDE_HOST,Driving Rules,greekmmlu:3967,http://docplayer.gr/1200098-D-symfonia-eggrafi-i-proforiki-metaxy-dyo-toylahiston-prosopon-apo-tin.html,Ποιος χορηγεί στελέχη επιταγών στους εμπόρους;,Οι Τράπεζες στους πελάτες τους που έχουν σ' αυτές καταθέσεις όψεως,eval_prompt
5,EVAL_REHEARSAL_SITE,Driving Rules,greekmmlu:3972,http://www.testdriver.gr/autokinhto-etoima.php?id=18,"Όταν σταματάτε σε κόκκινο φανάρι, ποια είναι η σωστή θέση του οχήματός σας;",Πριν τον σηματοδότη και το μπροστινό μέρος του οχήματος να μην καλύπτει καθόλου τη γραμμή διακοπής πορείας πριν τη διάβα,eval_prompt
5,EVAL_REHEARSAL_SITE,Driving Rules,greekmmlu:3972,http://www.testdriver.gr/autokinhto-etoima.php?id=18,"Όταν σταματάτε σε κόκκινο φανάρι, ποια είναι η σωστή θέση του οχήματός σας;",Πριν τον σηματοδότη και το μπροστινό μέρος του οχήματος να μην καλύπτει καθόλου τη γραμμή διακοπής πορείας πριν τη διάβα,eval_prompt
5,EVAL_REHEARSAL_SITE,Driving Rules,greekmmlu:3972,http://www.testdriver.gr/autokinhto-etoima.php?id=18,"Όταν σταματάτε σε κόκκινο φανάρι, ποια είναι η σωστή θέση του οχήματός σας;",Πριν τον σηματοδότη και το μπροστινό μέρος του οχήματος να μην καλύπτει καθόλου τη γραμμή διακοπής πορείας πριν τη διάβα,question
5,EVAL_REHEARSAL_SITE,Driving Rules,greekmmlu:3972,http://www.testdriver.gr/autokinhto-etoima.php?id=18,"Όταν σταματάτε σε κόκκινο φανάρι, ποια είναι η σωστή θέση του οχήματός σας;",Πριν τον σηματοδότη και το μπροστινό μέρος του οχήματος να μην καλύπτει καθόλου τη γραμμή διακοπής πορείας πριν τη διάβα,question
5,EVAL_REHEARSAL_SITE,Driving Rules,greekmmlu:3972,http://www.testdriver.gr/autokinhto-etoima.php?id=18,"Όταν σταματάτε σε κόκκινο φανάρι, ποια είναι η σωστή θέση του οχήματός σας;",Πριν τον σηματοδότη και το μπροστινό μέρος του οχήματος να μην καλύπτει καθόλου τη γραμμή διακοπής πορείας πριν τη διάβα,question_all_choices
5,EVAL_REHEARSAL_SITE,Driving Rules,greekmmlu:3972,http://www.testdriver.gr/autokinhto-etoima.php?id=18,"Όταν σταματάτε σε κόκκινο φανάρι, ποια είναι η σωστή θέση του οχήματός σας;",Πριν τον σηματοδότη και το μπροστινό μέρος του οχήματος να μην καλύπτει καθόλου τη γραμμή διακοπής πορείας πριν τη διάβα,question_all_choices
5,EVAL_REHEARSAL_SITE,Driving Rules,greekmmlu:3972,http://www.testdriver.gr/autokinhto-etoima.php?id=18,"Όταν σταματάτε σε κόκκινο φανάρι, ποια είναι η σωστή θέση του οχήματός σας;",Πριν τον σηματοδότη και το μπροστινό μέρος του οχήματος να μην καλύπτει καθόλου τη γραμμή διακοπής πορείας πριν τη διάβα,question_correct_answer
5,EVAL_REHEARSAL_SITE,Driving Rules,greekmmlu:3972,http://www.testdriver.gr/autokinhto-etoima.php?id=18,"Όταν σταματάτε σε κόκκινο φανάρι, ποια είναι η σωστή θέση του οχήματός σας;",Πριν τον σηματοδότη και το μπροστινό μέρος του οχήματος να μην καλύπτει καθόλου τη γραμμή διακοπής πορείας πριν τη διάβα,question_correct_answer
5,EVAL_REHEARSAL_SITE,Driving Rules,greekmmlu:3975,http://testdriver.gr/autokinhto-etoima.php?id=17,"Αν σε ένα οδόστρωμα διπλής κατευθύνσεως, χωρίζει τις κατευθύνσεις κυκλοφορίας λευκή συνεχής γραμμή, επιτρέπεται η υπέρβα","Όχι, σε καμία περίπτωση.",question
5,STUDY_GUIDE_HOST,Driving Rules,greekmmlu:3975,http://docplayer.gr/30443551-Simansi-otan-se-periohes-ergon-ston-aytokinitodromo-i-orizontia-simansi-symperilamvanei-aspres-kai-kitrines-grammes-taytohrona-seveste.html,"Αν σε ένα οδόστρωμα διπλής κατευθύνσεως, χωρίζει τις κατευθύνσεις κυκλοφορίας λευκή συνεχής γραμμή, επιτρέπεται η υπέρβα","Όχι, σε καμία περίπτωση.",question_all_choices
5,EVAL_REHEARSAL_SITE,Driving Rules,greekmmlu:3975,http://testdriver.gr/autokinhto-etoima.php?id=17,"Αν σε ένα οδόστρωμα διπλής κατευθύνσεως, χωρίζει τις κατευθύνσεις κυκλοφορίας λευκή συνεχής γραμμή, επιτρέπεται η υπέρβα","Όχι, σε καμία περίπτωση.",question_all_choices
5,EVAL_REHEARSAL_SITE,Driving Rules,greekmmlu:3975,http://testdriver.gr/autokinhto-etoima.php?id=17,"Αν σε ένα οδόστρωμα διπλής κατευθύνσεως, χωρίζει τις κατευθύνσεις κυκλοφορίας λευκή συνεχής γραμμή, επιτρέπεται η υπέρβα","Όχι, σε καμία περίπτωση.",question_correct_answer
5,EVAL_REHEARSAL_SITE,Driving Rules,greekmmlu:3977,http://testdriver.gr/ru/peiforthgo.php,Διάλειμμα είναι κάθε περίοδος κατά τη διάρκεια της οποίας ο οδηγός δεν επιτρέπεται να οδηγεί ή να:,Εκτελεί κάποια άλλη εργασία.,question
5,EVAL_REHEARSAL_SITE,Driving Rules,greekmmlu:3977,http://testdriver.gr/ru/peiforthgo.php,Διάλειμμα είναι κάθε περίοδος κατά τη διάρκεια της οποίας ο οδηγός δεν επιτρέπεται να οδηγεί ή να:,Εκτελεί κάποια άλλη εργασία.,question_all_choices
5,EVAL_REHEARSAL_SITE,Driving Rules,greekmmlu:3977,http://testdriver.gr/ru/peiforthgo.php,Διάλειμμα είναι κάθε περίοδος κατά τη διάρκεια της οποίας ο οδηγός δεν επιτρέπεται να οδηγεί ή να:,Εκτελεί κάποια άλλη εργασία.,question_correct_answer
5,EVAL_REHEARSAL_SITE,Driving Rules,greekmmlu:3980,http://testdriver.gr/autokinhto-etoima.php?id=17,Πινακίδες με κόκκινο κυκλικό περίγραμμα υποδηλώνουν:,Περιορισμό ή απαγόρευση.,question_all_choices
5,EVAL_REHEARSAL_SITE,Driving Rules,greekmmlu:3981,https://testdriver.gr/autokinhto-etoima.php?id=7,"Πώς μπορείτε, ιδιαίτερα μέσα στην πόλη, να συμπεριφέρεστε έτσι, ώστε να εξοικονομείτε καύσιμο και να προστατεύετε το περ",Να οδηγείτε με προνοητικότητα για να αποφεύγετε τις περιττές επιταχύνσεις ή το άσκοπο φρενάρισμα.,question_correct_answer
5,EVAL_REHEARSAL_SITE,Driving Rules,greekmmlu:3989,http://testdriver.gr/ru/peiforthgo.php,Ο κεντρικός άξονας μετάδοσης κίνησης συνδέει:,Το κιβώτιο ταχυτήτων (σασμάν) με το διαφορικό.,question_correct_answer
5,EVAL_REHEARSAL_SITE,Driving Rules,greekmmlu:3991,http://testdriver.gr/autokinhto-etoima.php?id=17,Πώς αντιλαμβάνεστε κυρίως ότι ο ανεμιστήρας δεν λειτουργεί;,Από τις ενδείξεις του δείκτη θερμοκρασίας.,question_all_choices
5,EVAL_REHEARSAL_SITE,Driving Rules,greekmmlu:3991,http://testdriver.gr/autokinhto-etoima.php?id=17,Πώς αντιλαμβάνεστε κυρίως ότι ο ανεμιστήρας δεν λειτουργεί;,Από τις ενδείξεις του δείκτη θερμοκρασίας.,question_correct_answer
5,STUDY_GUIDE_HOST,Driving Rules,greekmmlu:3993,http://docplayer.gr/1200098-D-symfonia-eggrafi-i-proforiki-metaxy-dyo-toylahiston-prosopon-apo-tin.html,Οι προϋποθέσεις κήρυξης της πτώχευσης είναι οι εξής:,"η πτωχευτική ικανότητα, η παύση των πληρωμών και η έκδοση δικαστικής απόφασης που κηρύσσει την πτώχευση",eval_prompt
5,STUDY_GUIDE_HOST,Driving Rules,greekmmlu:3993,http://docplayer.gr/1200098-D-symfonia-eggrafi-i-proforiki-metaxy-dyo-toylahiston-prosopon-apo-tin.html,Οι προϋποθέσεις κήρυξης της πτώχευσης είναι οι εξής:,"η πτωχευτική ικανότητα, η παύση των πληρωμών και η έκδοση δικαστικής απόφασης που κηρύσσει την πτώχευση",question_correct_answer
5,EVAL_REHEARSAL_SITE,Driving Rules,greekmmlu:3999,http://testdriver.gr/autokinhto-etoima.php?id=29,Εάν συγκεντρώσετε το ανώτατο όριο βαθμών ποινής:,Σας αφαιρείται η άδεια οδηγήσεως και για να οδηγήσετε ξανά πρέπει να ξαναδώσετε εξετάσεις.,question_all_choices
5,EVAL_REHEARSAL_SITE,Driving Rules,greekmmlu:3999,http://testdriver.gr/autokinhto-etoima.php?id=29,Εάν συγκεντρώσετε το ανώτατο όριο βαθμών ποινής:,Σας αφαιρείται η άδεια οδηγήσεως και για να οδηγήσετε ξανά πρέπει να ξαναδώσετε εξετάσεις.,question_correct_answer
5,EVAL_REHEARSAL_SITE,Driving Rules,greekmmlu:3999,http://www.testdriver.gr/autokinhto-etoima.php?id=8,Εάν συγκεντρώσετε το ανώτατο όριο βαθμών ποινής:,Σας αφαιρείται η άδεια οδηγήσεως και για να οδηγήσετε ξανά πρέπει να ξαναδώσετε εξετάσεις.,question_correct_answer
5,EVAL_REHEARSAL_SITE,Driving Rules,greekmmlu:4010,http://testdriver.gr/autokinhto-etoima.php?id=21,Σε ποια περίπτωση πρέπει να δηλώσετε στην Υπηρεσία έκδοσης αδειών κυκλοφορίας τις τροποποιήσεις (που τυχόν γίνονται) στο,Στην περίπτωση αλλαγής χρωματισμού.,question_correct_answer
5,STUDY_GUIDE_HOST,Driving Rules,greekmmlu:4015,http://docplayer.gr/1200098-D-symfonia-eggrafi-i-proforiki-metaxy-dyo-toylahiston-prosopon-apo-tin.html,Το ουσιαστικό γνώρισμα της αφανούς (συμμετοχικής) εταιρίας είναι ότι:,ούτε υποβάλλεται σε δημοσιότητα ούτε διαθέτει εταιρική επωνυμία,eval_prompt
5,EVAL_REHEARSAL_SITE,Driving Rules,greekmmlu:4016,http://testdriver.gr/peileoforeio.php,Η διάρκεια της περιοδικής κατάρτισης ορίζεται σε:,35 ώρες.,question_all_choices
5,EVAL_REHEARSAL_SITE,Driving Rules,greekmmlu:4019,http://www.testdriver.gr/autokinhto-etoima.php?id=20,"Όταν αφήνετε το όχημά σας κατά μήκος του πεζοδρομίου, όσο χρόνο χρειάζεστε για να φορτώσετε ή να ξεφορτώσετε τις αποσκευ",Πρόκειται για μια στάση.,question
5,EVAL_REHEARSAL_SITE,Driving Rules,greekmmlu:4019,https://testdriver.gr/autokinhto-etoima.php?id=20,"Όταν αφήνετε το όχημά σας κατά μήκος του πεζοδρομίου, όσο χρόνο χρειάζεστε για να φορτώσετε ή να ξεφορτώσετε τις αποσκευ",Πρόκειται για μια στάση.,question
5,EVAL_REHEARSAL_SITE,Driving Rules,greekmmlu:4019,http://www.testdriver.gr/autokinhto-etoima.php?id=20,"Όταν αφήνετε το όχημά σας κατά μήκος του πεζοδρομίου, όσο χρόνο χρειάζεστε για να φορτώσετε ή να ξεφορτώσετε τις αποσκευ",Πρόκειται για μια στάση.,question_all_choices
5,EVAL_REHEARSAL_SITE,Driving Rules,greekmmlu:4019,https://testdriver.gr/autokinhto-etoima.php?id=20,"Όταν αφήνετε το όχημά σας κατά μήκος του πεζοδρομίου, όσο χρόνο χρειάζεστε για να φορτώσετε ή να ξεφορτώσετε τις αποσκευ",Πρόκειται για μια στάση.,question_all_choices
5,EVAL_REHEARSAL_SITE,Driving Rules,greekmmlu:4019,http://www.testdriver.gr/autokinhto-etoima.php?id=20,"Όταν αφήνετε το όχημά σας κατά μήκος του πεζοδρομίου, όσο χρόνο χρειάζεστε για να φορτώσετε ή να ξεφορτώσετε τις αποσκευ",Πρόκειται για μια στάση.,question_correct_answer
5,EVAL_REHEARSAL_SITE,Driving Rules,greekmmlu:4019,https://testdriver.gr/autokinhto-etoima.php?id=20,"Όταν αφήνετε το όχημά σας κατά μήκος του πεζοδρομίου, όσο χρόνο χρειάζεστε για να φορτώσετε ή να ξεφορτώσετε τις αποσκευ",Πρόκειται για μια στάση.,question_correct_answer
5,STUDY_GUIDE_HOST,Driving Rules,greekmmlu:4022,http://docplayer.gr/1200098-D-symfonia-eggrafi-i-proforiki-metaxy-dyo-toylahiston-prosopon-apo-tin.html,Το χαρακτηριστικό γνώρισμα της Ε.Ε. είναι ότι:,"η ευθύνη των ομόρρυθμων εταίρων είναι απεριόριστη και εις ολόκληρον, ενώ των ετερόρρυθμων εταίρων είναι περιορισμένη",eval_prompt
5,STUDY_GUIDE_HOST,Driving Rules,greekmmlu:4022,http://docplayer.gr/1200098-D-symfonia-eggrafi-i-proforiki-metaxy-dyo-toylahiston-prosopon-apo-tin.html,Το χαρακτηριστικό γνώρισμα της Ε.Ε. είναι ότι:,"η ευθύνη των ομόρρυθμων εταίρων είναι απεριόριστη και εις ολόκληρον, ενώ των ετερόρρυθμων εταίρων είναι περιορισμένη",question_correct_answer
5,EVAL_REHEARSAL_SITE,Driving Rules,greekmmlu:4025,http://testdriver.gr/mhxanh.php,Πιστεύετε ότι τα φώτα της μοτοσυκλέτας πρέπει να είναι αναμμένα και κατά τη διάρκεια της ημέρας;,"Ναι, γιατί έτσι γίνεται ευκολότερα αντιληπτή από τους οδηγούς των άλλων οχημάτων.",question
5,EVAL_REHEARSAL_SITE,Driving Rules,greekmmlu:4025,http://testdriver.gr/mhxanh.php,Πιστεύετε ότι τα φώτα της μοτοσυκλέτας πρέπει να είναι αναμμένα και κατά τη διάρκεια της ημέρας;,"Ναι, γιατί έτσι γίνεται ευκολότερα αντιληπτή από τους οδηγούς των άλλων οχημάτων.",question_all_choices
5,EVAL_REHEARSAL_SITE,Driving Rules,greekmmlu:4025,http://testdriver.gr/mhxanh.php,Πιστεύετε ότι τα φώτα της μοτοσυκλέτας πρέπει να είναι αναμμένα και κατά τη διάρκεια της ημέρας;,"Ναι, γιατί έτσι γίνεται ευκολότερα αντιληπτή από τους οδηγούς των άλλων οχημάτων.",question_correct_answer
5,EVAL_REHEARSAL_SITE,Driving Rules,greekmmlu:4028,http://testdriver.gr/autokinhto-etoima.php?id=5,Σε περίπτωση βλάβης του συστήματος πέδησης:,"Βάζετε χαμηλότερη ταχύτητα, χρησιμοποιείτε το χειρόφρενο πατώντας συνεχώς το κουμπί, ψάχνετε για περιοχή με ελεύθερο χώρ",eval_prompt
5,EVAL_REHEARSAL_SITE,Driving Rules,greekmmlu:4028,http://testdriver.gr/autokinhto-etoima.php?id=5,Σε περίπτωση βλάβης του συστήματος πέδησης:,"Βάζετε χαμηλότερη ταχύτητα, χρησιμοποιείτε το χειρόφρενο πατώντας συνεχώς το κουμπί, ψάχνετε για περιοχή με ελεύθερο χώρ",question_all_choices
5,EVAL_REHEARSAL_SITE,Driving Rules,greekmmlu:4028,http://testdriver.gr/autokinhto-etoima.php?id=5,Σε περίπτωση βλάβης του συστήματος πέδησης:,"Βάζετε χαμηλότερη ταχύτητα, χρησιμοποιείτε το χειρόφρενο πατώντας συνεχώς το κουμπί, ψάχνετε για περιοχή με ελεύθερο χώρ",question_correct_answer
5,EVAL_REHEARSAL_SITE,Driving Rules,greekmmlu:4030,http://testdriver.gr/peileoforeio.php,"Με το Σύστημα Άμεσης Πληρωμής, αποζημιώνεται από την ασφαλιστική του εταιρεία ο οδηγός που:",Δεν είναι υπεύθυνος και για ποσό που αντιστοιχεί στις ζημιές που του προκλήθηκαν.,question
5,EVAL_REHEARSAL_SITE,Driving Rules,greekmmlu:4030,http://testdriver.gr/peileoforeio.php,"Με το Σύστημα Άμεσης Πληρωμής, αποζημιώνεται από την ασφαλιστική του εταιρεία ο οδηγός που:",Δεν είναι υπεύθυνος και για ποσό που αντιστοιχεί στις ζημιές που του προκλήθηκαν.,question_all_choices
5,EVAL_REHEARSAL_SITE,Driving Rules,greekmmlu:4030,http://testdriver.gr/peileoforeio.php,"Με το Σύστημα Άμεσης Πληρωμής, αποζημιώνεται από την ασφαλιστική του εταιρεία ο οδηγός που:",Δεν είναι υπεύθυνος και για ποσό που αντιστοιχεί στις ζημιές που του προκλήθηκαν.,question_correct_answer
5,EVAL_REHEARSAL_SITE,Driving Rules,greekmmlu:4032,http://testdriver.gr/ru/peiforthgo.php,"Τι πρέπει να κάνει ο μεταφορέας στην περίπτωση που, για οποιονδήποτε λόγο, δεν μπορεί να φθάσει στον προορισμό του σύμφω",Να ζητήσει οδηγίες από τον αποστολέα,eval_prompt
5,EVAL_REHEARSAL_SITE,Driving Rules,greekmmlu:4032,http://testdriver.gr/ru/peiforthgo.php,"Τι πρέπει να κάνει ο μεταφορέας στην περίπτωση που, για οποιονδήποτε λόγο, δεν μπορεί να φθάσει στον προορισμό του σύμφω",Να ζητήσει οδηγίες από τον αποστολέα,question
5,EVAL_REHEARSAL_SITE,Driving Rules,greekmmlu:4032,http://testdriver.gr/ru/peiforthgo.php,"Τι πρέπει να κάνει ο μεταφορέας στην περίπτωση που, για οποιονδήποτε λόγο, δεν μπορεί να φθάσει στον προορισμό του σύμφω",Να ζητήσει οδηγίες από τον αποστολέα,question_all_choices
5,EVAL_REHEARSAL_SITE,Driving Rules,greekmmlu:4032,http://testdriver.gr/ru/peiforthgo.php,"Τι πρέπει να κάνει ο μεταφορέας στην περίπτωση που, για οποιονδήποτε λόγο, δεν μπορεί να φθάσει στον προορισμό του σύμφω",Να ζητήσει οδηγίες από τον αποστολέα,question_correct_answer
5,EVAL_REHEARSAL_SITE,Driving Rules,greekmmlu:4037,https://testdriver.gr/autokinhto-etoima.php?id=7,"Σε διασταυρώσεις που υπάρχουν διαβάσεις πεζών και η κυκλοφορία δεν ρυθμίζεται από τροχονόμο ή σηματοδότες, ποιοι έχουν π",Οι πεζοί.,eval_prompt
5,EVAL_REHEARSAL_SITE,Driving Rules,greekmmlu:4037,https://testdriver.gr/autokinhto-etoima.php?id=7,"Σε διασταυρώσεις που υπάρχουν διαβάσεις πεζών και η κυκλοφορία δεν ρυθμίζεται από τροχονόμο ή σηματοδότες, ποιοι έχουν π",Οι πεζοί.,question
5,EVAL_REHEARSAL_SITE,Driving Rules,greekmmlu:4037,https://testdriver.gr/autokinhto-etoima.php?id=7,"Σε διασταυρώσεις που υπάρχουν διαβάσεις πεζών και η κυκλοφορία δεν ρυθμίζεται από τροχονόμο ή σηματοδότες, ποιοι έχουν π",Οι πεζοί.,question_all_choices
5,EVAL_REHEARSAL_SITE,Driving Rules,greekmmlu:4037,https://testdriver.gr/autokinhto-etoima.php?id=7,"Σε διασταυρώσεις που υπάρχουν διαβάσεις πεζών και η κυκλοφορία δεν ρυθμίζεται από τροχονόμο ή σηματοδότες, ποιοι έχουν π",Οι πεζοί.,question_correct_answer
5,STUDY_GUIDE_HOST,Driving Rules,greekmmlu:4041,http://docplayer.gr/1200098-D-symfonia-eggrafi-i-proforiki-metaxy-dyo-toylahiston-prosopon-apo-tin.html,Επιτρέπεται η έκδοση μεταχρονολογημένων επιταγών;,"Παρά το ότι η επιταγή είναι πληρωτέα με την εμφάνισή της, οι συναλλακτικές συνθήκες αποδέχονται τις μεταχρονολογημένες ε",eval_prompt
5,STUDY_GUIDE_HOST,Driving Rules,greekmmlu:4041,http://docplayer.gr/1200098-D-symfonia-eggrafi-i-proforiki-metaxy-dyo-toylahiston-prosopon-apo-tin.html,Επιτρέπεται η έκδοση μεταχρονολογημένων επιταγών;,"Παρά το ότι η επιταγή είναι πληρωτέα με την εμφάνισή της, οι συναλλακτικές συνθήκες αποδέχονται τις μεταχρονολογημένες ε",question_correct_answer
5,EVAL_REHEARSAL_SITE,Driving Rules,greekmmlu:4072,https://www.testdriver.gr/autokinhto-etoima.php?id=23,Τι είδους ελαστικά πρέπει να τοποθετείτε στο αυτοκίνητό σας;,Αυτά που συστήνει ο κατασκευαστής του αυτοκινήτου.,question_correct_answer
3,REGULATION_SOURCE,Law,greekmmlu:16591,http://www.opengov.gr/ynanp/?p=1510,Να επιλέξετε το σωστό:,"Μετά το πέρας των εξετάσεων, οι οποίες μπορεί να διαρκέσουν μέχρι και τρεις εργάσιμες ημέρες, ο πρόεδρος της επιτροπής σ",eval_prompt
3,REGULATION_SOURCE,Law,greekmmlu:16591,http://www.opengov.gr/ynanp/?p=1510,Να επιλέξετε το σωστό:,"Μετά το πέρας των εξετάσεων, οι οποίες μπορεί να διαρκέσουν μέχρι και τρεις εργάσιμες ημέρες, ο πρόεδρος της επιτροπής σ",question_all_choices
3,REGULATION_SOURCE,Law,greekmmlu:16591,https://elinyae.gr/index.php/ethniki-nomothesia/ya-105862021-fek-2654b-1862021,Να επιλέξετε το σωστό:,"Μετά το πέρας των εξετάσεων, οι οποίες μπορεί να διαρκέσουν μέχρι και τρεις εργάσιμες ημέρες, ο πρόεδρος της επιτροπής σ",question_all_choices
3,REGULATION_SOURCE,Law,greekmmlu:16591,http://www.opengov.gr/ynanp/?p=1510,Να επιλέξετε το σωστό:,"Μετά το πέρας των εξετάσεων, οι οποίες μπορεί να διαρκέσουν μέχρι και τρεις εργάσιμες ημέρες, ο πρόεδρος της επιτροπής σ",question_correct_answer
3,REGULATION_SOURCE,Law,greekmmlu:16591,https://elinyae.gr/index.php/ethniki-nomothesia/ya-105862021-fek-2654b-1862021,Να επιλέξετε το σωστό:,"Μετά το πέρας των εξετάσεων, οι οποίες μπορεί να διαρκέσουν μέχρι και τρεις εργάσιμες ημέρες, ο πρόεδρος της επιτροπής σ",question_correct_answer
5,STUDY_GUIDE_HOST,Law,greekmmlu:16594,http://docplayer.gr/9065231-Erotiseis-ypopsifion-heiriston-tahyploon-skafon.html,Ο Διεθνής Κανονισμός προς Αποφυγή Συγκρούσεων στη θάλασσα (Δ.Κ.Α.Σ.) ισχύει:,Τόσο στην ανοικτή θάλασσα όσο και στα ύδατα που συγκοινωνούν με αυτήν.,eval_prompt
3,REGULATION_SOURCE,Law,greekmmlu:16607,http://www.opengov.gr/ynanp/?p=1510,Να επιλέξετε το σωστό,"Ο υποψήφιος ναυαγοσώστης πρέπει, μεταξύ άλλων, να προσκομίσει σε Λιμενική Αρχή φωτοαντίγραφο του δελτίου ταυτότητάς του ",eval_prompt
3,REGULATION_SOURCE,Law,greekmmlu:16607,http://www.opengov.gr/ynanp/?p=1510,Να επιλέξετε το σωστό,"Ο υποψήφιος ναυαγοσώστης πρέπει, μεταξύ άλλων, να προσκομίσει σε Λιμενική Αρχή φωτοαντίγραφο του δελτίου ταυτότητάς του ",question_all_choices
3,REGULATION_SOURCE,Law,greekmmlu:16607,http://www.opengov.gr/ynanp/?p=1510,Να επιλέξετε το σωστό,"Ο υποψήφιος ναυαγοσώστης πρέπει, μεταξύ άλλων, να προσκομίσει σε Λιμενική Αρχή φωτοαντίγραφο του δελτίου ταυτότητάς του ",question_correct_answer
3,REGULATION_SOURCE,Law,greekmmlu:16613,http://www.opengov.gr/ynanp/?p=1510,"Σε περίπτωση που, για λόγους ανωτέρας βίας, καταστεί αδύνατη η διενέργεια εξετάσεων στην προκαθορισμένη, για τον σκοπό α","Την αμέσως επόμενη εργάσιμη ημέρα, κατά την οποία οι ανωτέρω λόγοι πάψουν να συντρέχουν.",question
3,REGULATION_SOURCE,Law,greekmmlu:16613,https://elinyae.gr/index.php/ethniki-nomothesia/ya-105862021-fek-2654b-1862021,"Σε περίπτωση που, για λόγους ανωτέρας βίας, καταστεί αδύνατη η διενέργεια εξετάσεων στην προκαθορισμένη, για τον σκοπό α","Την αμέσως επόμενη εργάσιμη ημέρα, κατά την οποία οι ανωτέρω λόγοι πάψουν να συντρέχουν.",question
1,OTHER_GENERIC,Law,greekmmlu:16613,https://www.politischios.gr/koinonia/tis-tetartes-oi-exetaseis-gia-diploma-heiristi-tahyplooy,"Σε περίπτωση που, για λόγους ανωτέρας βίας, καταστεί αδύνατη η διενέργεια εξετάσεων στην προκαθορισμένη, για τον σκοπό α","Την αμέσως επόμενη εργάσιμη ημέρα, κατά την οποία οι ανωτέρω λόγοι πάψουν να συντρέχουν.",question
3,REGULATION_SOURCE,Law,greekmmlu:16613,http://www.opengov.gr/ynanp/?p=1510,"Σε περίπτωση που, για λόγους ανωτέρας βίας, καταστεί αδύνατη η διενέργεια εξετάσεων στην προκαθορισμένη, για τον σκοπό α","Την αμέσως επόμενη εργάσιμη ημέρα, κατά την οποία οι ανωτέρω λόγοι πάψουν να συντρέχουν.",question_all_choices
3,REGULATION_SOURCE,Law,greekmmlu:16613,http://www.opengov.gr/ynanp/?p=1510,"Σε περίπτωση που, για λόγους ανωτέρας βίας, καταστεί αδύνατη η διενέργεια εξετάσεων στην προκαθορισμένη, για τον σκοπό α","Την αμέσως επόμενη εργάσιμη ημέρα, κατά την οποία οι ανωτέρω λόγοι πάψουν να συντρέχουν.",question_correct_answer
3,REGULATION_SOURCE,Law,greekmmlu:16616,https://elinyae.gr/index.php/ethniki-nomothesia/ya-105862021-fek-2654b-1862021,"Ο υποψήφιος έχει δικαίωμα επανεξέτασης στις πρακτικές εξετάσεις και στις αθλητικές δοκιμασίες, χωρίς να επανεξετάζεται σ",Ενός (1) έτους από την ημερομηνία της πρώτης αποτυχίας του.,eval_prompt
3,REGULATION_SOURCE,Law,greekmmlu:16616,http://www.opengov.gr/ynanp/?p=1510,"Ο υποψήφιος έχει δικαίωμα επανεξέτασης στις πρακτικές εξετάσεις και στις αθλητικές δοκιμασίες, χωρίς να επανεξετάζεται σ",Ενός (1) έτους από την ημερομηνία της πρώτης αποτυχίας του.,question
3,REGULATION_SOURCE,Law,greekmmlu:16616,https://elinyae.gr/index.php/ethniki-nomothesia/ya-105862021-fek-2654b-1862021,"Ο υποψήφιος έχει δικαίωμα επανεξέτασης στις πρακτικές εξετάσεις και στις αθλητικές δοκιμασίες, χωρίς να επανεξετάζεται σ",Ενός (1) έτους από την ημερομηνία της πρώτης αποτυχίας του.,question
3,REGULATION_SOURCE,Law,greekmmlu:16616,https://elinyae.gr/index.php/ethniki-nomothesia/ya-105862021-fek-2654b-1862021,"Ο υποψήφιος έχει δικαίωμα επανεξέτασης στις πρακτικές εξετάσεις και στις αθλητικές δοκιμασίες, χωρίς να επανεξετάζεται σ",Ενός (1) έτους από την ημερομηνία της πρώτης αποτυχίας του.,question_all_choices
3,REGULATION_SOURCE,Law,greekmmlu:16616,https://elinyae.gr/index.php/ethniki-nomothesia/ya-105862021-fek-2654b-1862021,"Ο υποψήφιος έχει δικαίωμα επανεξέτασης στις πρακτικές εξετάσεις και στις αθλητικές δοκιμασίες, χωρίς να επανεξετάζεται σ",Ενός (1) έτους από την ημερομηνία της πρώτης αποτυχίας του.,question_correct_answer
3,REGULATION_SOURCE,Law,greekmmlu:16617,https://elinyae.gr/index.php/ethniki-nomothesia/ya-105862021-fek-2654b-1862021,"Ο υποψήφιος έχει δικαίωμα επανεξέτασης στις πρακτικές εξετάσεις και στις αθλητικές δοκιμασίες, χωρίς να επανεξετάζεται σ",Ενός (01) έτους από την ημερομηνία της πρώτης αποτυχίας του.,eval_prompt
3,REGULATION_SOURCE,Law,greekmmlu:16617,http://www.opengov.gr/ynanp/?p=1510,"Ο υποψήφιος έχει δικαίωμα επανεξέτασης στις πρακτικές εξετάσεις και στις αθλητικές δοκιμασίες, χωρίς να επανεξετάζεται σ",Ενός (01) έτους από την ημερομηνία της πρώτης αποτυχίας του.,question
3,REGULATION_SOURCE,Law,greekmmlu:16617,https://elinyae.gr/index.php/ethniki-nomothesia/ya-105862021-fek-2654b-1862021,"Ο υποψήφιος έχει δικαίωμα επανεξέτασης στις πρακτικές εξετάσεις και στις αθλητικές δοκιμασίες, χωρίς να επανεξετάζεται σ",Ενός (01) έτους από την ημερομηνία της πρώτης αποτυχίας του.,question
3,REGULATION_SOURCE,Law,greekmmlu:16617,http://www.opengov.gr/ynanp/?p=1510,"Ο υποψήφιος έχει δικαίωμα επανεξέτασης στις πρακτικές εξετάσεις και στις αθλητικές δοκιμασίες, χωρίς να επανεξετάζεται σ",Ενός (01) έτους από την ημερομηνία της πρώτης αποτυχίας του.,question_all_choices
3,REGULATION_SOURCE,Law,greekmmlu:16617,https://elinyae.gr/index.php/ethniki-nomothesia/ya-105862021-fek-2654b-1862021,"Ο υποψήφιος έχει δικαίωμα επανεξέτασης στις πρακτικές εξετάσεις και στις αθλητικές δοκιμασίες, χωρίς να επανεξετάζεται σ",Ενός (01) έτους από την ημερομηνία της πρώτης αποτυχίας του.,question_all_choices
3,REGULATION_SOURCE,Law,greekmmlu:16617,http://www.opengov.gr/ynanp/?p=1510,"Ο υποψήφιος έχει δικαίωμα επανεξέτασης στις πρακτικές εξετάσεις και στις αθλητικές δοκιμασίες, χωρίς να επανεξετάζεται σ",Ενός (01) έτους από την ημερομηνία της πρώτης αποτυχίας του.,question_correct_answer
3,REGULATION_SOURCE,Law,greekmmlu:16617,https://elinyae.gr/index.php/ethniki-nomothesia/ya-105862021-fek-2654b-1862021,"Ο υποψήφιος έχει δικαίωμα επανεξέτασης στις πρακτικές εξετάσεις και στις αθλητικές δοκιμασίες, χωρίς να επανεξετάζεται σ",Ενός (01) έτους από την ημερομηνία της πρώτης αποτυχίας του.,question_correct_answer
1,NEWS_OR_PRESS,Law,greekmmlu:16618,https://santorinipress.gr/tag/nikos-syrmalenios/,"Οι φορείς διαχείρισης λουτρικών εγκαταστάσεων (ενδεικτικά Δήμοι ή Οργανισμοί Λιμένα ή Λιμενικά Ταμεία ή η ""Εταιρεία Ακιν","Δύο (2) σημαντήρες, χρώματος πορτοκαλί, με σχοινί μήκους τουλάχιστον πενήντα (50) μέτρων και διαμέτρου τουλάχιστον 10 mm",eval_prompt
1,NEWS_OR_PRESS,Law,greekmmlu:16618,https://santorinipress.gr/tag/nikos-syrmalenios/,"Οι φορείς διαχείρισης λουτρικών εγκαταστάσεων (ενδεικτικά Δήμοι ή Οργανισμοί Λιμένα ή Λιμενικά Ταμεία ή η ""Εταιρεία Ακιν","Δύο (2) σημαντήρες, χρώματος πορτοκαλί, με σχοινί μήκους τουλάχιστον πενήντα (50) μέτρων και διαμέτρου τουλάχιστον 10 mm",question
1,NEWS_OR_PRESS,Law,greekmmlu:16618,https://santorinipress.gr/tag/nikos-syrmalenios/,"Οι φορείς διαχείρισης λουτρικών εγκαταστάσεων (ενδεικτικά Δήμοι ή Οργανισμοί Λιμένα ή Λιμενικά Ταμεία ή η ""Εταιρεία Ακιν","Δύο (2) σημαντήρες, χρώματος πορτοκαλί, με σχοινί μήκους τουλάχιστον πενήντα (50) μέτρων και διαμέτρου τουλάχιστον 10 mm",question_all_choices
1,NEWS_OR_PRESS,Law,greekmmlu:16618,https://santorinipress.gr/tag/nikos-syrmalenios/,"Οι φορείς διαχείρισης λουτρικών εγκαταστάσεων (ενδεικτικά Δήμοι ή Οργανισμοί Λιμένα ή Λιμενικά Ταμεία ή η ""Εταιρεία Ακιν","Δύο (2) σημαντήρες, χρώματος πορτοκαλί, με σχοινί μήκους τουλάχιστον πενήντα (50) μέτρων και διαμέτρου τουλάχιστον 10 mm",question_correct_answer
1,NEWS_OR_PRESS,Law,greekmmlu:16619,https://santorinipress.gr/tag/nikos-syrmalenios/,"Οι φορείς διαχείρισης λουτρικών εγκαταστάσεων (ενδεικτικά Δήμοι ή Οργανισμοί Λιμένα ή Λιμενικά Ταμεία ή η ""Εταιρεία Ακιν","Σημαία χρώματος ερυθρού, ίσων διαστάσεων με την προηγούμενη, με την ένδειξη ΧΩΡΙΣ ΝΑΥΑΓΟΣΩΣΤΗ και, κάτωθεν αυτής, την έν",question
1,NEWS_OR_PRESS,Law,greekmmlu:16619,https://santorinipress.gr/tag/nikos-syrmalenios/,"Οι φορείς διαχείρισης λουτρικών εγκαταστάσεων (ενδεικτικά Δήμοι ή Οργανισμοί Λιμένα ή Λιμενικά Ταμεία ή η ""Εταιρεία Ακιν","Σημαία χρώματος ερυθρού, ίσων διαστάσεων με την προηγούμενη, με την ένδειξη ΧΩΡΙΣ ΝΑΥΑΓΟΣΩΣΤΗ και, κάτωθεν αυτής, την έν",question_all_choices
1,NEWS_OR_PRESS,Law,greekmmlu:16619,https://santorinipress.gr/tag/nikos-syrmalenios/,"Οι φορείς διαχείρισης λουτρικών εγκαταστάσεων (ενδεικτικά Δήμοι ή Οργανισμοί Λιμένα ή Λιμενικά Ταμεία ή η ""Εταιρεία Ακιν","Σημαία χρώματος ερυθρού, ίσων διαστάσεων με την προηγούμενη, με την ένδειξη ΧΩΡΙΣ ΝΑΥΑΓΟΣΩΣΤΗ και, κάτωθεν αυτής, την έν",question_correct_answer
3,REGULATION_SOURCE,Law,greekmmlu:16624,http://www.opengov.gr/ynanp/?p=1510,Αίτημα επανεξέτασης σε Λιμενική Αρχή μπορεί να υποβληθεί:,Από την επομένη της αποτυχίας τους.,question_correct_answer
5,STUDY_GUIDE_HOST,Law,greekmmlu:16626,http://docplayer.gr/9065231-Erotiseis-ypopsifion-heiriston-tahyploon-skafon.html,"Αν το σκάφος μας περιέλθει σε κατάσταση κινδύνου από κάποιο πρόβλημα, τι κάνουμε;","Χρησιμοποιούμε τα σήματα κινδύνου, καπνογόνα, βεγγαλικά κλπ., προκειμένου να συνεγείρουμε τα παραπλέοντα πλοία ή τους ευ",eval_prompt
5,STUDY_GUIDE_HOST,Law,greekmmlu:16626,http://docplayer.gr/9065231-Erotiseis-ypopsifion-heiriston-tahyploon-skafon.html,"Αν το σκάφος μας περιέλθει σε κατάσταση κινδύνου από κάποιο πρόβλημα, τι κάνουμε;","Χρησιμοποιούμε τα σήματα κινδύνου, καπνογόνα, βεγγαλικά κλπ., προκειμένου να συνεγείρουμε τα παραπλέοντα πλοία ή τους ευ",question
5,STUDY_GUIDE_HOST,Law,greekmmlu:16626,http://docplayer.gr/9065231-Erotiseis-ypopsifion-heiriston-tahyploon-skafon.html,"Αν το σκάφος μας περιέλθει σε κατάσταση κινδύνου από κάποιο πρόβλημα, τι κάνουμε;","Χρησιμοποιούμε τα σήματα κινδύνου, καπνογόνα, βεγγαλικά κλπ., προκειμένου να συνεγείρουμε τα παραπλέοντα πλοία ή τους ευ",question_all_choices
5,STUDY_GUIDE_HOST,Law,greekmmlu:16626,http://docplayer.gr/9065231-Erotiseis-ypopsifion-heiriston-tahyploon-skafon.html,"Αν το σκάφος μας περιέλθει σε κατάσταση κινδύνου από κάποιο πρόβλημα, τι κάνουμε;","Χρησιμοποιούμε τα σήματα κινδύνου, καπνογόνα, βεγγαλικά κλπ., προκειμένου να συνεγείρουμε τα παραπλέοντα πλοία ή τους ευ",question_correct_answer
5,STUDY_GUIDE_HOST,Law,greekmmlu:16627,http://docplayer.gr/9065231-Erotiseis-ypopsifion-heiriston-tahyploon-skafon.html,Αυτός που χειρίζεται ένα ταχύπλοο σκάφος οφείλει να γνωρίζει:,"Τις διατάξεις του Δ.Κ.Α.Σ. και να τους εφαρμόζει, καθώς και τους ειδικούς κανονισμούς που ισχύουν στη χώρα μας για την κ",eval_prompt
1,NEWS_OR_PRESS,Law,greekmmlu:16631,https://santorinipress.gr/tag/nikos-syrmalenios/,"Οι φορείς διαχείρισης λουτρικών εγκαταστάσεων (ενδεικτικά Δήμοι ή Οργανισμοί Λιμένα ή Λιμενικά Ταμεία ή η ""Εταιρεία Ακιν",Όλα τα παραπάνω.,question
1,NEWS_OR_PRESS,Law,greekmmlu:16631,https://santorinipress.gr/tag/nikos-syrmalenios/,"Οι φορείς διαχείρισης λουτρικών εγκαταστάσεων (ενδεικτικά Δήμοι ή Οργανισμοί Λιμένα ή Λιμενικά Ταμεία ή η ""Εταιρεία Ακιν",Όλα τα παραπάνω.,question_correct_answer
1,OTHER_GENERIC,Law,greekmmlu:6078,https://www.athensvoice.gr/epikairotita/politiki-oikonomia/871456/epitahunsi-ton-proslipseon-meso-asep-sto-nomoshedio-pou-katatethike-sti-vouli/,Με τον Ν. 5149/2024 συστήνεται η Επιτροπή Κινήτρων και Ανταμοιβής για:,Τον συντονισμό της εφαρμογής του συστήματος κινήτρων και ανταμοιβής,question_correct_answer
3,REGULATION_SOURCE,Law,greekmmlu:6158,https://eur-lex.europa.eu/legal-content/EL/TXT/HTML/?uri=OJ:C:2004:310:FULL&from=FR,Οι νομοθετικές πράξεις της Ευρωπαϊκής Ένωσης:,"Δημοσιεύονται στην Επίσημη Εφημερίδα της Ευρωπαϊκής Ένωσης και αρχίζουν να ισχύουν από την ημερομηνία που ορίζουν ή, άλλ",question_correct_answer
4,STUDY_GUIDE_HOST,Law,greekmmlu:6458,http://docplayer.gr/15877434-Efimeris-tis-kyverniseos.html,Ο/Η Συνήγορος του Πολίτη:,Προβλέπεται να είναι πρόσωπο εγνωσμένου κύρους και επιστημονικής κατάρτισης ή επαγγελματικής εμπειρίας σε τομείς που έχο,question_correct_answer
2,DOMAIN_BLOG,Law,greekmmlu:6458,http://elawyer.blogspot.com/2016/10/,Ο/Η Συνήγορος του Πολίτη:,Προβλέπεται να είναι πρόσωπο εγνωσμένου κύρους και επιστημονικής κατάρτισης ή επαγγελματικής εμπειρίας σε τομείς που έχο,question_correct_answer
3,OTHER_WITH_EVAL_FMT,Law,greekmmlu:6458,https://www.anaconda.gr/gnwsiaki-basi/nomos-3051-20-9-2002/,Ο/Η Συνήγορος του Πολίτη:,Προβλέπεται να είναι πρόσωπο εγνωσμένου κύρους και επιστημονικής κατάρτισης ή επαγγελματικής εμπειρίας σε τομείς που έχο,question_correct_answer
3,OTHER_WITH_EVAL_FMT,Law,greekmmlu:6458,https://www.prevedourou.gr/wp-content/uploads/2021/11/A911-2021-2.odt,Ο/Η Συνήγορος του Πολίτη:,Προβλέπεται να είναι πρόσωπο εγνωσμένου κύρους και επιστημονικής κατάρτισης ή επαγγελματικής εμπειρίας σε τομείς που έχο,question_correct_answer
1,OTHER_GENERIC,Law,greekmmlu:6523,https://thesocialist.gr/27-chronia-asep-o-n-2190-94-nomos-peponi-kai-i-prospatheia-ypovathmisis-tou-apo-tin-dexia/,Στις κύριες αρμοδιότητες του Ανώτατου Συμβουλίου Επιλογής Προσωπικού (Α.Σ.Ε.Π.) δεν περιλαμβάνεται:,Η διαδικασία των αποσπάσεων του τακτικού προσωπικού του δημόσιου και ευρύτερου δημόσιου τομέα,question_all_choices
1,NEWS_OR_PRESS,Law,greekmmlu:6523,https://www.pagenews.gr/2020/10/07/theseis-ergasias/asep-proslipseis-67-theseis-symbasiouxon-se-autous-tous-dimous/,Στις κύριες αρμοδιότητες του Ανώτατου Συμβουλίου Επιλογής Προσωπικού (Α.Σ.Ε.Π.) δεν περιλαμβάνεται:,Η διαδικασία των αποσπάσεων του τακτικού προσωπικού του δημόσιου και ευρύτερου δημόσιου τομέα,question_all_choices
5,STUDY_GUIDE_HOST,Law,greekmmlu:6569,http://docplayer.gr/7076068-P-r-o-k-i-r-y-x-i-p-r-o-k-i-r-y-s-s-e-i.html,"Ποια ένσταση καταχωρείται, στο φύλλο αγώνα, στα επαγγελματικά πρωταθλήματα;","Για αντικανονική συμμετοχή ποδοσφαιριστή που, υποχρεωτικά, πρέπει να κατονομάζεται. Στην περίπτωση αυτή πρέπει να αναφέρ",question_correct_answer
2,NEWS_OR_PRESS,Law,greekmmlu:6650,http://www.antinews.gr/2012/04/26/158172/?replytocom=961650,Είναι δυνατή η άμεση λήψη δυσμενούς μέτρου κατά διοικουμένου/ης χωρίς να κληθεί σε προηγούμενη ακρόαση;,Αν η άμεση λήψη του δυσμενούς μέτρου είναι αναγκαία για την αποτροπή κινδύνου ή λόγω επιτακτικού δημόσιου συμφέροντος,question_correct_answer
3,OTHER_WITH_EVAL_FMT,Law,greekmmlu:6650,https://www.voloslaw.gr/cgi-bin/pages/index.pl?arlang=Greek&argenkat=%CE%A5%CF%80%CE%B7%CF%81%CE%B5%CF%83%CE%AF%CE%B5%CF%82%20-%20%CE%94%CE%B7%CE%BC%CF%8C%CF%83%CE%B9%CE%BF%20%CE%94%CE%AF%CE%BA%CE%B1%CE%B9%CE%BF&arcode=170821102243&type=Article,Είναι δυνατή η άμεση λήψη δυσμενούς μέτρου κατά διοικουμένου/ης χωρίς να κληθεί σε προηγούμενη ακρόαση;,Αν η άμεση λήψη του δυσμενούς μέτρου είναι αναγκαία για την αποτροπή κινδύνου ή λόγω επιτακτικού δημόσιου συμφέροντος,question_correct_answer
3,REGULATION_SOURCE,Law,greekmmlu:6778,https://govwatch.gr/finds/mi-aitiologimeni-syntmisi-toy-chronoy-diavoyleysis-apo-to-ypoyrgeio-perivallontos-kai-energeias-fevroyarios-2023/,"Η διαβούλευση επί των νομοσχεδίων γίνεται και μέσω του δικτυακού τόπου www.opengov.gr και, κατά κανόνα, διαρκεί:",Δύο (2) εβδομάδες,question
3,REGULATION_SOURCE,Law,greekmmlu:6778,https://govwatch.gr/finds/paraviasi-tis-nomothesias-gia-ti-dimosia-diavoyleysi-apo-to-ypoyrgeio-perivallontos-kai-energeias/,"Η διαβούλευση επί των νομοσχεδίων γίνεται και μέσω του δικτυακού τόπου www.opengov.gr και, κατά κανόνα, διαρκεί:",Δύο (2) εβδομάδες,question
3,REGULATION_SOURCE,Law,greekmmlu:6778,https://govwatch.gr/finds/mi-aitiologimeni-syntmisi-toy-chronoy-diavoyleysis-apo-to-ypoyrgeio-perivallontos-kai-energeias-fevroyarios-2023/,"Η διαβούλευση επί των νομοσχεδίων γίνεται και μέσω του δικτυακού τόπου www.opengov.gr και, κατά κανόνα, διαρκεί:",Δύο (2) εβδομάδες,question_correct_answer
3,REGULATION_SOURCE,Law,greekmmlu:6778,https://govwatch.gr/finds/paraviasi-tis-nomothesias-gia-ti-dimosia-diavoyleysi-apo-to-ypoyrgeio-perivallontos-kai-energeias/,"Η διαβούλευση επί των νομοσχεδίων γίνεται και μέσω του δικτυακού τόπου www.opengov.gr και, κατά κανόνα, διαρκεί:",Δύο (2) εβδομάδες,question_correct_answer
3,REGULATION_SOURCE,Law,greekmmlu:6830,https://eur-lex.europa.eu/legal-content/EL/TXT/HTML/?uri=OJ:C:2004:310:FULL&from=FR,Δικαίωμα πρόσβασης στα έγγραφα των θεσμικών και λοιπών οργάνων και οργανισμών της Ένωσης:,Έχει κάθε πολίτης της Ένωσης καθώς και κάθε φυσικό ή νομικό πρόσωπο που κατοικεί ή έχει την καταστατική έδρα του σε ένα ,question
3,REGULATION_SOURCE,Law,greekmmlu:6830,https://eur-lex.europa.eu/legal-content/EL/TXT/HTML/?uri=OJ:C:2004:310:FULL&from=FR,Δικαίωμα πρόσβασης στα έγγραφα των θεσμικών και λοιπών οργάνων και οργανισμών της Ένωσης:,Έχει κάθε πολίτης της Ένωσης καθώς και κάθε φυσικό ή νομικό πρόσωπο που κατοικεί ή έχει την καταστατική έδρα του σε ένα ,question_all_choices
1,OTHER_GENERIC,Law,greekmmlu:6830,http://europa.eu/legislation_summaries/institutional_affairs/treaties/amsterdam_treaty/a18000_el.htm,Δικαίωμα πρόσβασης στα έγγραφα των θεσμικών και λοιπών οργάνων και οργανισμών της Ένωσης:,Έχει κάθε πολίτης της Ένωσης καθώς και κάθε φυσικό ή νομικό πρόσωπο που κατοικεί ή έχει την καταστατική έδρα του σε ένα ,question_correct_answer
3,REGULATION_SOURCE,Law,greekmmlu:6830,https://eur-lex.europa.eu/legal-content/EL/TXT/HTML/?uri=OJ:C:2004:310:FULL&from=FR,Δικαίωμα πρόσβασης στα έγγραφα των θεσμικών και λοιπών οργάνων και οργανισμών της Ένωσης:,Έχει κάθε πολίτης της Ένωσης καθώς και κάθε φυσικό ή νομικό πρόσωπο που κατοικεί ή έχει την καταστατική έδρα του σε ένα ,question_correct_answer
4,STUDY_GUIDE_HOST,Law,greekmmlu:6903,http://docplayer.gr/2140248-Euro-letter-no-139-fevroyarios-2007.html,Ποιος δύναται να υποβάλει σχέδια τροποποίησης της Συνθήκης για την Ευρωπαϊκή Ένωση και της Συνθήκης για τη Λειτουργία τη,"Η κυβέρνηση κάθε κράτους-μέλους, το Ευρωπαϊκό Κοινοβούλιο ή η Επιτροπή",question
5,STUDY_GUIDE_HOST,Law,greekmmlu:6903,http://docplayer.gr/2281175-Test-dexiotiton-2008.html,Ποιος δύναται να υποβάλει σχέδια τροποποίησης της Συνθήκης για την Ευρωπαϊκή Ένωση και της Συνθήκης για τη Λειτουργία τη,"Η κυβέρνηση κάθε κράτους-μέλους, το Ευρωπαϊκό Κοινοβούλιο ή η Επιτροπή",question
5,STUDY_GUIDE_HOST,Law,greekmmlu:6903,http://docplayer.gr/2392361-N-2514-1997-symfonia-sengken-katargisi-eleghoy-sta-synora-klp-179658.html,Ποιος δύναται να υποβάλει σχέδια τροποποίησης της Συνθήκης για την Ευρωπαϊκή Ένωση και της Συνθήκης για τη Λειτουργία τη,"Η κυβέρνηση κάθε κράτους-μέλους, το Ευρωπαϊκό Κοινοβούλιο ή η Επιτροπή",question
4,STUDY_GUIDE_HOST,Law,greekmmlu:6903,http://docplayer.gr/35321334-Parartima-stin-koini-protasi-gia-apofasi-toy-symvoylioy.html,Ποιος δύναται να υποβάλει σχέδια τροποποίησης της Συνθήκης για την Ευρωπαϊκή Ένωση και της Συνθήκης για τη Λειτουργία τη,"Η κυβέρνηση κάθε κράτους-μέλους, το Ευρωπαϊκό Κοινοβούλιο ή η Επιτροπή",question
4,STUDY_GUIDE_HOST,Law,greekmmlu:6903,http://docplayer.gr/5374862-Enopoiimeni-apodosi-toy-egheiridioy-gia-tin-exetasi-aitiseon-theorisis-kai-tin-tropopoiisi-horigitheison-theoriseon-ue-vasi-tin.html,Ποιος δύναται να υποβάλει σχέδια τροποποίησης της Συνθήκης για την Ευρωπαϊκή Ένωση και της Συνθήκης για τη Λειτουργία τη,"Η κυβέρνηση κάθε κράτους-μέλους, το Ευρωπαϊκό Κοινοβούλιο ή η Επιτροπή",question
1,OTHER_GENERIC,Law,greekmmlu:6903,http://rethnea.gr/%CE%BF-%CF%80%CE%B5%CF%81%CE%B9%CF%84%CF%84%CF%8C%CF%82-%CF%81%CF%8C%CE%BB%CE%BF%CF%82-%CF%84%CE%BF%CF%85-%CF%80%CF%81%CE%BF%CE%AD%CE%B4%CF%81%CE%BF%CF%85-%CF%84%CE%BF%CF%85-%CE%B5%CF%85%CF%81%CF%89/,Ποιος δύναται να υποβάλει σχέδια τροποποίησης της Συνθήκης για την Ευρωπαϊκή Ένωση και της Συνθήκης για τη Λειτουργία τη,"Η κυβέρνηση κάθε κράτους-μέλους, το Ευρωπαϊκό Κοινοβούλιο ή η Επιτροπή",question
3,REGULATION_SOURCE,Law,greekmmlu:6903,http://www.ggk.gov.gr/?page_id=45,Ποιος δύναται να υποβάλει σχέδια τροποποίησης της Συνθήκης για την Ευρωπαϊκή Ένωση και της Συνθήκης για τη Λειτουργία τη,"Η κυβέρνηση κάθε κράτους-μέλους, το Ευρωπαϊκό Κοινοβούλιο ή η Επιτροπή",question
1,OTHER_GENERIC,Law,greekmmlu:6903,https://esywho.com/2021/12/15/%CF%84%CE%BF-%CE%BA%CE%BF%CF%83%CF%84%CE%BF%CF%83-%CF%84%CE%B7%CF%83-%CE%BA%CE%BF%CE%B9%CE%BD%CE%B7%CF%83-%CE%B1%CE%B3%CF%81%CE%BF%CF%84%CE%B9%CE%BA%CE%B7%CF%83-%CF%80%CE%BF%CE%BB%CE%B9%CF%84%CE%B9-3/,Ποιος δύναται να υποβάλει σχέδια τροποποίησης της Συνθήκης για την Ευρωπαϊκή Ένωση και της Συνθήκης για τη Λειτουργία τη,"Η κυβέρνηση κάθε κράτους-μέλους, το Ευρωπαϊκό Κοινοβούλιο ή η Επιτροπή",question
3,REGULATION_SOURCE,Law,greekmmlu:6903,https://eur-lex.europa.eu/legal-content/EL/ALL/?uri=CELEX:12016A/TXT,Ποιος δύναται να υποβάλει σχέδια τροποποίησης της Συνθήκης για την Ευρωπαϊκή Ένωση και της Συνθήκης για τη Λειτουργία τη,"Η κυβέρνηση κάθε κράτους-μέλους, το Ευρωπαϊκό Κοινοβούλιο ή η Επιτροπή",question
2,DOMAIN_BLOG,Law,greekmmlu:6903,https://isxys.blogspot.com/2017/01/o-ictc.html,Ποιος δύναται να υποβάλει σχέδια τροποποίησης της Συνθήκης για την Ευρωπαϊκή Ένωση και της Συνθήκης για τη Λειτουργία τη,"Η κυβέρνηση κάθε κράτους-μέλους, το Ευρωπαϊκό Κοινοβούλιο ή η Επιτροπή",question
2,DOMAIN_BLOG,Law,greekmmlu:6903,https://theamapati.wordpress.com/category/%cf%84%ce%b1-%cf%85%ce%b9%ce%bf%ce%b8%ce%b5%cf%84%ce%b7%ce%bc%ce%ad%ce%bd%ce%b1/,Ποιος δύναται να υποβάλει σχέδια τροποποίησης της Συνθήκης για την Ευρωπαϊκή Ένωση και της Συνθήκης για τη Λειτουργία τη,"Η κυβέρνηση κάθε κράτους-μέλους, το Ευρωπαϊκό Κοινοβούλιο ή η Επιτροπή",question
2,NEWS_OR_PRESS,Law,greekmmlu:6903,https://www.newsbomb.gr/ellada/dikaiosynh/story/970887/olomeleia-ste-tin-paraskeyi-5-4-krinetai-i-tyxi-tis-symvasis-me-tin-cosco,Ποιος δύναται να υποβάλει σχέδια τροποποίησης της Συνθήκης για την Ευρωπαϊκή Ένωση και της Συνθήκης για τη Λειτουργία τη,"Η κυβέρνηση κάθε κράτους-μέλους, το Ευρωπαϊκό Κοινοβούλιο ή η Επιτροπή",question
2,DOMAIN_BLOG,World Religions,greekmmlu:15038,http://apologitikaa.blogspot.com/search/label/%CE%95%CE%98%CE%9D%CE%9F%CE%9C%CE%97%CE%94%CE%95%CE%9D%CE%99%CE%A3%CE%9C%CE%9F%CE%A3,Η δήλωση «Επικρατούσα θρησκεία στην Ελλάδα είναι η θρησκεία της Ανατολικής Ορθόδοξης Εκκλησίας του Χριστού» είναι:,Σωστή,question
2,DOMAIN_BLOG,World Religions,greekmmlu:15038,http://attikanea.blogspot.com/2017/06/blog-post_233.html,Η δήλωση «Επικρατούσα θρησκεία στην Ελλάδα είναι η θρησκεία της Ανατολικής Ορθόδοξης Εκκλησίας του Χριστού» είναι:,Σωστή,question
2,DOMAIN_BLOG,World Religions,greekmmlu:15038,http://d-politiki.blogspot.com/,Η δήλωση «Επικρατούσα θρησκεία στην Ελλάδα είναι η θρησκεία της Ανατολικής Ορθόδοξης Εκκλησίας του Χριστού» είναι:,Σωστή,question
2,DOMAIN_BLOG,World Religions,greekmmlu:15038,http://ellas-afipnisi.blogspot.gr/search?updated-max=2015-01-29T11:09:00%2B02:00&max-results=20&reverse-paginate=true,Η δήλωση «Επικρατούσα θρησκεία στην Ελλάδα είναι η θρησκεία της Ανατολικής Ορθόδοξης Εκκλησίας του Χριστού» είναι:,Σωστή,question
2,DOMAIN_BLOG,World Religions,greekmmlu:15038,http://eoniaellhnikhpisti.blogspot.com/search/label/%CE%92%CE%99%CE%9D%CE%A4%CE%95%CE%9F,Η δήλωση «Επικρατούσα θρησκεία στην Ελλάδα είναι η θρησκεία της Ανατολικής Ορθόδοξης Εκκλησίας του Χριστού» είναι:,Σωστή,question
2,DOMAIN_BLOG,World Religions,greekmmlu:15038,http://exagorefsis.blogspot.gr/2009/07/wwwtheologikagr.html,Η δήλωση «Επικρατούσα θρησκεία στην Ελλάδα είναι η θρησκεία της Ανατολικής Ορθόδοξης Εκκλησίας του Χριστού» είναι:,Σωστή,question
2,DOMAIN_BLOG,World Religions,greekmmlu:15038,http://exagorefsis.blogspot.gr/2012/08/blog-post_8156.html,Η δήλωση «Επικρατούσα θρησκεία στην Ελλάδα είναι η θρησκεία της Ανατολικής Ορθόδοξης Εκκλησίας του Χριστού» είναι:,Σωστή,question
2,DOMAIN_BLOG,World Religions,greekmmlu:15038,http://exagorefsis.blogspot.gr/2012/12/blog-post_964.html,Η δήλωση «Επικρατούσα θρησκεία στην Ελλάδα είναι η θρησκεία της Ανατολικής Ορθόδοξης Εκκλησίας του Χριστού» είναι:,Σωστή,question
2,DOMAIN_BLOG,World Religions,greekmmlu:15038,http://jungle-report.blogspot.com/2012/05/blog-post.html,Η δήλωση «Επικρατούσα θρησκεία στην Ελλάδα είναι η θρησκεία της Ανατολικής Ορθόδοξης Εκκλησίας του Χριστού» είναι:,Σωστή,question
2,DOMAIN_BLOG,World Religions,greekmmlu:15038,http://meropbird.blogspot.com/2009/10/blog-post_15.html,Η δήλωση «Επικρατούσα θρησκεία στην Ελλάδα είναι η θρησκεία της Ανατολικής Ορθόδοξης Εκκλησίας του Χριστού» είναι:,Σωστή,question
3,OTHER_WITH_EVAL_FMT,World Religions,greekmmlu:15038,http://pacific.jour.auth.gr/emmeis/?p=19054,Η δήλωση «Επικρατούσα θρησκεία στην Ελλάδα είναι η θρησκεία της Ανατολικής Ορθόδοξης Εκκλησίας του Χριστού» είναι:,Σωστή,question
2,DOMAIN_BLOG,World Religions,greekmmlu:15038,http://radiobacter.blogspot.gr/search?updated-max=2010-08-31T23:19:00%2B03:00&max-results=5&reverse-paginate=true,Η δήλωση «Επικρατούσα θρησκεία στην Ελλάδα είναι η θρησκεία της Ανατολικής Ορθόδοξης Εκκλησίας του Χριστού» είναι:,Σωστή,question
2,DOMAIN_BLOG,World Religions,greekmmlu:15038,http://roides.wordpress.com/2008/08/29/vatopedi8/,Η δήλωση «Επικρατούσα θρησκεία στην Ελλάδα είναι η θρησκεία της Ανατολικής Ορθόδοξης Εκκλησίας του Χριστού» είναι:,Σωστή,question
2,DOMAIN_BLOG,World Religions,greekmmlu:15038,http://schoolpalmos.blogspot.com/search?updated-max=2016-12-07T22:59:00%2B02:00&max-results=28,Η δήλωση «Επικρατούσα θρησκεία στην Ελλάδα είναι η θρησκεία της Ανατολικής Ορθόδοξης Εκκλησίας του Χριστού» είναι:,Σωστή,question
3,OTHER_WITH_EVAL_FMT,World Religions,greekmmlu:15038,http://www.ipaideia.gr/eidhseis/to-mathima-ton-thriskeutikon-kai-i-nomologia-ton-dikastirion-mas.htm,Η δήλωση «Επικρατούσα θρησκεία στην Ελλάδα είναι η θρησκεία της Ανατολικής Ορθόδοξης Εκκλησίας του Χριστού» είναι:,Σωστή,question
1,OTHER_GENERIC,World Religions,greekmmlu:15038,http://www.iskra.gr/%CE%BC%CE%B7%CF%84%CF%81%CE%BF%CF%80%CE%BF%CE%BB%CE%AF%CF%84%CE%B5%CF%82-%CF%84%CE%BF-%CE%AD%CE%B8%CE%BD%CE%BF%CF%82-%CE%B5%CE%AF%CE%BC%CE%B1%CF%83%CF%84%CE%B5-%CE%B5%CE%BC%CE%B5%CE%AF%CF%82/,Η δήλωση «Επικρατούσα θρησκεία στην Ελλάδα είναι η θρησκεία της Ανατολικής Ορθόδοξης Εκκλησίας του Χριστού» είναι:,Σωστή,question
1,OTHER_GENERIC,World Religions,greekmmlu:15038,http://www.mplokia.gr/?p=26966,Η δήλωση «Επικρατούσα θρησκεία στην Ελλάδα είναι η θρησκεία της Ανατολικής Ορθόδοξης Εκκλησίας του Χριστού» είναι:,Σωστή,question
2,DOMAIN_BLOG,World Religions,greekmmlu:15038,http://www.orthodoxia-ellhnismos.gr/2019/06/blog-post_89.html,Η δήλωση «Επικρατούσα θρησκεία στην Ελλάδα είναι η θρησκεία της Ανατολικής Ορθόδοξης Εκκλησίας του Χριστού» είναι:,Σωστή,question
2,DOMAIN_BLOG,World Religions,greekmmlu:15038,http://www.orthodoxia-ellhnismos.gr/2020/01/blog-post_38.html,Η δήλωση «Επικρατούσα θρησκεία στην Ελλάδα είναι η θρησκεία της Ανατολικής Ορθόδοξης Εκκλησίας του Χριστού» είναι:,Σωστή,question
2,NEWS_OR_PRESS,World Religions,greekmmlu:15038,http://www.velosnews.com/2018/04/,Η δήλωση «Επικρατούσα θρησκεία στην Ελλάδα είναι η θρησκεία της Ανατολικής Ορθόδοξης Εκκλησίας του Χριστού» είναι:,Σωστή,question
2,DOMAIN_BLOG,World Religions,greekmmlu:15038,https://adiakritos.gr/megali-evdomada-oi-kleistes-ekklisie/,Η δήλωση «Επικρατούσα θρησκεία στην Ελλάδα είναι η θρησκεία της Ανατολικής Ορθόδοξης Εκκλησίας του Χριστού» είναι:,Σωστή,question
2,DOMAIN_BLOG,World Religions,greekmmlu:15038,https://justiceforgreece.wordpress.com/%ce%b5%ce%be%cf%89%ce%b4%ce%b9%ce%ba%ce%b1/%ce%b5%ce%be%cf%8e%ce%b4%ce%b9%ce%ba%ce%bf-%cf%83%cf%84%ce%bf%ce%bd-%ce%bd%ce%b9%ce%ba%cf%8c%ce%bb%ce%b1%ce%bf-%cf%86%ce%af%ce%bb%ce%b7-%ce%b3%ce%b9%ce%b1-%cf%84%ce%b9%cf%82-%ce%b4%ce%b7%ce%bb%cf%8e/,Η δήλωση «Επικρατούσα θρησκεία στην Ελλάδα είναι η θρησκεία της Ανατολικής Ορθόδοξης Εκκλησίας του Χριστού» είναι:,Σωστή,question
1,OTHER_GENERIC,World Religions,greekmmlu:15038,https://mesaralive.gr/post/antartiko-michelogiannakh-ston-suriza-diafwnei-me-ta-arthra-gia-ekklhsia-ka/opinions/16449,Η δήλωση «Επικρατούσα θρησκεία στην Ελλάδα είναι η θρησκεία της Ανατολικής Ορθόδοξης Εκκλησίας του Χριστού» είναι:,Σωστή,question
2,DOMAIN_BLOG,World Religions,greekmmlu:15038,https://parallhlografos.wordpress.com/2010/04/21/%CE%B7-%CF%87%CE%B5%CE%B9%CF%81%CF%8C%CF%84%CE%B7%CF%84%CE%B5%CF%81%CE%B7-%CE%BC%CE%BF%CF%81%CF%86%CE%AE-%CE%B4%CE%B9%CE%BA%CF%84%CE%B1%CF%84%CE%BF%CF%81%CE%AF%CE%B1%CF%82-%CF%80%CF%81%CE%BF-%CF%84/,Η δήλωση «Επικρατούσα θρησκεία στην Ελλάδα είναι η θρησκεία της Ανατολικής Ορθόδοξης Εκκλησίας του Χριστού» είναι:,Σωστή,question
2,DOMAIN_BLOG,World Religions,greekmmlu:15038,https://poimin.gr/kritiki-stin-meletomeni-anatheorisi-toy-syntagmatos/,Η δήλωση «Επικρατούσα θρησκεία στην Ελλάδα είναι η θρησκεία της Ανατολικής Ορθόδοξης Εκκλησίας του Χριστού» είναι:,Σωστή,question
3,OTHER_WITH_EVAL_FMT,World Religions,greekmmlu:15038,https://www.arxon.gr/2018/10/%CE%B7-%CF%80%CF%81%CF%8C%CF%84%CE%B1%CF%83%CE%B7-%CF%84%CE%BF%CF%85-%CF%83%CF%85%CF%81%CE%B9%CE%B6%CE%B1-%CE%B3%CE%B9%CE%B1-%CF%84%CE%B7-%CF%83%CF%87%CE%AD%CF%83%CE%B7-%CE%BA%CF%81%CE%AC%CF%84%CE%BF/,Η δήλωση «Επικρατούσα θρησκεία στην Ελλάδα είναι η θρησκεία της Ανατολικής Ορθόδοξης Εκκλησίας του Χριστού» είναι:,Σωστή,question
1,NEWS_OR_PRESS,World Religions,greekmmlu:15038,https://www.dimokratia.gr/apopseis/573678/ypsikaminos-kai-logokrisia/,Η δήλωση «Επικρατούσα θρησκεία στην Ελλάδα είναι η θρησκεία της Ανατολικής Ορθόδοξης Εκκλησίας του Χριστού» είναι:,Σωστή,question
3,OTHER_WITH_EVAL_FMT,World Religions,greekmmlu:15038,https://www.enallaktikos.gr/Article/45225/syntagmatikh-anathewrhsh-perase-to-arthro-gia-tis-sheseis-kratoys-ekklhsias,Η δήλωση «Επικρατούσα θρησκεία στην Ελλάδα είναι η θρησκεία της Ανατολικής Ορθόδοξης Εκκλησίας του Χριστού» είναι:,Σωστή,question
1,OTHER_GENERIC,World Religions,greekmmlu:15038,https://www.exapsalmos.gr/2019/11/26/i-orthodoxia-kyriarchi-thriskeia-stin-ellada-den-anatheoreitai-to-arthro-3-peri-epikratoysas-thriskeias-den-perase-to-quot-oydeterothrisko-quot/,Η δήλωση «Επικρατούσα θρησκεία στην Ελλάδα είναι η θρησκεία της Ανατολικής Ορθόδοξης Εκκλησίας του Χριστού» είναι:,Σωστή,question
1,OTHER_GENERIC,World Religions,greekmmlu:15038,https://www.reader.gr/news/koinonia/kalavryton-amvrosios-oi-proklitikes-topothetiseis-oi-politikes-kontres-kai-i,Η δήλωση «Επικρατούσα θρησκεία στην Ελλάδα είναι η θρησκεία της Ανατολικής Ορθόδοξης Εκκλησίας του Χριστού» είναι:,Σωστή,question
3,OTHER_WITH_EVAL_FMT,World Religions,greekmmlu:15038,https://www.skaipatras.gr/2018/11/02/o-syriza-katathetei-simera-sti-voyli-tin-protasi-gia-ti-syntagmatiki-anatheorisi/,Η δήλωση «Επικρατούσα θρησκεία στην Ελλάδα είναι η θρησκεία της Ανατολικής Ορθόδοξης Εκκλησίας του Χριστού» είναι:,Σωστή,question
3,OTHER_WITH_EVAL_FMT,World Religions,greekmmlu:15038,https://www.stagona4u.gr/index.php/component/k2/item/6919-you-fell-into-her-constitution-too,Η δήλωση «Επικρατούσα θρησκεία στην Ελλάδα είναι η θρησκεία της Ανατολικής Ορθόδοξης Εκκλησίας του Χριστού» είναι:,Σωστή,question
2,DOMAIN_BLOG,World Religions,greekmmlu:15038,http://apologitikaa.blogspot.com/search/label/%CE%95%CE%98%CE%9D%CE%9F%CE%9C%CE%97%CE%94%CE%95%CE%9D%CE%99%CE%A3%CE%9C%CE%9F%CE%A3,Η δήλωση «Επικρατούσα θρησκεία στην Ελλάδα είναι η θρησκεία της Ανατολικής Ορθόδοξης Εκκλησίας του Χριστού» είναι:,Σωστή,question_correct_answer
2,DOMAIN_BLOG,World Religions,greekmmlu:15038,http://attikanea.blogspot.com/2017/06/blog-post_233.html,Η δήλωση «Επικρατούσα θρησκεία στην Ελλάδα είναι η θρησκεία της Ανατολικής Ορθόδοξης Εκκλησίας του Χριστού» είναι:,Σωστή,question_correct_answer
2,DOMAIN_BLOG,World Religions,greekmmlu:15038,http://d-politiki.blogspot.com/,Η δήλωση «Επικρατούσα θρησκεία στην Ελλάδα είναι η θρησκεία της Ανατολικής Ορθόδοξης Εκκλησίας του Χριστού» είναι:,Σωστή,question_correct_answer
2,DOMAIN_BLOG,World Religions,greekmmlu:15038,http://ellas-afipnisi.blogspot.gr/search?updated-max=2015-01-29T11:09:00%2B02:00&max-results=20&reverse-paginate=true,Η δήλωση «Επικρατούσα θρησκεία στην Ελλάδα είναι η θρησκεία της Ανατολικής Ορθόδοξης Εκκλησίας του Χριστού» είναι:,Σωστή,question_correct_answer
2,DOMAIN_BLOG,World Religions,greekmmlu:15038,http://eoniaellhnikhpisti.blogspot.com/search/label/%CE%92%CE%99%CE%9D%CE%A4%CE%95%CE%9F,Η δήλωση «Επικρατούσα θρησκεία στην Ελλάδα είναι η θρησκεία της Ανατολικής Ορθόδοξης Εκκλησίας του Χριστού» είναι:,Σωστή,question_correct_answer
2,DOMAIN_BLOG,World Religions,greekmmlu:15038,http://exagorefsis.blogspot.gr/2009/07/wwwtheologikagr.html,Η δήλωση «Επικρατούσα θρησκεία στην Ελλάδα είναι η θρησκεία της Ανατολικής Ορθόδοξης Εκκλησίας του Χριστού» είναι:,Σωστή,question_correct_answer
2,DOMAIN_BLOG,World Religions,greekmmlu:15038,http://exagorefsis.blogspot.gr/2012/08/blog-post_8156.html,Η δήλωση «Επικρατούσα θρησκεία στην Ελλάδα είναι η θρησκεία της Ανατολικής Ορθόδοξης Εκκλησίας του Χριστού» είναι:,Σωστή,question_correct_answer
2,DOMAIN_BLOG,World Religions,greekmmlu:15038,http://exagorefsis.blogspot.gr/2012/12/blog-post_964.html,Η δήλωση «Επικρατούσα θρησκεία στην Ελλάδα είναι η θρησκεία της Ανατολικής Ορθόδοξης Εκκλησίας του Χριστού» είναι:,Σωστή,question_correct_answer
2,DOMAIN_BLOG,World Religions,greekmmlu:15038,http://jungle-report.blogspot.com/2012/05/blog-post.html,Η δήλωση «Επικρατούσα θρησκεία στην Ελλάδα είναι η θρησκεία της Ανατολικής Ορθόδοξης Εκκλησίας του Χριστού» είναι:,Σωστή,question_correct_answer
2,DOMAIN_BLOG,World Religions,greekmmlu:15038,http://meropbird.blogspot.com/2009/10/blog-post_15.html,Η δήλωση «Επικρατούσα θρησκεία στην Ελλάδα είναι η θρησκεία της Ανατολικής Ορθόδοξης Εκκλησίας του Χριστού» είναι:,Σωστή,question_correct_answer
3,OTHER_WITH_EVAL_FMT,World Religions,greekmmlu:15038,http://pacific.jour.auth.gr/emmeis/?p=19054,Η δήλωση «Επικρατούσα θρησκεία στην Ελλάδα είναι η θρησκεία της Ανατολικής Ορθόδοξης Εκκλησίας του Χριστού» είναι:,Σωστή,question_correct_answer
2,DOMAIN_BLOG,World Religions,greekmmlu:15038,http://radiobacter.blogspot.gr/search?updated-max=2010-08-31T23:19:00%2B03:00&max-results=5&reverse-paginate=true,Η δήλωση «Επικρατούσα θρησκεία στην Ελλάδα είναι η θρησκεία της Ανατολικής Ορθόδοξης Εκκλησίας του Χριστού» είναι:,Σωστή,question_correct_answer
2,DOMAIN_BLOG,World Religions,greekmmlu:15038,http://roides.wordpress.com/2008/08/29/vatopedi8/,Η δήλωση «Επικρατούσα θρησκεία στην Ελλάδα είναι η θρησκεία της Ανατολικής Ορθόδοξης Εκκλησίας του Χριστού» είναι:,Σωστή,question_correct_answer
2,DOMAIN_BLOG,World Religions,greekmmlu:15038,http://schoolpalmos.blogspot.com/search?updated-max=2016-12-07T22:59:00%2B02:00&max-results=28,Η δήλωση «Επικρατούσα θρησκεία στην Ελλάδα είναι η θρησκεία της Ανατολικής Ορθόδοξης Εκκλησίας του Χριστού» είναι:,Σωστή,question_correct_answer
3,OTHER_WITH_EVAL_FMT,World Religions,greekmmlu:15038,http://www.ipaideia.gr/eidhseis/to-mathima-ton-thriskeutikon-kai-i-nomologia-ton-dikastirion-mas.htm,Η δήλωση «Επικρατούσα θρησκεία στην Ελλάδα είναι η θρησκεία της Ανατολικής Ορθόδοξης Εκκλησίας του Χριστού» είναι:,Σωστή,question_correct_answer
1,OTHER_GENERIC,World Religions,greekmmlu:15038,http://www.iskra.gr/%CE%BC%CE%B7%CF%84%CF%81%CE%BF%CF%80%CE%BF%CE%BB%CE%AF%CF%84%CE%B5%CF%82-%CF%84%CE%BF-%CE%AD%CE%B8%CE%BD%CE%BF%CF%82-%CE%B5%CE%AF%CE%BC%CE%B1%CF%83%CF%84%CE%B5-%CE%B5%CE%BC%CE%B5%CE%AF%CF%82/,Η δήλωση «Επικρατούσα θρησκεία στην Ελλάδα είναι η θρησκεία της Ανατολικής Ορθόδοξης Εκκλησίας του Χριστού» είναι:,Σωστή,question_correct_answer
1,OTHER_GENERIC,World Religions,greekmmlu:15038,http://www.mplokia.gr/?p=26966,Η δήλωση «Επικρατούσα θρησκεία στην Ελλάδα είναι η θρησκεία της Ανατολικής Ορθόδοξης Εκκλησίας του Χριστού» είναι:,Σωστή,question_correct_answer
2,DOMAIN_BLOG,World Religions,greekmmlu:15038,http://www.orthodoxia-ellhnismos.gr/2019/06/blog-post_89.html,Η δήλωση «Επικρατούσα θρησκεία στην Ελλάδα είναι η θρησκεία της Ανατολικής Ορθόδοξης Εκκλησίας του Χριστού» είναι:,Σωστή,question_correct_answer
2,DOMAIN_BLOG,World Religions,greekmmlu:15038,http://www.orthodoxia-ellhnismos.gr/2020/01/blog-post_38.html,Η δήλωση «Επικρατούσα θρησκεία στην Ελλάδα είναι η θρησκεία της Ανατολικής Ορθόδοξης Εκκλησίας του Χριστού» είναι:,Σωστή,question_correct_answer
2,NEWS_OR_PRESS,World Religions,greekmmlu:15038,http://www.velosnews.com/2018/04/,Η δήλωση «Επικρατούσα θρησκεία στην Ελλάδα είναι η θρησκεία της Ανατολικής Ορθόδοξης Εκκλησίας του Χριστού» είναι:,Σωστή,question_correct_answer
2,DOMAIN_BLOG,World Religions,greekmmlu:15038,https://adiakritos.gr/megali-evdomada-oi-kleistes-ekklisie/,Η δήλωση «Επικρατούσα θρησκεία στην Ελλάδα είναι η θρησκεία της Ανατολικής Ορθόδοξης Εκκλησίας του Χριστού» είναι:,Σωστή,question_correct_answer
2,DOMAIN_BLOG,World Religions,greekmmlu:15038,https://justiceforgreece.wordpress.com/%ce%b5%ce%be%cf%89%ce%b4%ce%b9%ce%ba%ce%b1/%ce%b5%ce%be%cf%8e%ce%b4%ce%b9%ce%ba%ce%bf-%cf%83%cf%84%ce%bf%ce%bd-%ce%bd%ce%b9%ce%ba%cf%8c%ce%bb%ce%b1%ce%bf-%cf%86%ce%af%ce%bb%ce%b7-%ce%b3%ce%b9%ce%b1-%cf%84%ce%b9%cf%82-%ce%b4%ce%b7%ce%bb%cf%8e/,Η δήλωση «Επικρατούσα θρησκεία στην Ελλάδα είναι η θρησκεία της Ανατολικής Ορθόδοξης Εκκλησίας του Χριστού» είναι:,Σωστή,question_correct_answer
1,OTHER_GENERIC,World Religions,greekmmlu:15038,https://mesaralive.gr/post/antartiko-michelogiannakh-ston-suriza-diafwnei-me-ta-arthra-gia-ekklhsia-ka/opinions/16449,Η δήλωση «Επικρατούσα θρησκεία στην Ελλάδα είναι η θρησκεία της Ανατολικής Ορθόδοξης Εκκλησίας του Χριστού» είναι:,Σωστή,question_correct_answer
2,DOMAIN_BLOG,World Religions,greekmmlu:15038,https://parallhlografos.wordpress.com/2010/04/21/%CE%B7-%CF%87%CE%B5%CE%B9%CF%81%CF%8C%CF%84%CE%B7%CF%84%CE%B5%CF%81%CE%B7-%CE%BC%CE%BF%CF%81%CF%86%CE%AE-%CE%B4%CE%B9%CE%BA%CF%84%CE%B1%CF%84%CE%BF%CF%81%CE%AF%CE%B1%CF%82-%CF%80%CF%81%CE%BF-%CF%84/,Η δήλωση «Επικρατούσα θρησκεία στην Ελλάδα είναι η θρησκεία της Ανατολικής Ορθόδοξης Εκκλησίας του Χριστού» είναι:,Σωστή,question_correct_answer
2,DOMAIN_BLOG,World Religions,greekmmlu:15038,https://poimin.gr/kritiki-stin-meletomeni-anatheorisi-toy-syntagmatos/,Η δήλωση «Επικρατούσα θρησκεία στην Ελλάδα είναι η θρησκεία της Ανατολικής Ορθόδοξης Εκκλησίας του Χριστού» είναι:,Σωστή,question_correct_answer
3,OTHER_WITH_EVAL_FMT,World Religions,greekmmlu:15038,https://www.arxon.gr/2018/10/%CE%B7-%CF%80%CF%81%CF%8C%CF%84%CE%B1%CF%83%CE%B7-%CF%84%CE%BF%CF%85-%CF%83%CF%85%CF%81%CE%B9%CE%B6%CE%B1-%CE%B3%CE%B9%CE%B1-%CF%84%CE%B7-%CF%83%CF%87%CE%AD%CF%83%CE%B7-%CE%BA%CF%81%CE%AC%CF%84%CE%BF/,Η δήλωση «Επικρατούσα θρησκεία στην Ελλάδα είναι η θρησκεία της Ανατολικής Ορθόδοξης Εκκλησίας του Χριστού» είναι:,Σωστή,question_correct_answer
1,NEWS_OR_PRESS,World Religions,greekmmlu:15038,https://www.dimokratia.gr/apopseis/573678/ypsikaminos-kai-logokrisia/,Η δήλωση «Επικρατούσα θρησκεία στην Ελλάδα είναι η θρησκεία της Ανατολικής Ορθόδοξης Εκκλησίας του Χριστού» είναι:,Σωστή,question_correct_answer
3,OTHER_WITH_EVAL_FMT,World Religions,greekmmlu:15038,https://www.enallaktikos.gr/Article/45225/syntagmatikh-anathewrhsh-perase-to-arthro-gia-tis-sheseis-kratoys-ekklhsias,Η δήλωση «Επικρατούσα θρησκεία στην Ελλάδα είναι η θρησκεία της Ανατολικής Ορθόδοξης Εκκλησίας του Χριστού» είναι:,Σωστή,question_correct_answer
1,OTHER_GENERIC,World Religions,greekmmlu:15038,https://www.exapsalmos.gr/2019/11/26/i-orthodoxia-kyriarchi-thriskeia-stin-ellada-den-anatheoreitai-to-arthro-3-peri-epikratoysas-thriskeias-den-perase-to-quot-oydeterothrisko-quot/,Η δήλωση «Επικρατούσα θρησκεία στην Ελλάδα είναι η θρησκεία της Ανατολικής Ορθόδοξης Εκκλησίας του Χριστού» είναι:,Σωστή,question_correct_answer
1,OTHER_GENERIC,World Religions,greekmmlu:15038,https://www.reader.gr/news/koinonia/kalavryton-amvrosios-oi-proklitikes-topothetiseis-oi-politikes-kontres-kai-i,Η δήλωση «Επικρατούσα θρησκεία στην Ελλάδα είναι η θρησκεία της Ανατολικής Ορθόδοξης Εκκλησίας του Χριστού» είναι:,Σωστή,question_correct_answer
3,OTHER_WITH_EVAL_FMT,World Religions,greekmmlu:15038,https://www.skaipatras.gr/2018/11/02/o-syriza-katathetei-simera-sti-voyli-tin-protasi-gia-ti-syntagmatiki-anatheorisi/,Η δήλωση «Επικρατούσα θρησκεία στην Ελλάδα είναι η θρησκεία της Ανατολικής Ορθόδοξης Εκκλησίας του Χριστού» είναι:,Σωστή,question_correct_answer
3,OTHER_WITH_EVAL_FMT,World Religions,greekmmlu:15038,https://www.stagona4u.gr/index.php/component/k2/item/6919-you-fell-into-her-constitution-too,Η δήλωση «Επικρατούσα θρησκεία στην Ελλάδα είναι η θρησκεία της Ανατολικής Ορθόδοξης Εκκλησίας του Χριστού» είναι:,Σωστή,question_correct_answer
2,DOMAIN_BLOG,World Religions,greekmmlu:15058,http://iereasanatolikisekklisias.blogspot.com/2014/12/blog-post_9.html,Ποιο είναι το αρχαιότερο Εγκώμιο για την εορτή της Συλλήψεως της Θεοτόκου;,Ο Λόγος εις την Σύλληψιν της αγίας Άννης του Ιωάννου μοναχού και πρεσβυτέρου Ευβοίας (8ος αι.).,question_correct_answer
2,DOMAIN_BLOG,World Religions,greekmmlu:15058,https://orthodoxanswers.gr/%CE%B1%CE%B3%CE%AF%CE%B1-%CE%AC%CE%BD%CE%BD%CE%B1-%CE%B7-%CE%B8%CE%B5%CE%BF%CF%80%CF%81%CE%BF%CE%BC%CE%AE%CF%84%CF%89%CF%81-%CE%BC%CE%B9%CE%BA%CF%81%CF%8C-%CE%B1%CF%86%CE%B9%CE%AD%CF%81%CF%89%CE%BC/,Ποιο είναι το αρχαιότερο Εγκώμιο για την εορτή της Συλλήψεως της Θεοτόκου;,Ο Λόγος εις την Σύλληψιν της αγίας Άννης του Ιωάννου μοναχού και πρεσβυτέρου Ευβοίας (8ος αι.).,question_correct_answer
