{
  "model_path": "/capstor/scratch/cscs/fffoivos/runs/eval/continuation_3p5b_20260524T143012Z_retok/iter_0000834_hf",
  "new_id_range": [
    131072,
    148480
  ],
  "tokenizer_vocab": 148480,
  "embedding": {
    "new_id_range": [
      131072,
      148480
    ],
    "available_new_id_range": [
      131072,
      148480
    ],
    "n_new_requested": 17408,
    "n_new": 17408,
    "base_vocab_size": 131072,
    "vocab_size": 148480,
    "applicable": true,
    "E_norm": {
      "existing_mean": 4.773654937744141,
      "existing_std": 1.1653437614440918,
      "existing_p50": 4.924618721008301,
      "existing_p95": 6.116323947906494,
      "new_mean": 5.0488433837890625,
      "new_std": 0.0049819136038422585,
      "new_p50": 5.048343181610107,
      "new_p5": 5.041691780090332,
      "new_p95": 5.058025360107422,
      "new_to_existing_mean_ratio": 1.0576473474502563
    },
    "U_norm": {
      "existing_mean": 3.746250867843628,
      "existing_std": 0.5512755513191223,
      "existing_p50": 3.797957420349121,
      "existing_p95": 4.46678352355957,
      "new_mean": 3.8001089096069336,
      "new_std": 0.0062080505304038525,
      "new_p50": 3.80055832862854,
      "new_p5": 3.791151285171509,
      "new_p95": 3.808337688446045,
      "new_to_existing_mean_ratio": 1.0143765211105347
    },
    "new_E_cos": {
      "n_sampled": 500,
      "mean_off_diag": 0.08396915346384048,
      "std_off_diag": 0.06236818805336952,
      "p95_off_diag": 0.16124922037124634,
      "p99_off_diag": 0.3928282856941223
    },
    "new_E_effective_rank": {
      "participation_ratio": 320.983154296875,
      "rank_at_99pct_var": 391,
      "n_singular_values": 500,
      "sigma_max": 34.32089614868164,
      "sigma_min": 0.05482890084385872
    }
  },
  "forward": {
    "n_docs_processed": 500,
    "n_positions_total": 805472,
    "n_positions_new_target": 276332,
    "d2_avg_prob_mass_new_per_pos": 0.3411789163210069,
    "d1_rank_of_new_target": {
      "mean_rank": 228.9052154654546,
      "top1_rate": 0.3798836182563004,
      "top5_rate": 0.5469290563525036,
      "top10_rate": 0.610280387360132,
      "top50_rate": 0.7567925538844579
    },
    "d4_top1_at_new_target": {
      "new": 173629,
      "base": 102703,
      "new_rate": 0.6283347567418902
    },
    "d3_per_register": {
      "academic": {
        "n_positions": 231616,
        "n_new_target": 65968,
        "avg_entropy_nats": 2.0449423485613885,
        "avg_prob_mass_new": 0.2845951142347989,
        "avg_rank_new_target": 205.40448399223865
      },
      "dialogue_textbooks": {
        "n_positions": 237263,
        "n_new_target": 85994,
        "avg_entropy_nats": 3.063489949625389,
        "avg_prob_mass_new": 0.36214757065018893,
        "avg_rank_new_target": 217.36221131706864
      },
      "hplt_clean60": {
        "n_positions": 237201,
        "n_new_target": 89821,
        "avg_entropy_nats": 2.8663467018103352,
        "avg_prob_mass_new": 0.3734111464326487,
        "avg_rank_new_target": 293.6046358869307
      },
      "legal_civic": {
        "n_positions": 99392,
        "n_new_target": 34549,
        "avg_entropy_nats": 1.8406328322882815,
        "avg_prob_mass_new": 0.3460597000579564,
        "avg_rank_new_target": 134.3021505687574
      }
    }
  },
  "greedy": {
    "n_prompts": 5,
    "n_total_gen": 500,
    "n_new_gen": 152,
    "utilization_rate": 0.304,
    "per_prompt": [
      {
        "prompt": "Η ελληνική γλώσσα έχει μακρά ιστορία. ",
        "n_generated": 100,
        "n_new": 33,
        "utilization": 0.33
      },
      {
        "prompt": "Στην ομιλία του Πλάτωνα, ο Σωκράτης λέει ότι ",
        "n_generated": 100,
        "n_new": 33,
        "utilization": 0.33
      },
      {
        "prompt": "Στην Αθήνα, οι αρχαίοι ναοί έχουν ιδιαίτερη σημασία γιατί ",
        "n_generated": 100,
        "n_new": 18,
        "utilization": 0.18
      },
      {
        "prompt": "Η σύγχρονη ελληνική κουζίνα ",
        "n_generated": 100,
        "n_new": 26,
        "utilization": 0.26
      },
      {
        "prompt": "Στη φιλοσοφία του Αριστοτέλη, η έννοια της αρετής ",
        "n_generated": 100,
        "n_new": 42,
        "utilization": 0.42
      }
    ]
  },
  "wall_seconds": 104.24926400184631
}