{
  "model_path": "/capstor/scratch/cscs/fffoivos/runs/eval/bakeoff_1node_chain_20260522_005620_retok/iter_0000195_hf",
  "eval_jsonl": "/iopsstor/scratch/cscs/fffoivos/cpt_corpus/heldout/cpt_greek_heldout_500_20260522.jsonl",
  "max_context": 4096,
  "stats_only": false,
  "tokenizer_vocab_size": 148480,
  "wall_seconds": 61.85365343093872,
  "global": {
    "n_docs": 500.0,
    "n_chars": 3202271.0,
    "n_bytes": 5464302.0,
    "n_words": 464494.0,
    "n_tokens": 805972.0,
    "chars_per_token": 3.9731789689964416,
    "compression_ratio": 3.9731789689964416,
    "tokens_per_word": 1.735161272266165,
    "bpc_bits_per_byte": 0.6827152272855219,
    "nll_per_char": 0.8074983842024445,
    "nll_per_word": 5.566979677408849,
    "nll_per_token": 3.208335597611761
  },
  "per_source": {
    "greek_academic": {
      "n_docs": 60.0,
      "n_chars": 982197.0,
      "n_bytes": 1512192.0,
      "n_words": 119592.0,
      "n_tokens": 231676.0,
      "chars_per_token": 4.239528479428167,
      "compression_ratio": 4.239528479428167,
      "tokens_per_word": 1.9372198809284902,
      "bpc_bits_per_byte": 0.5945457920495504,
      "nll_per_char": 0.6344817045552389,
      "nll_per_word": 5.210934065564937,
      "nll_per_token": 2.6899032561380634
    },
    "greek_dialogue_textbooks": {
      "n_docs": 60.0,
      "n_chars": 814590.0,
      "n_bytes": 1439151.0,
      "n_words": 133868.0,
      "n_tokens": 237323.0,
      "chars_per_token": 3.4324106808021138,
      "compression_ratio": 3.4324106808021138,
      "tokens_per_word": 1.7728135177936475,
      "bpc_bits_per_byte": 0.8859832240871736,
      "nll_per_char": 1.0849712973768766,
      "nll_per_word": 6.6020764419445275,
      "nll_per_token": 3.7240670694801175
    },
    "greek_hplt_clean60": {
      "n_docs": 330.0,
      "n_chars": 998433.0,
      "n_bytes": 1795009.0,
      "n_words": 152407.0,
      "n_tokens": 237531.0,
      "chars_per_token": 4.203379769377471,
      "compression_ratio": 4.203379769377471,
      "tokens_per_word": 1.5585307761454525,
      "bpc_bits_per_byte": 0.6660974611701169,
      "nll_per_char": 0.8300627847687538,
      "nll_per_word": 5.437821598647183,
      "nll_per_token": 3.489069116810106
    },
    "greek_legal_civic": {
      "n_docs": 50.0,
      "n_chars": 407051.0,
      "n_bytes": 717950.0,
      "n_words": 58627.0,
      "n_tokens": 99442.0,
      "chars_per_token": 4.093350898010901,
      "compression_ratio": 4.093350898010901,
      "tokens_per_word": 1.696180940522285,
      "bpc_bits_per_byte": 0.5025143964202912,
      "nll_per_char": 0.6143549235699037,
      "nll_per_word": 4.265505415492058,
      "nll_per_token": 2.514770278092284
    }
  },
  "per_register": {
    "academic": {
      "n_docs": 60.0,
      "n_chars": 982197.0,
      "n_bytes": 1512192.0,
      "n_words": 119592.0,
      "n_tokens": 231676.0,
      "chars_per_token": 4.239528479428167,
      "compression_ratio": 4.239528479428167,
      "tokens_per_word": 1.9372198809284902,
      "bpc_bits_per_byte": 0.5945457920495504,
      "nll_per_char": 0.6344817045552389,
      "nll_per_word": 5.210934065564937,
      "nll_per_token": 2.6899032561380634
    },
    "dialogue_textbooks": {
      "n_docs": 60.0,
      "n_chars": 814590.0,
      "n_bytes": 1439151.0,
      "n_words": 133868.0,
      "n_tokens": 237323.0,
      "chars_per_token": 3.4324106808021138,
      "compression_ratio": 3.4324106808021138,
      "tokens_per_word": 1.7728135177936475,
      "bpc_bits_per_byte": 0.8859832240871736,
      "nll_per_char": 1.0849712973768766,
      "nll_per_word": 6.6020764419445275,
      "nll_per_token": 3.7240670694801175
    },
    "hplt_clean60": {
      "n_docs": 330.0,
      "n_chars": 998433.0,
      "n_bytes": 1795009.0,
      "n_words": 152407.0,
      "n_tokens": 237531.0,
      "chars_per_token": 4.203379769377471,
      "compression_ratio": 4.203379769377471,
      "tokens_per_word": 1.5585307761454525,
      "bpc_bits_per_byte": 0.6660974611701169,
      "nll_per_char": 0.8300627847687538,
      "nll_per_word": 5.437821598647183,
      "nll_per_token": 3.489069116810106
    },
    "legal_civic": {
      "n_docs": 50.0,
      "n_chars": 407051.0,
      "n_bytes": 717950.0,
      "n_words": 58627.0,
      "n_tokens": 99442.0,
      "chars_per_token": 4.093350898010901,
      "compression_ratio": 4.093350898010901,
      "tokens_per_word": 1.696180940522285,
      "bpc_bits_per_byte": 0.5025143964202912,
      "nll_per_char": 0.6143549235699037,
      "nll_per_word": 4.265505415492058,
      "nll_per_token": 2.514770278092284
    }
  },
  "strr": {
    "n_words_sampled": 200067,
    "n_single_token": 89193,
    "rate": 0.4458156517566615
  },
  "truncation": {
    "n_docs_truncated": 124,
    "n_tokens_dropped": 4599263,
    "fraction_truncated": 0.248,
    "note": "char/byte/word counts are computed on the scored prefix, NOT on full text. Look at this if it's > ~10 % of docs."
  }
}