{
  "model_path": "/capstor/scratch/cscs/fffoivos/runs/eval/continuation_3p5b_20260524T143012Z_vanilla/iter_0000715_hf",
  "eval_jsonl": "/iopsstor/scratch/cscs/fffoivos/cpt_corpus/heldout/cpt_greek_heldout_500_20260522.jsonl",
  "max_context": 4096,
  "stats_only": false,
  "tokenizer_vocab_size": 131072,
  "wall_seconds": 69.52260375022888,
  "global": {
    "n_docs": 500.0,
    "n_chars": 2446647.0,
    "n_bytes": 4175927.0,
    "n_words": 355288.0,
    "n_tokens": 956785.0,
    "chars_per_token": 2.557154428633392,
    "compression_ratio": 2.557154428633392,
    "tokens_per_word": 2.6929842831730877,
    "bpc_bits_per_byte": 0.4770262503948569,
    "nll_per_char": 0.5643510318985067,
    "nll_per_word": 3.8863337887611897,
    "nll_per_token": 1.443132740523091
  },
  "per_source": {
    "greek_academic": {
      "n_docs": 60.0,
      "n_chars": 663499.0,
      "n_bytes": 997909.0,
      "n_words": 79372.0,
      "n_tokens": 234928.0,
      "chars_per_token": 2.824265306817408,
      "compression_ratio": 2.824265306817408,
      "tokens_per_word": 2.9598347024139495,
      "bpc_bits_per_byte": 0.3978000528392689,
      "nll_per_char": 0.41470661642201795,
      "nll_per_word": 3.466681264040121,
      "nll_per_token": 1.1712415092683395
    },
    "greek_dialogue_textbooks": {
      "n_docs": 60.0,
      "n_chars": 554894.0,
      "n_bytes": 979954.0,
      "n_words": 91007.0,
      "n_tokens": 243708.0,
      "chars_per_token": 2.2768805291578444,
      "compression_ratio": 2.2768805291578444,
      "tokens_per_word": 2.67790389750239,
      "bpc_bits_per_byte": 0.6660335804369218,
      "nll_per_char": 0.8152996358612776,
      "nll_per_word": 4.971099763112813,
      "nll_per_token": 1.8563398663220236
    },
    "greek_hplt_clean60": {
      "n_docs": 330.0,
      "n_chars": 939531.0,
      "n_bytes": 1688848.0,
      "n_words": 143147.0,
      "n_tokens": 362369.0,
      "chars_per_token": 2.5927466201579055,
      "compression_ratio": 2.5927466201579055,
      "tokens_per_word": 2.531446694656542,
      "bpc_bits_per_byte": 0.46176995251513164,
      "nll_per_char": 0.5753479638596423,
      "nll_per_word": 3.7762387464146197,
      "nll_per_token": 1.49173148871182
    },
    "greek_legal_civic": {
      "n_docs": 50.0,
      "n_chars": 288723.0,
      "n_bytes": 509216.0,
      "n_words": 41762.0,
      "n_tokens": 115780.0,
      "chars_per_token": 2.493720849887718,
      "compression_ratio": 2.493720849887718,
      "tokens_per_word": 2.7723768018773045,
      "bpc_bits_per_byte": 0.31915142838226496,
      "nll_per_char": 0.3901601530788049,
      "nll_per_word": 2.6973854192177527,
      "nll_per_token": 0.9729505085279996
    }
  },
  "per_register": {
    "academic": {
      "n_docs": 60.0,
      "n_chars": 663499.0,
      "n_bytes": 997909.0,
      "n_words": 79372.0,
      "n_tokens": 234928.0,
      "chars_per_token": 2.824265306817408,
      "compression_ratio": 2.824265306817408,
      "tokens_per_word": 2.9598347024139495,
      "bpc_bits_per_byte": 0.3978000528392689,
      "nll_per_char": 0.41470661642201795,
      "nll_per_word": 3.466681264040121,
      "nll_per_token": 1.1712415092683395
    },
    "dialogue_textbooks": {
      "n_docs": 60.0,
      "n_chars": 554894.0,
      "n_bytes": 979954.0,
      "n_words": 91007.0,
      "n_tokens": 243708.0,
      "chars_per_token": 2.2768805291578444,
      "compression_ratio": 2.2768805291578444,
      "tokens_per_word": 2.67790389750239,
      "bpc_bits_per_byte": 0.6660335804369218,
      "nll_per_char": 0.8152996358612776,
      "nll_per_word": 4.971099763112813,
      "nll_per_token": 1.8563398663220236
    },
    "hplt_clean60": {
      "n_docs": 330.0,
      "n_chars": 939531.0,
      "n_bytes": 1688848.0,
      "n_words": 143147.0,
      "n_tokens": 362369.0,
      "chars_per_token": 2.5927466201579055,
      "compression_ratio": 2.5927466201579055,
      "tokens_per_word": 2.531446694656542,
      "bpc_bits_per_byte": 0.46176995251513164,
      "nll_per_char": 0.5753479638596423,
      "nll_per_word": 3.7762387464146197,
      "nll_per_token": 1.49173148871182
    },
    "legal_civic": {
      "n_docs": 50.0,
      "n_chars": 288723.0,
      "n_bytes": 509216.0,
      "n_words": 41762.0,
      "n_tokens": 115780.0,
      "chars_per_token": 2.493720849887718,
      "compression_ratio": 2.493720849887718,
      "tokens_per_word": 2.7723768018773045,
      "bpc_bits_per_byte": 0.31915142838226496,
      "nll_per_char": 0.3901601530788049,
      "nll_per_word": 2.6973854192177527,
      "nll_per_token": 0.9729505085279996
    }
  },
  "strr": {
    "n_words_sampled": 200067,
    "n_single_token": 54072,
    "rate": 0.2702694597309901
  },
  "truncation": {
    "n_docs_truncated": 146,
    "n_tokens_dropped": 6906358,
    "fraction_truncated": 0.292,
    "note": "char/byte/word counts are computed on the scored prefix, NOT on full text. Look at this if it's > ~10 % of docs."
  }
}