{
  "model_path": "/capstor/scratch/cscs/fffoivos/runs/eval/continuation_3p5b_20260524T143012Z_vanilla/iter_0000834_hf",
  "eval_jsonl": "/iopsstor/scratch/cscs/fffoivos/cpt_corpus/heldout/cpt_greek_heldout_500_20260522.jsonl",
  "max_context": 4096,
  "stats_only": false,
  "tokenizer_vocab_size": 131072,
  "wall_seconds": 73.13144373893738,
  "global": {
    "n_docs": 500.0,
    "n_chars": 2446647.0,
    "n_bytes": 4175927.0,
    "n_words": 355288.0,
    "n_tokens": 956785.0,
    "chars_per_token": 2.557154428633392,
    "compression_ratio": 2.557154428633392,
    "tokens_per_word": 2.6929842831730877,
    "bpc_bits_per_byte": 0.47238533881548145,
    "nll_per_char": 0.5588605515809092,
    "nll_per_word": 3.848524273107385,
    "nll_per_token": 1.429092734463622
  },
  "per_source": {
    "greek_academic": {
      "n_docs": 60.0,
      "n_chars": 663499.0,
      "n_bytes": 997909.0,
      "n_words": 79372.0,
      "n_tokens": 234928.0,
      "chars_per_token": 2.824265306817408,
      "compression_ratio": 2.824265306817408,
      "tokens_per_word": 2.9598347024139495,
      "bpc_bits_per_byte": 0.39265116768166664,
      "nll_per_char": 0.40933890285130725,
      "nll_per_word": 3.4218106221707845,
      "nll_per_token": 1.1560816620536485
    },
    "greek_dialogue_textbooks": {
      "n_docs": 60.0,
      "n_chars": 554894.0,
      "n_bytes": 979954.0,
      "n_words": 91007.0,
      "n_tokens": 243708.0,
      "chars_per_token": 2.2768805291578444,
      "compression_ratio": 2.2768805291578444,
      "tokens_per_word": 2.67790389750239,
      "bpc_bits_per_byte": 0.6595105972688862,
      "nll_per_char": 0.8073147745001733,
      "nll_per_word": 4.922413929494426,
      "nll_per_token": 1.8381592909609008
    },
    "greek_hplt_clean60": {
      "n_docs": 330.0,
      "n_chars": 939531.0,
      "n_bytes": 1688848.0,
      "n_words": 143147.0,
      "n_tokens": 362369.0,
      "chars_per_token": 2.5927466201579055,
      "compression_ratio": 2.5927466201579055,
      "tokens_per_word": 2.531446694656542,
      "bpc_bits_per_byte": 0.45867114540038023,
      "nll_per_char": 0.5714869669408191,
      "nll_per_word": 3.7508974797716665,
      "nll_per_token": 1.4817209020001014
    },
    "greek_legal_civic": {
      "n_docs": 50.0,
      "n_chars": 288723.0,
      "n_bytes": 509216.0,
      "n_words": 41762.0,
      "n_tokens": 115780.0,
      "chars_per_token": 2.493720849887718,
      "compression_ratio": 2.493720849887718,
      "tokens_per_word": 2.7723768018773045,
      "bpc_bits_per_byte": 0.31401342901734663,
      "nll_per_char": 0.38387898858928154,
      "nll_per_word": 2.65396037599883,
      "nll_per_token": 0.9572870376789008
    }
  },
  "per_register": {
    "academic": {
      "n_docs": 60.0,
      "n_chars": 663499.0,
      "n_bytes": 997909.0,
      "n_words": 79372.0,
      "n_tokens": 234928.0,
      "chars_per_token": 2.824265306817408,
      "compression_ratio": 2.824265306817408,
      "tokens_per_word": 2.9598347024139495,
      "bpc_bits_per_byte": 0.39265116768166664,
      "nll_per_char": 0.40933890285130725,
      "nll_per_word": 3.4218106221707845,
      "nll_per_token": 1.1560816620536485
    },
    "dialogue_textbooks": {
      "n_docs": 60.0,
      "n_chars": 554894.0,
      "n_bytes": 979954.0,
      "n_words": 91007.0,
      "n_tokens": 243708.0,
      "chars_per_token": 2.2768805291578444,
      "compression_ratio": 2.2768805291578444,
      "tokens_per_word": 2.67790389750239,
      "bpc_bits_per_byte": 0.6595105972688862,
      "nll_per_char": 0.8073147745001733,
      "nll_per_word": 4.922413929494426,
      "nll_per_token": 1.8381592909609008
    },
    "hplt_clean60": {
      "n_docs": 330.0,
      "n_chars": 939531.0,
      "n_bytes": 1688848.0,
      "n_words": 143147.0,
      "n_tokens": 362369.0,
      "chars_per_token": 2.5927466201579055,
      "compression_ratio": 2.5927466201579055,
      "tokens_per_word": 2.531446694656542,
      "bpc_bits_per_byte": 0.45867114540038023,
      "nll_per_char": 0.5714869669408191,
      "nll_per_word": 3.7508974797716665,
      "nll_per_token": 1.4817209020001014
    },
    "legal_civic": {
      "n_docs": 50.0,
      "n_chars": 288723.0,
      "n_bytes": 509216.0,
      "n_words": 41762.0,
      "n_tokens": 115780.0,
      "chars_per_token": 2.493720849887718,
      "compression_ratio": 2.493720849887718,
      "tokens_per_word": 2.7723768018773045,
      "bpc_bits_per_byte": 0.31401342901734663,
      "nll_per_char": 0.38387898858928154,
      "nll_per_word": 2.65396037599883,
      "nll_per_token": 0.9572870376789008
    }
  },
  "strr": {
    "n_words_sampled": 200067,
    "n_single_token": 54072,
    "rate": 0.2702694597309901
  },
  "truncation": {
    "n_docs_truncated": 146,
    "n_tokens_dropped": 6906358,
    "fraction_truncated": 0.292,
    "note": "char/byte/word counts are computed on the scored prefix, NOT on full text. Look at this if it's > ~10 % of docs."
  }
}