run_tag,iter,tokens,name,kind,lm_loss,ppl,delta_from_first
curr_td_f20_g1_lr5.5e-5_a0_20260613T090652Z,25,104857600,code,forget,0.7776877,2.176434,0.0
curr_td_f20_g1_lr5.5e-5_a0_20260613T090652Z,50,209715200,code,forget,0.7322821,2.079822,-0.04541
curr_td_f20_g1_lr5.5e-5_a0_20260613T090652Z,75,314572800,code,forget,0.711354,2.036747,-0.06633
curr_td_f20_g1_lr5.5e-5_a0_20260613T090652Z,100,419430400,code,forget,0.6981344,2.009999,-0.07955
curr_td_f20_g1_lr5.5e-5_a0_20260613T090652Z,125,524288000,code,forget,0.6872206,1.988182,-0.09047
curr_td_f20_g1_lr5.5e-5_a0_20260613T090652Z,150,629145600,code,forget,0.6833373,1.980476,-0.09435
curr_td_f20_g1_lr5.5e-5_a0_20260613T090652Z,175,734003200,code,forget,0.6804022,1.974672,-0.09729
curr_td_f20_g1_lr5.5e-5_a0_20260613T090652Z,200,838860800,code,forget,0.6786042,1.971125,-0.09908
curr_td_f20_g1_lr5.5e-5_a0_20260613T090652Z,225,943718400,code,forget,0.6740984,1.962263,-0.10359
curr_td_f20_g1_lr5.5e-5_a0_20260613T090652Z,250,1048576000,code,forget,0.6727557,1.95963,-0.10493
curr_td_f20_g1_lr5.5e-5_a0_20260613T090652Z,275,1153433600,code,forget,0.6716422,1.957449,-0.10605
curr_td_f20_g1_lr5.5e-5_a0_20260613T090652Z,300,1258291200,code,forget,0.6695362,1.953331,-0.10815
curr_td_f20_g1_lr5.5e-5_a0_20260613T090652Z,325,1363148800,code,forget,0.6680684,1.950466,-0.10962
curr_td_f20_g1_lr5.5e-5_a0_20260613T090652Z,350,1468006400,code,forget,0.670954,1.956103,-0.10673
curr_td_f20_g1_lr5.5e-5_a0_20260613T090652Z,375,1572864000,code,forget,0.6672498,1.94887,-0.11044
curr_td_f20_g1_lr5.5e-5_a0_20260613T090652Z,400,1677721600,code,forget,0.6675468,1.949449,-0.11014
curr_td_f20_g1_lr5.5e-5_a0_20260613T090652Z,425,1782579200,code,forget,0.6658844,1.946211,-0.1118
curr_td_f20_g1_lr5.5e-5_a0_20260613T090652Z,450,1887436800,code,forget,0.6666654,1.947732,-0.11102
curr_td_f20_g1_lr5.5e-5_a0_20260613T090652Z,475,1992294400,code,forget,0.6655632,1.945586,-0.11212
curr_td_f20_g1_lr5.5e-5_a0_20260613T090652Z,500,2097152000,code,forget,0.666315,1.947049,-0.11137
curr_td_f20_g1_lr5.5e-5_a0_20260613T090652Z,525,2202009600,code,forget,0.6652179,1.944914,-0.11247
curr_td_f20_g1_lr5.5e-5_a0_20260613T090652Z,550,2306867200,code,forget,0.6649942,1.944479,-0.11269
curr_td_f20_g1_lr5.5e-5_a0_20260613T090652Z,575,2411724800,code,forget,0.6647208,1.943948,-0.11297
curr_td_f20_g1_lr5.5e-5_a0_20260613T090652Z,600,2516582400,code,forget,0.6648019,1.944105,-0.11289
curr_td_f20_g1_lr5.5e-5_a0_20260613T090652Z,625,2621440000,code,forget,0.6641196,1.942779,-0.11357
curr_td_f20_g1_lr5.5e-5_a0_20260613T090652Z,650,2726297600,code,forget,0.6652137,1.944906,-0.11247
curr_td_f20_g1_lr5.5e-5_a0_20260613T090652Z,675,2831155200,code,forget,0.6639259,1.942403,-0.11376
curr_td_f20_g1_lr5.5e-5_a0_20260613T090652Z,700,2936012800,code,forget,0.6629049,1.940421,-0.11478
curr_td_f20_g1_lr5.5e-5_a0_20260613T090652Z,725,3040870400,code,forget,0.6628318,1.940279,-0.11486
curr_td_f20_g1_lr5.5e-5_a0_20260613T090652Z,750,3145728000,code,forget,0.6625156,1.939666,-0.11517
curr_td_f20_g1_lr5.5e-5_a0_20260613T090652Z,775,3250585600,code,forget,0.662277,1.939203,-0.11541
curr_td_f20_g1_lr5.5e-5_a0_20260613T090652Z,800,3355443200,code,forget,0.6621242,1.938907,-0.11556
curr_td_f20_g1_lr5.5e-5_a0_20260613T090652Z,825,3460300800,code,forget,0.6615164,1.937729,-0.11617
curr_td_f20_g1_lr5.5e-5_a0_20260613T090652Z,850,3565158400,code,forget,0.6625878,1.939806,-0.1151
curr_td_f20_g1_lr5.5e-5_a0_20260613T090652Z,875,3670016000,code,forget,0.6613213,1.93735,-0.11637
curr_td_f20_g1_lr5.5e-5_a0_20260613T090652Z,900,3774873600,code,forget,0.6626614,1.939948,-0.11503
curr_td_f20_g1_lr5.5e-5_a0_20260613T090652Z,925,3879731200,code,forget,0.6612722,1.937255,-0.11642
curr_td_f20_g1_lr5.5e-5_a0_20260613T090652Z,950,3984588800,code,forget,0.6607475,1.936239,-0.11694
curr_td_f20_g1_lr5.5e-5_a0_20260613T090652Z,975,4089446400,code,forget,0.6610308,1.936788,-0.11666
curr_td_f20_g1_lr5.5e-5_a0_20260613T090652Z,1000,4194304000,code,forget,0.6621848,1.939024,-0.1155
curr_td_f20_g1_lr5.5e-5_a0_20260613T090652Z,1025,4299161600,code,forget,0.662475,1.939587,-0.11521
curr_td_f20_g1_lr5.5e-5_a0_20260613T090652Z,1050,4404019200,code,forget,0.6620067,1.938679,-0.11568
curr_td_f20_g1_lr5.5e-5_a0_20260613T090652Z,1075,4508876800,code,forget,0.6616142,1.937918,-0.11607
curr_td_f20_g1_lr5.5e-5_a0_20260613T090652Z,1100,4613734400,code,forget,0.6613677,1.93744,-0.11632
curr_td_f20_g1_lr5.5e-5_a0_20260613T090652Z,1125,4718592000,code,forget,0.6601813,1.935143,-0.11751
curr_td_f20_g1_lr5.5e-5_a0_20260613T090652Z,1150,4823449600,code,forget,0.6601449,1.935073,-0.11754
curr_td_f20_g1_lr5.5e-5_a0_20260613T090652Z,1175,4928307200,code,forget,0.6610173,1.936762,-0.11667
curr_td_f20_g1_lr5.5e-5_a0_20260613T090652Z,1200,5033164800,code,forget,0.6611447,1.937008,-0.11654
curr_td_f20_g1_lr5.5e-5_a0_20260613T090652Z,1225,5138022400,code,forget,0.6612141,1.937143,-0.11647
curr_td_f20_g1_lr5.5e-5_a0_20260613T090652Z,1250,5242880000,code,forget,0.6619822,1.938631,-0.11571
curr_td_f20_g1_lr5.5e-5_a0_20260613T090652Z,1275,5347737600,code,forget,0.6605718,1.935899,-0.11712
curr_td_f20_g1_lr5.5e-5_a0_20260613T090652Z,1300,5452595200,code,forget,0.6606541,1.936058,-0.11703
curr_td_f20_g1_lr5.5e-5_a0_20260613T090652Z,1325,5557452800,code,forget,0.6611634,1.937045,-0.11652
curr_td_f20_g1_lr5.5e-5_a0_20260613T090652Z,1350,5662310400,code,forget,0.6603463,1.935462,-0.11734
curr_td_f20_g1_lr5.5e-5_a0_20260613T090652Z,1375,5767168000,code,forget,0.66115,1.937019,-0.11654
curr_td_f20_g1_lr5.5e-5_a0_20260613T090652Z,1400,5872025600,code,forget,0.660126,1.935036,-0.11756
curr_td_f20_g1_lr5.5e-5_a0_20260613T090652Z,1425,5976883200,code,forget,0.6602244,1.935227,-0.11746
curr_td_f20_g1_lr5.5e-5_a0_20260613T090652Z,1450,6081740800,code,forget,0.6606973,1.936142,-0.11699
curr_td_f20_g1_lr5.5e-5_a0_20260613T090652Z,1475,6186598400,code,forget,0.6607821,1.936306,-0.11691
curr_td_f20_g1_lr5.5e-5_a0_20260613T090652Z,1500,6291456000,code,forget,0.6599246,1.934647,-0.11776
curr_td_f20_g1_lr5.5e-5_a0_20260613T090652Z,1525,6396313600,code,forget,0.6604788,1.935719,-0.11721
curr_td_f20_g1_lr5.5e-5_a0_20260613T090652Z,1550,6501171200,code,forget,0.6603755,1.935519,-0.11731
curr_td_f20_g1_lr5.5e-5_a0_20260613T090652Z,1575,6606028800,code,forget,0.6616303,1.937949,-0.11606
curr_td_f20_g1_lr5.5e-5_a0_20260613T090652Z,1600,6710886400,code,forget,0.6610574,1.936839,-0.11663
curr_td_f20_g1_lr5.5e-5_a0_20260613T090652Z,1625,6815744000,code,forget,0.6605619,1.93588,-0.11713
curr_td_f20_g1_lr5.5e-5_a0_20260613T090652Z,1650,6920601600,code,forget,0.6610634,1.936851,-0.11662
curr_td_f20_g1_lr5.5e-5_a0_20260613T090652Z,1675,7025459200,code,forget,0.6618267,1.93833,-0.11586
curr_td_f20_g1_lr5.5e-5_a0_20260613T090652Z,1700,7130316800,code,forget,0.6611944,1.937105,-0.11649
curr_td_f20_g1_lr5.5e-5_a0_20260613T090652Z,1725,7235174400,code,forget,0.6627921,1.940202,-0.1149
curr_td_f20_g1_lr5.5e-5_a0_20260613T090652Z,1750,7340032000,code,forget,0.6617712,1.938222,-0.11592
curr_td_f20_g1_lr5.5e-5_a0_20260613T090652Z,1775,7444889600,code,forget,0.6615632,1.937819,-0.11612
curr_td_f20_g1_lr5.5e-5_a0_20260613T090652Z,1800,7549747200,code,forget,0.6611443,1.937008,-0.11654
curr_td_f20_g1_lr5.5e-5_a0_20260613T090652Z,1825,7654604800,code,forget,0.6610804,1.936884,-0.11661
curr_td_f20_g1_lr5.5e-5_a0_20260613T090652Z,1850,7759462400,code,forget,0.6609328,1.936598,-0.11675
curr_td_f20_g1_lr5.5e-5_a0_20260613T090652Z,1875,7864320000,code,forget,0.6612905,1.937291,-0.1164
curr_td_f20_g1_lr5.5e-5_a0_20260613T090652Z,1900,7969177600,code,forget,0.6615841,1.93786,-0.1161
curr_td_f20_g1_lr5.5e-5_a0_20260613T090652Z,1925,8074035200,code,forget,0.6608225,1.936384,-0.11687
curr_td_f20_g1_lr5.5e-5_a0_20260613T090652Z,1950,8178892800,code,forget,0.6607322,1.93621,-0.11696
curr_td_f20_g1_lr5.5e-5_a0_20260613T090652Z,1975,8283750400,code,forget,0.6603057,1.935384,-0.11738
curr_td_f20_g1_lr5.5e-5_a0_20260613T090652Z,2000,8388608000,code,forget,0.6603799,1.935528,-0.11731
curr_td_f20_g1_lr5.5e-5_a0_20260613T090652Z,2025,8493465600,code,forget,0.6603063,1.935385,-0.11738
curr_td_f20_g1_lr5.5e-5_a0_20260613T090652Z,2050,8598323200,code,forget,0.6611432,1.937006,-0.11654
curr_td_f20_g1_lr5.5e-5_a0_20260613T090652Z,2075,8703180800,code,forget,0.6612485,1.937209,-0.11644
curr_td_f20_g1_lr5.5e-5_a0_20260613T090652Z,2100,8808038400,code,forget,0.6614649,1.937629,-0.11622
curr_td_f20_g1_lr5.5e-5_a0_20260613T090652Z,2125,8912896000,code,forget,0.661957,1.938582,-0.11573
curr_td_f20_g1_lr5.5e-5_a0_20260613T090652Z,2150,9017753600,code,forget,0.6614615,1.937622,-0.11623
curr_td_f20_g1_lr5.5e-5_a0_20260613T090652Z,2175,9122611200,code,forget,0.6611443,1.937008,-0.11654
curr_td_f20_g1_lr5.5e-5_a0_20260613T090652Z,2200,9227468800,code,forget,0.6614979,1.937693,-0.11619
curr_td_f20_g1_lr5.5e-5_a0_20260613T090652Z,2225,9332326400,code,forget,0.6611934,1.937103,-0.11649
curr_td_f20_g1_lr5.5e-5_a0_20260613T090652Z,2250,9437184000,code,forget,0.6611769,1.937071,-0.11651
curr_td_f20_g1_lr5.5e-5_a0_20260613T090652Z,2275,9542041600,code,forget,0.6670867,1.948552,-0.1106
curr_td_f20_g1_lr5.5e-5_a0_20260613T090652Z,2300,9646899200,code,forget,0.6658846,1.946211,-0.1118
curr_td_f20_g1_lr5.5e-5_a0_20260613T090652Z,2325,9751756800,code,forget,0.6650203,1.94453,-0.11267
curr_td_f20_g1_lr5.5e-5_a0_20260613T090652Z,2350,9856614400,code,forget,0.6648363,1.944172,-0.11285
curr_td_f20_g1_lr5.5e-5_a0_20260613T090652Z,2375,9961472000,code,forget,0.6644804,1.943481,-0.11321
curr_td_f20_g1_lr5.5e-5_a0_20260613T090652Z,2400,10066329600,code,forget,0.6643526,1.943232,-0.11334
curr_td_f20_g1_lr5.5e-5_a0_20260613T090652Z,2425,10171187200,code,forget,0.666473,1.947357,-0.11121
curr_td_f20_g1_lr5.5e-5_a0_20260613T090652Z,2450,10276044800,code,forget,0.6650198,1.944529,-0.11267
curr_td_f20_g1_lr5.5e-5_a0_20260613T090652Z,2475,10380902400,code,forget,0.6652129,1.944905,-0.11247
curr_td_f20_g1_lr5.5e-5_a0_20260613T090652Z,2500,10485760000,code,forget,0.6663343,1.947087,-0.11135
curr_td_f20_g1_lr5.5e-5_a0_20260613T090652Z,2525,10590617600,code,forget,0.6657541,1.945957,-0.11193
curr_td_f20_g1_lr5.5e-5_a0_20260613T090652Z,2550,10695475200,code,forget,0.6662676,1.946957,-0.11142
curr_td_f20_g1_lr5.5e-5_a0_20260613T090652Z,2575,10800332800,code,forget,0.6658083,1.946063,-0.11188
curr_td_f20_g1_lr5.5e-5_a0_20260613T090652Z,2600,10905190400,code,forget,0.6648777,1.944253,-0.11281
curr_td_f20_g1_lr5.5e-5_a0_20260613T090652Z,2625,11010048000,code,forget,0.664722,1.94395,-0.11297
curr_td_f20_g1_lr5.5e-5_a0_20260613T090652Z,2650,11114905600,code,forget,0.6645585,1.943632,-0.11313
curr_td_f20_g1_lr5.5e-5_a0_20260613T090652Z,2675,11219763200,code,forget,0.6643345,1.943197,-0.11335
curr_td_f20_g1_lr5.5e-5_a0_20260613T090652Z,2700,11324620800,code,forget,0.6637431,1.942048,-0.11394
curr_td_f20_g1_lr5.5e-5_a0_20260613T090652Z,2725,11429478400,code,forget,0.6637142,1.941992,-0.11397
curr_td_f20_g1_lr5.5e-5_a0_20260613T090652Z,2750,11534336000,code,forget,0.664068,1.942679,-0.11362
curr_td_f20_g1_lr5.5e-5_a0_20260613T090652Z,2775,11639193600,code,forget,0.6644578,1.943437,-0.11323
curr_td_f20_g1_lr5.5e-5_a0_20260613T090652Z,2800,11744051200,code,forget,0.6636755,1.941917,-0.11401
curr_td_f20_g1_lr5.5e-5_a0_20260613T090652Z,2825,11848908800,code,forget,0.6634057,1.941393,-0.11428
curr_td_f20_g1_lr5.5e-5_a0_20260613T090652Z,2850,11953766400,code,forget,0.663358,1.9413,-0.11433
curr_td_f20_g1_lr5.5e-5_a0_20260613T090652Z,2875,12058624000,code,forget,0.6632976,1.941183,-0.11439
curr_td_f20_g1_lr5.5e-5_a0_20260613T090652Z,2900,12163481600,code,forget,0.6629422,1.940493,-0.11475
curr_td_f20_g1_lr5.5e-5_a0_20260613T090652Z,2925,12268339200,code,forget,0.6633486,1.941282,-0.11434
curr_td_f20_g1_lr5.5e-5_a0_20260613T090652Z,2950,12373196800,code,forget,0.6627819,1.940182,-0.11491
curr_td_f20_g1_lr5.5e-5_a0_20260613T090652Z,2975,12478054400,code,forget,0.6627847,1.940188,-0.1149
curr_td_f20_g1_lr5.5e-5_a0_20260613T090652Z,3000,12582912000,code,forget,0.6626495,1.939925,-0.11504
curr_td_f20_g1_lr5.5e-5_a0_20260613T090652Z,3025,12687769600,code,forget,0.6625579,1.939748,-0.11513
curr_td_f20_g1_lr5.5e-5_a0_20260613T090652Z,3050,12792627200,code,forget,0.6620873,1.938835,-0.1156
curr_td_f20_g1_lr5.5e-5_a0_20260613T090652Z,3075,12897484800,code,forget,0.6622627,1.939175,-0.11542
curr_td_f20_g1_lr5.5e-5_a0_20260613T090652Z,3100,13002342400,code,forget,0.6624348,1.939509,-0.11525
curr_td_f20_g1_lr5.5e-5_a0_20260613T090652Z,3125,13107200000,code,forget,0.6619894,1.938645,-0.1157
curr_td_f20_g1_lr5.5e-5_a0_20260613T090652Z,3150,13212057600,code,forget,0.6619077,1.938487,-0.11578
curr_td_f20_g1_lr5.5e-5_a0_20260613T090652Z,3175,13316915200,code,forget,0.6617894,1.938258,-0.1159
curr_td_f20_g1_lr5.5e-5_a0_20260613T090652Z,3200,13421772800,code,forget,0.6618264,1.938329,-0.11586
curr_td_f20_g1_lr5.5e-5_a0_20260613T090652Z,25,104857600,de,forget,1.948674,7.019374,0.0
curr_td_f20_g1_lr5.5e-5_a0_20260613T090652Z,50,209715200,de,forget,1.915073,6.787433,-0.0336
curr_td_f20_g1_lr5.5e-5_a0_20260613T090652Z,75,314572800,de,forget,1.883228,6.574696,-0.06545
curr_td_f20_g1_lr5.5e-5_a0_20260613T090652Z,100,419430400,de,forget,1.870938,6.494388,-0.07774
curr_td_f20_g1_lr5.5e-5_a0_20260613T090652Z,125,524288000,de,forget,1.864406,6.452104,-0.08427
curr_td_f20_g1_lr5.5e-5_a0_20260613T090652Z,150,629145600,de,forget,1.860444,6.426587,-0.08823
curr_td_f20_g1_lr5.5e-5_a0_20260613T090652Z,175,734003200,de,forget,1.858778,6.415893,-0.0899
curr_td_f20_g1_lr5.5e-5_a0_20260613T090652Z,200,838860800,de,forget,1.859029,6.417503,-0.08964
curr_td_f20_g1_lr5.5e-5_a0_20260613T090652Z,225,943718400,de,forget,1.856318,6.400126,-0.09236
curr_td_f20_g1_lr5.5e-5_a0_20260613T090652Z,250,1048576000,de,forget,1.856059,6.398473,-0.09262
curr_td_f20_g1_lr5.5e-5_a0_20260613T090652Z,275,1153433600,de,forget,1.85506,6.392081,-0.09361
curr_td_f20_g1_lr5.5e-5_a0_20260613T090652Z,300,1258291200,de,forget,1.854355,6.387578,-0.09432
curr_td_f20_g1_lr5.5e-5_a0_20260613T090652Z,325,1363148800,de,forget,1.853834,6.384247,-0.09484
curr_td_f20_g1_lr5.5e-5_a0_20260613T090652Z,350,1468006400,de,forget,1.85989,6.423033,-0.08878
curr_td_f20_g1_lr5.5e-5_a0_20260613T090652Z,375,1572864000,de,forget,1.855777,6.396667,-0.0929
curr_td_f20_g1_lr5.5e-5_a0_20260613T090652Z,400,1677721600,de,forget,1.855533,6.395107,-0.09314
curr_td_f20_g1_lr5.5e-5_a0_20260613T090652Z,425,1782579200,de,forget,1.855242,6.393248,-0.09343
curr_td_f20_g1_lr5.5e-5_a0_20260613T090652Z,450,1887436800,de,forget,1.85713,6.405327,-0.09154
curr_td_f20_g1_lr5.5e-5_a0_20260613T090652Z,475,1992294400,de,forget,1.856821,6.403348,-0.09185
curr_td_f20_g1_lr5.5e-5_a0_20260613T090652Z,500,2097152000,de,forget,1.857515,6.407792,-0.09116
curr_td_f20_g1_lr5.5e-5_a0_20260613T090652Z,525,2202009600,de,forget,1.855823,6.396961,-0.09285
curr_td_f20_g1_lr5.5e-5_a0_20260613T090652Z,550,2306867200,de,forget,1.855518,6.395009,-0.09316
curr_td_f20_g1_lr5.5e-5_a0_20260613T090652Z,575,2411724800,de,forget,1.855191,6.392921,-0.09348
curr_td_f20_g1_lr5.5e-5_a0_20260613T090652Z,600,2516582400,de,forget,1.856608,6.401982,-0.09207
curr_td_f20_g1_lr5.5e-5_a0_20260613T090652Z,625,2621440000,de,forget,1.855838,6.397056,-0.09284
curr_td_f20_g1_lr5.5e-5_a0_20260613T090652Z,650,2726297600,de,forget,1.857379,6.406921,-0.0913
curr_td_f20_g1_lr5.5e-5_a0_20260613T090652Z,675,2831155200,de,forget,1.856487,6.401207,-0.09219
curr_td_f20_g1_lr5.5e-5_a0_20260613T090652Z,700,2936012800,de,forget,1.855753,6.39651,-0.09292
curr_td_f20_g1_lr5.5e-5_a0_20260613T090652Z,725,3040870400,de,forget,1.85697,6.404304,-0.0917
curr_td_f20_g1_lr5.5e-5_a0_20260613T090652Z,750,3145728000,de,forget,1.856841,6.403474,-0.09183
curr_td_f20_g1_lr5.5e-5_a0_20260613T090652Z,775,3250585600,de,forget,1.857916,6.410362,-0.09076
curr_td_f20_g1_lr5.5e-5_a0_20260613T090652Z,800,3355443200,de,forget,1.85891,6.416739,-0.08976
curr_td_f20_g1_lr5.5e-5_a0_20260613T090652Z,825,3460300800,de,forget,1.856189,6.399305,-0.09248
curr_td_f20_g1_lr5.5e-5_a0_20260613T090652Z,850,3565158400,de,forget,1.858081,6.411424,-0.09059
curr_td_f20_g1_lr5.5e-5_a0_20260613T090652Z,875,3670016000,de,forget,1.856851,6.403537,-0.09182
curr_td_f20_g1_lr5.5e-5_a0_20260613T090652Z,900,3774873600,de,forget,1.857698,6.408968,-0.09098
curr_td_f20_g1_lr5.5e-5_a0_20260613T090652Z,925,3879731200,de,forget,1.856529,6.401478,-0.09214
curr_td_f20_g1_lr5.5e-5_a0_20260613T090652Z,950,3984588800,de,forget,1.856535,6.40152,-0.09214
curr_td_f20_g1_lr5.5e-5_a0_20260613T090652Z,975,4089446400,de,forget,1.856558,6.401662,-0.09212
curr_td_f20_g1_lr5.5e-5_a0_20260613T090652Z,1000,4194304000,de,forget,1.858281,6.412705,-0.09039
curr_td_f20_g1_lr5.5e-5_a0_20260613T090652Z,1025,4299161600,de,forget,1.858738,6.415636,-0.08994
curr_td_f20_g1_lr5.5e-5_a0_20260613T090652Z,1050,4404019200,de,forget,1.859275,6.419081,-0.0894
curr_td_f20_g1_lr5.5e-5_a0_20260613T090652Z,1075,4508876800,de,forget,1.859803,6.42247,-0.08887
curr_td_f20_g1_lr5.5e-5_a0_20260613T090652Z,1100,4613734400,de,forget,1.85848,6.413978,-0.09019
curr_td_f20_g1_lr5.5e-5_a0_20260613T090652Z,1125,4718592000,de,forget,1.857173,6.405604,-0.0915
curr_td_f20_g1_lr5.5e-5_a0_20260613T090652Z,1150,4823449600,de,forget,1.85798,6.410772,-0.09069
curr_td_f20_g1_lr5.5e-5_a0_20260613T090652Z,1175,4928307200,de,forget,1.857364,6.406828,-0.09131
curr_td_f20_g1_lr5.5e-5_a0_20260613T090652Z,1200,5033164800,de,forget,1.859568,6.42096,-0.08911
curr_td_f20_g1_lr5.5e-5_a0_20260613T090652Z,1225,5138022400,de,forget,1.859431,6.420083,-0.08924
curr_td_f20_g1_lr5.5e-5_a0_20260613T090652Z,1250,5242880000,de,forget,1.859881,6.422975,-0.08879
curr_td_f20_g1_lr5.5e-5_a0_20260613T090652Z,1275,5347737600,de,forget,1.857853,6.409957,-0.09082
curr_td_f20_g1_lr5.5e-5_a0_20260613T090652Z,1300,5452595200,de,forget,1.859042,6.417586,-0.08963
curr_td_f20_g1_lr5.5e-5_a0_20260613T090652Z,1325,5557452800,de,forget,1.860121,6.424513,-0.08855
curr_td_f20_g1_lr5.5e-5_a0_20260613T090652Z,1350,5662310400,de,forget,1.859505,6.420559,-0.08917
curr_td_f20_g1_lr5.5e-5_a0_20260613T090652Z,1375,5767168000,de,forget,1.86038,6.426176,-0.08829
curr_td_f20_g1_lr5.5e-5_a0_20260613T090652Z,1400,5872025600,de,forget,1.858702,6.415407,-0.08997
curr_td_f20_g1_lr5.5e-5_a0_20260613T090652Z,1425,5976883200,de,forget,1.858916,6.416775,-0.08976
curr_td_f20_g1_lr5.5e-5_a0_20260613T090652Z,1450,6081740800,de,forget,1.859693,6.421768,-0.08898
curr_td_f20_g1_lr5.5e-5_a0_20260613T090652Z,1475,6186598400,de,forget,1.860164,6.424791,-0.08851
curr_td_f20_g1_lr5.5e-5_a0_20260613T090652Z,1500,6291456000,de,forget,1.858548,6.414414,-0.09013
curr_td_f20_g1_lr5.5e-5_a0_20260613T090652Z,1525,6396313600,de,forget,1.860126,6.424546,-0.08855
curr_td_f20_g1_lr5.5e-5_a0_20260613T090652Z,1550,6501171200,de,forget,1.859316,6.419343,-0.08936
curr_td_f20_g1_lr5.5e-5_a0_20260613T090652Z,1575,6606028800,de,forget,1.860772,6.428698,-0.0879
curr_td_f20_g1_lr5.5e-5_a0_20260613T090652Z,1600,6710886400,de,forget,1.861124,6.430958,-0.08755
curr_td_f20_g1_lr5.5e-5_a0_20260613T090652Z,1625,6815744000,de,forget,1.860905,6.429551,-0.08777
curr_td_f20_g1_lr5.5e-5_a0_20260613T090652Z,1650,6920601600,de,forget,1.860032,6.423941,-0.08864
curr_td_f20_g1_lr5.5e-5_a0_20260613T090652Z,1675,7025459200,de,forget,1.86137,6.432543,-0.0873
curr_td_f20_g1_lr5.5e-5_a0_20260613T090652Z,1700,7130316800,de,forget,1.860464,6.426719,-0.08821
curr_td_f20_g1_lr5.5e-5_a0_20260613T090652Z,1725,7235174400,de,forget,1.865812,6.461178,-0.08286
curr_td_f20_g1_lr5.5e-5_a0_20260613T090652Z,1750,7340032000,de,forget,1.862012,6.436675,-0.08666
curr_td_f20_g1_lr5.5e-5_a0_20260613T090652Z,1775,7444889600,de,forget,1.861616,6.434129,-0.08706
curr_td_f20_g1_lr5.5e-5_a0_20260613T090652Z,1800,7549747200,de,forget,1.861163,6.431214,-0.08751
curr_td_f20_g1_lr5.5e-5_a0_20260613T090652Z,1825,7654604800,de,forget,1.861401,6.432742,-0.08727
curr_td_f20_g1_lr5.5e-5_a0_20260613T090652Z,1850,7759462400,de,forget,1.861192,6.431398,-0.08748
curr_td_f20_g1_lr5.5e-5_a0_20260613T090652Z,1875,7864320000,de,forget,1.861826,6.435475,-0.08685
curr_td_f20_g1_lr5.5e-5_a0_20260613T090652Z,1900,7969177600,de,forget,1.861025,6.430327,-0.08765
curr_td_f20_g1_lr5.5e-5_a0_20260613T090652Z,1925,8074035200,de,forget,1.861823,6.435458,-0.08685
curr_td_f20_g1_lr5.5e-5_a0_20260613T090652Z,1950,8178892800,de,forget,1.862269,6.438331,-0.08641
curr_td_f20_g1_lr5.5e-5_a0_20260613T090652Z,1975,8283750400,de,forget,1.861312,6.432172,-0.08736
curr_td_f20_g1_lr5.5e-5_a0_20260613T090652Z,2000,8388608000,de,forget,1.861838,6.435555,-0.08684
curr_td_f20_g1_lr5.5e-5_a0_20260613T090652Z,2025,8493465600,de,forget,1.861076,6.43065,-0.0876
curr_td_f20_g1_lr5.5e-5_a0_20260613T090652Z,2050,8598323200,de,forget,1.862042,6.436869,-0.08663
curr_td_f20_g1_lr5.5e-5_a0_20260613T090652Z,2075,8703180800,de,forget,1.862408,6.439226,-0.08627
curr_td_f20_g1_lr5.5e-5_a0_20260613T090652Z,2100,8808038400,de,forget,1.862378,6.439031,-0.0863
curr_td_f20_g1_lr5.5e-5_a0_20260613T090652Z,2125,8912896000,de,forget,1.863058,6.443413,-0.08562
curr_td_f20_g1_lr5.5e-5_a0_20260613T090652Z,2150,9017753600,de,forget,1.863072,6.443498,-0.0856
curr_td_f20_g1_lr5.5e-5_a0_20260613T090652Z,2175,9122611200,de,forget,1.86259,6.440395,-0.08608
curr_td_f20_g1_lr5.5e-5_a0_20260613T090652Z,2200,9227468800,de,forget,1.863456,6.445979,-0.08522
curr_td_f20_g1_lr5.5e-5_a0_20260613T090652Z,2225,9332326400,de,forget,1.86274,6.441362,-0.08593
curr_td_f20_g1_lr5.5e-5_a0_20260613T090652Z,2250,9437184000,de,forget,1.86253,6.440009,-0.08614
curr_td_f20_g1_lr5.5e-5_a0_20260613T090652Z,2275,9542041600,de,forget,1.866422,6.46512,-0.08225
curr_td_f20_g1_lr5.5e-5_a0_20260613T090652Z,2300,9646899200,de,forget,1.864509,6.452766,-0.08417
curr_td_f20_g1_lr5.5e-5_a0_20260613T090652Z,2325,9751756800,de,forget,1.864261,6.451165,-0.08441
curr_td_f20_g1_lr5.5e-5_a0_20260613T090652Z,2350,9856614400,de,forget,1.864657,6.453721,-0.08402
curr_td_f20_g1_lr5.5e-5_a0_20260613T090652Z,2375,9961472000,de,forget,1.864196,6.450745,-0.08448
curr_td_f20_g1_lr5.5e-5_a0_20260613T090652Z,2400,10066329600,de,forget,1.863678,6.44741,-0.085
curr_td_f20_g1_lr5.5e-5_a0_20260613T090652Z,2425,10171187200,de,forget,1.866319,6.46446,-0.08235
curr_td_f20_g1_lr5.5e-5_a0_20260613T090652Z,2450,10276044800,de,forget,1.864616,6.45346,-0.08406
curr_td_f20_g1_lr5.5e-5_a0_20260613T090652Z,2475,10380902400,de,forget,1.864013,6.449569,-0.08466
curr_td_f20_g1_lr5.5e-5_a0_20260613T090652Z,2500,10485760000,de,forget,1.865699,6.460448,-0.08298
curr_td_f20_g1_lr5.5e-5_a0_20260613T090652Z,2525,10590617600,de,forget,1.864578,6.453214,-0.0841
curr_td_f20_g1_lr5.5e-5_a0_20260613T090652Z,2550,10695475200,de,forget,1.866491,6.465569,-0.08218
curr_td_f20_g1_lr5.5e-5_a0_20260613T090652Z,2575,10800332800,de,forget,1.865886,6.461657,-0.08279
curr_td_f20_g1_lr5.5e-5_a0_20260613T090652Z,2600,10905190400,de,forget,1.864062,6.449886,-0.08461
curr_td_f20_g1_lr5.5e-5_a0_20260613T090652Z,2625,11010048000,de,forget,1.863421,6.445753,-0.08525
curr_td_f20_g1_lr5.5e-5_a0_20260613T090652Z,2650,11114905600,de,forget,1.863824,6.448351,-0.08485
curr_td_f20_g1_lr5.5e-5_a0_20260613T090652Z,2675,11219763200,de,forget,1.863166,6.444105,-0.08551
curr_td_f20_g1_lr5.5e-5_a0_20260613T090652Z,2700,11324620800,de,forget,1.862164,6.437654,-0.08651
curr_td_f20_g1_lr5.5e-5_a0_20260613T090652Z,2725,11429478400,de,forget,1.86202,6.436723,-0.08665
curr_td_f20_g1_lr5.5e-5_a0_20260613T090652Z,2750,11534336000,de,forget,1.862338,6.438776,-0.08634
curr_td_f20_g1_lr5.5e-5_a0_20260613T090652Z,2775,11639193600,de,forget,1.862172,6.437701,-0.0865
curr_td_f20_g1_lr5.5e-5_a0_20260613T090652Z,2800,11744051200,de,forget,1.861536,6.433614,-0.08714
curr_td_f20_g1_lr5.5e-5_a0_20260613T090652Z,2825,11848908800,de,forget,1.861264,6.431858,-0.08741
curr_td_f20_g1_lr5.5e-5_a0_20260613T090652Z,2850,11953766400,de,forget,1.861171,6.431263,-0.0875
curr_td_f20_g1_lr5.5e-5_a0_20260613T090652Z,2875,12058624000,de,forget,1.860763,6.428637,-0.08791
curr_td_f20_g1_lr5.5e-5_a0_20260613T090652Z,2900,12163481600,de,forget,1.860453,6.426644,-0.08822
curr_td_f20_g1_lr5.5e-5_a0_20260613T090652Z,2925,12268339200,de,forget,1.860691,6.428178,-0.08798
curr_td_f20_g1_lr5.5e-5_a0_20260613T090652Z,2950,12373196800,de,forget,1.860149,6.424693,-0.08852
curr_td_f20_g1_lr5.5e-5_a0_20260613T090652Z,2975,12478054400,de,forget,1.860196,6.424994,-0.08848
curr_td_f20_g1_lr5.5e-5_a0_20260613T090652Z,3000,12582912000,de,forget,1.859843,6.422727,-0.08883
curr_td_f20_g1_lr5.5e-5_a0_20260613T090652Z,3025,12687769600,de,forget,1.859613,6.421252,-0.08906
curr_td_f20_g1_lr5.5e-5_a0_20260613T090652Z,3050,12792627200,de,forget,1.859137,6.418197,-0.08954
curr_td_f20_g1_lr5.5e-5_a0_20260613T090652Z,3075,12897484800,de,forget,1.859195,6.418565,-0.08948
curr_td_f20_g1_lr5.5e-5_a0_20260613T090652Z,3100,13002342400,de,forget,1.859043,6.41759,-0.08963
curr_td_f20_g1_lr5.5e-5_a0_20260613T090652Z,3125,13107200000,de,forget,1.858735,6.415613,-0.08994
curr_td_f20_g1_lr5.5e-5_a0_20260613T090652Z,3150,13212057600,de,forget,1.858618,6.414865,-0.09006
curr_td_f20_g1_lr5.5e-5_a0_20260613T090652Z,3175,13316915200,de,forget,1.858341,6.413085,-0.09033
curr_td_f20_g1_lr5.5e-5_a0_20260613T090652Z,3200,13421772800,de,forget,1.858311,6.412895,-0.09036
curr_td_f20_g1_lr5.5e-5_a0_20260613T090652Z,25,104857600,english,forget,2.068399,7.912147,0.0
curr_td_f20_g1_lr5.5e-5_a0_20260613T090652Z,50,209715200,english,forget,2.020101,7.539087,-0.0483
curr_td_f20_g1_lr5.5e-5_a0_20260613T090652Z,75,314572800,english,forget,1.98791,7.300258,-0.08049
curr_td_f20_g1_lr5.5e-5_a0_20260613T090652Z,100,419430400,english,forget,1.974894,7.205853,-0.0935
curr_td_f20_g1_lr5.5e-5_a0_20260613T090652Z,125,524288000,english,forget,1.967169,7.150402,-0.10123
curr_td_f20_g1_lr5.5e-5_a0_20260613T090652Z,150,629145600,english,forget,1.962719,7.118655,-0.10568
curr_td_f20_g1_lr5.5e-5_a0_20260613T090652Z,175,734003200,english,forget,1.960753,7.104678,-0.10765
curr_td_f20_g1_lr5.5e-5_a0_20260613T090652Z,200,838860800,english,forget,1.960915,7.105826,-0.10748
curr_td_f20_g1_lr5.5e-5_a0_20260613T090652Z,225,943718400,english,forget,1.95723,7.079688,-0.11117
curr_td_f20_g1_lr5.5e-5_a0_20260613T090652Z,250,1048576000,english,forget,1.956075,7.071516,-0.11232
curr_td_f20_g1_lr5.5e-5_a0_20260613T090652Z,275,1153433600,english,forget,1.955108,7.06468,-0.11329
curr_td_f20_g1_lr5.5e-5_a0_20260613T090652Z,300,1258291200,english,forget,1.953962,7.056589,-0.11444
curr_td_f20_g1_lr5.5e-5_a0_20260613T090652Z,325,1363148800,english,forget,1.952997,7.049785,-0.1154
curr_td_f20_g1_lr5.5e-5_a0_20260613T090652Z,350,1468006400,english,forget,1.958376,7.087807,-0.11002
curr_td_f20_g1_lr5.5e-5_a0_20260613T090652Z,375,1572864000,english,forget,1.954339,7.059249,-0.11406
curr_td_f20_g1_lr5.5e-5_a0_20260613T090652Z,400,1677721600,english,forget,1.953718,7.054869,-0.11468
curr_td_f20_g1_lr5.5e-5_a0_20260613T090652Z,425,1782579200,english,forget,1.953073,7.050318,-0.11533
curr_td_f20_g1_lr5.5e-5_a0_20260613T090652Z,450,1887436800,english,forget,1.954475,7.060213,-0.11392
curr_td_f20_g1_lr5.5e-5_a0_20260613T090652Z,475,1992294400,english,forget,1.954178,7.058112,-0.11422
curr_td_f20_g1_lr5.5e-5_a0_20260613T090652Z,500,2097152000,english,forget,1.954928,7.063408,-0.11347
curr_td_f20_g1_lr5.5e-5_a0_20260613T090652Z,525,2202009600,english,forget,1.953299,7.051912,-0.1151
curr_td_f20_g1_lr5.5e-5_a0_20260613T090652Z,550,2306867200,english,forget,1.952371,7.045374,-0.11603
curr_td_f20_g1_lr5.5e-5_a0_20260613T090652Z,575,2411724800,english,forget,1.95235,7.045224,-0.11605
curr_td_f20_g1_lr5.5e-5_a0_20260613T090652Z,600,2516582400,english,forget,1.953448,7.052963,-0.11495
curr_td_f20_g1_lr5.5e-5_a0_20260613T090652Z,625,2621440000,english,forget,1.952248,7.044505,-0.11615
curr_td_f20_g1_lr5.5e-5_a0_20260613T090652Z,650,2726297600,english,forget,1.953505,7.053369,-0.11489
curr_td_f20_g1_lr5.5e-5_a0_20260613T090652Z,675,2831155200,english,forget,1.953024,7.049975,-0.11537
curr_td_f20_g1_lr5.5e-5_a0_20260613T090652Z,700,2936012800,english,forget,1.952034,7.042995,-0.11636
curr_td_f20_g1_lr5.5e-5_a0_20260613T090652Z,725,3040870400,english,forget,1.954346,7.059303,-0.11405
curr_td_f20_g1_lr5.5e-5_a0_20260613T090652Z,750,3145728000,english,forget,1.953378,7.052468,-0.11502
curr_td_f20_g1_lr5.5e-5_a0_20260613T090652Z,775,3250585600,english,forget,1.954244,7.058584,-0.11415
curr_td_f20_g1_lr5.5e-5_a0_20260613T090652Z,800,3355443200,english,forget,1.95505,7.06427,-0.11335
curr_td_f20_g1_lr5.5e-5_a0_20260613T090652Z,825,3460300800,english,forget,1.95249,7.046213,-0.11591
curr_td_f20_g1_lr5.5e-5_a0_20260613T090652Z,850,3565158400,english,forget,1.954418,7.05981,-0.11398
curr_td_f20_g1_lr5.5e-5_a0_20260613T090652Z,875,3670016000,english,forget,1.953369,7.052406,-0.11503
curr_td_f20_g1_lr5.5e-5_a0_20260613T090652Z,900,3774873600,english,forget,1.954056,7.057252,-0.11434
curr_td_f20_g1_lr5.5e-5_a0_20260613T090652Z,925,3879731200,english,forget,1.952594,7.046941,-0.1158
curr_td_f20_g1_lr5.5e-5_a0_20260613T090652Z,950,3984588800,english,forget,1.952716,7.047804,-0.11568
curr_td_f20_g1_lr5.5e-5_a0_20260613T090652Z,975,4089446400,english,forget,1.953082,7.050384,-0.11532
curr_td_f20_g1_lr5.5e-5_a0_20260613T090652Z,1000,4194304000,english,forget,1.954059,7.057276,-0.11434
curr_td_f20_g1_lr5.5e-5_a0_20260613T090652Z,1025,4299161600,english,forget,1.95498,7.063774,-0.11342
curr_td_f20_g1_lr5.5e-5_a0_20260613T090652Z,1050,4404019200,english,forget,1.955064,7.064374,-0.11333
curr_td_f20_g1_lr5.5e-5_a0_20260613T090652Z,1075,4508876800,english,forget,1.955476,7.06728,-0.11292
curr_td_f20_g1_lr5.5e-5_a0_20260613T090652Z,1100,4613734400,english,forget,1.954221,7.058415,-0.11418
curr_td_f20_g1_lr5.5e-5_a0_20260613T090652Z,1125,4718592000,english,forget,1.952619,7.047118,-0.11578
curr_td_f20_g1_lr5.5e-5_a0_20260613T090652Z,1150,4823449600,english,forget,1.953729,7.054948,-0.11467
curr_td_f20_g1_lr5.5e-5_a0_20260613T090652Z,1175,4928307200,english,forget,1.953222,7.051372,-0.11518
curr_td_f20_g1_lr5.5e-5_a0_20260613T090652Z,1200,5033164800,english,forget,1.955172,7.065132,-0.11323
curr_td_f20_g1_lr5.5e-5_a0_20260613T090652Z,1225,5138022400,english,forget,1.955265,7.065789,-0.11313
curr_td_f20_g1_lr5.5e-5_a0_20260613T090652Z,1250,5242880000,english,forget,1.956169,7.072179,-0.11223
curr_td_f20_g1_lr5.5e-5_a0_20260613T090652Z,1275,5347737600,english,forget,1.954013,7.056952,-0.11439
curr_td_f20_g1_lr5.5e-5_a0_20260613T090652Z,1300,5452595200,english,forget,1.954985,7.063811,-0.11341
curr_td_f20_g1_lr5.5e-5_a0_20260613T090652Z,1325,5557452800,english,forget,1.956598,7.075218,-0.1118
curr_td_f20_g1_lr5.5e-5_a0_20260613T090652Z,1350,5662310400,english,forget,1.9554,7.066742,-0.113
curr_td_f20_g1_lr5.5e-5_a0_20260613T090652Z,1375,5767168000,english,forget,1.956706,7.075977,-0.11169
curr_td_f20_g1_lr5.5e-5_a0_20260613T090652Z,1400,5872025600,english,forget,1.954867,7.062981,-0.11353
curr_td_f20_g1_lr5.5e-5_a0_20260613T090652Z,1425,5976883200,english,forget,1.955387,7.066652,-0.11301
curr_td_f20_g1_lr5.5e-5_a0_20260613T090652Z,1450,6081740800,english,forget,1.955866,7.070038,-0.11253
curr_td_f20_g1_lr5.5e-5_a0_20260613T090652Z,1475,6186598400,english,forget,1.956464,7.074267,-0.11193
curr_td_f20_g1_lr5.5e-5_a0_20260613T090652Z,1500,6291456000,english,forget,1.955406,7.066785,-0.11299
curr_td_f20_g1_lr5.5e-5_a0_20260613T090652Z,1525,6396313600,english,forget,1.956867,7.077116,-0.11153
curr_td_f20_g1_lr5.5e-5_a0_20260613T090652Z,1550,6501171200,english,forget,1.955814,7.069671,-0.11258
curr_td_f20_g1_lr5.5e-5_a0_20260613T090652Z,1575,6606028800,english,forget,1.957592,7.082251,-0.11081
curr_td_f20_g1_lr5.5e-5_a0_20260613T090652Z,1600,6710886400,english,forget,1.957766,7.083487,-0.11063
curr_td_f20_g1_lr5.5e-5_a0_20260613T090652Z,1625,6815744000,english,forget,1.957338,7.080456,-0.11106
curr_td_f20_g1_lr5.5e-5_a0_20260613T090652Z,1650,6920601600,english,forget,1.956646,7.075559,-0.11175
curr_td_f20_g1_lr5.5e-5_a0_20260613T090652Z,1675,7025459200,english,forget,1.957918,7.084559,-0.11048
curr_td_f20_g1_lr5.5e-5_a0_20260613T090652Z,1700,7130316800,english,forget,1.956895,7.077317,-0.1115
curr_td_f20_g1_lr5.5e-5_a0_20260613T090652Z,1725,7235174400,english,forget,1.960931,7.105939,-0.10747
curr_td_f20_g1_lr5.5e-5_a0_20260613T090652Z,1750,7340032000,english,forget,1.95882,7.090954,-0.10958
curr_td_f20_g1_lr5.5e-5_a0_20260613T090652Z,1775,7444889600,english,forget,1.958346,7.087596,-0.11005
curr_td_f20_g1_lr5.5e-5_a0_20260613T090652Z,1800,7549747200,english,forget,1.95773,7.083227,-0.11067
curr_td_f20_g1_lr5.5e-5_a0_20260613T090652Z,1825,7654604800,english,forget,1.958098,7.08584,-0.1103
curr_td_f20_g1_lr5.5e-5_a0_20260613T090652Z,1850,7759462400,english,forget,1.957924,7.084602,-0.11047
curr_td_f20_g1_lr5.5e-5_a0_20260613T090652Z,1875,7864320000,english,forget,1.959095,7.092904,-0.1093
curr_td_f20_g1_lr5.5e-5_a0_20260613T090652Z,1900,7969177600,english,forget,1.95793,7.084646,-0.11047
curr_td_f20_g1_lr5.5e-5_a0_20260613T090652Z,1925,8074035200,english,forget,1.958539,7.088962,-0.10986
curr_td_f20_g1_lr5.5e-5_a0_20260613T090652Z,1950,8178892800,english,forget,1.959174,7.093468,-0.10922
curr_td_f20_g1_lr5.5e-5_a0_20260613T090652Z,1975,8283750400,english,forget,1.957938,7.084706,-0.11046
curr_td_f20_g1_lr5.5e-5_a0_20260613T090652Z,2000,8388608000,english,forget,1.95831,7.087339,-0.11009
curr_td_f20_g1_lr5.5e-5_a0_20260613T090652Z,2025,8493465600,english,forget,1.958076,7.085681,-0.11032
curr_td_f20_g1_lr5.5e-5_a0_20260613T090652Z,2050,8598323200,english,forget,1.959329,7.094568,-0.10907
curr_td_f20_g1_lr5.5e-5_a0_20260613T090652Z,2075,8703180800,english,forget,1.959185,7.093544,-0.10921
curr_td_f20_g1_lr5.5e-5_a0_20260613T090652Z,2100,8808038400,english,forget,1.959338,7.094629,-0.10906
curr_td_f20_g1_lr5.5e-5_a0_20260613T090652Z,2125,8912896000,english,forget,1.960018,7.099458,-0.10838
curr_td_f20_g1_lr5.5e-5_a0_20260613T090652Z,2150,9017753600,english,forget,1.959969,7.099108,-0.10843
curr_td_f20_g1_lr5.5e-5_a0_20260613T090652Z,2175,9122611200,english,forget,1.959315,7.094466,-0.10908
curr_td_f20_g1_lr5.5e-5_a0_20260613T090652Z,2200,9227468800,english,forget,1.960217,7.100867,-0.10818
curr_td_f20_g1_lr5.5e-5_a0_20260613T090652Z,2225,9332326400,english,forget,1.960055,7.099714,-0.10834
curr_td_f20_g1_lr5.5e-5_a0_20260613T090652Z,2250,9437184000,english,forget,1.960002,7.099341,-0.1084
curr_td_f20_g1_lr5.5e-5_a0_20260613T090652Z,2275,9542041600,english,forget,1.965014,7.135014,-0.10338
curr_td_f20_g1_lr5.5e-5_a0_20260613T090652Z,2300,9646899200,english,forget,1.963119,7.121503,-0.10528
curr_td_f20_g1_lr5.5e-5_a0_20260613T090652Z,2325,9751756800,english,forget,1.962613,7.1179,-0.10579
curr_td_f20_g1_lr5.5e-5_a0_20260613T090652Z,2350,9856614400,english,forget,1.963181,7.121947,-0.10522
curr_td_f20_g1_lr5.5e-5_a0_20260613T090652Z,2375,9961472000,english,forget,1.962462,7.11683,-0.10594
curr_td_f20_g1_lr5.5e-5_a0_20260613T090652Z,2400,10066329600,english,forget,1.962081,7.114116,-0.10632
curr_td_f20_g1_lr5.5e-5_a0_20260613T090652Z,2425,10171187200,english,forget,1.965026,7.135102,-0.10337
curr_td_f20_g1_lr5.5e-5_a0_20260613T090652Z,2450,10276044800,english,forget,1.962877,7.119781,-0.10552
curr_td_f20_g1_lr5.5e-5_a0_20260613T090652Z,2475,10380902400,english,forget,1.962376,7.116215,-0.10602
curr_td_f20_g1_lr5.5e-5_a0_20260613T090652Z,2500,10485760000,english,forget,1.964028,7.127982,-0.10437
curr_td_f20_g1_lr5.5e-5_a0_20260613T090652Z,2525,10590617600,english,forget,1.962692,7.118468,-0.10571
curr_td_f20_g1_lr5.5e-5_a0_20260613T090652Z,2550,10695475200,english,forget,1.965089,7.135545,-0.10331
curr_td_f20_g1_lr5.5e-5_a0_20260613T090652Z,2575,10800332800,english,forget,1.964149,7.128845,-0.10425
curr_td_f20_g1_lr5.5e-5_a0_20260613T090652Z,2600,10905190400,english,forget,1.962206,7.115008,-0.10619
curr_td_f20_g1_lr5.5e-5_a0_20260613T090652Z,2625,11010048000,english,forget,1.961735,7.111656,-0.10666
curr_td_f20_g1_lr5.5e-5_a0_20260613T090652Z,2650,11114905600,english,forget,1.961929,7.113035,-0.10647
curr_td_f20_g1_lr5.5e-5_a0_20260613T090652Z,2675,11219763200,english,forget,1.961447,7.109611,-0.10695
curr_td_f20_g1_lr5.5e-5_a0_20260613T090652Z,2700,11324620800,english,forget,1.96059,7.10352,-0.10781
curr_td_f20_g1_lr5.5e-5_a0_20260613T090652Z,2725,11429478400,english,forget,1.960171,7.100543,-0.10823
curr_td_f20_g1_lr5.5e-5_a0_20260613T090652Z,2750,11534336000,english,forget,1.960962,7.106159,-0.10744
curr_td_f20_g1_lr5.5e-5_a0_20260613T090652Z,2775,11639193600,english,forget,1.960847,7.105345,-0.10755
curr_td_f20_g1_lr5.5e-5_a0_20260613T090652Z,2800,11744051200,english,forget,1.959933,7.098848,-0.10847
curr_td_f20_g1_lr5.5e-5_a0_20260613T090652Z,2825,11848908800,english,forget,1.959616,7.096599,-0.10878
curr_td_f20_g1_lr5.5e-5_a0_20260613T090652Z,2850,11953766400,english,forget,1.959563,7.096228,-0.10884
curr_td_f20_g1_lr5.5e-5_a0_20260613T090652Z,2875,12058624000,english,forget,1.959331,7.094577,-0.10907
curr_td_f20_g1_lr5.5e-5_a0_20260613T090652Z,2900,12163481600,english,forget,1.958934,7.091761,-0.10946
curr_td_f20_g1_lr5.5e-5_a0_20260613T090652Z,2925,12268339200,english,forget,1.959395,7.095032,-0.109
curr_td_f20_g1_lr5.5e-5_a0_20260613T090652Z,2950,12373196800,english,forget,1.958608,7.089449,-0.10979
curr_td_f20_g1_lr5.5e-5_a0_20260613T090652Z,2975,12478054400,english,forget,1.958617,7.089513,-0.10978
curr_td_f20_g1_lr5.5e-5_a0_20260613T090652Z,3000,12582912000,english,forget,1.958521,7.088835,-0.10988
curr_td_f20_g1_lr5.5e-5_a0_20260613T090652Z,3025,12687769600,english,forget,1.95826,7.086987,-0.11014
curr_td_f20_g1_lr5.5e-5_a0_20260613T090652Z,3050,12792627200,english,forget,1.95766,7.082734,-0.11074
curr_td_f20_g1_lr5.5e-5_a0_20260613T090652Z,3075,12897484800,english,forget,1.957939,7.084712,-0.11046
curr_td_f20_g1_lr5.5e-5_a0_20260613T090652Z,3100,13002342400,english,forget,1.957796,7.083695,-0.1106
curr_td_f20_g1_lr5.5e-5_a0_20260613T090652Z,3125,13107200000,english,forget,1.957208,7.079534,-0.11119
curr_td_f20_g1_lr5.5e-5_a0_20260613T090652Z,3150,13212057600,english,forget,1.957163,7.079212,-0.11124
curr_td_f20_g1_lr5.5e-5_a0_20260613T090652Z,3175,13316915200,english,forget,1.956751,7.076296,-0.11165
curr_td_f20_g1_lr5.5e-5_a0_20260613T090652Z,3200,13421772800,english,forget,1.956851,7.077004,-0.11155
curr_td_f20_g1_lr5.5e-5_a0_20260613T090652Z,25,104857600,greek_phd,adapt,2.97913,19.6707,0.0
curr_td_f20_g1_lr5.5e-5_a0_20260613T090652Z,50,209715200,greek_phd,adapt,2.54498,12.74297,-0.43415
curr_td_f20_g1_lr5.5e-5_a0_20260613T090652Z,75,314572800,greek_phd,adapt,2.293873,9.913253,-0.68526
curr_td_f20_g1_lr5.5e-5_a0_20260613T090652Z,100,419430400,greek_phd,adapt,2.189665,8.932217,-0.78946
curr_td_f20_g1_lr5.5e-5_a0_20260613T090652Z,125,524288000,greek_phd,adapt,2.126726,8.387359,-0.8524
curr_td_f20_g1_lr5.5e-5_a0_20260613T090652Z,150,629145600,greek_phd,adapt,2.088024,8.068954,-0.89111
curr_td_f20_g1_lr5.5e-5_a0_20260613T090652Z,175,734003200,greek_phd,adapt,2.053256,7.793235,-0.92587
curr_td_f20_g1_lr5.5e-5_a0_20260613T090652Z,200,838860800,greek_phd,adapt,2.032857,7.63587,-0.94627
curr_td_f20_g1_lr5.5e-5_a0_20260613T090652Z,225,943718400,greek_phd,adapt,2.005099,7.426828,-0.97403
curr_td_f20_g1_lr5.5e-5_a0_20260613T090652Z,250,1048576000,greek_phd,adapt,1.986043,7.286646,-0.99309
curr_td_f20_g1_lr5.5e-5_a0_20260613T090652Z,275,1153433600,greek_phd,adapt,1.971202,7.1793,-1.00793
curr_td_f20_g1_lr5.5e-5_a0_20260613T090652Z,300,1258291200,greek_phd,adapt,1.959698,7.097187,-1.01943
curr_td_f20_g1_lr5.5e-5_a0_20260613T090652Z,325,1363148800,greek_phd,adapt,1.947771,7.013035,-1.03136
curr_td_f20_g1_lr5.5e-5_a0_20260613T090652Z,350,1468006400,greek_phd,adapt,1.959311,7.094434,-1.01982
curr_td_f20_g1_lr5.5e-5_a0_20260613T090652Z,375,1572864000,greek_phd,adapt,1.938344,6.947238,-1.04079
curr_td_f20_g1_lr5.5e-5_a0_20260613T090652Z,400,1677721600,greek_phd,adapt,1.92953,6.88627,-1.0496
curr_td_f20_g1_lr5.5e-5_a0_20260613T090652Z,425,1782579200,greek_phd,adapt,1.920472,6.824179,-1.05866
curr_td_f20_g1_lr5.5e-5_a0_20260613T090652Z,450,1887436800,greek_phd,adapt,1.91781,6.806039,-1.06132
curr_td_f20_g1_lr5.5e-5_a0_20260613T090652Z,475,1992294400,greek_phd,adapt,1.911545,6.76353,-1.06759
curr_td_f20_g1_lr5.5e-5_a0_20260613T090652Z,500,2097152000,greek_phd,adapt,1.907262,6.734622,-1.07187
curr_td_f20_g1_lr5.5e-5_a0_20260613T090652Z,525,2202009600,greek_phd,adapt,1.90332,6.70813,-1.07581
curr_td_f20_g1_lr5.5e-5_a0_20260613T090652Z,550,2306867200,greek_phd,adapt,1.893793,6.644524,-1.08534
curr_td_f20_g1_lr5.5e-5_a0_20260613T090652Z,575,2411724800,greek_phd,adapt,1.887581,6.603378,-1.09155
curr_td_f20_g1_lr5.5e-5_a0_20260613T090652Z,600,2516582400,greek_phd,adapt,1.88713,6.6004,-1.092
curr_td_f20_g1_lr5.5e-5_a0_20260613T090652Z,625,2621440000,greek_phd,adapt,1.881654,6.564356,-1.09748
curr_td_f20_g1_lr5.5e-5_a0_20260613T090652Z,650,2726297600,greek_phd,adapt,1.882335,6.568827,-1.09679
curr_td_f20_g1_lr5.5e-5_a0_20260613T090652Z,675,2831155200,greek_phd,adapt,1.875019,6.520942,-1.10411
curr_td_f20_g1_lr5.5e-5_a0_20260613T090652Z,700,2936012800,greek_phd,adapt,1.871532,6.498247,-1.1076
curr_td_f20_g1_lr5.5e-5_a0_20260613T090652Z,725,3040870400,greek_phd,adapt,1.867648,6.473051,-1.11148
curr_td_f20_g1_lr5.5e-5_a0_20260613T090652Z,750,3145728000,greek_phd,adapt,1.866861,6.467958,-1.11227
curr_td_f20_g1_lr5.5e-5_a0_20260613T090652Z,775,3250585600,greek_phd,adapt,1.867001,6.468867,-1.11213
curr_td_f20_g1_lr5.5e-5_a0_20260613T090652Z,800,3355443200,greek_phd,adapt,1.868128,6.476162,-1.111
curr_td_f20_g1_lr5.5e-5_a0_20260613T090652Z,825,3460300800,greek_phd,adapt,1.85492,6.391189,-1.12421
curr_td_f20_g1_lr5.5e-5_a0_20260613T090652Z,850,3565158400,greek_phd,adapt,1.853774,6.383864,-1.12536
curr_td_f20_g1_lr5.5e-5_a0_20260613T090652Z,875,3670016000,greek_phd,adapt,1.851217,6.367564,-1.12791
curr_td_f20_g1_lr5.5e-5_a0_20260613T090652Z,900,3774873600,greek_phd,adapt,1.849567,6.357065,-1.12956
curr_td_f20_g1_lr5.5e-5_a0_20260613T090652Z,925,3879731200,greek_phd,adapt,1.846158,6.335432,-1.13297
curr_td_f20_g1_lr5.5e-5_a0_20260613T090652Z,950,3984588800,greek_phd,adapt,1.843928,6.321317,-1.1352
curr_td_f20_g1_lr5.5e-5_a0_20260613T090652Z,975,4089446400,greek_phd,adapt,1.842574,6.312769,-1.13656
curr_td_f20_g1_lr5.5e-5_a0_20260613T090652Z,1000,4194304000,greek_phd,adapt,1.845428,6.330807,-1.1337
curr_td_f20_g1_lr5.5e-5_a0_20260613T090652Z,1025,4299161600,greek_phd,adapt,1.843766,6.320294,-1.13536
curr_td_f20_g1_lr5.5e-5_a0_20260613T090652Z,1050,4404019200,greek_phd,adapt,1.841348,6.305034,-1.13778
curr_td_f20_g1_lr5.5e-5_a0_20260613T090652Z,1075,4508876800,greek_phd,adapt,1.840338,6.298669,-1.13879
curr_td_f20_g1_lr5.5e-5_a0_20260613T090652Z,1100,4613734400,greek_phd,adapt,1.838068,6.284382,-1.14106
curr_td_f20_g1_lr5.5e-5_a0_20260613T090652Z,1125,4718592000,greek_phd,adapt,1.832371,6.248688,-1.14676
curr_td_f20_g1_lr5.5e-5_a0_20260613T090652Z,1150,4823449600,greek_phd,adapt,1.832087,6.246909,-1.14704
curr_td_f20_g1_lr5.5e-5_a0_20260613T090652Z,1175,4928307200,greek_phd,adapt,1.829516,6.230871,-1.14961
curr_td_f20_g1_lr5.5e-5_a0_20260613T090652Z,1200,5033164800,greek_phd,adapt,1.833077,6.253095,-1.14605
curr_td_f20_g1_lr5.5e-5_a0_20260613T090652Z,1225,5138022400,greek_phd,adapt,1.8319,6.24574,-1.14723
curr_td_f20_g1_lr5.5e-5_a0_20260613T090652Z,1250,5242880000,greek_phd,adapt,1.826799,6.213966,-1.15233
curr_td_f20_g1_lr5.5e-5_a0_20260613T090652Z,1275,5347737600,greek_phd,adapt,1.824594,6.200279,-1.15454
curr_td_f20_g1_lr5.5e-5_a0_20260613T090652Z,1300,5452595200,greek_phd,adapt,1.825663,6.206912,-1.15347
curr_td_f20_g1_lr5.5e-5_a0_20260613T090652Z,1325,5557452800,greek_phd,adapt,1.826933,6.214798,-1.1522
curr_td_f20_g1_lr5.5e-5_a0_20260613T090652Z,1350,5662310400,greek_phd,adapt,1.825289,6.204586,-1.15384
curr_td_f20_g1_lr5.5e-5_a0_20260613T090652Z,1375,5767168000,greek_phd,adapt,1.82397,6.196408,-1.15516
curr_td_f20_g1_lr5.5e-5_a0_20260613T090652Z,1400,5872025600,greek_phd,adapt,1.820147,6.172766,-1.15898
curr_td_f20_g1_lr5.5e-5_a0_20260613T090652Z,1425,5976883200,greek_phd,adapt,1.817222,6.154739,-1.16191
curr_td_f20_g1_lr5.5e-5_a0_20260613T090652Z,1450,6081740800,greek_phd,adapt,1.818271,6.161197,-1.16086
curr_td_f20_g1_lr5.5e-5_a0_20260613T090652Z,1475,6186598400,greek_phd,adapt,1.81858,6.163102,-1.16055
curr_td_f20_g1_lr5.5e-5_a0_20260613T090652Z,1500,6291456000,greek_phd,adapt,1.814835,6.140063,-1.1643
curr_td_f20_g1_lr5.5e-5_a0_20260613T090652Z,1525,6396313600,greek_phd,adapt,1.814684,6.139135,-1.16445
curr_td_f20_g1_lr5.5e-5_a0_20260613T090652Z,1550,6501171200,greek_phd,adapt,1.813805,6.133743,-1.16533
curr_td_f20_g1_lr5.5e-5_a0_20260613T090652Z,1575,6606028800,greek_phd,adapt,1.813745,6.133377,-1.16539
curr_td_f20_g1_lr5.5e-5_a0_20260613T090652Z,1600,6710886400,greek_phd,adapt,1.812327,6.124681,-1.1668
curr_td_f20_g1_lr5.5e-5_a0_20260613T090652Z,1625,6815744000,greek_phd,adapt,1.812204,6.123931,-1.16693
curr_td_f20_g1_lr5.5e-5_a0_20260613T090652Z,1650,6920601600,greek_phd,adapt,1.809116,6.105046,-1.17001
curr_td_f20_g1_lr5.5e-5_a0_20260613T090652Z,1675,7025459200,greek_phd,adapt,1.814062,6.135317,-1.16507
curr_td_f20_g1_lr5.5e-5_a0_20260613T090652Z,1700,7130316800,greek_phd,adapt,1.807318,6.094083,-1.17181
curr_td_f20_g1_lr5.5e-5_a0_20260613T090652Z,1725,7235174400,greek_phd,adapt,1.824816,6.201655,-1.15431
curr_td_f20_g1_lr5.5e-5_a0_20260613T090652Z,1750,7340032000,greek_phd,adapt,1.807252,6.093681,-1.17188
curr_td_f20_g1_lr5.5e-5_a0_20260613T090652Z,1775,7444889600,greek_phd,adapt,1.806614,6.089791,-1.17252
curr_td_f20_g1_lr5.5e-5_a0_20260613T090652Z,1800,7549747200,greek_phd,adapt,1.804874,6.079207,-1.17426
curr_td_f20_g1_lr5.5e-5_a0_20260613T090652Z,1825,7654604800,greek_phd,adapt,1.803565,6.071252,-1.17556
curr_td_f20_g1_lr5.5e-5_a0_20260613T090652Z,1850,7759462400,greek_phd,adapt,1.802427,6.06435,-1.1767
curr_td_f20_g1_lr5.5e-5_a0_20260613T090652Z,1875,7864320000,greek_phd,adapt,1.803045,6.068097,-1.17609
curr_td_f20_g1_lr5.5e-5_a0_20260613T090652Z,1900,7969177600,greek_phd,adapt,1.799592,6.047182,-1.17954
curr_td_f20_g1_lr5.5e-5_a0_20260613T090652Z,1925,8074035200,greek_phd,adapt,1.799957,6.049389,-1.17917
curr_td_f20_g1_lr5.5e-5_a0_20260613T090652Z,1950,8178892800,greek_phd,adapt,1.799098,6.044194,-1.18003
curr_td_f20_g1_lr5.5e-5_a0_20260613T090652Z,1975,8283750400,greek_phd,adapt,1.797959,6.037314,-1.18117
curr_td_f20_g1_lr5.5e-5_a0_20260613T090652Z,2000,8388608000,greek_phd,adapt,1.800004,6.049669,-1.17913
curr_td_f20_g1_lr5.5e-5_a0_20260613T090652Z,2025,8493465600,greek_phd,adapt,1.79607,6.02592,-1.18306
curr_td_f20_g1_lr5.5e-5_a0_20260613T090652Z,2050,8598323200,greek_phd,adapt,1.796344,6.027573,-1.18279
curr_td_f20_g1_lr5.5e-5_a0_20260613T090652Z,2075,8703180800,greek_phd,adapt,1.79628,6.027184,-1.18285
curr_td_f20_g1_lr5.5e-5_a0_20260613T090652Z,2100,8808038400,greek_phd,adapt,1.79601,6.025559,-1.18312
curr_td_f20_g1_lr5.5e-5_a0_20260613T090652Z,2125,8912896000,greek_phd,adapt,1.79528,6.021162,-1.18385
curr_td_f20_g1_lr5.5e-5_a0_20260613T090652Z,2150,9017753600,greek_phd,adapt,1.794006,6.013494,-1.18512
curr_td_f20_g1_lr5.5e-5_a0_20260613T090652Z,2175,9122611200,greek_phd,adapt,1.792376,6.003703,-1.18675
curr_td_f20_g1_lr5.5e-5_a0_20260613T090652Z,2200,9227468800,greek_phd,adapt,1.792785,6.006157,-1.18634
curr_td_f20_g1_lr5.5e-5_a0_20260613T090652Z,2225,9332326400,greek_phd,adapt,1.790608,5.993098,-1.18852
curr_td_f20_g1_lr5.5e-5_a0_20260613T090652Z,2250,9437184000,greek_phd,adapt,1.789975,5.9893,-1.18915
curr_td_f20_g1_lr5.5e-5_a0_20260613T090652Z,2275,9542041600,greek_phd,adapt,1.747925,5.742677,-1.23121
curr_td_f20_g1_lr5.5e-5_a0_20260613T090652Z,2300,9646899200,greek_phd,adapt,1.726478,5.620823,-1.25265
curr_td_f20_g1_lr5.5e-5_a0_20260613T090652Z,2325,9751756800,greek_phd,adapt,1.717416,5.570117,-1.26171
curr_td_f20_g1_lr5.5e-5_a0_20260613T090652Z,2350,9856614400,greek_phd,adapt,1.714282,5.552688,-1.26485
curr_td_f20_g1_lr5.5e-5_a0_20260613T090652Z,2375,9961472000,greek_phd,adapt,1.707962,5.517707,-1.27117
curr_td_f20_g1_lr5.5e-5_a0_20260613T090652Z,2400,10066329600,greek_phd,adapt,1.701342,5.481301,-1.27779
curr_td_f20_g1_lr5.5e-5_a0_20260613T090652Z,2425,10171187200,greek_phd,adapt,1.703701,5.494245,-1.27543
curr_td_f20_g1_lr5.5e-5_a0_20260613T090652Z,2450,10276044800,greek_phd,adapt,1.699585,5.471679,-1.27955
curr_td_f20_g1_lr5.5e-5_a0_20260613T090652Z,2475,10380902400,greek_phd,adapt,1.694015,5.441282,-1.28512
curr_td_f20_g1_lr5.5e-5_a0_20260613T090652Z,2500,10485760000,greek_phd,adapt,1.694553,5.44421,-1.28458
curr_td_f20_g1_lr5.5e-5_a0_20260613T090652Z,2525,10590617600,greek_phd,adapt,1.689523,5.416895,-1.28961
curr_td_f20_g1_lr5.5e-5_a0_20260613T090652Z,2550,10695475200,greek_phd,adapt,1.692819,5.434782,-1.28631
curr_td_f20_g1_lr5.5e-5_a0_20260613T090652Z,2575,10800332800,greek_phd,adapt,1.688055,5.408948,-1.29107
curr_td_f20_g1_lr5.5e-5_a0_20260613T090652Z,2600,10905190400,greek_phd,adapt,1.68099,5.370868,-1.29814
curr_td_f20_g1_lr5.5e-5_a0_20260613T090652Z,2625,11010048000,greek_phd,adapt,1.678702,5.358597,-1.30043
curr_td_f20_g1_lr5.5e-5_a0_20260613T090652Z,2650,11114905600,greek_phd,adapt,1.679839,5.364694,-1.29929
curr_td_f20_g1_lr5.5e-5_a0_20260613T090652Z,2675,11219763200,greek_phd,adapt,1.67694,5.349164,-1.30219
curr_td_f20_g1_lr5.5e-5_a0_20260613T090652Z,2700,11324620800,greek_phd,adapt,1.674016,5.333546,-1.30511
curr_td_f20_g1_lr5.5e-5_a0_20260613T090652Z,2725,11429478400,greek_phd,adapt,1.672199,5.323863,-1.30693
curr_td_f20_g1_lr5.5e-5_a0_20260613T090652Z,2750,11534336000,greek_phd,adapt,1.672114,5.323408,-1.30702
curr_td_f20_g1_lr5.5e-5_a0_20260613T090652Z,2775,11639193600,greek_phd,adapt,1.670586,5.315284,-1.30854
curr_td_f20_g1_lr5.5e-5_a0_20260613T090652Z,2800,11744051200,greek_phd,adapt,1.669536,5.309705,-1.30959
curr_td_f20_g1_lr5.5e-5_a0_20260613T090652Z,2825,11848908800,greek_phd,adapt,1.66806,5.301872,-1.31107
curr_td_f20_g1_lr5.5e-5_a0_20260613T090652Z,2850,11953766400,greek_phd,adapt,1.666801,5.295202,-1.31233
curr_td_f20_g1_lr5.5e-5_a0_20260613T090652Z,2875,12058624000,greek_phd,adapt,1.666057,5.291262,-1.31307
curr_td_f20_g1_lr5.5e-5_a0_20260613T090652Z,2900,12163481600,greek_phd,adapt,1.664692,5.284048,-1.31444
curr_td_f20_g1_lr5.5e-5_a0_20260613T090652Z,2925,12268339200,greek_phd,adapt,1.664645,5.283798,-1.31449
curr_td_f20_g1_lr5.5e-5_a0_20260613T090652Z,2950,12373196800,greek_phd,adapt,1.663436,5.277413,-1.31569
curr_td_f20_g1_lr5.5e-5_a0_20260613T090652Z,2975,12478054400,greek_phd,adapt,1.663317,5.276786,-1.31581
curr_td_f20_g1_lr5.5e-5_a0_20260613T090652Z,3000,12582912000,greek_phd,adapt,1.661711,5.26832,-1.31742
curr_td_f20_g1_lr5.5e-5_a0_20260613T090652Z,3025,12687769600,greek_phd,adapt,1.6608,5.263519,-1.31833
curr_td_f20_g1_lr5.5e-5_a0_20260613T090652Z,3050,12792627200,greek_phd,adapt,1.660607,5.262504,-1.31852
curr_td_f20_g1_lr5.5e-5_a0_20260613T090652Z,3075,12897484800,greek_phd,adapt,1.660514,5.262014,-1.31862
curr_td_f20_g1_lr5.5e-5_a0_20260613T090652Z,3100,13002342400,greek_phd,adapt,1.659281,5.255533,-1.31985
curr_td_f20_g1_lr5.5e-5_a0_20260613T090652Z,3125,13107200000,greek_phd,adapt,1.658861,5.253323,-1.32027
curr_td_f20_g1_lr5.5e-5_a0_20260613T090652Z,3150,13212057600,greek_phd,adapt,1.658142,5.24955,-1.32099
curr_td_f20_g1_lr5.5e-5_a0_20260613T090652Z,3175,13316915200,greek_phd,adapt,1.658033,5.248976,-1.3211
curr_td_f20_g1_lr5.5e-5_a0_20260613T090652Z,3200,13421772800,greek_phd,adapt,1.657596,5.246684,-1.32153
curr_td_f20_g1_lr5.5e-5_a0_20260613T090652Z,25,104857600,hplt,adapt,4.282313,72.40772,0.0
curr_td_f20_g1_lr5.5e-5_a0_20260613T090652Z,50,209715200,hplt,adapt,3.508237,33.38935,-0.77408
curr_td_f20_g1_lr5.5e-5_a0_20260613T090652Z,75,314572800,hplt,adapt,3.023625,20.56571,-1.25869
curr_td_f20_g1_lr5.5e-5_a0_20260613T090652Z,100,419430400,hplt,adapt,2.834044,17.01412,-1.44827
curr_td_f20_g1_lr5.5e-5_a0_20260613T090652Z,125,524288000,hplt,adapt,2.716699,15.1303,-1.56561
curr_td_f20_g1_lr5.5e-5_a0_20260613T090652Z,150,629145600,hplt,adapt,2.645718,14.09356,-1.6366
curr_td_f20_g1_lr5.5e-5_a0_20260613T090652Z,175,734003200,hplt,adapt,2.581089,13.21152,-1.70122
curr_td_f20_g1_lr5.5e-5_a0_20260613T090652Z,200,838860800,hplt,adapt,2.546774,12.76585,-1.73554
curr_td_f20_g1_lr5.5e-5_a0_20260613T090652Z,225,943718400,hplt,adapt,2.492129,12.08699,-1.79018
curr_td_f20_g1_lr5.5e-5_a0_20260613T090652Z,250,1048576000,hplt,adapt,2.458697,11.68957,-1.82362
curr_td_f20_g1_lr5.5e-5_a0_20260613T090652Z,275,1153433600,hplt,adapt,2.429418,11.35227,-1.8529
curr_td_f20_g1_lr5.5e-5_a0_20260613T090652Z,300,1258291200,hplt,adapt,2.410543,11.14001,-1.87177
curr_td_f20_g1_lr5.5e-5_a0_20260613T090652Z,325,1363148800,hplt,adapt,2.388,10.89169,-1.89431
curr_td_f20_g1_lr5.5e-5_a0_20260613T090652Z,350,1468006400,hplt,adapt,2.407875,11.11033,-1.87444
curr_td_f20_g1_lr5.5e-5_a0_20260613T090652Z,375,1572864000,hplt,adapt,2.364207,10.6356,-1.91811
curr_td_f20_g1_lr5.5e-5_a0_20260613T090652Z,400,1677721600,hplt,adapt,2.350356,10.4893,-1.93196
curr_td_f20_g1_lr5.5e-5_a0_20260613T090652Z,425,1782579200,hplt,adapt,2.334741,10.32679,-1.94757
curr_td_f20_g1_lr5.5e-5_a0_20260613T090652Z,450,1887436800,hplt,adapt,2.330149,10.27948,-1.95216
curr_td_f20_g1_lr5.5e-5_a0_20260613T090652Z,475,1992294400,hplt,adapt,2.318077,10.15613,-1.96424
curr_td_f20_g1_lr5.5e-5_a0_20260613T090652Z,500,2097152000,hplt,adapt,2.314963,10.12455,-1.96735
curr_td_f20_g1_lr5.5e-5_a0_20260613T090652Z,525,2202009600,hplt,adapt,2.299312,9.967324,-1.983
curr_td_f20_g1_lr5.5e-5_a0_20260613T090652Z,550,2306867200,hplt,adapt,2.28302,9.806246,-1.99929
curr_td_f20_g1_lr5.5e-5_a0_20260613T090652Z,575,2411724800,hplt,adapt,2.269976,9.679168,-2.01234
curr_td_f20_g1_lr5.5e-5_a0_20260613T090652Z,600,2516582400,hplt,adapt,2.269445,9.674032,-2.01287
curr_td_f20_g1_lr5.5e-5_a0_20260613T090652Z,625,2621440000,hplt,adapt,2.257759,9.561636,-2.02455
curr_td_f20_g1_lr5.5e-5_a0_20260613T090652Z,650,2726297600,hplt,adapt,2.257936,9.563335,-2.02438
curr_td_f20_g1_lr5.5e-5_a0_20260613T090652Z,675,2831155200,hplt,adapt,2.242893,9.420543,-2.03942
curr_td_f20_g1_lr5.5e-5_a0_20260613T090652Z,700,2936012800,hplt,adapt,2.237961,9.374198,-2.04435
curr_td_f20_g1_lr5.5e-5_a0_20260613T090652Z,725,3040870400,hplt,adapt,2.229505,9.29526,-2.05281
curr_td_f20_g1_lr5.5e-5_a0_20260613T090652Z,750,3145728000,hplt,adapt,2.22852,9.286109,-2.05379
curr_td_f20_g1_lr5.5e-5_a0_20260613T090652Z,775,3250585600,hplt,adapt,2.228645,9.287272,-2.05367
curr_td_f20_g1_lr5.5e-5_a0_20260613T090652Z,800,3355443200,hplt,adapt,2.230791,9.307222,-2.05152
curr_td_f20_g1_lr5.5e-5_a0_20260613T090652Z,825,3460300800,hplt,adapt,2.208395,9.101095,-2.07392
curr_td_f20_g1_lr5.5e-5_a0_20260613T090652Z,850,3565158400,hplt,adapt,2.205199,9.072059,-2.07711
curr_td_f20_g1_lr5.5e-5_a0_20260613T090652Z,875,3670016000,hplt,adapt,2.200498,9.029508,-2.08182
curr_td_f20_g1_lr5.5e-5_a0_20260613T090652Z,900,3774873600,hplt,adapt,2.197655,9.003876,-2.08466
curr_td_f20_g1_lr5.5e-5_a0_20260613T090652Z,925,3879731200,hplt,adapt,2.189392,8.929783,-2.09292
curr_td_f20_g1_lr5.5e-5_a0_20260613T090652Z,950,3984588800,hplt,adapt,2.185158,8.892049,-2.09716
curr_td_f20_g1_lr5.5e-5_a0_20260613T090652Z,975,4089446400,hplt,adapt,2.180943,8.854648,-2.10137
curr_td_f20_g1_lr5.5e-5_a0_20260613T090652Z,1000,4194304000,hplt,adapt,2.187536,8.913222,-2.09478
curr_td_f20_g1_lr5.5e-5_a0_20260613T090652Z,1025,4299161600,hplt,adapt,2.183245,8.875063,-2.09907
curr_td_f20_g1_lr5.5e-5_a0_20260613T090652Z,1050,4404019200,hplt,adapt,2.177262,8.822117,-2.10505
curr_td_f20_g1_lr5.5e-5_a0_20260613T090652Z,1075,4508876800,hplt,adapt,2.173888,8.792402,-2.10843
curr_td_f20_g1_lr5.5e-5_a0_20260613T090652Z,1100,4613734400,hplt,adapt,2.170374,8.761564,-2.11194
curr_td_f20_g1_lr5.5e-5_a0_20260613T090652Z,1125,4718592000,hplt,adapt,2.159107,8.663395,-2.12321
curr_td_f20_g1_lr5.5e-5_a0_20260613T090652Z,1150,4823449600,hplt,adapt,2.159779,8.669224,-2.12253
curr_td_f20_g1_lr5.5e-5_a0_20260613T090652Z,1175,4928307200,hplt,adapt,2.156017,8.636672,-2.1263
curr_td_f20_g1_lr5.5e-5_a0_20260613T090652Z,1200,5033164800,hplt,adapt,2.162282,8.690952,-2.12003
curr_td_f20_g1_lr5.5e-5_a0_20260613T090652Z,1225,5138022400,hplt,adapt,2.157905,8.652989,-2.12441
curr_td_f20_g1_lr5.5e-5_a0_20260613T090652Z,1250,5242880000,hplt,adapt,2.149811,8.583232,-2.1325
curr_td_f20_g1_lr5.5e-5_a0_20260613T090652Z,1275,5347737600,hplt,adapt,2.14423,8.535467,-2.13808
curr_td_f20_g1_lr5.5e-5_a0_20260613T090652Z,1300,5452595200,hplt,adapt,2.146032,8.550858,-2.13628
curr_td_f20_g1_lr5.5e-5_a0_20260613T090652Z,1325,5557452800,hplt,adapt,2.147976,8.567502,-2.13434
curr_td_f20_g1_lr5.5e-5_a0_20260613T090652Z,1350,5662310400,hplt,adapt,2.146521,8.555046,-2.13579
curr_td_f20_g1_lr5.5e-5_a0_20260613T090652Z,1375,5767168000,hplt,adapt,2.140072,8.500048,-2.14224
curr_td_f20_g1_lr5.5e-5_a0_20260613T090652Z,1400,5872025600,hplt,adapt,2.134606,8.453714,-2.14771
curr_td_f20_g1_lr5.5e-5_a0_20260613T090652Z,1425,5976883200,hplt,adapt,2.131317,8.425958,-2.151
curr_td_f20_g1_lr5.5e-5_a0_20260613T090652Z,1450,6081740800,hplt,adapt,2.131204,8.425003,-2.15111
curr_td_f20_g1_lr5.5e-5_a0_20260613T090652Z,1475,6186598400,hplt,adapt,2.132452,8.435525,-2.14986
curr_td_f20_g1_lr5.5e-5_a0_20260613T090652Z,1500,6291456000,hplt,adapt,2.123209,8.357915,-2.1591
curr_td_f20_g1_lr5.5e-5_a0_20260613T090652Z,1525,6396313600,hplt,adapt,2.124794,8.371177,-2.15752
curr_td_f20_g1_lr5.5e-5_a0_20260613T090652Z,1550,6501171200,hplt,adapt,2.121384,8.342675,-2.16093
curr_td_f20_g1_lr5.5e-5_a0_20260613T090652Z,1575,6606028800,hplt,adapt,2.120561,8.33581,-2.16175
curr_td_f20_g1_lr5.5e-5_a0_20260613T090652Z,1600,6710886400,hplt,adapt,2.118581,8.319324,-2.16373
curr_td_f20_g1_lr5.5e-5_a0_20260613T090652Z,1625,6815744000,hplt,adapt,2.117642,8.311517,-2.16467
curr_td_f20_g1_lr5.5e-5_a0_20260613T090652Z,1650,6920601600,hplt,adapt,2.111773,8.262882,-2.17054
curr_td_f20_g1_lr5.5e-5_a0_20260613T090652Z,1675,7025459200,hplt,adapt,2.120682,8.336821,-2.16163
curr_td_f20_g1_lr5.5e-5_a0_20260613T090652Z,1700,7130316800,hplt,adapt,2.107996,8.231728,-2.17432
curr_td_f20_g1_lr5.5e-5_a0_20260613T090652Z,1725,7235174400,hplt,adapt,2.14118,8.509471,-2.14113
curr_td_f20_g1_lr5.5e-5_a0_20260613T090652Z,1750,7340032000,hplt,adapt,2.107138,8.224672,-2.17518
curr_td_f20_g1_lr5.5e-5_a0_20260613T090652Z,1775,7444889600,hplt,adapt,2.10509,8.207841,-2.17722
curr_td_f20_g1_lr5.5e-5_a0_20260613T090652Z,1800,7549747200,hplt,adapt,2.101444,8.177967,-2.18087
curr_td_f20_g1_lr5.5e-5_a0_20260613T090652Z,1825,7654604800,hplt,adapt,2.099793,8.164477,-2.18252
curr_td_f20_g1_lr5.5e-5_a0_20260613T090652Z,1850,7759462400,hplt,adapt,2.096486,8.137523,-2.18583
curr_td_f20_g1_lr5.5e-5_a0_20260613T090652Z,1875,7864320000,hplt,adapt,2.09757,8.146352,-2.18474
curr_td_f20_g1_lr5.5e-5_a0_20260613T090652Z,1900,7969177600,hplt,adapt,2.091866,8.100018,-2.19045
curr_td_f20_g1_lr5.5e-5_a0_20260613T090652Z,1925,8074035200,hplt,adapt,2.092307,8.103589,-2.19001
curr_td_f20_g1_lr5.5e-5_a0_20260613T090652Z,1950,8178892800,hplt,adapt,2.089407,8.080126,-2.19291
curr_td_f20_g1_lr5.5e-5_a0_20260613T090652Z,1975,8283750400,hplt,adapt,2.088161,8.070063,-2.19415
curr_td_f20_g1_lr5.5e-5_a0_20260613T090652Z,2000,8388608000,hplt,adapt,2.092479,8.104986,-2.18983
curr_td_f20_g1_lr5.5e-5_a0_20260613T090652Z,2025,8493465600,hplt,adapt,2.084824,8.043178,-2.19749
curr_td_f20_g1_lr5.5e-5_a0_20260613T090652Z,2050,8598323200,hplt,adapt,2.084218,8.038303,-2.1981
curr_td_f20_g1_lr5.5e-5_a0_20260613T090652Z,2075,8703180800,hplt,adapt,2.085498,8.048598,-2.19682
curr_td_f20_g1_lr5.5e-5_a0_20260613T090652Z,2100,8808038400,hplt,adapt,2.083759,8.034613,-2.19855
curr_td_f20_g1_lr5.5e-5_a0_20260613T090652Z,2125,8912896000,hplt,adapt,2.081616,8.017416,-2.2007
curr_td_f20_g1_lr5.5e-5_a0_20260613T090652Z,2150,9017753600,hplt,adapt,2.080117,8.005409,-2.2022
curr_td_f20_g1_lr5.5e-5_a0_20260613T090652Z,2175,9122611200,hplt,adapt,2.076072,7.973091,-2.20624
curr_td_f20_g1_lr5.5e-5_a0_20260613T090652Z,2200,9227468800,hplt,adapt,2.076195,7.974066,-2.20612
curr_td_f20_g1_lr5.5e-5_a0_20260613T090652Z,2225,9332326400,hplt,adapt,2.073041,7.948959,-2.20927
curr_td_f20_g1_lr5.5e-5_a0_20260613T090652Z,2250,9437184000,hplt,adapt,2.071459,7.936391,-2.21085
curr_td_f20_g1_lr5.5e-5_a0_20260613T090652Z,2275,9542041600,hplt,adapt,2.082631,8.025553,-2.19968
curr_td_f20_g1_lr5.5e-5_a0_20260613T090652Z,2300,9646899200,hplt,adapt,2.083344,8.031284,-2.19897
curr_td_f20_g1_lr5.5e-5_a0_20260613T090652Z,2325,9751756800,hplt,adapt,2.083849,8.035337,-2.19846
curr_td_f20_g1_lr5.5e-5_a0_20260613T090652Z,2350,9856614400,hplt,adapt,2.087016,8.060823,-2.1953
curr_td_f20_g1_lr5.5e-5_a0_20260613T090652Z,2375,9961472000,hplt,adapt,2.084939,8.044099,-2.19737
curr_td_f20_g1_lr5.5e-5_a0_20260613T090652Z,2400,10066329600,hplt,adapt,2.084264,8.038671,-2.19805
curr_td_f20_g1_lr5.5e-5_a0_20260613T090652Z,2425,10171187200,hplt,adapt,2.090285,8.087222,-2.19203
curr_td_f20_g1_lr5.5e-5_a0_20260613T090652Z,2450,10276044800,hplt,adapt,2.089771,8.083066,-2.19254
curr_td_f20_g1_lr5.5e-5_a0_20260613T090652Z,2475,10380902400,hplt,adapt,2.087117,8.061641,-2.1952
curr_td_f20_g1_lr5.5e-5_a0_20260613T090652Z,2500,10485760000,hplt,adapt,2.090417,8.08829,-2.1919
curr_td_f20_g1_lr5.5e-5_a0_20260613T090652Z,2525,10590617600,hplt,adapt,2.088794,8.075171,-2.19352
curr_td_f20_g1_lr5.5e-5_a0_20260613T090652Z,2550,10695475200,hplt,adapt,2.096658,8.138924,-2.18566
curr_td_f20_g1_lr5.5e-5_a0_20260613T090652Z,2575,10800332800,hplt,adapt,2.093217,8.110965,-2.1891
curr_td_f20_g1_lr5.5e-5_a0_20260613T090652Z,2600,10905190400,hplt,adapt,2.088565,8.073319,-2.19375
curr_td_f20_g1_lr5.5e-5_a0_20260613T090652Z,2625,11010048000,hplt,adapt,2.088208,8.070443,-2.19411
curr_td_f20_g1_lr5.5e-5_a0_20260613T090652Z,2650,11114905600,hplt,adapt,2.09044,8.088476,-2.19187
curr_td_f20_g1_lr5.5e-5_a0_20260613T090652Z,2675,11219763200,hplt,adapt,2.089424,8.080257,-2.19289
curr_td_f20_g1_lr5.5e-5_a0_20260613T090652Z,2700,11324620800,hplt,adapt,2.087463,8.064433,-2.19485
curr_td_f20_g1_lr5.5e-5_a0_20260613T090652Z,2725,11429478400,hplt,adapt,2.086825,8.059287,-2.19549
curr_td_f20_g1_lr5.5e-5_a0_20260613T090652Z,2750,11534336000,hplt,adapt,2.088461,8.072479,-2.19385
curr_td_f20_g1_lr5.5e-5_a0_20260613T090652Z,2775,11639193600,hplt,adapt,2.08771,8.066419,-2.1946
curr_td_f20_g1_lr5.5e-5_a0_20260613T090652Z,2800,11744051200,hplt,adapt,2.08789,8.067873,-2.19442
curr_td_f20_g1_lr5.5e-5_a0_20260613T090652Z,2825,11848908800,hplt,adapt,2.087565,8.065256,-2.19475
curr_td_f20_g1_lr5.5e-5_a0_20260613T090652Z,2850,11953766400,hplt,adapt,2.086857,8.059547,-2.19546
curr_td_f20_g1_lr5.5e-5_a0_20260613T090652Z,2875,12058624000,hplt,adapt,2.086757,8.058736,-2.19556
curr_td_f20_g1_lr5.5e-5_a0_20260613T090652Z,2900,12163481600,hplt,adapt,2.085929,8.052066,-2.19638
curr_td_f20_g1_lr5.5e-5_a0_20260613T090652Z,2925,12268339200,hplt,adapt,2.086128,8.053669,-2.19619
curr_td_f20_g1_lr5.5e-5_a0_20260613T090652Z,2950,12373196800,hplt,adapt,2.085794,8.050983,-2.19652
curr_td_f20_g1_lr5.5e-5_a0_20260613T090652Z,2975,12478054400,hplt,adapt,2.086485,8.056546,-2.19583
curr_td_f20_g1_lr5.5e-5_a0_20260613T090652Z,3000,12582912000,hplt,adapt,2.085426,8.048018,-2.19689
curr_td_f20_g1_lr5.5e-5_a0_20260613T090652Z,3025,12687769600,hplt,adapt,2.08481,8.043059,-2.1975
curr_td_f20_g1_lr5.5e-5_a0_20260613T090652Z,3050,12792627200,hplt,adapt,2.08529,8.046922,-2.19702
curr_td_f20_g1_lr5.5e-5_a0_20260613T090652Z,3075,12897484800,hplt,adapt,2.085231,8.046447,-2.19708
curr_td_f20_g1_lr5.5e-5_a0_20260613T090652Z,3100,13002342400,hplt,adapt,2.084463,8.040272,-2.19785
curr_td_f20_g1_lr5.5e-5_a0_20260613T090652Z,3125,13107200000,hplt,adapt,2.084712,8.042277,-2.1976
curr_td_f20_g1_lr5.5e-5_a0_20260613T090652Z,3150,13212057600,hplt,adapt,2.084008,8.036613,-2.19831
curr_td_f20_g1_lr5.5e-5_a0_20260613T090652Z,3175,13316915200,hplt,adapt,2.084025,8.036751,-2.19829
curr_td_f20_g1_lr5.5e-5_a0_20260613T090652Z,3200,13421772800,hplt,adapt,2.083612,8.033435,-2.1987
curr_td_f20_g1_lr5.5e-5_a0_20260613T090652Z,25,104857600,old_greek,forget,3.802839,44.82825,0.0
curr_td_f20_g1_lr5.5e-5_a0_20260613T090652Z,50,209715200,old_greek,forget,3.076332,21.67873,-0.72651
curr_td_f20_g1_lr5.5e-5_a0_20260613T090652Z,75,314572800,old_greek,forget,2.645899,14.09611,-1.15694
curr_td_f20_g1_lr5.5e-5_a0_20260613T090652Z,100,419430400,old_greek,forget,2.486798,12.02272,-1.31604
curr_td_f20_g1_lr5.5e-5_a0_20260613T090652Z,125,524288000,old_greek,forget,2.39432,10.96075,-1.40852
curr_td_f20_g1_lr5.5e-5_a0_20260613T090652Z,150,629145600,old_greek,forget,2.339562,10.37669,-1.46328
curr_td_f20_g1_lr5.5e-5_a0_20260613T090652Z,175,734003200,old_greek,forget,2.287828,9.853517,-1.51501
curr_td_f20_g1_lr5.5e-5_a0_20260613T090652Z,200,838860800,old_greek,forget,2.263672,9.618346,-1.53917
curr_td_f20_g1_lr5.5e-5_a0_20260613T090652Z,225,943718400,old_greek,forget,2.220154,9.208749,-1.58269
curr_td_f20_g1_lr5.5e-5_a0_20260613T090652Z,250,1048576000,old_greek,forget,2.195817,8.987341,-1.60702
curr_td_f20_g1_lr5.5e-5_a0_20260613T090652Z,275,1153433600,old_greek,forget,2.174062,8.793928,-1.62878
curr_td_f20_g1_lr5.5e-5_a0_20260613T090652Z,300,1258291200,old_greek,forget,2.160654,8.676807,-1.64219
curr_td_f20_g1_lr5.5e-5_a0_20260613T090652Z,325,1363148800,old_greek,forget,2.143787,8.531687,-1.65905
curr_td_f20_g1_lr5.5e-5_a0_20260613T090652Z,350,1468006400,old_greek,forget,2.16273,8.694844,-1.64011
curr_td_f20_g1_lr5.5e-5_a0_20260613T090652Z,375,1572864000,old_greek,forget,2.128134,8.399177,-1.6747
curr_td_f20_g1_lr5.5e-5_a0_20260613T090652Z,400,1677721600,old_greek,forget,2.118087,8.315212,-1.68475
curr_td_f20_g1_lr5.5e-5_a0_20260613T090652Z,425,1782579200,old_greek,forget,2.106514,8.219536,-1.69632
curr_td_f20_g1_lr5.5e-5_a0_20260613T090652Z,450,1887436800,old_greek,forget,2.10484,8.205792,-1.698
curr_td_f20_g1_lr5.5e-5_a0_20260613T090652Z,475,1992294400,old_greek,forget,2.098243,8.151833,-1.7046
curr_td_f20_g1_lr5.5e-5_a0_20260613T090652Z,500,2097152000,old_greek,forget,2.100677,8.171696,-1.70216
curr_td_f20_g1_lr5.5e-5_a0_20260613T090652Z,525,2202009600,old_greek,forget,2.0865,8.056671,-1.71634
curr_td_f20_g1_lr5.5e-5_a0_20260613T090652Z,550,2306867200,old_greek,forget,2.074406,7.959818,-1.72843
curr_td_f20_g1_lr5.5e-5_a0_20260613T090652Z,575,2411724800,old_greek,forget,2.06462,7.8823,-1.73822
curr_td_f20_g1_lr5.5e-5_a0_20260613T090652Z,600,2516582400,old_greek,forget,2.065665,7.890542,-1.73717
curr_td_f20_g1_lr5.5e-5_a0_20260613T090652Z,625,2621440000,old_greek,forget,2.059001,7.838139,-1.74384
curr_td_f20_g1_lr5.5e-5_a0_20260613T090652Z,650,2726297600,old_greek,forget,2.061707,7.859373,-1.74113
curr_td_f20_g1_lr5.5e-5_a0_20260613T090652Z,675,2831155200,old_greek,forget,2.049467,7.763763,-1.75337
curr_td_f20_g1_lr5.5e-5_a0_20260613T090652Z,700,2936012800,old_greek,forget,2.044829,7.727836,-1.75801
curr_td_f20_g1_lr5.5e-5_a0_20260613T090652Z,725,3040870400,old_greek,forget,2.040853,7.697169,-1.76199
curr_td_f20_g1_lr5.5e-5_a0_20260613T090652Z,750,3145728000,old_greek,forget,2.041719,7.703844,-1.76112
curr_td_f20_g1_lr5.5e-5_a0_20260613T090652Z,775,3250585600,old_greek,forget,2.045554,7.733439,-1.75728
curr_td_f20_g1_lr5.5e-5_a0_20260613T090652Z,800,3355443200,old_greek,forget,2.049431,7.763481,-1.75341
curr_td_f20_g1_lr5.5e-5_a0_20260613T090652Z,825,3460300800,old_greek,forget,2.027569,7.595601,-1.77527
curr_td_f20_g1_lr5.5e-5_a0_20260613T090652Z,850,3565158400,old_greek,forget,2.026113,7.584544,-1.77673
curr_td_f20_g1_lr5.5e-5_a0_20260613T090652Z,875,3670016000,old_greek,forget,2.023993,7.568484,-1.77885
curr_td_f20_g1_lr5.5e-5_a0_20260613T090652Z,900,3774873600,old_greek,forget,2.022634,7.558204,-1.78021
curr_td_f20_g1_lr5.5e-5_a0_20260613T090652Z,925,3879731200,old_greek,forget,2.015499,7.504468,-1.78734
curr_td_f20_g1_lr5.5e-5_a0_20260613T090652Z,950,3984588800,old_greek,forget,2.01325,7.487613,-1.78959
curr_td_f20_g1_lr5.5e-5_a0_20260613T090652Z,975,4089446400,old_greek,forget,2.010513,7.467146,-1.79233
curr_td_f20_g1_lr5.5e-5_a0_20260613T090652Z,1000,4194304000,old_greek,forget,2.017181,7.517104,-1.78566
curr_td_f20_g1_lr5.5e-5_a0_20260613T090652Z,1025,4299161600,old_greek,forget,2.01404,7.493532,-1.7888
curr_td_f20_g1_lr5.5e-5_a0_20260613T090652Z,1050,4404019200,old_greek,forget,2.009134,7.456857,-1.79371
curr_td_f20_g1_lr5.5e-5_a0_20260613T090652Z,1075,4508876800,old_greek,forget,2.0081,7.449149,-1.79474
curr_td_f20_g1_lr5.5e-5_a0_20260613T090652Z,1100,4613734400,old_greek,forget,2.006543,7.437564,-1.7963
curr_td_f20_g1_lr5.5e-5_a0_20260613T090652Z,1125,4718592000,old_greek,forget,1.997375,7.369689,-1.80546
curr_td_f20_g1_lr5.5e-5_a0_20260613T090652Z,1150,4823449600,old_greek,forget,1.999042,7.381979,-1.8038
curr_td_f20_g1_lr5.5e-5_a0_20260613T090652Z,1175,4928307200,old_greek,forget,1.995788,7.357997,-1.80705
curr_td_f20_g1_lr5.5e-5_a0_20260613T090652Z,1200,5033164800,old_greek,forget,2.000873,7.395507,-1.80197
curr_td_f20_g1_lr5.5e-5_a0_20260613T090652Z,1225,5138022400,old_greek,forget,1.998915,7.381043,-1.80392
curr_td_f20_g1_lr5.5e-5_a0_20260613T090652Z,1250,5242880000,old_greek,forget,1.992998,7.337502,-1.80984
curr_td_f20_g1_lr5.5e-5_a0_20260613T090652Z,1275,5347737600,old_greek,forget,1.988097,7.301623,-1.81474
curr_td_f20_g1_lr5.5e-5_a0_20260613T090652Z,1300,5452595200,old_greek,forget,1.990215,7.317105,-1.81262
curr_td_f20_g1_lr5.5e-5_a0_20260613T090652Z,1325,5557452800,old_greek,forget,1.993533,7.341423,-1.80931
curr_td_f20_g1_lr5.5e-5_a0_20260613T090652Z,1350,5662310400,old_greek,forget,1.993613,7.342012,-1.80923
curr_td_f20_g1_lr5.5e-5_a0_20260613T090652Z,1375,5767168000,old_greek,forget,1.986718,7.291566,-1.81612
curr_td_f20_g1_lr5.5e-5_a0_20260613T090652Z,1400,5872025600,old_greek,forget,1.983196,7.265929,-1.81964
curr_td_f20_g1_lr5.5e-5_a0_20260613T090652Z,1425,5976883200,old_greek,forget,1.980575,7.246907,-1.82226
curr_td_f20_g1_lr5.5e-5_a0_20260613T090652Z,1450,6081740800,old_greek,forget,1.982003,7.257266,-1.82084
curr_td_f20_g1_lr5.5e-5_a0_20260613T090652Z,1475,6186598400,old_greek,forget,1.98461,7.276208,-1.81823
curr_td_f20_g1_lr5.5e-5_a0_20260613T090652Z,1500,6291456000,old_greek,forget,1.975696,7.211639,-1.82714
curr_td_f20_g1_lr5.5e-5_a0_20260613T090652Z,1525,6396313600,old_greek,forget,1.978274,7.230255,-1.82456
curr_td_f20_g1_lr5.5e-5_a0_20260613T090652Z,1550,6501171200,old_greek,forget,1.975906,7.213153,-1.82693
curr_td_f20_g1_lr5.5e-5_a0_20260613T090652Z,1575,6606028800,old_greek,forget,1.975527,7.210418,-1.82731
curr_td_f20_g1_lr5.5e-5_a0_20260613T090652Z,1600,6710886400,old_greek,forget,1.974416,7.202413,-1.82842
curr_td_f20_g1_lr5.5e-5_a0_20260613T090652Z,1625,6815744000,old_greek,forget,1.97374,7.197547,-1.8291
curr_td_f20_g1_lr5.5e-5_a0_20260613T090652Z,1650,6920601600,old_greek,forget,1.96993,7.170172,-1.83291
curr_td_f20_g1_lr5.5e-5_a0_20260613T090652Z,1675,7025459200,old_greek,forget,1.977926,7.227738,-1.82491
curr_td_f20_g1_lr5.5e-5_a0_20260613T090652Z,1700,7130316800,old_greek,forget,1.967819,7.155053,-1.83502
curr_td_f20_g1_lr5.5e-5_a0_20260613T090652Z,1725,7235174400,old_greek,forget,1.999249,7.383512,-1.80359
curr_td_f20_g1_lr5.5e-5_a0_20260613T090652Z,1750,7340032000,old_greek,forget,1.968215,7.157886,-1.83462
curr_td_f20_g1_lr5.5e-5_a0_20260613T090652Z,1775,7444889600,old_greek,forget,1.967383,7.151936,-1.83546
curr_td_f20_g1_lr5.5e-5_a0_20260613T090652Z,1800,7549747200,old_greek,forget,1.964674,7.13259,-1.83817
curr_td_f20_g1_lr5.5e-5_a0_20260613T090652Z,1825,7654604800,old_greek,forget,1.963508,7.124272,-1.83933
curr_td_f20_g1_lr5.5e-5_a0_20260613T090652Z,1850,7759462400,old_greek,forget,1.962362,7.116114,-1.84048
curr_td_f20_g1_lr5.5e-5_a0_20260613T090652Z,1875,7864320000,old_greek,forget,1.963121,7.121521,-1.83972
curr_td_f20_g1_lr5.5e-5_a0_20260613T090652Z,1900,7969177600,old_greek,forget,1.958581,7.089258,-1.84426
curr_td_f20_g1_lr5.5e-5_a0_20260613T090652Z,1925,8074035200,old_greek,forget,1.959494,7.095733,-1.84335
curr_td_f20_g1_lr5.5e-5_a0_20260613T090652Z,1950,8178892800,old_greek,forget,1.957825,7.083902,-1.84501
curr_td_f20_g1_lr5.5e-5_a0_20260613T090652Z,1975,8283750400,old_greek,forget,1.956148,7.072035,-1.84669
curr_td_f20_g1_lr5.5e-5_a0_20260613T090652Z,2000,8388608000,old_greek,forget,1.959634,7.096728,-1.8432
curr_td_f20_g1_lr5.5e-5_a0_20260613T090652Z,2025,8493465600,old_greek,forget,1.954205,7.058304,-1.84863
curr_td_f20_g1_lr5.5e-5_a0_20260613T090652Z,2050,8598323200,old_greek,forget,1.954602,7.061106,-1.84824
curr_td_f20_g1_lr5.5e-5_a0_20260613T090652Z,2075,8703180800,old_greek,forget,1.954859,7.06292,-1.84798
curr_td_f20_g1_lr5.5e-5_a0_20260613T090652Z,2100,8808038400,old_greek,forget,1.953704,7.054773,-1.84913
curr_td_f20_g1_lr5.5e-5_a0_20260613T090652Z,2125,8912896000,old_greek,forget,1.953158,7.050921,-1.84968
curr_td_f20_g1_lr5.5e-5_a0_20260613T090652Z,2150,9017753600,old_greek,forget,1.952144,7.04377,-1.85069
curr_td_f20_g1_lr5.5e-5_a0_20260613T090652Z,2175,9122611200,old_greek,forget,1.949587,7.025789,-1.85325
curr_td_f20_g1_lr5.5e-5_a0_20260613T090652Z,2200,9227468800,old_greek,forget,1.950904,7.035046,-1.85194
curr_td_f20_g1_lr5.5e-5_a0_20260613T090652Z,2225,9332326400,old_greek,forget,1.947041,7.007922,-1.8558
curr_td_f20_g1_lr5.5e-5_a0_20260613T090652Z,2250,9437184000,old_greek,forget,1.946673,7.00534,-1.85617
curr_td_f20_g1_lr5.5e-5_a0_20260613T090652Z,2275,9542041600,old_greek,forget,1.953364,7.052369,-1.84947
curr_td_f20_g1_lr5.5e-5_a0_20260613T090652Z,2300,9646899200,old_greek,forget,1.952237,7.044428,-1.8506
curr_td_f20_g1_lr5.5e-5_a0_20260613T090652Z,2325,9751756800,old_greek,forget,1.951269,7.037612,-1.85157
curr_td_f20_g1_lr5.5e-5_a0_20260613T090652Z,2350,9856614400,old_greek,forget,1.953478,7.053176,-1.84936
curr_td_f20_g1_lr5.5e-5_a0_20260613T090652Z,2375,9961472000,old_greek,forget,1.95105,7.036069,-1.85179
curr_td_f20_g1_lr5.5e-5_a0_20260613T090652Z,2400,10066329600,old_greek,forget,1.949656,7.026273,-1.85318
curr_td_f20_g1_lr5.5e-5_a0_20260613T090652Z,2425,10171187200,old_greek,forget,1.954515,7.060492,-1.84832
curr_td_f20_g1_lr5.5e-5_a0_20260613T090652Z,2450,10276044800,old_greek,forget,1.953481,7.053198,-1.84936
curr_td_f20_g1_lr5.5e-5_a0_20260613T090652Z,2475,10380902400,old_greek,forget,1.950767,7.034082,-1.85207
curr_td_f20_g1_lr5.5e-5_a0_20260613T090652Z,2500,10485760000,old_greek,forget,1.953828,7.055642,-1.84901
curr_td_f20_g1_lr5.5e-5_a0_20260613T090652Z,2525,10590617600,old_greek,forget,1.951855,7.041737,-1.85098
curr_td_f20_g1_lr5.5e-5_a0_20260613T090652Z,2550,10695475200,old_greek,forget,1.958056,7.085542,-1.84478
curr_td_f20_g1_lr5.5e-5_a0_20260613T090652Z,2575,10800332800,old_greek,forget,1.954273,7.058783,-1.84857
curr_td_f20_g1_lr5.5e-5_a0_20260613T090652Z,2600,10905190400,old_greek,forget,1.94981,7.027351,-1.85303
curr_td_f20_g1_lr5.5e-5_a0_20260613T090652Z,2625,11010048000,old_greek,forget,1.948774,7.020079,-1.85407
curr_td_f20_g1_lr5.5e-5_a0_20260613T090652Z,2650,11114905600,old_greek,forget,1.950934,7.035256,-1.85191
curr_td_f20_g1_lr5.5e-5_a0_20260613T090652Z,2675,11219763200,old_greek,forget,1.949001,7.021672,-1.85384
curr_td_f20_g1_lr5.5e-5_a0_20260613T090652Z,2700,11324620800,old_greek,forget,1.947199,7.009029,-1.85564
curr_td_f20_g1_lr5.5e-5_a0_20260613T090652Z,2725,11429478400,old_greek,forget,1.946574,7.004648,-1.85627
curr_td_f20_g1_lr5.5e-5_a0_20260613T090652Z,2750,11534336000,old_greek,forget,1.947344,7.010045,-1.8555
curr_td_f20_g1_lr5.5e-5_a0_20260613T090652Z,2775,11639193600,old_greek,forget,1.946695,7.005499,-1.85614
curr_td_f20_g1_lr5.5e-5_a0_20260613T090652Z,2800,11744051200,old_greek,forget,1.946307,7.002781,-1.85653
curr_td_f20_g1_lr5.5e-5_a0_20260613T090652Z,2825,11848908800,old_greek,forget,1.945927,7.000119,-1.85691
curr_td_f20_g1_lr5.5e-5_a0_20260613T090652Z,2850,11953766400,old_greek,forget,1.945219,6.995161,-1.85762
curr_td_f20_g1_lr5.5e-5_a0_20260613T090652Z,2875,12058624000,old_greek,forget,1.944984,6.993517,-1.85786
curr_td_f20_g1_lr5.5e-5_a0_20260613T090652Z,2900,12163481600,old_greek,forget,1.94439,6.989365,-1.85845
curr_td_f20_g1_lr5.5e-5_a0_20260613T090652Z,2925,12268339200,old_greek,forget,1.944419,6.989572,-1.85842
curr_td_f20_g1_lr5.5e-5_a0_20260613T090652Z,2950,12373196800,old_greek,forget,1.943772,6.985047,-1.85907
curr_td_f20_g1_lr5.5e-5_a0_20260613T090652Z,2975,12478054400,old_greek,forget,1.944439,6.989712,-1.8584
curr_td_f20_g1_lr5.5e-5_a0_20260613T090652Z,3000,12582912000,old_greek,forget,1.943309,6.981813,-1.85953
curr_td_f20_g1_lr5.5e-5_a0_20260613T090652Z,3025,12687769600,old_greek,forget,1.942414,6.975572,-1.86042
curr_td_f20_g1_lr5.5e-5_a0_20260613T090652Z,3050,12792627200,old_greek,forget,1.942559,6.97658,-1.86028
curr_td_f20_g1_lr5.5e-5_a0_20260613T090652Z,3075,12897484800,old_greek,forget,1.94287,6.978751,-1.85997
curr_td_f20_g1_lr5.5e-5_a0_20260613T090652Z,3100,13002342400,old_greek,forget,1.94186,6.971705,-1.86098
curr_td_f20_g1_lr5.5e-5_a0_20260613T090652Z,3125,13107200000,old_greek,forget,1.941847,6.971615,-1.86099
curr_td_f20_g1_lr5.5e-5_a0_20260613T090652Z,3150,13212057600,old_greek,forget,1.941376,6.968333,-1.86146
curr_td_f20_g1_lr5.5e-5_a0_20260613T090652Z,3175,13316915200,old_greek,forget,1.941121,6.966554,-1.86172
curr_td_f20_g1_lr5.5e-5_a0_20260613T090652Z,3200,13421772800,old_greek,forget,1.940864,6.964767,-1.86198
curr_td_f20_g1_lr5.5e-5_a0_20260613T090652Z,25,104857600,openarchives,adapt,2.987198,19.83005,0.0
curr_td_f20_g1_lr5.5e-5_a0_20260613T090652Z,50,209715200,openarchives,adapt,2.505378,12.24819,-0.48182
curr_td_f20_g1_lr5.5e-5_a0_20260613T090652Z,75,314572800,openarchives,adapt,2.234492,9.341736,-0.75271
curr_td_f20_g1_lr5.5e-5_a0_20260613T090652Z,100,419430400,openarchives,adapt,2.125406,8.376298,-0.86179
curr_td_f20_g1_lr5.5e-5_a0_20260613T090652Z,125,524288000,openarchives,adapt,2.058576,7.834802,-0.92862
curr_td_f20_g1_lr5.5e-5_a0_20260613T090652Z,150,629145600,openarchives,adapt,2.017154,7.516901,-0.97004
curr_td_f20_g1_lr5.5e-5_a0_20260613T090652Z,175,734003200,openarchives,adapt,1.980552,7.246742,-1.00665
curr_td_f20_g1_lr5.5e-5_a0_20260613T090652Z,200,838860800,openarchives,adapt,1.960508,7.102938,-1.02669
curr_td_f20_g1_lr5.5e-5_a0_20260613T090652Z,225,943718400,openarchives,adapt,1.929867,6.888593,-1.05733
curr_td_f20_g1_lr5.5e-5_a0_20260613T090652Z,250,1048576000,openarchives,adapt,1.90876,6.744717,-1.07844
curr_td_f20_g1_lr5.5e-5_a0_20260613T090652Z,275,1153433600,openarchives,adapt,1.891991,6.63256,-1.09521
curr_td_f20_g1_lr5.5e-5_a0_20260613T090652Z,300,1258291200,openarchives,adapt,1.879109,6.547666,-1.10809
curr_td_f20_g1_lr5.5e-5_a0_20260613T090652Z,325,1363148800,openarchives,adapt,1.865902,6.461765,-1.1213
curr_td_f20_g1_lr5.5e-5_a0_20260613T090652Z,350,1468006400,openarchives,adapt,1.875109,6.521529,-1.11209
curr_td_f20_g1_lr5.5e-5_a0_20260613T090652Z,375,1572864000,openarchives,adapt,1.852363,6.374868,-1.13483
curr_td_f20_g1_lr5.5e-5_a0_20260613T090652Z,400,1677721600,openarchives,adapt,1.844188,6.322962,-1.14301
curr_td_f20_g1_lr5.5e-5_a0_20260613T090652Z,425,1782579200,openarchives,adapt,1.830975,6.239966,-1.15622
curr_td_f20_g1_lr5.5e-5_a0_20260613T090652Z,450,1887436800,openarchives,adapt,1.827388,6.217625,-1.15981
curr_td_f20_g1_lr5.5e-5_a0_20260613T090652Z,475,1992294400,openarchives,adapt,1.821001,6.178037,-1.1662
curr_td_f20_g1_lr5.5e-5_a0_20260613T090652Z,500,2097152000,openarchives,adapt,1.817039,6.153608,-1.17016
curr_td_f20_g1_lr5.5e-5_a0_20260613T090652Z,525,2202009600,openarchives,adapt,1.811209,6.117838,-1.17599
curr_td_f20_g1_lr5.5e-5_a0_20260613T090652Z,550,2306867200,openarchives,adapt,1.799397,6.046002,-1.1878
curr_td_f20_g1_lr5.5e-5_a0_20260613T090652Z,575,2411724800,openarchives,adapt,1.792985,6.007357,-1.19421
curr_td_f20_g1_lr5.5e-5_a0_20260613T090652Z,600,2516582400,openarchives,adapt,1.790914,5.99493,-1.19628
curr_td_f20_g1_lr5.5e-5_a0_20260613T090652Z,625,2621440000,openarchives,adapt,1.784386,5.955924,-1.20281
curr_td_f20_g1_lr5.5e-5_a0_20260613T090652Z,650,2726297600,openarchives,adapt,1.78455,5.956901,-1.20265
curr_td_f20_g1_lr5.5e-5_a0_20260613T090652Z,675,2831155200,openarchives,adapt,1.77645,5.908844,-1.21075
curr_td_f20_g1_lr5.5e-5_a0_20260613T090652Z,700,2936012800,openarchives,adapt,1.772842,5.887561,-1.21436
curr_td_f20_g1_lr5.5e-5_a0_20260613T090652Z,725,3040870400,openarchives,adapt,1.76751,5.856253,-1.21969
curr_td_f20_g1_lr5.5e-5_a0_20260613T090652Z,750,3145728000,openarchives,adapt,1.766797,5.852079,-1.2204
curr_td_f20_g1_lr5.5e-5_a0_20260613T090652Z,775,3250585600,openarchives,adapt,1.767165,5.854233,-1.22003
curr_td_f20_g1_lr5.5e-5_a0_20260613T090652Z,800,3355443200,openarchives,adapt,1.768234,5.860495,-1.21896
curr_td_f20_g1_lr5.5e-5_a0_20260613T090652Z,825,3460300800,openarchives,adapt,1.753904,5.777114,-1.23329
curr_td_f20_g1_lr5.5e-5_a0_20260613T090652Z,850,3565158400,openarchives,adapt,1.752869,5.771134,-1.23433
curr_td_f20_g1_lr5.5e-5_a0_20260613T090652Z,875,3670016000,openarchives,adapt,1.749012,5.748921,-1.23819
curr_td_f20_g1_lr5.5e-5_a0_20260613T090652Z,900,3774873600,openarchives,adapt,1.746862,5.736575,-1.24034
curr_td_f20_g1_lr5.5e-5_a0_20260613T090652Z,925,3879731200,openarchives,adapt,1.742174,5.709744,-1.24502
curr_td_f20_g1_lr5.5e-5_a0_20260613T090652Z,950,3984588800,openarchives,adapt,1.739308,5.693404,-1.24789
curr_td_f20_g1_lr5.5e-5_a0_20260613T090652Z,975,4089446400,openarchives,adapt,1.737856,5.685143,-1.24934
curr_td_f20_g1_lr5.5e-5_a0_20260613T090652Z,1000,4194304000,openarchives,adapt,1.741059,5.703378,-1.24614
curr_td_f20_g1_lr5.5e-5_a0_20260613T090652Z,1025,4299161600,openarchives,adapt,1.739,5.691651,-1.2482
curr_td_f20_g1_lr5.5e-5_a0_20260613T090652Z,1050,4404019200,openarchives,adapt,1.735645,5.672584,-1.25155
curr_td_f20_g1_lr5.5e-5_a0_20260613T090652Z,1075,4508876800,openarchives,adapt,1.734061,5.663604,-1.25314
curr_td_f20_g1_lr5.5e-5_a0_20260613T090652Z,1100,4613734400,openarchives,adapt,1.731155,5.647173,-1.25604
curr_td_f20_g1_lr5.5e-5_a0_20260613T090652Z,1125,4718592000,openarchives,adapt,1.725618,5.615991,-1.26158
curr_td_f20_g1_lr5.5e-5_a0_20260613T090652Z,1150,4823449600,openarchives,adapt,1.724686,5.610759,-1.26251
curr_td_f20_g1_lr5.5e-5_a0_20260613T090652Z,1175,4928307200,openarchives,adapt,1.722715,5.599711,-1.26448
curr_td_f20_g1_lr5.5e-5_a0_20260613T090652Z,1200,5033164800,openarchives,adapt,1.726147,5.618965,-1.26105
curr_td_f20_g1_lr5.5e-5_a0_20260613T090652Z,1225,5138022400,openarchives,adapt,1.72583,5.617182,-1.26137
curr_td_f20_g1_lr5.5e-5_a0_20260613T090652Z,1250,5242880000,openarchives,adapt,1.718861,5.578171,-1.26834
curr_td_f20_g1_lr5.5e-5_a0_20260613T090652Z,1275,5347737600,openarchives,adapt,1.715541,5.559682,-1.27166
curr_td_f20_g1_lr5.5e-5_a0_20260613T090652Z,1300,5452595200,openarchives,adapt,1.716638,5.565787,-1.27056
curr_td_f20_g1_lr5.5e-5_a0_20260613T090652Z,1325,5557452800,openarchives,adapt,1.718063,5.57372,-1.26913
curr_td_f20_g1_lr5.5e-5_a0_20260613T090652Z,1350,5662310400,openarchives,adapt,1.71594,5.561903,-1.27126
curr_td_f20_g1_lr5.5e-5_a0_20260613T090652Z,1375,5767168000,openarchives,adapt,1.714186,5.552154,-1.27301
curr_td_f20_g1_lr5.5e-5_a0_20260613T090652Z,1400,5872025600,openarchives,adapt,1.710114,5.529594,-1.27708
curr_td_f20_g1_lr5.5e-5_a0_20260613T090652Z,1425,5976883200,openarchives,adapt,1.707386,5.51453,-1.27981
curr_td_f20_g1_lr5.5e-5_a0_20260613T090652Z,1450,6081740800,openarchives,adapt,1.70823,5.519183,-1.27897
curr_td_f20_g1_lr5.5e-5_a0_20260613T090652Z,1475,6186598400,openarchives,adapt,1.707926,5.517508,-1.27927
curr_td_f20_g1_lr5.5e-5_a0_20260613T090652Z,1500,6291456000,openarchives,adapt,1.70454,5.498858,-1.28266
curr_td_f20_g1_lr5.5e-5_a0_20260613T090652Z,1525,6396313600,openarchives,adapt,1.703815,5.494871,-1.28338
curr_td_f20_g1_lr5.5e-5_a0_20260613T090652Z,1550,6501171200,openarchives,adapt,1.70342,5.492699,-1.28378
curr_td_f20_g1_lr5.5e-5_a0_20260613T090652Z,1575,6606028800,openarchives,adapt,1.703245,5.491739,-1.28395
curr_td_f20_g1_lr5.5e-5_a0_20260613T090652Z,1600,6710886400,openarchives,adapt,1.700728,5.477934,-1.28647
curr_td_f20_g1_lr5.5e-5_a0_20260613T090652Z,1625,6815744000,openarchives,adapt,1.701084,5.479882,-1.28611
curr_td_f20_g1_lr5.5e-5_a0_20260613T090652Z,1650,6920601600,openarchives,adapt,1.697933,5.462642,-1.28926
curr_td_f20_g1_lr5.5e-5_a0_20260613T090652Z,1675,7025459200,openarchives,adapt,1.702306,5.486587,-1.28489
curr_td_f20_g1_lr5.5e-5_a0_20260613T090652Z,1700,7130316800,openarchives,adapt,1.695515,5.449451,-1.29168
curr_td_f20_g1_lr5.5e-5_a0_20260613T090652Z,1725,7235174400,openarchives,adapt,1.714543,5.554138,-1.27265
curr_td_f20_g1_lr5.5e-5_a0_20260613T090652Z,1750,7340032000,openarchives,adapt,1.695979,5.451981,-1.29122
curr_td_f20_g1_lr5.5e-5_a0_20260613T090652Z,1775,7444889600,openarchives,adapt,1.694902,5.44611,-1.2923
curr_td_f20_g1_lr5.5e-5_a0_20260613T090652Z,1800,7549747200,openarchives,adapt,1.692464,5.432848,-1.29473
curr_td_f20_g1_lr5.5e-5_a0_20260613T090652Z,1825,7654604800,openarchives,adapt,1.690651,5.423012,-1.29655
curr_td_f20_g1_lr5.5e-5_a0_20260613T090652Z,1850,7759462400,openarchives,adapt,1.69024,5.42078,-1.29696
curr_td_f20_g1_lr5.5e-5_a0_20260613T090652Z,1875,7864320000,openarchives,adapt,1.690919,5.424462,-1.29628
curr_td_f20_g1_lr5.5e-5_a0_20260613T090652Z,1900,7969177600,openarchives,adapt,1.686489,5.400489,-1.30071
curr_td_f20_g1_lr5.5e-5_a0_20260613T090652Z,1925,8074035200,openarchives,adapt,1.686566,5.400901,-1.30063
curr_td_f20_g1_lr5.5e-5_a0_20260613T090652Z,1950,8178892800,openarchives,adapt,1.685364,5.394413,-1.30183
curr_td_f20_g1_lr5.5e-5_a0_20260613T090652Z,1975,8283750400,openarchives,adapt,1.684036,5.387255,-1.30316
curr_td_f20_g1_lr5.5e-5_a0_20260613T090652Z,2000,8388608000,openarchives,adapt,1.685975,5.397713,-1.30122
curr_td_f20_g1_lr5.5e-5_a0_20260613T090652Z,2025,8493465600,openarchives,adapt,1.681973,5.376155,-1.30522
curr_td_f20_g1_lr5.5e-5_a0_20260613T090652Z,2050,8598323200,openarchives,adapt,1.682544,5.379225,-1.30465
curr_td_f20_g1_lr5.5e-5_a0_20260613T090652Z,2075,8703180800,openarchives,adapt,1.681743,5.374918,-1.30545
curr_td_f20_g1_lr5.5e-5_a0_20260613T090652Z,2100,8808038400,openarchives,adapt,1.68144,5.37329,-1.30576
curr_td_f20_g1_lr5.5e-5_a0_20260613T090652Z,2125,8912896000,openarchives,adapt,1.680464,5.368045,-1.30673
curr_td_f20_g1_lr5.5e-5_a0_20260613T090652Z,2150,9017753600,openarchives,adapt,1.678936,5.359853,-1.30826
curr_td_f20_g1_lr5.5e-5_a0_20260613T090652Z,2175,9122611200,openarchives,adapt,1.677187,5.350485,-1.31001
curr_td_f20_g1_lr5.5e-5_a0_20260613T090652Z,2200,9227468800,openarchives,adapt,1.677462,5.351957,-1.30974
curr_td_f20_g1_lr5.5e-5_a0_20260613T090652Z,2225,9332326400,openarchives,adapt,1.675146,5.339576,-1.31205
curr_td_f20_g1_lr5.5e-5_a0_20260613T090652Z,2250,9437184000,openarchives,adapt,1.67435,5.335324,-1.31285
curr_td_f20_g1_lr5.5e-5_a0_20260613T090652Z,2275,9542041600,openarchives,adapt,1.629638,5.102028,-1.35756
curr_td_f20_g1_lr5.5e-5_a0_20260613T090652Z,2300,9646899200,openarchives,adapt,1.603312,4.969467,-1.38389
curr_td_f20_g1_lr5.5e-5_a0_20260613T090652Z,2325,9751756800,openarchives,adapt,1.590967,4.908495,-1.39623
curr_td_f20_g1_lr5.5e-5_a0_20260613T090652Z,2350,9856614400,openarchives,adapt,1.586216,4.885229,-1.40098
curr_td_f20_g1_lr5.5e-5_a0_20260613T090652Z,2375,9961472000,openarchives,adapt,1.576536,4.838168,-1.41066
curr_td_f20_g1_lr5.5e-5_a0_20260613T090652Z,2400,10066329600,openarchives,adapt,1.568097,4.797508,-1.4191
curr_td_f20_g1_lr5.5e-5_a0_20260613T090652Z,2425,10171187200,openarchives,adapt,1.56977,4.805543,-1.41743
curr_td_f20_g1_lr5.5e-5_a0_20260613T090652Z,2450,10276044800,openarchives,adapt,1.564055,4.778157,-1.42314
curr_td_f20_g1_lr5.5e-5_a0_20260613T090652Z,2475,10380902400,openarchives,adapt,1.556977,4.744455,-1.43022
curr_td_f20_g1_lr5.5e-5_a0_20260613T090652Z,2500,10485760000,openarchives,adapt,1.556158,4.740572,-1.43104
curr_td_f20_g1_lr5.5e-5_a0_20260613T090652Z,2525,10590617600,openarchives,adapt,1.549798,4.71052,-1.4374
curr_td_f20_g1_lr5.5e-5_a0_20260613T090652Z,2550,10695475200,openarchives,adapt,1.553624,4.728576,-1.43357
curr_td_f20_g1_lr5.5e-5_a0_20260613T090652Z,2575,10800332800,openarchives,adapt,1.547468,4.699557,-1.43973
curr_td_f20_g1_lr5.5e-5_a0_20260613T090652Z,2600,10905190400,openarchives,adapt,1.538694,4.658502,-1.4485
curr_td_f20_g1_lr5.5e-5_a0_20260613T090652Z,2625,11010048000,openarchives,adapt,1.536633,4.648911,-1.45056
curr_td_f20_g1_lr5.5e-5_a0_20260613T090652Z,2650,11114905600,openarchives,adapt,1.537328,4.652142,-1.44987
curr_td_f20_g1_lr5.5e-5_a0_20260613T090652Z,2675,11219763200,openarchives,adapt,1.533275,4.633326,-1.45392
curr_td_f20_g1_lr5.5e-5_a0_20260613T090652Z,2700,11324620800,openarchives,adapt,1.529893,4.617684,-1.4573
curr_td_f20_g1_lr5.5e-5_a0_20260613T090652Z,2725,11429478400,openarchives,adapt,1.52785,4.608257,-1.45935
curr_td_f20_g1_lr5.5e-5_a0_20260613T090652Z,2750,11534336000,openarchives,adapt,1.527568,4.606958,-1.45963
curr_td_f20_g1_lr5.5e-5_a0_20260613T090652Z,2775,11639193600,openarchives,adapt,1.525205,4.596088,-1.46199
curr_td_f20_g1_lr5.5e-5_a0_20260613T090652Z,2800,11744051200,openarchives,adapt,1.523742,4.589366,-1.46346
curr_td_f20_g1_lr5.5e-5_a0_20260613T090652Z,2825,11848908800,openarchives,adapt,1.522061,4.581657,-1.46514
curr_td_f20_g1_lr5.5e-5_a0_20260613T090652Z,2850,11953766400,openarchives,adapt,1.520678,4.575326,-1.46652
curr_td_f20_g1_lr5.5e-5_a0_20260613T090652Z,2875,12058624000,openarchives,adapt,1.519243,4.568765,-1.46795
curr_td_f20_g1_lr5.5e-5_a0_20260613T090652Z,2900,12163481600,openarchives,adapt,1.517497,4.560797,-1.4697
curr_td_f20_g1_lr5.5e-5_a0_20260613T090652Z,2925,12268339200,openarchives,adapt,1.516991,4.55849,-1.47021
curr_td_f20_g1_lr5.5e-5_a0_20260613T090652Z,2950,12373196800,openarchives,adapt,1.515754,4.552854,-1.47144
curr_td_f20_g1_lr5.5e-5_a0_20260613T090652Z,2975,12478054400,openarchives,adapt,1.515569,4.552013,-1.47163
curr_td_f20_g1_lr5.5e-5_a0_20260613T090652Z,3000,12582912000,openarchives,adapt,1.513901,4.544423,-1.4733
curr_td_f20_g1_lr5.5e-5_a0_20260613T090652Z,3025,12687769600,openarchives,adapt,1.512608,4.538553,-1.47459
curr_td_f20_g1_lr5.5e-5_a0_20260613T090652Z,3050,12792627200,openarchives,adapt,1.512216,4.536771,-1.47498
curr_td_f20_g1_lr5.5e-5_a0_20260613T090652Z,3075,12897484800,openarchives,adapt,1.512166,4.536545,-1.47503
curr_td_f20_g1_lr5.5e-5_a0_20260613T090652Z,3100,13002342400,openarchives,adapt,1.510671,4.52977,-1.47653
curr_td_f20_g1_lr5.5e-5_a0_20260613T090652Z,3125,13107200000,openarchives,adapt,1.510291,4.528049,-1.47691
curr_td_f20_g1_lr5.5e-5_a0_20260613T090652Z,3150,13212057600,openarchives,adapt,1.50949,4.524421,-1.47771
curr_td_f20_g1_lr5.5e-5_a0_20260613T090652Z,3175,13316915200,openarchives,adapt,1.509119,4.522745,-1.47808
curr_td_f20_g1_lr5.5e-5_a0_20260613T090652Z,3200,13421772800,openarchives,adapt,1.508733,4.520999,-1.47846
curr_td_f20_g1_lr5.5e-5_a0_20260613T090652Z,25,104857600,ru,forget,1.645723,5.184758,0.0
curr_td_f20_g1_lr5.5e-5_a0_20260613T090652Z,50,209715200,ru,forget,1.612154,5.013599,-0.03357
curr_td_f20_g1_lr5.5e-5_a0_20260613T090652Z,75,314572800,ru,forget,1.581434,4.861922,-0.06429
curr_td_f20_g1_lr5.5e-5_a0_20260613T090652Z,100,419430400,ru,forget,1.569028,4.80198,-0.07669
curr_td_f20_g1_lr5.5e-5_a0_20260613T090652Z,125,524288000,ru,forget,1.562256,4.769569,-0.08347
curr_td_f20_g1_lr5.5e-5_a0_20260613T090652Z,150,629145600,ru,forget,1.558755,4.7529,-0.08697
curr_td_f20_g1_lr5.5e-5_a0_20260613T090652Z,175,734003200,ru,forget,1.556371,4.741584,-0.08935
curr_td_f20_g1_lr5.5e-5_a0_20260613T090652Z,200,838860800,ru,forget,1.556504,4.742215,-0.08922
curr_td_f20_g1_lr5.5e-5_a0_20260613T090652Z,225,943718400,ru,forget,1.553964,4.730184,-0.09176
curr_td_f20_g1_lr5.5e-5_a0_20260613T090652Z,250,1048576000,ru,forget,1.553649,4.728692,-0.09207
curr_td_f20_g1_lr5.5e-5_a0_20260613T090652Z,275,1153433600,ru,forget,1.552232,4.721999,-0.09349
curr_td_f20_g1_lr5.5e-5_a0_20260613T090652Z,300,1258291200,ru,forget,1.551686,4.719419,-0.09404
curr_td_f20_g1_lr5.5e-5_a0_20260613T090652Z,325,1363148800,ru,forget,1.550991,4.716141,-0.09473
curr_td_f20_g1_lr5.5e-5_a0_20260613T090652Z,350,1468006400,ru,forget,1.556747,4.743364,-0.08898
curr_td_f20_g1_lr5.5e-5_a0_20260613T090652Z,375,1572864000,ru,forget,1.552839,4.724864,-0.09288
curr_td_f20_g1_lr5.5e-5_a0_20260613T090652Z,400,1677721600,ru,forget,1.552702,4.724219,-0.09302
curr_td_f20_g1_lr5.5e-5_a0_20260613T090652Z,425,1782579200,ru,forget,1.552491,4.723221,-0.09323
curr_td_f20_g1_lr5.5e-5_a0_20260613T090652Z,450,1887436800,ru,forget,1.553506,4.728019,-0.09222
curr_td_f20_g1_lr5.5e-5_a0_20260613T090652Z,475,1992294400,ru,forget,1.553097,4.726086,-0.09263
curr_td_f20_g1_lr5.5e-5_a0_20260613T090652Z,500,2097152000,ru,forget,1.553908,4.729917,-0.09181
curr_td_f20_g1_lr5.5e-5_a0_20260613T090652Z,525,2202009600,ru,forget,1.552734,4.724368,-0.09299
curr_td_f20_g1_lr5.5e-5_a0_20260613T090652Z,550,2306867200,ru,forget,1.55207,4.721233,-0.09365
curr_td_f20_g1_lr5.5e-5_a0_20260613T090652Z,575,2411724800,ru,forget,1.551942,4.720629,-0.09378
curr_td_f20_g1_lr5.5e-5_a0_20260613T090652Z,600,2516582400,ru,forget,1.553165,4.726407,-0.09256
curr_td_f20_g1_lr5.5e-5_a0_20260613T090652Z,625,2621440000,ru,forget,1.552395,4.722767,-0.09333
curr_td_f20_g1_lr5.5e-5_a0_20260613T090652Z,650,2726297600,ru,forget,1.554541,4.732912,-0.09118
curr_td_f20_g1_lr5.5e-5_a0_20260613T090652Z,675,2831155200,ru,forget,1.552908,4.725193,-0.09282
curr_td_f20_g1_lr5.5e-5_a0_20260613T090652Z,700,2936012800,ru,forget,1.552576,4.723623,-0.09315
curr_td_f20_g1_lr5.5e-5_a0_20260613T090652Z,725,3040870400,ru,forget,1.554178,4.731195,-0.09154
curr_td_f20_g1_lr5.5e-5_a0_20260613T090652Z,750,3145728000,ru,forget,1.5537,4.728934,-0.09202
curr_td_f20_g1_lr5.5e-5_a0_20260613T090652Z,775,3250585600,ru,forget,1.554696,4.733645,-0.09103
curr_td_f20_g1_lr5.5e-5_a0_20260613T090652Z,800,3355443200,ru,forget,1.555284,4.73643,-0.09044
curr_td_f20_g1_lr5.5e-5_a0_20260613T090652Z,825,3460300800,ru,forget,1.553141,4.726291,-0.09258
curr_td_f20_g1_lr5.5e-5_a0_20260613T090652Z,850,3565158400,ru,forget,1.554887,4.734551,-0.09084
curr_td_f20_g1_lr5.5e-5_a0_20260613T090652Z,875,3670016000,ru,forget,1.554026,4.730479,-0.0917
curr_td_f20_g1_lr5.5e-5_a0_20260613T090652Z,900,3774873600,ru,forget,1.554604,4.733211,-0.09112
curr_td_f20_g1_lr5.5e-5_a0_20260613T090652Z,925,3879731200,ru,forget,1.553606,4.728491,-0.09212
curr_td_f20_g1_lr5.5e-5_a0_20260613T090652Z,950,3984588800,ru,forget,1.554065,4.73066,-0.09166
curr_td_f20_g1_lr5.5e-5_a0_20260613T090652Z,975,4089446400,ru,forget,1.553857,4.729677,-0.09187
curr_td_f20_g1_lr5.5e-5_a0_20260613T090652Z,1000,4194304000,ru,forget,1.555488,4.737397,-0.09024
curr_td_f20_g1_lr5.5e-5_a0_20260613T090652Z,1025,4299161600,ru,forget,1.556287,4.741186,-0.08944
curr_td_f20_g1_lr5.5e-5_a0_20260613T090652Z,1050,4404019200,ru,forget,1.556523,4.742302,-0.0892
curr_td_f20_g1_lr5.5e-5_a0_20260613T090652Z,1075,4508876800,ru,forget,1.55617,4.740631,-0.08955
curr_td_f20_g1_lr5.5e-5_a0_20260613T090652Z,1100,4613734400,ru,forget,1.557409,4.746506,-0.08831
curr_td_f20_g1_lr5.5e-5_a0_20260613T090652Z,1125,4718592000,ru,forget,1.554036,4.730524,-0.09169
curr_td_f20_g1_lr5.5e-5_a0_20260613T090652Z,1150,4823449600,ru,forget,1.554845,4.734355,-0.09088
curr_td_f20_g1_lr5.5e-5_a0_20260613T090652Z,1175,4928307200,ru,forget,1.554444,4.732453,-0.09128
curr_td_f20_g1_lr5.5e-5_a0_20260613T090652Z,1200,5033164800,ru,forget,1.556352,4.741495,-0.08937
curr_td_f20_g1_lr5.5e-5_a0_20260613T090652Z,1225,5138022400,ru,forget,1.556327,4.741376,-0.0894
curr_td_f20_g1_lr5.5e-5_a0_20260613T090652Z,1250,5242880000,ru,forget,1.557051,4.744807,-0.08867
curr_td_f20_g1_lr5.5e-5_a0_20260613T090652Z,1275,5347737600,ru,forget,1.555104,4.735581,-0.09062
curr_td_f20_g1_lr5.5e-5_a0_20260613T090652Z,1300,5452595200,ru,forget,1.556133,4.740452,-0.08959
curr_td_f20_g1_lr5.5e-5_a0_20260613T090652Z,1325,5557452800,ru,forget,1.557152,4.745289,-0.08857
curr_td_f20_g1_lr5.5e-5_a0_20260613T090652Z,1350,5662310400,ru,forget,1.556499,4.742191,-0.08922
curr_td_f20_g1_lr5.5e-5_a0_20260613T090652Z,1375,5767168000,ru,forget,1.556991,4.744526,-0.08873
curr_td_f20_g1_lr5.5e-5_a0_20260613T090652Z,1400,5872025600,ru,forget,1.555781,4.738786,-0.08994
curr_td_f20_g1_lr5.5e-5_a0_20260613T090652Z,1425,5976883200,ru,forget,1.556236,4.740941,-0.08949
curr_td_f20_g1_lr5.5e-5_a0_20260613T090652Z,1450,6081740800,ru,forget,1.556526,4.74232,-0.0892
curr_td_f20_g1_lr5.5e-5_a0_20260613T090652Z,1475,6186598400,ru,forget,1.557255,4.745775,-0.08847
curr_td_f20_g1_lr5.5e-5_a0_20260613T090652Z,1500,6291456000,ru,forget,1.556253,4.741024,-0.08947
curr_td_f20_g1_lr5.5e-5_a0_20260613T090652Z,1525,6396313600,ru,forget,1.557436,4.746635,-0.08829
curr_td_f20_g1_lr5.5e-5_a0_20260613T090652Z,1550,6501171200,ru,forget,1.55688,4.743995,-0.08884
curr_td_f20_g1_lr5.5e-5_a0_20260613T090652Z,1575,6606028800,ru,forget,1.557744,4.748098,-0.08798
curr_td_f20_g1_lr5.5e-5_a0_20260613T090652Z,1600,6710886400,ru,forget,1.557882,4.748753,-0.08784
curr_td_f20_g1_lr5.5e-5_a0_20260613T090652Z,1625,6815744000,ru,forget,1.557881,4.748748,-0.08784
curr_td_f20_g1_lr5.5e-5_a0_20260613T090652Z,1650,6920601600,ru,forget,1.558815,4.753187,-0.08691
curr_td_f20_g1_lr5.5e-5_a0_20260613T090652Z,1675,7025459200,ru,forget,1.558679,4.752538,-0.08704
curr_td_f20_g1_lr5.5e-5_a0_20260613T090652Z,1700,7130316800,ru,forget,1.557688,4.747832,-0.08804
curr_td_f20_g1_lr5.5e-5_a0_20260613T090652Z,1725,7235174400,ru,forget,1.562115,4.768898,-0.08361
curr_td_f20_g1_lr5.5e-5_a0_20260613T090652Z,1750,7340032000,ru,forget,1.558966,4.753902,-0.08676
curr_td_f20_g1_lr5.5e-5_a0_20260613T090652Z,1775,7444889600,ru,forget,1.559269,4.755345,-0.08645
curr_td_f20_g1_lr5.5e-5_a0_20260613T090652Z,1800,7549747200,ru,forget,1.558636,4.752334,-0.08709
curr_td_f20_g1_lr5.5e-5_a0_20260613T090652Z,1825,7654604800,ru,forget,1.558697,4.752624,-0.08703
curr_td_f20_g1_lr5.5e-5_a0_20260613T090652Z,1850,7759462400,ru,forget,1.558637,4.752341,-0.08709
curr_td_f20_g1_lr5.5e-5_a0_20260613T090652Z,1875,7864320000,ru,forget,1.55965,4.757157,-0.08607
curr_td_f20_g1_lr5.5e-5_a0_20260613T090652Z,1900,7969177600,ru,forget,1.558852,4.753363,-0.08687
curr_td_f20_g1_lr5.5e-5_a0_20260613T090652Z,1925,8074035200,ru,forget,1.559416,4.756044,-0.08631
curr_td_f20_g1_lr5.5e-5_a0_20260613T090652Z,1950,8178892800,ru,forget,1.559752,4.757643,-0.08597
curr_td_f20_g1_lr5.5e-5_a0_20260613T090652Z,1975,8283750400,ru,forget,1.558887,4.753529,-0.08684
curr_td_f20_g1_lr5.5e-5_a0_20260613T090652Z,2000,8388608000,ru,forget,1.559454,4.756224,-0.08627
curr_td_f20_g1_lr5.5e-5_a0_20260613T090652Z,2025,8493465600,ru,forget,1.559073,4.754414,-0.08665
curr_td_f20_g1_lr5.5e-5_a0_20260613T090652Z,2050,8598323200,ru,forget,1.559766,4.757707,-0.08596
curr_td_f20_g1_lr5.5e-5_a0_20260613T090652Z,2075,8703180800,ru,forget,1.559811,4.757921,-0.08591
curr_td_f20_g1_lr5.5e-5_a0_20260613T090652Z,2100,8808038400,ru,forget,1.560183,4.759694,-0.08554
curr_td_f20_g1_lr5.5e-5_a0_20260613T090652Z,2125,8912896000,ru,forget,1.560714,4.762219,-0.08501
curr_td_f20_g1_lr5.5e-5_a0_20260613T090652Z,2150,9017753600,ru,forget,1.56041,4.760774,-0.08531
curr_td_f20_g1_lr5.5e-5_a0_20260613T090652Z,2175,9122611200,ru,forget,1.560068,4.759146,-0.08566
curr_td_f20_g1_lr5.5e-5_a0_20260613T090652Z,2200,9227468800,ru,forget,1.561204,4.764554,-0.08452
curr_td_f20_g1_lr5.5e-5_a0_20260613T090652Z,2225,9332326400,ru,forget,1.561065,4.763891,-0.08466
curr_td_f20_g1_lr5.5e-5_a0_20260613T090652Z,2250,9437184000,ru,forget,1.560243,4.759977,-0.08548
curr_td_f20_g1_lr5.5e-5_a0_20260613T090652Z,2275,9542041600,ru,forget,1.563947,4.777641,-0.08178
curr_td_f20_g1_lr5.5e-5_a0_20260613T090652Z,2300,9646899200,ru,forget,1.562695,4.771664,-0.08303
curr_td_f20_g1_lr5.5e-5_a0_20260613T090652Z,2325,9751756800,ru,forget,1.561966,4.768185,-0.08376
curr_td_f20_g1_lr5.5e-5_a0_20260613T090652Z,2350,9856614400,ru,forget,1.562583,4.771128,-0.08314
curr_td_f20_g1_lr5.5e-5_a0_20260613T090652Z,2375,9961472000,ru,forget,1.561954,4.768127,-0.08377
curr_td_f20_g1_lr5.5e-5_a0_20260613T090652Z,2400,10066329600,ru,forget,1.561447,4.76571,-0.08428
curr_td_f20_g1_lr5.5e-5_a0_20260613T090652Z,2425,10171187200,ru,forget,1.563568,4.775832,-0.08215
curr_td_f20_g1_lr5.5e-5_a0_20260613T090652Z,2450,10276044800,ru,forget,1.562347,4.770001,-0.08338
curr_td_f20_g1_lr5.5e-5_a0_20260613T090652Z,2475,10380902400,ru,forget,1.562106,4.768852,-0.08362
curr_td_f20_g1_lr5.5e-5_a0_20260613T090652Z,2500,10485760000,ru,forget,1.563281,4.77446,-0.08244
curr_td_f20_g1_lr5.5e-5_a0_20260613T090652Z,2525,10590617600,ru,forget,1.562331,4.769929,-0.08339
curr_td_f20_g1_lr5.5e-5_a0_20260613T090652Z,2550,10695475200,ru,forget,1.563902,4.777427,-0.08182
curr_td_f20_g1_lr5.5e-5_a0_20260613T090652Z,2575,10800332800,ru,forget,1.563214,4.774143,-0.08251
curr_td_f20_g1_lr5.5e-5_a0_20260613T090652Z,2600,10905190400,ru,forget,1.561689,4.766867,-0.08403
curr_td_f20_g1_lr5.5e-5_a0_20260613T090652Z,2625,11010048000,ru,forget,1.561136,4.76423,-0.08459
curr_td_f20_g1_lr5.5e-5_a0_20260613T090652Z,2650,11114905600,ru,forget,1.561581,4.766351,-0.08414
curr_td_f20_g1_lr5.5e-5_a0_20260613T090652Z,2675,11219763200,ru,forget,1.560916,4.763183,-0.08481
curr_td_f20_g1_lr5.5e-5_a0_20260613T090652Z,2700,11324620800,ru,forget,1.5603,4.760247,-0.08542
curr_td_f20_g1_lr5.5e-5_a0_20260613T090652Z,2725,11429478400,ru,forget,1.5599,4.758343,-0.08582
curr_td_f20_g1_lr5.5e-5_a0_20260613T090652Z,2750,11534336000,ru,forget,1.560093,4.759262,-0.08563
curr_td_f20_g1_lr5.5e-5_a0_20260613T090652Z,2775,11639193600,ru,forget,1.560302,4.76026,-0.08542
curr_td_f20_g1_lr5.5e-5_a0_20260613T090652Z,2800,11744051200,ru,forget,1.559917,4.758424,-0.08581
curr_td_f20_g1_lr5.5e-5_a0_20260613T090652Z,2825,11848908800,ru,forget,1.559488,4.756387,-0.08624
curr_td_f20_g1_lr5.5e-5_a0_20260613T090652Z,2850,11953766400,ru,forget,1.559558,4.756719,-0.08617
curr_td_f20_g1_lr5.5e-5_a0_20260613T090652Z,2875,12058624000,ru,forget,1.559211,4.755069,-0.08651
curr_td_f20_g1_lr5.5e-5_a0_20260613T090652Z,2900,12163481600,ru,forget,1.558963,4.753889,-0.08676
curr_td_f20_g1_lr5.5e-5_a0_20260613T090652Z,2925,12268339200,ru,forget,1.559068,4.75439,-0.08666
curr_td_f20_g1_lr5.5e-5_a0_20260613T090652Z,2950,12373196800,ru,forget,1.558448,4.751439,-0.08727
curr_td_f20_g1_lr5.5e-5_a0_20260613T090652Z,2975,12478054400,ru,forget,1.558569,4.752015,-0.08715
curr_td_f20_g1_lr5.5e-5_a0_20260613T090652Z,3000,12582912000,ru,forget,1.558332,4.750892,-0.08739
curr_td_f20_g1_lr5.5e-5_a0_20260613T090652Z,3025,12687769600,ru,forget,1.558065,4.749624,-0.08766
curr_td_f20_g1_lr5.5e-5_a0_20260613T090652Z,3050,12792627200,ru,forget,1.557951,4.749079,-0.08777
curr_td_f20_g1_lr5.5e-5_a0_20260613T090652Z,3075,12897484800,ru,forget,1.557955,4.7491,-0.08777
curr_td_f20_g1_lr5.5e-5_a0_20260613T090652Z,3100,13002342400,ru,forget,1.557763,4.748188,-0.08796
curr_td_f20_g1_lr5.5e-5_a0_20260613T090652Z,3125,13107200000,ru,forget,1.557608,4.747452,-0.08811
curr_td_f20_g1_lr5.5e-5_a0_20260613T090652Z,3150,13212057600,ru,forget,1.557477,4.746832,-0.08825
curr_td_f20_g1_lr5.5e-5_a0_20260613T090652Z,3175,13316915200,ru,forget,1.557329,4.746127,-0.08839
curr_td_f20_g1_lr5.5e-5_a0_20260613T090652Z,3200,13421772800,ru,forget,1.557162,4.745333,-0.08856
curr_td_f20_g1_lr5.5e-5_a0_20260613T090652Z,25,104857600,zh,forget,1.907417,6.73567,0.0
curr_td_f20_g1_lr5.5e-5_a0_20260613T090652Z,50,209715200,zh,forget,1.862938,6.442638,-0.04448
curr_td_f20_g1_lr5.5e-5_a0_20260613T090652Z,75,314572800,zh,forget,1.816578,6.150775,-0.09084
curr_td_f20_g1_lr5.5e-5_a0_20260613T090652Z,100,419430400,zh,forget,1.798268,6.039178,-0.10915
curr_td_f20_g1_lr5.5e-5_a0_20260613T090652Z,125,524288000,zh,forget,1.788074,5.977925,-0.11934
curr_td_f20_g1_lr5.5e-5_a0_20260613T090652Z,150,629145600,zh,forget,1.781255,5.9373,-0.12616
curr_td_f20_g1_lr5.5e-5_a0_20260613T090652Z,175,734003200,zh,forget,1.777301,5.913872,-0.13012
curr_td_f20_g1_lr5.5e-5_a0_20260613T090652Z,200,838860800,zh,forget,1.775196,5.901439,-0.13222
curr_td_f20_g1_lr5.5e-5_a0_20260613T090652Z,225,943718400,zh,forget,1.770943,5.876391,-0.13647
curr_td_f20_g1_lr5.5e-5_a0_20260613T090652Z,250,1048576000,zh,forget,1.76928,5.866626,-0.13814
curr_td_f20_g1_lr5.5e-5_a0_20260613T090652Z,275,1153433600,zh,forget,1.766819,5.852211,-0.1406
curr_td_f20_g1_lr5.5e-5_a0_20260613T090652Z,300,1258291200,zh,forget,1.765227,5.842901,-0.14219
curr_td_f20_g1_lr5.5e-5_a0_20260613T090652Z,325,1363148800,zh,forget,1.763642,5.833644,-0.14377
curr_td_f20_g1_lr5.5e-5_a0_20260613T090652Z,350,1468006400,zh,forget,1.768396,5.861444,-0.13902
curr_td_f20_g1_lr5.5e-5_a0_20260613T090652Z,375,1572864000,zh,forget,1.764838,5.840626,-0.14258
curr_td_f20_g1_lr5.5e-5_a0_20260613T090652Z,400,1677721600,zh,forget,1.763334,5.831848,-0.14408
curr_td_f20_g1_lr5.5e-5_a0_20260613T090652Z,425,1782579200,zh,forget,1.763011,5.829965,-0.14441
curr_td_f20_g1_lr5.5e-5_a0_20260613T090652Z,450,1887436800,zh,forget,1.764334,5.837686,-0.14308
curr_td_f20_g1_lr5.5e-5_a0_20260613T090652Z,475,1992294400,zh,forget,1.763558,5.833154,-0.14386
curr_td_f20_g1_lr5.5e-5_a0_20260613T090652Z,500,2097152000,zh,forget,1.763362,5.83201,-0.14405
curr_td_f20_g1_lr5.5e-5_a0_20260613T090652Z,525,2202009600,zh,forget,1.761995,5.824044,-0.14542
curr_td_f20_g1_lr5.5e-5_a0_20260613T090652Z,550,2306867200,zh,forget,1.760978,5.818124,-0.14644
curr_td_f20_g1_lr5.5e-5_a0_20260613T090652Z,575,2411724800,zh,forget,1.76082,5.817206,-0.1466
curr_td_f20_g1_lr5.5e-5_a0_20260613T090652Z,600,2516582400,zh,forget,1.762624,5.827711,-0.14479
curr_td_f20_g1_lr5.5e-5_a0_20260613T090652Z,625,2621440000,zh,forget,1.760892,5.817627,-0.14653
curr_td_f20_g1_lr5.5e-5_a0_20260613T090652Z,650,2726297600,zh,forget,1.76249,5.826931,-0.14493
curr_td_f20_g1_lr5.5e-5_a0_20260613T090652Z,675,2831155200,zh,forget,1.761216,5.819511,-0.1462
curr_td_f20_g1_lr5.5e-5_a0_20260613T090652Z,700,2936012800,zh,forget,1.76106,5.8186,-0.14636
curr_td_f20_g1_lr5.5e-5_a0_20260613T090652Z,725,3040870400,zh,forget,1.762762,5.828515,-0.14465
curr_td_f20_g1_lr5.5e-5_a0_20260613T090652Z,750,3145728000,zh,forget,1.762143,5.824909,-0.14527
curr_td_f20_g1_lr5.5e-5_a0_20260613T090652Z,775,3250585600,zh,forget,1.762477,5.826851,-0.14494
curr_td_f20_g1_lr5.5e-5_a0_20260613T090652Z,800,3355443200,zh,forget,1.763357,5.831981,-0.14406
curr_td_f20_g1_lr5.5e-5_a0_20260613T090652Z,825,3460300800,zh,forget,1.760826,5.817243,-0.14659
curr_td_f20_g1_lr5.5e-5_a0_20260613T090652Z,850,3565158400,zh,forget,1.763107,5.830524,-0.14431
curr_td_f20_g1_lr5.5e-5_a0_20260613T090652Z,875,3670016000,zh,forget,1.761264,5.819787,-0.14615
curr_td_f20_g1_lr5.5e-5_a0_20260613T090652Z,900,3774873600,zh,forget,1.762361,5.826176,-0.14506
curr_td_f20_g1_lr5.5e-5_a0_20260613T090652Z,925,3879731200,zh,forget,1.760681,5.816397,-0.14674
curr_td_f20_g1_lr5.5e-5_a0_20260613T090652Z,950,3984588800,zh,forget,1.760973,5.818098,-0.14644
curr_td_f20_g1_lr5.5e-5_a0_20260613T090652Z,975,4089446400,zh,forget,1.76075,5.816799,-0.14667
curr_td_f20_g1_lr5.5e-5_a0_20260613T090652Z,1000,4194304000,zh,forget,1.762221,5.825364,-0.1452
curr_td_f20_g1_lr5.5e-5_a0_20260613T090652Z,1025,4299161600,zh,forget,1.762931,5.829498,-0.14449
curr_td_f20_g1_lr5.5e-5_a0_20260613T090652Z,1050,4404019200,zh,forget,1.763023,5.830036,-0.14439
curr_td_f20_g1_lr5.5e-5_a0_20260613T090652Z,1075,4508876800,zh,forget,1.763719,5.834097,-0.1437
curr_td_f20_g1_lr5.5e-5_a0_20260613T090652Z,1100,4613734400,zh,forget,1.761987,5.824001,-0.14543
curr_td_f20_g1_lr5.5e-5_a0_20260613T090652Z,1125,4718592000,zh,forget,1.760841,5.817329,-0.14658
curr_td_f20_g1_lr5.5e-5_a0_20260613T090652Z,1150,4823449600,zh,forget,1.761695,5.822295,-0.14572
curr_td_f20_g1_lr5.5e-5_a0_20260613T090652Z,1175,4928307200,zh,forget,1.761647,5.822016,-0.14577
curr_td_f20_g1_lr5.5e-5_a0_20260613T090652Z,1200,5033164800,zh,forget,1.763702,5.833994,-0.14371
curr_td_f20_g1_lr5.5e-5_a0_20260613T090652Z,1225,5138022400,zh,forget,1.763113,5.830558,-0.1443
curr_td_f20_g1_lr5.5e-5_a0_20260613T090652Z,1250,5242880000,zh,forget,1.763913,5.835228,-0.1435
curr_td_f20_g1_lr5.5e-5_a0_20260613T090652Z,1275,5347737600,zh,forget,1.76154,5.821394,-0.14588
curr_td_f20_g1_lr5.5e-5_a0_20260613T090652Z,1300,5452595200,zh,forget,1.763788,5.834497,-0.14363
curr_td_f20_g1_lr5.5e-5_a0_20260613T090652Z,1325,5557452800,zh,forget,1.763741,5.83422,-0.14368
curr_td_f20_g1_lr5.5e-5_a0_20260613T090652Z,1350,5662310400,zh,forget,1.763076,5.830344,-0.14434
curr_td_f20_g1_lr5.5e-5_a0_20260613T090652Z,1375,5767168000,zh,forget,1.764371,5.837897,-0.14305
curr_td_f20_g1_lr5.5e-5_a0_20260613T090652Z,1400,5872025600,zh,forget,1.763029,5.830069,-0.14439
curr_td_f20_g1_lr5.5e-5_a0_20260613T090652Z,1425,5976883200,zh,forget,1.762725,5.828299,-0.14469
curr_td_f20_g1_lr5.5e-5_a0_20260613T090652Z,1450,6081740800,zh,forget,1.763368,5.832047,-0.14405
curr_td_f20_g1_lr5.5e-5_a0_20260613T090652Z,1475,6186598400,zh,forget,1.76367,5.833807,-0.14375
curr_td_f20_g1_lr5.5e-5_a0_20260613T090652Z,1500,6291456000,zh,forget,1.76343,5.832406,-0.14399
curr_td_f20_g1_lr5.5e-5_a0_20260613T090652Z,1525,6396313600,zh,forget,1.765132,5.842344,-0.14228
curr_td_f20_g1_lr5.5e-5_a0_20260613T090652Z,1550,6501171200,zh,forget,1.763594,5.833363,-0.14382
curr_td_f20_g1_lr5.5e-5_a0_20260613T090652Z,1575,6606028800,zh,forget,1.765287,5.843249,-0.14213
curr_td_f20_g1_lr5.5e-5_a0_20260613T090652Z,1600,6710886400,zh,forget,1.764921,5.841113,-0.1425
curr_td_f20_g1_lr5.5e-5_a0_20260613T090652Z,1625,6815744000,zh,forget,1.764522,5.838778,-0.14289
curr_td_f20_g1_lr5.5e-5_a0_20260613T090652Z,1650,6920601600,zh,forget,1.764394,5.838031,-0.14302
curr_td_f20_g1_lr5.5e-5_a0_20260613T090652Z,1675,7025459200,zh,forget,1.76567,5.845485,-0.14175
curr_td_f20_g1_lr5.5e-5_a0_20260613T090652Z,1700,7130316800,zh,forget,1.764199,5.836893,-0.14322
curr_td_f20_g1_lr5.5e-5_a0_20260613T090652Z,1725,7235174400,zh,forget,1.768321,5.861002,-0.1391
curr_td_f20_g1_lr5.5e-5_a0_20260613T090652Z,1750,7340032000,zh,forget,1.765861,5.846602,-0.14156
curr_td_f20_g1_lr5.5e-5_a0_20260613T090652Z,1775,7444889600,zh,forget,1.765811,5.846313,-0.14161
curr_td_f20_g1_lr5.5e-5_a0_20260613T090652Z,1800,7549747200,zh,forget,1.765367,5.843714,-0.14205
curr_td_f20_g1_lr5.5e-5_a0_20260613T090652Z,1825,7654604800,zh,forget,1.765392,5.843861,-0.14202
curr_td_f20_g1_lr5.5e-5_a0_20260613T090652Z,1850,7759462400,zh,forget,1.765036,5.84178,-0.14238
curr_td_f20_g1_lr5.5e-5_a0_20260613T090652Z,1875,7864320000,zh,forget,1.766429,5.849924,-0.14099
curr_td_f20_g1_lr5.5e-5_a0_20260613T090652Z,1900,7969177600,zh,forget,1.765388,5.843838,-0.14203
curr_td_f20_g1_lr5.5e-5_a0_20260613T090652Z,1925,8074035200,zh,forget,1.766224,5.848727,-0.14119
curr_td_f20_g1_lr5.5e-5_a0_20260613T090652Z,1950,8178892800,zh,forget,1.766339,5.849399,-0.14108
curr_td_f20_g1_lr5.5e-5_a0_20260613T090652Z,1975,8283750400,zh,forget,1.765633,5.845273,-0.14178
curr_td_f20_g1_lr5.5e-5_a0_20260613T090652Z,2000,8388608000,zh,forget,1.765879,5.846707,-0.14154
curr_td_f20_g1_lr5.5e-5_a0_20260613T090652Z,2025,8493465600,zh,forget,1.7655,5.844494,-0.14192
curr_td_f20_g1_lr5.5e-5_a0_20260613T090652Z,2050,8598323200,zh,forget,1.76607,5.847828,-0.14135
curr_td_f20_g1_lr5.5e-5_a0_20260613T090652Z,2075,8703180800,zh,forget,1.766555,5.850661,-0.14086
curr_td_f20_g1_lr5.5e-5_a0_20260613T090652Z,2100,8808038400,zh,forget,1.766824,5.852237,-0.14059
curr_td_f20_g1_lr5.5e-5_a0_20260613T090652Z,2125,8912896000,zh,forget,1.767177,5.854303,-0.14024
curr_td_f20_g1_lr5.5e-5_a0_20260613T090652Z,2150,9017753600,zh,forget,1.767215,5.854527,-0.1402
curr_td_f20_g1_lr5.5e-5_a0_20260613T090652Z,2175,9122611200,zh,forget,1.766624,5.851067,-0.14079
curr_td_f20_g1_lr5.5e-5_a0_20260613T090652Z,2200,9227468800,zh,forget,1.767572,5.856614,-0.13984
curr_td_f20_g1_lr5.5e-5_a0_20260613T090652Z,2225,9332326400,zh,forget,1.766948,5.852962,-0.14047
curr_td_f20_g1_lr5.5e-5_a0_20260613T090652Z,2250,9437184000,zh,forget,1.767051,5.853568,-0.14037
curr_td_f20_g1_lr5.5e-5_a0_20260613T090652Z,2275,9542041600,zh,forget,1.771998,5.882595,-0.13542
curr_td_f20_g1_lr5.5e-5_a0_20260613T090652Z,2300,9646899200,zh,forget,1.770114,5.871524,-0.1373
curr_td_f20_g1_lr5.5e-5_a0_20260613T090652Z,2325,9751756800,zh,forget,1.769186,5.866075,-0.13823
curr_td_f20_g1_lr5.5e-5_a0_20260613T090652Z,2350,9856614400,zh,forget,1.769051,5.865282,-0.13837
curr_td_f20_g1_lr5.5e-5_a0_20260613T090652Z,2375,9961472000,zh,forget,1.76831,5.860941,-0.13911
curr_td_f20_g1_lr5.5e-5_a0_20260613T090652Z,2400,10066329600,zh,forget,1.768386,5.861385,-0.13903
curr_td_f20_g1_lr5.5e-5_a0_20260613T090652Z,2425,10171187200,zh,forget,1.770401,5.873207,-0.13702
curr_td_f20_g1_lr5.5e-5_a0_20260613T090652Z,2450,10276044800,zh,forget,1.768819,5.863923,-0.1386
curr_td_f20_g1_lr5.5e-5_a0_20260613T090652Z,2475,10380902400,zh,forget,1.768867,5.864206,-0.13855
curr_td_f20_g1_lr5.5e-5_a0_20260613T090652Z,2500,10485760000,zh,forget,1.770175,5.871881,-0.13724
curr_td_f20_g1_lr5.5e-5_a0_20260613T090652Z,2525,10590617600,zh,forget,1.769179,5.866032,-0.13824
curr_td_f20_g1_lr5.5e-5_a0_20260613T090652Z,2550,10695475200,zh,forget,1.770734,5.875163,-0.13668
curr_td_f20_g1_lr5.5e-5_a0_20260613T090652Z,2575,10800332800,zh,forget,1.769956,5.870595,-0.13746
curr_td_f20_g1_lr5.5e-5_a0_20260613T090652Z,2600,10905190400,zh,forget,1.768615,5.862729,-0.1388
curr_td_f20_g1_lr5.5e-5_a0_20260613T090652Z,2625,11010048000,zh,forget,1.768185,5.860208,-0.13923
curr_td_f20_g1_lr5.5e-5_a0_20260613T090652Z,2650,11114905600,zh,forget,1.768234,5.860493,-0.13918
curr_td_f20_g1_lr5.5e-5_a0_20260613T090652Z,2675,11219763200,zh,forget,1.767718,5.857473,-0.1397
curr_td_f20_g1_lr5.5e-5_a0_20260613T090652Z,2700,11324620800,zh,forget,1.766759,5.851856,-0.14066
curr_td_f20_g1_lr5.5e-5_a0_20260613T090652Z,2725,11429478400,zh,forget,1.766272,5.849007,-0.14114
curr_td_f20_g1_lr5.5e-5_a0_20260613T090652Z,2750,11534336000,zh,forget,1.766993,5.853228,-0.14042
curr_td_f20_g1_lr5.5e-5_a0_20260613T090652Z,2775,11639193600,zh,forget,1.766973,5.85311,-0.14044
curr_td_f20_g1_lr5.5e-5_a0_20260613T090652Z,2800,11744051200,zh,forget,1.766226,5.84874,-0.14119
curr_td_f20_g1_lr5.5e-5_a0_20260613T090652Z,2825,11848908800,zh,forget,1.76577,5.84607,-0.14165
curr_td_f20_g1_lr5.5e-5_a0_20260613T090652Z,2850,11953766400,zh,forget,1.765645,5.84534,-0.14177
curr_td_f20_g1_lr5.5e-5_a0_20260613T090652Z,2875,12058624000,zh,forget,1.765474,5.844342,-0.14194
curr_td_f20_g1_lr5.5e-5_a0_20260613T090652Z,2900,12163481600,zh,forget,1.765327,5.843484,-0.14209
curr_td_f20_g1_lr5.5e-5_a0_20260613T090652Z,2925,12268339200,zh,forget,1.76543,5.844087,-0.14199
curr_td_f20_g1_lr5.5e-5_a0_20260613T090652Z,2950,12373196800,zh,forget,1.764835,5.840606,-0.14258
curr_td_f20_g1_lr5.5e-5_a0_20260613T090652Z,2975,12478054400,zh,forget,1.764763,5.84019,-0.14265
curr_td_f20_g1_lr5.5e-5_a0_20260613T090652Z,3000,12582912000,zh,forget,1.76466,5.839584,-0.14276
curr_td_f20_g1_lr5.5e-5_a0_20260613T090652Z,3025,12687769600,zh,forget,1.764351,5.837785,-0.14307
curr_td_f20_g1_lr5.5e-5_a0_20260613T090652Z,3050,12792627200,zh,forget,1.763959,5.835493,-0.14346
curr_td_f20_g1_lr5.5e-5_a0_20260613T090652Z,3075,12897484800,zh,forget,1.764139,5.836542,-0.14328
curr_td_f20_g1_lr5.5e-5_a0_20260613T090652Z,3100,13002342400,zh,forget,1.763801,5.834574,-0.14362
curr_td_f20_g1_lr5.5e-5_a0_20260613T090652Z,3125,13107200000,zh,forget,1.763473,5.832659,-0.14394
curr_td_f20_g1_lr5.5e-5_a0_20260613T090652Z,3150,13212057600,zh,forget,1.763341,5.831889,-0.14408
curr_td_f20_g1_lr5.5e-5_a0_20260613T090652Z,3175,13316915200,zh,forget,1.76297,5.829724,-0.14445
curr_td_f20_g1_lr5.5e-5_a0_20260613T090652Z,3200,13421772800,zh,forget,1.762993,5.829858,-0.14442
curr_td_f20_g1_lr5.5e-5_a4_20260613T090652Z,25,104857600,code,forget,0.7758739,2.17249,0.0
curr_td_f20_g1_lr5.5e-5_a4_20260613T090652Z,50,209715200,code,forget,0.7318897,2.079006,-0.04398
curr_td_f20_g1_lr5.5e-5_a4_20260613T090652Z,75,314572800,code,forget,0.7090608,2.032082,-0.06681
curr_td_f20_g1_lr5.5e-5_a4_20260613T090652Z,100,419430400,code,forget,0.6955759,2.004863,-0.0803
curr_td_f20_g1_lr5.5e-5_a4_20260613T090652Z,125,524288000,code,forget,0.6856862,1.985134,-0.09019
curr_td_f20_g1_lr5.5e-5_a4_20260613T090652Z,150,629145600,code,forget,0.6805837,1.97503,-0.09529
curr_td_f20_g1_lr5.5e-5_a4_20260613T090652Z,175,734003200,code,forget,0.6777228,1.969388,-0.09815
curr_td_f20_g1_lr5.5e-5_a4_20260613T090652Z,200,838860800,code,forget,0.6770596,1.968082,-0.09881
curr_td_f20_g1_lr5.5e-5_a4_20260613T090652Z,225,943718400,code,forget,0.6717943,1.957747,-0.10408
curr_td_f20_g1_lr5.5e-5_a4_20260613T090652Z,250,1048576000,code,forget,0.669664,1.953581,-0.10621
curr_td_f20_g1_lr5.5e-5_a4_20260613T090652Z,275,1153433600,code,forget,0.6692603,1.952792,-0.10661
curr_td_f20_g1_lr5.5e-5_a4_20260613T090652Z,300,1258291200,code,forget,0.6690067,1.952297,-0.10687
curr_td_f20_g1_lr5.5e-5_a4_20260613T090652Z,325,1363148800,code,forget,0.667215,1.948802,-0.10866
curr_td_f20_g1_lr5.5e-5_a4_20260613T090652Z,350,1468006400,code,forget,0.6669188,1.948225,-0.10896
curr_td_f20_g1_lr5.5e-5_a4_20260613T090652Z,375,1572864000,code,forget,0.670988,1.956169,-0.10489
curr_td_f20_g1_lr5.5e-5_a4_20260613T090652Z,400,1677721600,code,forget,0.6656456,1.945746,-0.11023
curr_td_f20_g1_lr5.5e-5_a4_20260613T090652Z,425,1782579200,code,forget,0.6672654,1.9489,-0.10861
curr_td_f20_g1_lr5.5e-5_a4_20260613T090652Z,450,1887436800,code,forget,0.6658126,1.946071,-0.11006
curr_td_f20_g1_lr5.5e-5_a4_20260613T090652Z,475,1992294400,code,forget,0.6654518,1.945369,-0.11042
curr_td_f20_g1_lr5.5e-5_a4_20260613T090652Z,500,2097152000,code,forget,0.665416,1.9453,-0.11046
curr_td_f20_g1_lr5.5e-5_a4_20260613T090652Z,525,2202009600,code,forget,0.6673958,1.949155,-0.10848
curr_td_f20_g1_lr5.5e-5_a4_20260613T090652Z,550,2306867200,code,forget,0.6672335,1.948838,-0.10864
curr_td_f20_g1_lr5.5e-5_a4_20260613T090652Z,575,2411724800,code,forget,0.6636801,1.941926,-0.11219
curr_td_f20_g1_lr5.5e-5_a4_20260613T090652Z,600,2516582400,code,forget,0.6661331,1.946695,-0.10974
curr_td_f20_g1_lr5.5e-5_a4_20260613T090652Z,625,2621440000,code,forget,0.6642803,1.943092,-0.11159
curr_td_f20_g1_lr5.5e-5_a4_20260613T090652Z,650,2726297600,code,forget,0.6645436,1.943603,-0.11133
curr_td_f20_g1_lr5.5e-5_a4_20260613T090652Z,675,2831155200,code,forget,0.6650914,1.944668,-0.11078
curr_td_f20_g1_lr5.5e-5_a4_20260613T090652Z,700,2936012800,code,forget,0.6651355,1.944754,-0.11074
curr_td_f20_g1_lr5.5e-5_a4_20260613T090652Z,725,3040870400,code,forget,0.6641225,1.942785,-0.11175
curr_td_f20_g1_lr5.5e-5_a4_20260613T090652Z,750,3145728000,code,forget,0.6644242,1.943371,-0.11145
curr_td_f20_g1_lr5.5e-5_a4_20260613T090652Z,775,3250585600,code,forget,0.6636966,1.941958,-0.11218
curr_td_f20_g1_lr5.5e-5_a4_20260613T090652Z,800,3355443200,code,forget,0.6656176,1.945692,-0.11026
curr_td_f20_g1_lr5.5e-5_a4_20260613T090652Z,825,3460300800,code,forget,0.6652508,1.944978,-0.11062
curr_td_f20_g1_lr5.5e-5_a4_20260613T090652Z,850,3565158400,code,forget,0.6658232,1.946092,-0.11005
curr_td_f20_g1_lr5.5e-5_a4_20260613T090652Z,875,3670016000,code,forget,0.6649359,1.944366,-0.11094
curr_td_f20_g1_lr5.5e-5_a4_20260613T090652Z,900,3774873600,code,forget,0.665989,1.946415,-0.10988
curr_td_f20_g1_lr5.5e-5_a4_20260613T090652Z,925,3879731200,code,forget,0.6650531,1.944594,-0.11082
curr_td_f20_g1_lr5.5e-5_a4_20260613T090652Z,950,3984588800,code,forget,0.6651595,1.944801,-0.11071
curr_td_f20_g1_lr5.5e-5_a4_20260613T090652Z,975,4089446400,code,forget,0.6665943,1.947593,-0.10928
curr_td_f20_g1_lr5.5e-5_a4_20260613T090652Z,1000,4194304000,code,forget,0.6670306,1.948443,-0.10884
curr_td_f20_g1_lr5.5e-5_a4_20260613T090652Z,1025,4299161600,code,forget,0.6685559,1.951417,-0.10732
curr_td_f20_g1_lr5.5e-5_a4_20260613T090652Z,1050,4404019200,code,forget,0.6677273,1.949801,-0.10815
curr_td_f20_g1_lr5.5e-5_a4_20260613T090652Z,1075,4508876800,code,forget,0.667201,1.948775,-0.10867
curr_td_f20_g1_lr5.5e-5_a4_20260613T090652Z,1100,4613734400,code,forget,0.6675656,1.949486,-0.10831
curr_td_f20_g1_lr5.5e-5_a4_20260613T090652Z,1125,4718592000,code,forget,0.6689131,1.952114,-0.10696
curr_td_f20_g1_lr5.5e-5_a4_20260613T090652Z,1150,4823449600,code,forget,0.6687326,1.951762,-0.10714
curr_td_f20_g1_lr5.5e-5_a4_20260613T090652Z,1175,4928307200,code,forget,0.6685503,1.951406,-0.10732
curr_td_f20_g1_lr5.5e-5_a4_20260613T090652Z,1200,5033164800,code,forget,0.6686872,1.951674,-0.10719
curr_td_f20_g1_lr5.5e-5_a4_20260613T090652Z,1225,5138022400,code,forget,0.6687258,1.951749,-0.10715
curr_td_f20_g1_lr5.5e-5_a4_20260613T090652Z,1250,5242880000,code,forget,0.669445,1.953153,-0.10643
curr_td_f20_g1_lr5.5e-5_a4_20260613T090652Z,1275,5347737600,code,forget,0.6695628,1.953383,-0.10631
curr_td_f20_g1_lr5.5e-5_a4_20260613T090652Z,1300,5452595200,code,forget,0.6698927,1.954028,-0.10598
curr_td_f20_g1_lr5.5e-5_a4_20260613T090652Z,1325,5557452800,code,forget,0.6701501,1.954531,-0.10572
curr_td_f20_g1_lr5.5e-5_a4_20260613T090652Z,1350,5662310400,code,forget,0.6699812,1.954201,-0.10589
curr_td_f20_g1_lr5.5e-5_a4_20260613T090652Z,1375,5767168000,code,forget,0.6715236,1.957217,-0.10435
curr_td_f20_g1_lr5.5e-5_a4_20260613T090652Z,1400,5872025600,code,forget,0.6734661,1.961023,-0.10241
curr_td_f20_g1_lr5.5e-5_a4_20260613T090652Z,1425,5976883200,code,forget,0.6717559,1.957672,-0.10412
curr_td_f20_g1_lr5.5e-5_a4_20260613T090652Z,1450,6081740800,code,forget,0.6718348,1.957826,-0.10404
curr_td_f20_g1_lr5.5e-5_a4_20260613T090652Z,1475,6186598400,code,forget,0.6710508,1.956292,-0.10482
curr_td_f20_g1_lr5.5e-5_a4_20260613T090652Z,1500,6291456000,code,forget,0.672296,1.958729,-0.10358
curr_td_f20_g1_lr5.5e-5_a4_20260613T090652Z,1525,6396313600,code,forget,0.6721599,1.958463,-0.10371
curr_td_f20_g1_lr5.5e-5_a4_20260613T090652Z,1550,6501171200,code,forget,0.6737991,1.961676,-0.10207
curr_td_f20_g1_lr5.5e-5_a4_20260613T090652Z,1575,6606028800,code,forget,0.6735882,1.961262,-0.10229
curr_td_f20_g1_lr5.5e-5_a4_20260613T090652Z,1600,6710886400,code,forget,0.6732565,1.960612,-0.10262
curr_td_f20_g1_lr5.5e-5_a4_20260613T090652Z,1625,6815744000,code,forget,0.6737591,1.961597,-0.10211
curr_td_f20_g1_lr5.5e-5_a4_20260613T090652Z,1650,6920601600,code,forget,0.674656,1.963358,-0.10122
curr_td_f20_g1_lr5.5e-5_a4_20260613T090652Z,1675,7025459200,code,forget,0.6751583,1.964344,-0.10072
curr_td_f20_g1_lr5.5e-5_a4_20260613T090652Z,1700,7130316800,code,forget,0.6755087,1.965032,-0.10037
curr_td_f20_g1_lr5.5e-5_a4_20260613T090652Z,1725,7235174400,code,forget,0.6763006,1.966589,-0.09957
curr_td_f20_g1_lr5.5e-5_a4_20260613T090652Z,1750,7340032000,code,forget,0.6769502,1.967867,-0.09892
curr_td_f20_g1_lr5.5e-5_a4_20260613T090652Z,1775,7444889600,code,forget,0.6780124,1.969958,-0.09786
curr_td_f20_g1_lr5.5e-5_a4_20260613T090652Z,1800,7549747200,code,forget,0.6779357,1.969807,-0.09794
curr_td_f20_g1_lr5.5e-5_a4_20260613T090652Z,1825,7654604800,code,forget,0.6794787,1.972849,-0.0964
curr_td_f20_g1_lr5.5e-5_a4_20260613T090652Z,1850,7759462400,code,forget,0.6791794,1.972259,-0.09669
curr_td_f20_g1_lr5.5e-5_a4_20260613T090652Z,1875,7864320000,code,forget,0.679019,1.971942,-0.09685
curr_td_f20_g1_lr5.5e-5_a4_20260613T090652Z,1900,7969177600,code,forget,0.6788385,1.971586,-0.09704
curr_td_f20_g1_lr5.5e-5_a4_20260613T090652Z,1925,8074035200,code,forget,0.6807595,1.975378,-0.09511
curr_td_f20_g1_lr5.5e-5_a4_20260613T090652Z,1950,8178892800,code,forget,0.680335,1.974539,-0.09554
curr_td_f20_g1_lr5.5e-5_a4_20260613T090652Z,1975,8283750400,code,forget,0.6813639,1.976572,-0.09451
curr_td_f20_g1_lr5.5e-5_a4_20260613T090652Z,2000,8388608000,code,forget,0.6820478,1.977924,-0.09383
curr_td_f20_g1_lr5.5e-5_a4_20260613T090652Z,2025,8493465600,code,forget,0.6824346,1.978689,-0.09344
curr_td_f20_g1_lr5.5e-5_a4_20260613T090652Z,2050,8598323200,code,forget,0.6833329,1.980467,-0.09254
curr_td_f20_g1_lr5.5e-5_a4_20260613T090652Z,2075,8703180800,code,forget,0.6837434,1.981281,-0.09213
curr_td_f20_g1_lr5.5e-5_a4_20260613T090652Z,2100,8808038400,code,forget,0.6832981,1.980398,-0.09258
curr_td_f20_g1_lr5.5e-5_a4_20260613T090652Z,2125,8912896000,code,forget,0.6838423,1.981477,-0.09203
curr_td_f20_g1_lr5.5e-5_a4_20260613T090652Z,2150,9017753600,code,forget,0.6843289,1.982441,-0.09154
curr_td_f20_g1_lr5.5e-5_a4_20260613T090652Z,2175,9122611200,code,forget,0.6846098,1.982998,-0.09126
curr_td_f20_g1_lr5.5e-5_a4_20260613T090652Z,2200,9227468800,code,forget,0.6868589,1.987463,-0.08901
curr_td_f20_g1_lr5.5e-5_a4_20260613T090652Z,2225,9332326400,code,forget,0.68783,1.989394,-0.08804
curr_td_f20_g1_lr5.5e-5_a4_20260613T090652Z,2250,9437184000,code,forget,0.6881009,1.989933,-0.08777
curr_td_f20_g1_lr5.5e-5_a4_20260613T090652Z,2275,9542041600,code,forget,0.6947137,2.003136,-0.08116
curr_td_f20_g1_lr5.5e-5_a4_20260613T090652Z,2300,9646899200,code,forget,0.6922557,1.998218,-0.08362
curr_td_f20_g1_lr5.5e-5_a4_20260613T090652Z,2325,9751756800,code,forget,0.6919526,1.997612,-0.08392
curr_td_f20_g1_lr5.5e-5_a4_20260613T090652Z,2350,9856614400,code,forget,0.6920454,1.997798,-0.08383
curr_td_f20_g1_lr5.5e-5_a4_20260613T090652Z,2375,9961472000,code,forget,0.6934139,2.000533,-0.08246
curr_td_f20_g1_lr5.5e-5_a4_20260613T090652Z,2400,10066329600,code,forget,0.6933533,2.000412,-0.08252
curr_td_f20_g1_lr5.5e-5_a4_20260613T090652Z,2425,10171187200,code,forget,0.69458,2.002868,-0.08129
curr_td_f20_g1_lr5.5e-5_a4_20260613T090652Z,2450,10276044800,code,forget,0.6940354,2.001777,-0.08184
curr_td_f20_g1_lr5.5e-5_a4_20260613T090652Z,2475,10380902400,code,forget,0.6946707,2.003049,-0.0812
curr_td_f20_g1_lr5.5e-5_a4_20260613T090652Z,2500,10485760000,code,forget,0.6958013,2.005315,-0.08007
curr_td_f20_g1_lr5.5e-5_a4_20260613T090652Z,2525,10590617600,code,forget,0.6967193,2.007157,-0.07915
curr_td_f20_g1_lr5.5e-5_a4_20260613T090652Z,2550,10695475200,code,forget,0.6964167,2.00655,-0.07946
curr_td_f20_g1_lr5.5e-5_a4_20260613T090652Z,2575,10800332800,code,forget,0.6978692,2.009466,-0.078
curr_td_f20_g1_lr5.5e-5_a4_20260613T090652Z,2600,10905190400,code,forget,0.6983289,2.01039,-0.07754
curr_td_f20_g1_lr5.5e-5_a4_20260613T090652Z,2625,11010048000,code,forget,0.698902,2.011543,-0.07697
curr_td_f20_g1_lr5.5e-5_a4_20260613T090652Z,2650,11114905600,code,forget,0.6979718,2.009672,-0.0779
curr_td_f20_g1_lr5.5e-5_a4_20260613T090652Z,2675,11219763200,code,forget,0.697953,2.009635,-0.07792
curr_td_f20_g1_lr5.5e-5_a4_20260613T090652Z,2700,11324620800,code,forget,0.6984688,2.010672,-0.07741
curr_td_f20_g1_lr5.5e-5_a4_20260613T090652Z,2725,11429478400,code,forget,0.6986474,2.011031,-0.07723
curr_td_f20_g1_lr5.5e-5_a4_20260613T090652Z,2750,11534336000,code,forget,0.6990445,2.011829,-0.07683
curr_td_f20_g1_lr5.5e-5_a4_20260613T090652Z,2775,11639193600,code,forget,0.6988185,2.011375,-0.07706
curr_td_f20_g1_lr5.5e-5_a4_20260613T090652Z,2800,11744051200,code,forget,0.6986359,2.011008,-0.07724
curr_td_f20_g1_lr5.5e-5_a4_20260613T090652Z,2825,11848908800,code,forget,0.6994342,2.012614,-0.07644
curr_td_f20_g1_lr5.5e-5_a4_20260613T090652Z,2850,11953766400,code,forget,0.6987607,2.011259,-0.07711
curr_td_f20_g1_lr5.5e-5_a4_20260613T090652Z,2875,12058624000,code,forget,0.6982682,2.010268,-0.07761
curr_td_f20_g1_lr5.5e-5_a4_20260613T090652Z,2900,12163481600,code,forget,0.6979259,2.00958,-0.07795
curr_td_f20_g1_lr5.5e-5_a4_20260613T090652Z,2925,12268339200,code,forget,0.6980341,2.009798,-0.07784
curr_td_f20_g1_lr5.5e-5_a4_20260613T090652Z,2950,12373196800,code,forget,0.6974424,2.008609,-0.07843
curr_td_f20_g1_lr5.5e-5_a4_20260613T090652Z,2975,12478054400,code,forget,0.6973138,2.008351,-0.07856
curr_td_f20_g1_lr5.5e-5_a4_20260613T090652Z,3000,12582912000,code,forget,0.6976413,2.009008,-0.07823
curr_td_f20_g1_lr5.5e-5_a4_20260613T090652Z,3025,12687769600,code,forget,0.6970391,2.007799,-0.07883
curr_td_f20_g1_lr5.5e-5_a4_20260613T090652Z,3050,12792627200,code,forget,0.6976777,2.009082,-0.0782
curr_td_f20_g1_lr5.5e-5_a4_20260613T090652Z,3075,12897484800,code,forget,0.6968393,2.007398,-0.07903
curr_td_f20_g1_lr5.5e-5_a4_20260613T090652Z,3100,13002342400,code,forget,0.6978946,2.009517,-0.07798
curr_td_f20_g1_lr5.5e-5_a4_20260613T090652Z,3125,13107200000,code,forget,0.69665,2.007018,-0.07922
curr_td_f20_g1_lr5.5e-5_a4_20260613T090652Z,3150,13212057600,code,forget,0.6968403,2.0074,-0.07903
curr_td_f20_g1_lr5.5e-5_a4_20260613T090652Z,3175,13316915200,code,forget,0.6967693,2.007257,-0.0791
curr_td_f20_g1_lr5.5e-5_a4_20260613T090652Z,3200,13421772800,code,forget,0.6967808,2.00728,-0.07909
curr_td_f20_g1_lr5.5e-5_a4_20260613T090652Z,25,104857600,de,forget,1.950433,7.031728,0.0
curr_td_f20_g1_lr5.5e-5_a4_20260613T090652Z,50,209715200,de,forget,1.914313,6.782277,-0.03612
curr_td_f20_g1_lr5.5e-5_a4_20260613T090652Z,75,314572800,de,forget,1.881716,6.564761,-0.06872
curr_td_f20_g1_lr5.5e-5_a4_20260613T090652Z,100,419430400,de,forget,1.868703,6.479885,-0.08173
curr_td_f20_g1_lr5.5e-5_a4_20260613T090652Z,125,524288000,de,forget,1.861634,6.434244,-0.0888
curr_td_f20_g1_lr5.5e-5_a4_20260613T090652Z,150,629145600,de,forget,1.859306,6.419282,-0.09113
curr_td_f20_g1_lr5.5e-5_a4_20260613T090652Z,175,734003200,de,forget,1.856623,6.40208,-0.09381
curr_td_f20_g1_lr5.5e-5_a4_20260613T090652Z,200,838860800,de,forget,1.859907,6.423139,-0.09053
curr_td_f20_g1_lr5.5e-5_a4_20260613T090652Z,225,943718400,de,forget,1.857594,6.408298,-0.09284
curr_td_f20_g1_lr5.5e-5_a4_20260613T090652Z,250,1048576000,de,forget,1.855374,6.394089,-0.09506
curr_td_f20_g1_lr5.5e-5_a4_20260613T090652Z,275,1153433600,de,forget,1.857184,6.405675,-0.09325
curr_td_f20_g1_lr5.5e-5_a4_20260613T090652Z,300,1258291200,de,forget,1.85606,6.39848,-0.09437
curr_td_f20_g1_lr5.5e-5_a4_20260613T090652Z,325,1363148800,de,forget,1.856304,6.400036,-0.09413
curr_td_f20_g1_lr5.5e-5_a4_20260613T090652Z,350,1468006400,de,forget,1.858056,6.411259,-0.09238
curr_td_f20_g1_lr5.5e-5_a4_20260613T090652Z,375,1572864000,de,forget,1.866205,6.463722,-0.08423
curr_td_f20_g1_lr5.5e-5_a4_20260613T090652Z,400,1677721600,de,forget,1.85783,6.40981,-0.0926
curr_td_f20_g1_lr5.5e-5_a4_20260613T090652Z,425,1782579200,de,forget,1.863019,6.443162,-0.08741
curr_td_f20_g1_lr5.5e-5_a4_20260613T090652Z,450,1887436800,de,forget,1.859776,6.422296,-0.09066
curr_td_f20_g1_lr5.5e-5_a4_20260613T090652Z,475,1992294400,de,forget,1.860266,6.425449,-0.09017
curr_td_f20_g1_lr5.5e-5_a4_20260613T090652Z,500,2097152000,de,forget,1.859881,6.422974,-0.09055
curr_td_f20_g1_lr5.5e-5_a4_20260613T090652Z,525,2202009600,de,forget,1.862924,6.442544,-0.08751
curr_td_f20_g1_lr5.5e-5_a4_20260613T090652Z,550,2306867200,de,forget,1.862849,6.442062,-0.08758
curr_td_f20_g1_lr5.5e-5_a4_20260613T090652Z,575,2411724800,de,forget,1.861967,6.436385,-0.08847
curr_td_f20_g1_lr5.5e-5_a4_20260613T090652Z,600,2516582400,de,forget,1.865217,6.457334,-0.08522
curr_td_f20_g1_lr5.5e-5_a4_20260613T090652Z,625,2621440000,de,forget,1.861987,6.436513,-0.08845
curr_td_f20_g1_lr5.5e-5_a4_20260613T090652Z,650,2726297600,de,forget,1.863035,6.443264,-0.0874
curr_td_f20_g1_lr5.5e-5_a4_20260613T090652Z,675,2831155200,de,forget,1.863536,6.446493,-0.0869
curr_td_f20_g1_lr5.5e-5_a4_20260613T090652Z,700,2936012800,de,forget,1.864574,6.453184,-0.08586
curr_td_f20_g1_lr5.5e-5_a4_20260613T090652Z,725,3040870400,de,forget,1.863482,6.44614,-0.08695
curr_td_f20_g1_lr5.5e-5_a4_20260613T090652Z,750,3145728000,de,forget,1.865704,6.460484,-0.08473
curr_td_f20_g1_lr5.5e-5_a4_20260613T090652Z,775,3250585600,de,forget,1.864133,6.45034,-0.0863
curr_td_f20_g1_lr5.5e-5_a4_20260613T090652Z,800,3355443200,de,forget,1.868741,6.480131,-0.08169
curr_td_f20_g1_lr5.5e-5_a4_20260613T090652Z,825,3460300800,de,forget,1.867438,6.471695,-0.083
curr_td_f20_g1_lr5.5e-5_a4_20260613T090652Z,850,3565158400,de,forget,1.868301,6.47728,-0.08213
curr_td_f20_g1_lr5.5e-5_a4_20260613T090652Z,875,3670016000,de,forget,1.865907,6.461793,-0.08453
curr_td_f20_g1_lr5.5e-5_a4_20260613T090652Z,900,3774873600,de,forget,1.869645,6.485994,-0.08079
curr_td_f20_g1_lr5.5e-5_a4_20260613T090652Z,925,3879731200,de,forget,1.867562,6.472498,-0.08287
curr_td_f20_g1_lr5.5e-5_a4_20260613T090652Z,950,3984588800,de,forget,1.868059,6.475714,-0.08237
curr_td_f20_g1_lr5.5e-5_a4_20260613T090652Z,975,4089446400,de,forget,1.86884,6.480777,-0.08159
curr_td_f20_g1_lr5.5e-5_a4_20260613T090652Z,1000,4194304000,de,forget,1.869646,6.486,-0.08079
curr_td_f20_g1_lr5.5e-5_a4_20260613T090652Z,1025,4299161600,de,forget,1.870759,6.493226,-0.07967
curr_td_f20_g1_lr5.5e-5_a4_20260613T090652Z,1050,4404019200,de,forget,1.871073,6.49526,-0.07936
curr_td_f20_g1_lr5.5e-5_a4_20260613T090652Z,1075,4508876800,de,forget,1.870734,6.49306,-0.0797
curr_td_f20_g1_lr5.5e-5_a4_20260613T090652Z,1100,4613734400,de,forget,1.870762,6.493245,-0.07967
curr_td_f20_g1_lr5.5e-5_a4_20260613T090652Z,1125,4718592000,de,forget,1.874076,6.514795,-0.07636
curr_td_f20_g1_lr5.5e-5_a4_20260613T090652Z,1150,4823449600,de,forget,1.873461,6.510788,-0.07697
curr_td_f20_g1_lr5.5e-5_a4_20260613T090652Z,1175,4928307200,de,forget,1.873889,6.513577,-0.07654
curr_td_f20_g1_lr5.5e-5_a4_20260613T090652Z,1200,5033164800,de,forget,1.87466,6.518605,-0.07577
curr_td_f20_g1_lr5.5e-5_a4_20260613T090652Z,1225,5138022400,de,forget,1.874431,6.517108,-0.076
curr_td_f20_g1_lr5.5e-5_a4_20260613T090652Z,1250,5242880000,de,forget,1.8743,6.516256,-0.07613
curr_td_f20_g1_lr5.5e-5_a4_20260613T090652Z,1275,5347737600,de,forget,1.876454,6.530306,-0.07398
curr_td_f20_g1_lr5.5e-5_a4_20260613T090652Z,1300,5452595200,de,forget,1.876908,6.53327,-0.07353
curr_td_f20_g1_lr5.5e-5_a4_20260613T090652Z,1325,5557452800,de,forget,1.877024,6.534029,-0.07341
curr_td_f20_g1_lr5.5e-5_a4_20260613T090652Z,1350,5662310400,de,forget,1.875946,6.526988,-0.07449
curr_td_f20_g1_lr5.5e-5_a4_20260613T090652Z,1375,5767168000,de,forget,1.879024,6.547109,-0.07141
curr_td_f20_g1_lr5.5e-5_a4_20260613T090652Z,1400,5872025600,de,forget,1.881033,6.560276,-0.0694
curr_td_f20_g1_lr5.5e-5_a4_20260613T090652Z,1425,5976883200,de,forget,1.878976,6.546794,-0.07146
curr_td_f20_g1_lr5.5e-5_a4_20260613T090652Z,1450,6081740800,de,forget,1.878791,6.545589,-0.07164
curr_td_f20_g1_lr5.5e-5_a4_20260613T090652Z,1475,6186598400,de,forget,1.878115,6.541166,-0.07232
curr_td_f20_g1_lr5.5e-5_a4_20260613T090652Z,1500,6291456000,de,forget,1.878969,6.546752,-0.07146
curr_td_f20_g1_lr5.5e-5_a4_20260613T090652Z,1525,6396313600,de,forget,1.879674,6.551366,-0.07076
curr_td_f20_g1_lr5.5e-5_a4_20260613T090652Z,1550,6501171200,de,forget,1.882118,6.567402,-0.06832
curr_td_f20_g1_lr5.5e-5_a4_20260613T090652Z,1575,6606028800,de,forget,1.882133,6.567501,-0.0683
curr_td_f20_g1_lr5.5e-5_a4_20260613T090652Z,1600,6710886400,de,forget,1.881093,6.560669,-0.06934
curr_td_f20_g1_lr5.5e-5_a4_20260613T090652Z,1625,6815744000,de,forget,1.882774,6.57171,-0.06766
curr_td_f20_g1_lr5.5e-5_a4_20260613T090652Z,1650,6920601600,de,forget,1.884439,6.582664,-0.06599
curr_td_f20_g1_lr5.5e-5_a4_20260613T090652Z,1675,7025459200,de,forget,1.883995,6.57974,-0.06644
curr_td_f20_g1_lr5.5e-5_a4_20260613T090652Z,1700,7130316800,de,forget,1.884034,6.579998,-0.0664
curr_td_f20_g1_lr5.5e-5_a4_20260613T090652Z,1725,7235174400,de,forget,1.885208,6.587721,-0.06523
curr_td_f20_g1_lr5.5e-5_a4_20260613T090652Z,1750,7340032000,de,forget,1.884876,6.585539,-0.06556
curr_td_f20_g1_lr5.5e-5_a4_20260613T090652Z,1775,7444889600,de,forget,1.886403,6.595603,-0.06403
curr_td_f20_g1_lr5.5e-5_a4_20260613T090652Z,1800,7549747200,de,forget,1.886976,6.599379,-0.06346
curr_td_f20_g1_lr5.5e-5_a4_20260613T090652Z,1825,7654604800,de,forget,1.889779,6.617909,-0.06065
curr_td_f20_g1_lr5.5e-5_a4_20260613T090652Z,1850,7759462400,de,forget,1.888985,6.612656,-0.06145
curr_td_f20_g1_lr5.5e-5_a4_20260613T090652Z,1875,7864320000,de,forget,1.889225,6.614241,-0.06121
curr_td_f20_g1_lr5.5e-5_a4_20260613T090652Z,1900,7969177600,de,forget,1.888221,6.607603,-0.06221
curr_td_f20_g1_lr5.5e-5_a4_20260613T090652Z,1925,8074035200,de,forget,1.890813,6.624756,-0.05962
curr_td_f20_g1_lr5.5e-5_a4_20260613T090652Z,1950,8178892800,de,forget,1.889823,6.618198,-0.06061
curr_td_f20_g1_lr5.5e-5_a4_20260613T090652Z,1975,8283750400,de,forget,1.89161,6.630035,-0.05882
curr_td_f20_g1_lr5.5e-5_a4_20260613T090652Z,2000,8388608000,de,forget,1.893051,6.639593,-0.05738
curr_td_f20_g1_lr5.5e-5_a4_20260613T090652Z,2025,8493465600,de,forget,1.892951,6.638931,-0.05748
curr_td_f20_g1_lr5.5e-5_a4_20260613T090652Z,2050,8598323200,de,forget,1.894226,6.6474,-0.05621
curr_td_f20_g1_lr5.5e-5_a4_20260613T090652Z,2075,8703180800,de,forget,1.894688,6.650476,-0.05575
curr_td_f20_g1_lr5.5e-5_a4_20260613T090652Z,2100,8808038400,de,forget,1.893944,6.645524,-0.05649
curr_td_f20_g1_lr5.5e-5_a4_20260613T090652Z,2125,8912896000,de,forget,1.894814,6.651314,-0.05562
curr_td_f20_g1_lr5.5e-5_a4_20260613T090652Z,2150,9017753600,de,forget,1.895481,6.655752,-0.05495
curr_td_f20_g1_lr5.5e-5_a4_20260613T090652Z,2175,9122611200,de,forget,1.895592,6.656485,-0.05484
curr_td_f20_g1_lr5.5e-5_a4_20260613T090652Z,2200,9227468800,de,forget,1.897491,6.669138,-0.05294
curr_td_f20_g1_lr5.5e-5_a4_20260613T090652Z,2225,9332326400,de,forget,1.899459,6.682281,-0.05097
curr_td_f20_g1_lr5.5e-5_a4_20260613T090652Z,2250,9437184000,de,forget,1.899984,6.685784,-0.05045
curr_td_f20_g1_lr5.5e-5_a4_20260613T090652Z,2275,9542041600,de,forget,1.902827,6.704821,-0.04761
curr_td_f20_g1_lr5.5e-5_a4_20260613T090652Z,2300,9646899200,de,forget,1.901823,6.698093,-0.04861
curr_td_f20_g1_lr5.5e-5_a4_20260613T090652Z,2325,9751756800,de,forget,1.902527,6.702809,-0.04791
curr_td_f20_g1_lr5.5e-5_a4_20260613T090652Z,2350,9856614400,de,forget,1.902714,6.704067,-0.04772
curr_td_f20_g1_lr5.5e-5_a4_20260613T090652Z,2375,9961472000,de,forget,1.904721,6.717535,-0.04571
curr_td_f20_g1_lr5.5e-5_a4_20260613T090652Z,2400,10066329600,de,forget,1.904059,6.71309,-0.04637
curr_td_f20_g1_lr5.5e-5_a4_20260613T090652Z,2425,10171187200,de,forget,1.905951,6.725803,-0.04448
curr_td_f20_g1_lr5.5e-5_a4_20260613T090652Z,2450,10276044800,de,forget,1.904964,6.719164,-0.04547
curr_td_f20_g1_lr5.5e-5_a4_20260613T090652Z,2475,10380902400,de,forget,1.905069,6.719874,-0.04536
curr_td_f20_g1_lr5.5e-5_a4_20260613T090652Z,2500,10485760000,de,forget,1.906906,6.732228,-0.04353
curr_td_f20_g1_lr5.5e-5_a4_20260613T090652Z,2525,10590617600,de,forget,1.908994,6.746302,-0.04144
curr_td_f20_g1_lr5.5e-5_a4_20260613T090652Z,2550,10695475200,de,forget,1.908734,6.744542,-0.0417
curr_td_f20_g1_lr5.5e-5_a4_20260613T090652Z,2575,10800332800,de,forget,1.910436,6.756033,-0.04
curr_td_f20_g1_lr5.5e-5_a4_20260613T090652Z,2600,10905190400,de,forget,1.910756,6.758196,-0.03968
curr_td_f20_g1_lr5.5e-5_a4_20260613T090652Z,2625,11010048000,de,forget,1.911145,6.760824,-0.03929
curr_td_f20_g1_lr5.5e-5_a4_20260613T090652Z,2650,11114905600,de,forget,1.909957,6.752796,-0.04048
curr_td_f20_g1_lr5.5e-5_a4_20260613T090652Z,2675,11219763200,de,forget,1.909462,6.749459,-0.04097
curr_td_f20_g1_lr5.5e-5_a4_20260613T090652Z,2700,11324620800,de,forget,1.90988,6.752281,-0.04055
curr_td_f20_g1_lr5.5e-5_a4_20260613T090652Z,2725,11429478400,de,forget,1.909935,6.752651,-0.0405
curr_td_f20_g1_lr5.5e-5_a4_20260613T090652Z,2750,11534336000,de,forget,1.910686,6.757725,-0.03975
curr_td_f20_g1_lr5.5e-5_a4_20260613T090652Z,2775,11639193600,de,forget,1.910003,6.753106,-0.04043
curr_td_f20_g1_lr5.5e-5_a4_20260613T090652Z,2800,11744051200,de,forget,1.909464,6.749468,-0.04097
curr_td_f20_g1_lr5.5e-5_a4_20260613T090652Z,2825,11848908800,de,forget,1.910409,6.755851,-0.04002
curr_td_f20_g1_lr5.5e-5_a4_20260613T090652Z,2850,11953766400,de,forget,1.909664,6.750819,-0.04077
curr_td_f20_g1_lr5.5e-5_a4_20260613T090652Z,2875,12058624000,de,forget,1.908257,6.741331,-0.04218
curr_td_f20_g1_lr5.5e-5_a4_20260613T090652Z,2900,12163481600,de,forget,1.908126,6.740449,-0.04231
curr_td_f20_g1_lr5.5e-5_a4_20260613T090652Z,2925,12268339200,de,forget,1.908049,6.739928,-0.04238
curr_td_f20_g1_lr5.5e-5_a4_20260613T090652Z,2950,12373196800,de,forget,1.907235,6.734443,-0.0432
curr_td_f20_g1_lr5.5e-5_a4_20260613T090652Z,2975,12478054400,de,forget,1.906866,6.731956,-0.04357
curr_td_f20_g1_lr5.5e-5_a4_20260613T090652Z,3000,12582912000,de,forget,1.907401,6.735559,-0.04303
curr_td_f20_g1_lr5.5e-5_a4_20260613T090652Z,3025,12687769600,de,forget,1.906442,6.729104,-0.04399
curr_td_f20_g1_lr5.5e-5_a4_20260613T090652Z,3050,12792627200,de,forget,1.907375,6.735383,-0.04306
curr_td_f20_g1_lr5.5e-5_a4_20260613T090652Z,3075,12897484800,de,forget,1.906345,6.728454,-0.04409
curr_td_f20_g1_lr5.5e-5_a4_20260613T090652Z,3100,13002342400,de,forget,1.907141,6.733807,-0.04329
curr_td_f20_g1_lr5.5e-5_a4_20260613T090652Z,3125,13107200000,de,forget,1.905918,6.725576,-0.04452
curr_td_f20_g1_lr5.5e-5_a4_20260613T090652Z,3150,13212057600,de,forget,1.905944,6.725754,-0.04449
curr_td_f20_g1_lr5.5e-5_a4_20260613T090652Z,3175,13316915200,de,forget,1.906035,6.726369,-0.0444
curr_td_f20_g1_lr5.5e-5_a4_20260613T090652Z,3200,13421772800,de,forget,1.905741,6.724388,-0.04469
curr_td_f20_g1_lr5.5e-5_a4_20260613T090652Z,25,104857600,english,forget,2.066563,7.897631,0.0
curr_td_f20_g1_lr5.5e-5_a4_20260613T090652Z,50,209715200,english,forget,2.019236,7.53257,-0.04733
curr_td_f20_g1_lr5.5e-5_a4_20260613T090652Z,75,314572800,english,forget,1.986095,7.28702,-0.08047
curr_td_f20_g1_lr5.5e-5_a4_20260613T090652Z,100,419430400,english,forget,1.972394,7.187866,-0.09417
curr_td_f20_g1_lr5.5e-5_a4_20260613T090652Z,125,524288000,english,forget,1.964325,7.130096,-0.10224
curr_td_f20_g1_lr5.5e-5_a4_20260613T090652Z,150,629145600,english,forget,1.961239,7.108127,-0.10532
curr_td_f20_g1_lr5.5e-5_a4_20260613T090652Z,175,734003200,english,forget,1.958156,7.086246,-0.10841
curr_td_f20_g1_lr5.5e-5_a4_20260613T090652Z,200,838860800,english,forget,1.961114,7.107241,-0.10545
curr_td_f20_g1_lr5.5e-5_a4_20260613T090652Z,225,943718400,english,forget,1.957231,7.079693,-0.10933
curr_td_f20_g1_lr5.5e-5_a4_20260613T090652Z,250,1048576000,english,forget,1.955164,7.065077,-0.1114
curr_td_f20_g1_lr5.5e-5_a4_20260613T090652Z,275,1153433600,english,forget,1.95596,7.070704,-0.1106
curr_td_f20_g1_lr5.5e-5_a4_20260613T090652Z,300,1258291200,english,forget,1.954964,7.063664,-0.1116
curr_td_f20_g1_lr5.5e-5_a4_20260613T090652Z,325,1363148800,english,forget,1.954672,7.061606,-0.11189
curr_td_f20_g1_lr5.5e-5_a4_20260613T090652Z,350,1468006400,english,forget,1.956252,7.072767,-0.11031
curr_td_f20_g1_lr5.5e-5_a4_20260613T090652Z,375,1572864000,english,forget,1.965401,7.137777,-0.10116
curr_td_f20_g1_lr5.5e-5_a4_20260613T090652Z,400,1677721600,english,forget,1.955514,7.067549,-0.11105
curr_td_f20_g1_lr5.5e-5_a4_20260613T090652Z,425,1782579200,english,forget,1.960683,7.104177,-0.10588
curr_td_f20_g1_lr5.5e-5_a4_20260613T090652Z,450,1887436800,english,forget,1.957304,7.080211,-0.10926
curr_td_f20_g1_lr5.5e-5_a4_20260613T090652Z,475,1992294400,english,forget,1.956806,7.076691,-0.10976
curr_td_f20_g1_lr5.5e-5_a4_20260613T090652Z,500,2097152000,english,forget,1.957659,7.082728,-0.1089
curr_td_f20_g1_lr5.5e-5_a4_20260613T090652Z,525,2202009600,english,forget,1.960244,7.101061,-0.10632
curr_td_f20_g1_lr5.5e-5_a4_20260613T090652Z,550,2306867200,english,forget,1.959081,7.092804,-0.10748
curr_td_f20_g1_lr5.5e-5_a4_20260613T090652Z,575,2411724800,english,forget,1.958098,7.085836,-0.10847
curr_td_f20_g1_lr5.5e-5_a4_20260613T090652Z,600,2516582400,english,forget,1.962248,7.115307,-0.10431
curr_td_f20_g1_lr5.5e-5_a4_20260613T090652Z,625,2621440000,english,forget,1.95885,7.091165,-0.10771
curr_td_f20_g1_lr5.5e-5_a4_20260613T090652Z,650,2726297600,english,forget,1.959641,7.09678,-0.10692
curr_td_f20_g1_lr5.5e-5_a4_20260613T090652Z,675,2831155200,english,forget,1.959936,7.098875,-0.10663
curr_td_f20_g1_lr5.5e-5_a4_20260613T090652Z,700,2936012800,english,forget,1.960931,7.105942,-0.10563
curr_td_f20_g1_lr5.5e-5_a4_20260613T090652Z,725,3040870400,english,forget,1.960147,7.100372,-0.10642
curr_td_f20_g1_lr5.5e-5_a4_20260613T090652Z,750,3145728000,english,forget,1.961648,7.111034,-0.10491
curr_td_f20_g1_lr5.5e-5_a4_20260613T090652Z,775,3250585600,english,forget,1.96084,7.10529,-0.10572
curr_td_f20_g1_lr5.5e-5_a4_20260613T090652Z,800,3355443200,english,forget,1.964804,7.133511,-0.10176
curr_td_f20_g1_lr5.5e-5_a4_20260613T090652Z,825,3460300800,english,forget,1.963591,7.124865,-0.10297
curr_td_f20_g1_lr5.5e-5_a4_20260613T090652Z,850,3565158400,english,forget,1.96494,7.134483,-0.10162
curr_td_f20_g1_lr5.5e-5_a4_20260613T090652Z,875,3670016000,english,forget,1.963199,7.122078,-0.10336
curr_td_f20_g1_lr5.5e-5_a4_20260613T090652Z,900,3774873600,english,forget,1.966112,7.142849,-0.10045
curr_td_f20_g1_lr5.5e-5_a4_20260613T090652Z,925,3879731200,english,forget,1.964666,7.132528,-0.1019
curr_td_f20_g1_lr5.5e-5_a4_20260613T090652Z,950,3984588800,english,forget,1.965067,7.135392,-0.1015
curr_td_f20_g1_lr5.5e-5_a4_20260613T090652Z,975,4089446400,english,forget,1.966193,7.14343,-0.10037
curr_td_f20_g1_lr5.5e-5_a4_20260613T090652Z,1000,4194304000,english,forget,1.966662,7.14678,-0.0999
curr_td_f20_g1_lr5.5e-5_a4_20260613T090652Z,1025,4299161600,english,forget,1.968123,7.157229,-0.09844
curr_td_f20_g1_lr5.5e-5_a4_20260613T090652Z,1050,4404019200,english,forget,1.968215,7.157886,-0.09835
curr_td_f20_g1_lr5.5e-5_a4_20260613T090652Z,1075,4508876800,english,forget,1.968165,7.157529,-0.0984
curr_td_f20_g1_lr5.5e-5_a4_20260613T090652Z,1100,4613734400,english,forget,1.968582,7.160513,-0.09798
curr_td_f20_g1_lr5.5e-5_a4_20260613T090652Z,1125,4718592000,english,forget,1.971688,7.182793,-0.09487
curr_td_f20_g1_lr5.5e-5_a4_20260613T090652Z,1150,4823449600,english,forget,1.971897,7.184295,-0.09467
curr_td_f20_g1_lr5.5e-5_a4_20260613T090652Z,1175,4928307200,english,forget,1.971784,7.18348,-0.09478
curr_td_f20_g1_lr5.5e-5_a4_20260613T090652Z,1200,5033164800,english,forget,1.972632,7.189576,-0.09393
curr_td_f20_g1_lr5.5e-5_a4_20260613T090652Z,1225,5138022400,english,forget,1.972419,7.188044,-0.09414
curr_td_f20_g1_lr5.5e-5_a4_20260613T090652Z,1250,5242880000,english,forget,1.972919,7.191638,-0.09364
curr_td_f20_g1_lr5.5e-5_a4_20260613T090652Z,1275,5347737600,english,forget,1.974991,7.206554,-0.09157
curr_td_f20_g1_lr5.5e-5_a4_20260613T090652Z,1300,5452595200,english,forget,1.975228,7.208263,-0.09133
curr_td_f20_g1_lr5.5e-5_a4_20260613T090652Z,1325,5557452800,english,forget,1.975139,7.207624,-0.09142
curr_td_f20_g1_lr5.5e-5_a4_20260613T090652Z,1350,5662310400,english,forget,1.974669,7.204232,-0.09189
curr_td_f20_g1_lr5.5e-5_a4_20260613T090652Z,1375,5767168000,english,forget,1.977667,7.225867,-0.0889
curr_td_f20_g1_lr5.5e-5_a4_20260613T090652Z,1400,5872025600,english,forget,1.980964,7.249727,-0.0856
curr_td_f20_g1_lr5.5e-5_a4_20260613T090652Z,1425,5976883200,english,forget,1.978816,7.234174,-0.08775
curr_td_f20_g1_lr5.5e-5_a4_20260613T090652Z,1450,6081740800,english,forget,1.978444,7.231482,-0.08812
curr_td_f20_g1_lr5.5e-5_a4_20260613T090652Z,1475,6186598400,english,forget,1.977965,7.228022,-0.0886
curr_td_f20_g1_lr5.5e-5_a4_20260613T090652Z,1500,6291456000,english,forget,1.979556,7.239529,-0.08701
curr_td_f20_g1_lr5.5e-5_a4_20260613T090652Z,1525,6396313600,english,forget,1.979918,7.242153,-0.08664
curr_td_f20_g1_lr5.5e-5_a4_20260613T090652Z,1550,6501171200,english,forget,1.982064,7.257705,-0.0845
curr_td_f20_g1_lr5.5e-5_a4_20260613T090652Z,1575,6606028800,english,forget,1.982305,7.259455,-0.08426
curr_td_f20_g1_lr5.5e-5_a4_20260613T090652Z,1600,6710886400,english,forget,1.981731,7.255294,-0.08483
curr_td_f20_g1_lr5.5e-5_a4_20260613T090652Z,1625,6815744000,english,forget,1.98274,7.262618,-0.08382
curr_td_f20_g1_lr5.5e-5_a4_20260613T090652Z,1650,6920601600,english,forget,1.984857,7.278004,-0.08171
curr_td_f20_g1_lr5.5e-5_a4_20260613T090652Z,1675,7025459200,english,forget,1.984964,7.278786,-0.0816
curr_td_f20_g1_lr5.5e-5_a4_20260613T090652Z,1700,7130316800,english,forget,1.985637,7.283688,-0.08093
curr_td_f20_g1_lr5.5e-5_a4_20260613T090652Z,1725,7235174400,english,forget,1.98614,7.287354,-0.08042
curr_td_f20_g1_lr5.5e-5_a4_20260613T090652Z,1750,7340032000,english,forget,1.986335,7.28877,-0.08023
curr_td_f20_g1_lr5.5e-5_a4_20260613T090652Z,1775,7444889600,english,forget,1.988455,7.304243,-0.07811
curr_td_f20_g1_lr5.5e-5_a4_20260613T090652Z,1800,7549747200,english,forget,1.988281,7.302969,-0.07828
curr_td_f20_g1_lr5.5e-5_a4_20260613T090652Z,1825,7654604800,english,forget,1.991305,7.325086,-0.07526
curr_td_f20_g1_lr5.5e-5_a4_20260613T090652Z,1850,7759462400,english,forget,1.991492,7.32646,-0.07507
curr_td_f20_g1_lr5.5e-5_a4_20260613T090652Z,1875,7864320000,english,forget,1.991565,7.326991,-0.075
curr_td_f20_g1_lr5.5e-5_a4_20260613T090652Z,1900,7969177600,english,forget,1.990405,7.318497,-0.07616
curr_td_f20_g1_lr5.5e-5_a4_20260613T090652Z,1925,8074035200,english,forget,1.992437,7.333382,-0.07413
curr_td_f20_g1_lr5.5e-5_a4_20260613T090652Z,1950,8178892800,english,forget,1.991901,7.329451,-0.07466
curr_td_f20_g1_lr5.5e-5_a4_20260613T090652Z,1975,8283750400,english,forget,1.993969,7.344627,-0.07259
curr_td_f20_g1_lr5.5e-5_a4_20260613T090652Z,2000,8388608000,english,forget,1.996386,7.362402,-0.07018
curr_td_f20_g1_lr5.5e-5_a4_20260613T090652Z,2025,8493465600,english,forget,1.995817,7.358214,-0.07075
curr_td_f20_g1_lr5.5e-5_a4_20260613T090652Z,2050,8598323200,english,forget,1.997191,7.368329,-0.06937
curr_td_f20_g1_lr5.5e-5_a4_20260613T090652Z,2075,8703180800,english,forget,1.998023,7.374463,-0.06854
curr_td_f20_g1_lr5.5e-5_a4_20260613T090652Z,2100,8808038400,english,forget,1.997507,7.370661,-0.06906
curr_td_f20_g1_lr5.5e-5_a4_20260613T090652Z,2125,8912896000,english,forget,1.99841,7.377314,-0.06815
curr_td_f20_g1_lr5.5e-5_a4_20260613T090652Z,2150,9017753600,english,forget,1.999443,7.38494,-0.06712
curr_td_f20_g1_lr5.5e-5_a4_20260613T090652Z,2175,9122611200,english,forget,1.999502,7.385376,-0.06706
curr_td_f20_g1_lr5.5e-5_a4_20260613T090652Z,2200,9227468800,english,forget,2.001565,7.400631,-0.065
curr_td_f20_g1_lr5.5e-5_a4_20260613T090652Z,2225,9332326400,english,forget,2.003418,7.414358,-0.06315
curr_td_f20_g1_lr5.5e-5_a4_20260613T090652Z,2250,9437184000,english,forget,2.004552,7.42277,-0.06201
curr_td_f20_g1_lr5.5e-5_a4_20260613T090652Z,2275,9542041600,english,forget,2.007923,7.447833,-0.05864
curr_td_f20_g1_lr5.5e-5_a4_20260613T090652Z,2300,9646899200,english,forget,2.007235,7.44271,-0.05933
curr_td_f20_g1_lr5.5e-5_a4_20260613T090652Z,2325,9751756800,english,forget,2.007627,7.44563,-0.05894
curr_td_f20_g1_lr5.5e-5_a4_20260613T090652Z,2350,9856614400,english,forget,2.007686,7.446066,-0.05888
curr_td_f20_g1_lr5.5e-5_a4_20260613T090652Z,2375,9961472000,english,forget,2.01017,7.464586,-0.05639
curr_td_f20_g1_lr5.5e-5_a4_20260613T090652Z,2400,10066329600,english,forget,2.009314,7.458201,-0.05725
curr_td_f20_g1_lr5.5e-5_a4_20260613T090652Z,2425,10171187200,english,forget,2.011242,7.472592,-0.05532
curr_td_f20_g1_lr5.5e-5_a4_20260613T090652Z,2450,10276044800,english,forget,2.010145,7.464403,-0.05642
curr_td_f20_g1_lr5.5e-5_a4_20260613T090652Z,2475,10380902400,english,forget,2.010712,7.468634,-0.05585
curr_td_f20_g1_lr5.5e-5_a4_20260613T090652Z,2500,10485760000,english,forget,2.012752,7.483882,-0.05381
curr_td_f20_g1_lr5.5e-5_a4_20260613T090652Z,2525,10590617600,english,forget,2.014701,7.498482,-0.05186
curr_td_f20_g1_lr5.5e-5_a4_20260613T090652Z,2550,10695475200,english,forget,2.014726,7.49867,-0.05184
curr_td_f20_g1_lr5.5e-5_a4_20260613T090652Z,2575,10800332800,english,forget,2.016396,7.511204,-0.05017
curr_td_f20_g1_lr5.5e-5_a4_20260613T090652Z,2600,10905190400,english,forget,2.016763,7.513964,-0.0498
curr_td_f20_g1_lr5.5e-5_a4_20260613T090652Z,2625,11010048000,english,forget,2.017948,7.522871,-0.04861
curr_td_f20_g1_lr5.5e-5_a4_20260613T090652Z,2650,11114905600,english,forget,2.016507,7.512039,-0.05006
curr_td_f20_g1_lr5.5e-5_a4_20260613T090652Z,2675,11219763200,english,forget,2.016026,7.508429,-0.05054
curr_td_f20_g1_lr5.5e-5_a4_20260613T090652Z,2700,11324620800,english,forget,2.016747,7.513844,-0.04982
curr_td_f20_g1_lr5.5e-5_a4_20260613T090652Z,2725,11429478400,english,forget,2.016388,7.511147,-0.05017
curr_td_f20_g1_lr5.5e-5_a4_20260613T090652Z,2750,11534336000,english,forget,2.017731,7.521238,-0.04883
curr_td_f20_g1_lr5.5e-5_a4_20260613T090652Z,2775,11639193600,english,forget,2.017458,7.519185,-0.0491
curr_td_f20_g1_lr5.5e-5_a4_20260613T090652Z,2800,11744051200,english,forget,2.016628,7.512949,-0.04994
curr_td_f20_g1_lr5.5e-5_a4_20260613T090652Z,2825,11848908800,english,forget,2.017752,7.521399,-0.04881
curr_td_f20_g1_lr5.5e-5_a4_20260613T090652Z,2850,11953766400,english,forget,2.016853,7.51464,-0.04971
curr_td_f20_g1_lr5.5e-5_a4_20260613T090652Z,2875,12058624000,english,forget,2.015762,7.506442,-0.0508
curr_td_f20_g1_lr5.5e-5_a4_20260613T090652Z,2900,12163481600,english,forget,2.015947,7.507837,-0.05062
curr_td_f20_g1_lr5.5e-5_a4_20260613T090652Z,2925,12268339200,english,forget,2.016048,7.508592,-0.05051
curr_td_f20_g1_lr5.5e-5_a4_20260613T090652Z,2950,12373196800,english,forget,2.015312,7.503068,-0.05125
curr_td_f20_g1_lr5.5e-5_a4_20260613T090652Z,2975,12478054400,english,forget,2.014964,7.500455,-0.0516
curr_td_f20_g1_lr5.5e-5_a4_20260613T090652Z,3000,12582912000,english,forget,2.015429,7.503946,-0.05113
curr_td_f20_g1_lr5.5e-5_a4_20260613T090652Z,3025,12687769600,english,forget,2.014692,7.498414,-0.05187
curr_td_f20_g1_lr5.5e-5_a4_20260613T090652Z,3050,12792627200,english,forget,2.015682,7.505846,-0.05088
curr_td_f20_g1_lr5.5e-5_a4_20260613T090652Z,3075,12897484800,english,forget,2.014854,7.499632,-0.05171
curr_td_f20_g1_lr5.5e-5_a4_20260613T090652Z,3100,13002342400,english,forget,2.015375,7.503544,-0.05119
curr_td_f20_g1_lr5.5e-5_a4_20260613T090652Z,3125,13107200000,english,forget,2.014349,7.495848,-0.05221
curr_td_f20_g1_lr5.5e-5_a4_20260613T090652Z,3150,13212057600,english,forget,2.014484,7.496857,-0.05208
curr_td_f20_g1_lr5.5e-5_a4_20260613T090652Z,3175,13316915200,english,forget,2.014476,7.4968,-0.05209
curr_td_f20_g1_lr5.5e-5_a4_20260613T090652Z,3200,13421772800,english,forget,2.014352,7.495869,-0.05221
curr_td_f20_g1_lr5.5e-5_a4_20260613T090652Z,25,104857600,greek_phd,adapt,2.974683,19.58342,0.0
curr_td_f20_g1_lr5.5e-5_a4_20260613T090652Z,50,209715200,greek_phd,adapt,2.531917,12.57759,-0.44277
curr_td_f20_g1_lr5.5e-5_a4_20260613T090652Z,75,314572800,greek_phd,adapt,2.277063,9.748007,-0.69762
curr_td_f20_g1_lr5.5e-5_a4_20260613T090652Z,100,419430400,greek_phd,adapt,2.167278,8.734475,-0.80741
curr_td_f20_g1_lr5.5e-5_a4_20260613T090652Z,125,524288000,greek_phd,adapt,2.09574,8.131457,-0.87894
curr_td_f20_g1_lr5.5e-5_a4_20260613T090652Z,150,629145600,greek_phd,adapt,2.067887,7.908096,-0.9068
curr_td_f20_g1_lr5.5e-5_a4_20260613T090652Z,175,734003200,greek_phd,adapt,2.02528,7.578234,-0.9494
curr_td_f20_g1_lr5.5e-5_a4_20260613T090652Z,200,838860800,greek_phd,adapt,2.015559,7.504919,-0.95912
curr_td_f20_g1_lr5.5e-5_a4_20260613T090652Z,225,943718400,greek_phd,adapt,1.991489,7.326438,-0.98319
curr_td_f20_g1_lr5.5e-5_a4_20260613T090652Z,250,1048576000,greek_phd,adapt,1.971424,7.180896,-1.00326
curr_td_f20_g1_lr5.5e-5_a4_20260613T090652Z,275,1153433600,greek_phd,adapt,1.963479,7.124068,-1.0112
curr_td_f20_g1_lr5.5e-5_a4_20260613T090652Z,300,1258291200,greek_phd,adapt,1.943511,6.983227,-1.03117
curr_td_f20_g1_lr5.5e-5_a4_20260613T090652Z,325,1363148800,greek_phd,adapt,1.931814,6.902021,-1.04287
curr_td_f20_g1_lr5.5e-5_a4_20260613T090652Z,350,1468006400,greek_phd,adapt,1.922367,6.837122,-1.05232
curr_td_f20_g1_lr5.5e-5_a4_20260613T090652Z,375,1572864000,greek_phd,adapt,1.923727,6.846425,-1.05096
curr_td_f20_g1_lr5.5e-5_a4_20260613T090652Z,400,1677721600,greek_phd,adapt,1.909689,6.750992,-1.06499
curr_td_f20_g1_lr5.5e-5_a4_20260613T090652Z,425,1782579200,greek_phd,adapt,1.915507,6.790379,-1.05918
curr_td_f20_g1_lr5.5e-5_a4_20260613T090652Z,450,1887436800,greek_phd,adapt,1.89764,6.670135,-1.07704
curr_td_f20_g1_lr5.5e-5_a4_20260613T090652Z,475,1992294400,greek_phd,adapt,1.892716,6.637372,-1.08197
curr_td_f20_g1_lr5.5e-5_a4_20260613T090652Z,500,2097152000,greek_phd,adapt,1.887976,6.605983,-1.08671
curr_td_f20_g1_lr5.5e-5_a4_20260613T090652Z,525,2202009600,greek_phd,adapt,1.886633,6.597117,-1.08805
curr_td_f20_g1_lr5.5e-5_a4_20260613T090652Z,550,2306867200,greek_phd,adapt,1.880423,6.556275,-1.09426
curr_td_f20_g1_lr5.5e-5_a4_20260613T090652Z,575,2411724800,greek_phd,adapt,1.870703,6.492861,-1.10398
curr_td_f20_g1_lr5.5e-5_a4_20260613T090652Z,600,2516582400,greek_phd,adapt,1.87115,6.495762,-1.10353
curr_td_f20_g1_lr5.5e-5_a4_20260613T090652Z,625,2621440000,greek_phd,adapt,1.861851,6.435638,-1.11283
curr_td_f20_g1_lr5.5e-5_a4_20260613T090652Z,650,2726297600,greek_phd,adapt,1.859739,6.422059,-1.11494
curr_td_f20_g1_lr5.5e-5_a4_20260613T090652Z,675,2831155200,greek_phd,adapt,1.856989,6.404425,-1.11769
curr_td_f20_g1_lr5.5e-5_a4_20260613T090652Z,700,2936012800,greek_phd,adapt,1.858486,6.41402,-1.1162
curr_td_f20_g1_lr5.5e-5_a4_20260613T090652Z,725,3040870400,greek_phd,adapt,1.84717,6.34185,-1.12751
curr_td_f20_g1_lr5.5e-5_a4_20260613T090652Z,750,3145728000,greek_phd,adapt,1.855329,6.393802,-1.11935
curr_td_f20_g1_lr5.5e-5_a4_20260613T090652Z,775,3250585600,greek_phd,adapt,1.84273,6.313754,-1.13195
curr_td_f20_g1_lr5.5e-5_a4_20260613T090652Z,800,3355443200,greek_phd,adapt,1.84358,6.31912,-1.1311
curr_td_f20_g1_lr5.5e-5_a4_20260613T090652Z,825,3460300800,greek_phd,adapt,1.836788,6.276349,-1.1379
curr_td_f20_g1_lr5.5e-5_a4_20260613T090652Z,850,3565158400,greek_phd,adapt,1.833927,6.258414,-1.14076
curr_td_f20_g1_lr5.5e-5_a4_20260613T090652Z,875,3670016000,greek_phd,adapt,1.827852,6.220512,-1.14683
curr_td_f20_g1_lr5.5e-5_a4_20260613T090652Z,900,3774873600,greek_phd,adapt,1.83316,6.253615,-1.14152
curr_td_f20_g1_lr5.5e-5_a4_20260613T090652Z,925,3879731200,greek_phd,adapt,1.82226,6.185823,-1.15242
curr_td_f20_g1_lr5.5e-5_a4_20260613T090652Z,950,3984588800,greek_phd,adapt,1.821604,6.181765,-1.15308
curr_td_f20_g1_lr5.5e-5_a4_20260613T090652Z,975,4089446400,greek_phd,adapt,1.819073,6.166137,-1.15561
curr_td_f20_g1_lr5.5e-5_a4_20260613T090652Z,1000,4194304000,greek_phd,adapt,1.818995,6.165657,-1.15569
curr_td_f20_g1_lr5.5e-5_a4_20260613T090652Z,1025,4299161600,greek_phd,adapt,1.816632,6.151104,-1.15805
curr_td_f20_g1_lr5.5e-5_a4_20260613T090652Z,1050,4404019200,greek_phd,adapt,1.814347,6.137065,-1.16034
curr_td_f20_g1_lr5.5e-5_a4_20260613T090652Z,1075,4508876800,greek_phd,adapt,1.811641,6.120485,-1.16304
curr_td_f20_g1_lr5.5e-5_a4_20260613T090652Z,1100,4613734400,greek_phd,adapt,1.8095,6.107393,-1.16518
curr_td_f20_g1_lr5.5e-5_a4_20260613T090652Z,1125,4718592000,greek_phd,adapt,1.813165,6.129818,-1.16152
curr_td_f20_g1_lr5.5e-5_a4_20260613T090652Z,1150,4823449600,greek_phd,adapt,1.807894,6.097592,-1.16679
curr_td_f20_g1_lr5.5e-5_a4_20260613T090652Z,1175,4928307200,greek_phd,adapt,1.806176,6.087128,-1.16851
curr_td_f20_g1_lr5.5e-5_a4_20260613T090652Z,1200,5033164800,greek_phd,adapt,1.805706,6.084264,-1.16898
curr_td_f20_g1_lr5.5e-5_a4_20260613T090652Z,1225,5138022400,greek_phd,adapt,1.803305,6.069674,-1.17138
curr_td_f20_g1_lr5.5e-5_a4_20260613T090652Z,1250,5242880000,greek_phd,adapt,1.7986,6.041184,-1.17608
curr_td_f20_g1_lr5.5e-5_a4_20260613T090652Z,1275,5347737600,greek_phd,adapt,1.800609,6.053334,-1.17407
curr_td_f20_g1_lr5.5e-5_a4_20260613T090652Z,1300,5452595200,greek_phd,adapt,1.79824,6.039007,-1.17644
curr_td_f20_g1_lr5.5e-5_a4_20260613T090652Z,1325,5557452800,greek_phd,adapt,1.800031,6.049833,-1.17465
curr_td_f20_g1_lr5.5e-5_a4_20260613T090652Z,1350,5662310400,greek_phd,adapt,1.792748,6.005933,-1.18194
curr_td_f20_g1_lr5.5e-5_a4_20260613T090652Z,1375,5767168000,greek_phd,adapt,1.796078,6.025965,-1.17861
curr_td_f20_g1_lr5.5e-5_a4_20260613T090652Z,1400,5872025600,greek_phd,adapt,1.793901,6.012865,-1.18078
curr_td_f20_g1_lr5.5e-5_a4_20260613T090652Z,1425,5976883200,greek_phd,adapt,1.790862,5.994616,-1.18382
curr_td_f20_g1_lr5.5e-5_a4_20260613T090652Z,1450,6081740800,greek_phd,adapt,1.788194,5.978643,-1.18649
curr_td_f20_g1_lr5.5e-5_a4_20260613T090652Z,1475,6186598400,greek_phd,adapt,1.785351,5.96167,-1.18933
curr_td_f20_g1_lr5.5e-5_a4_20260613T090652Z,1500,6291456000,greek_phd,adapt,1.784993,5.959537,-1.18969
curr_td_f20_g1_lr5.5e-5_a4_20260613T090652Z,1525,6396313600,greek_phd,adapt,1.78373,5.952016,-1.19095
curr_td_f20_g1_lr5.5e-5_a4_20260613T090652Z,1550,6501171200,greek_phd,adapt,1.786389,5.967862,-1.18829
curr_td_f20_g1_lr5.5e-5_a4_20260613T090652Z,1575,6606028800,greek_phd,adapt,1.783747,5.95212,-1.19094
curr_td_f20_g1_lr5.5e-5_a4_20260613T090652Z,1600,6710886400,greek_phd,adapt,1.779978,5.929725,-1.19471
curr_td_f20_g1_lr5.5e-5_a4_20260613T090652Z,1625,6815744000,greek_phd,adapt,1.780765,5.934393,-1.19392
curr_td_f20_g1_lr5.5e-5_a4_20260613T090652Z,1650,6920601600,greek_phd,adapt,1.780197,5.931027,-1.19449
curr_td_f20_g1_lr5.5e-5_a4_20260613T090652Z,1675,7025459200,greek_phd,adapt,1.779333,5.9259,-1.19535
curr_td_f20_g1_lr5.5e-5_a4_20260613T090652Z,1700,7130316800,greek_phd,adapt,1.777115,5.912772,-1.19757
curr_td_f20_g1_lr5.5e-5_a4_20260613T090652Z,1725,7235174400,greek_phd,adapt,1.775992,5.906135,-1.19869
curr_td_f20_g1_lr5.5e-5_a4_20260613T090652Z,1750,7340032000,greek_phd,adapt,1.774373,5.896585,-1.20031
curr_td_f20_g1_lr5.5e-5_a4_20260613T090652Z,1775,7444889600,greek_phd,adapt,1.774755,5.898834,-1.19993
curr_td_f20_g1_lr5.5e-5_a4_20260613T090652Z,1800,7549747200,greek_phd,adapt,1.773612,5.892096,-1.20107
curr_td_f20_g1_lr5.5e-5_a4_20260613T090652Z,1825,7654604800,greek_phd,adapt,1.777469,5.914864,-1.19721
curr_td_f20_g1_lr5.5e-5_a4_20260613T090652Z,1850,7759462400,greek_phd,adapt,1.772895,5.887877,-1.20179
curr_td_f20_g1_lr5.5e-5_a4_20260613T090652Z,1875,7864320000,greek_phd,adapt,1.771723,5.880979,-1.20296
curr_td_f20_g1_lr5.5e-5_a4_20260613T090652Z,1900,7969177600,greek_phd,adapt,1.769004,5.865011,-1.20568
curr_td_f20_g1_lr5.5e-5_a4_20260613T090652Z,1925,8074035200,greek_phd,adapt,1.770367,5.873009,-1.20432
curr_td_f20_g1_lr5.5e-5_a4_20260613T090652Z,1950,8178892800,greek_phd,adapt,1.76704,5.853502,-1.20764
curr_td_f20_g1_lr5.5e-5_a4_20260613T090652Z,1975,8283750400,greek_phd,adapt,1.768308,5.860926,-1.20638
curr_td_f20_g1_lr5.5e-5_a4_20260613T090652Z,2000,8388608000,greek_phd,adapt,1.768978,5.864856,-1.20571
curr_td_f20_g1_lr5.5e-5_a4_20260613T090652Z,2025,8493465600,greek_phd,adapt,1.767347,5.8553,-1.20734
curr_td_f20_g1_lr5.5e-5_a4_20260613T090652Z,2050,8598323200,greek_phd,adapt,1.768843,5.864064,-1.20584
curr_td_f20_g1_lr5.5e-5_a4_20260613T090652Z,2075,8703180800,greek_phd,adapt,1.765585,5.844989,-1.2091
curr_td_f20_g1_lr5.5e-5_a4_20260613T090652Z,2100,8808038400,greek_phd,adapt,1.763612,5.833471,-1.21107
curr_td_f20_g1_lr5.5e-5_a4_20260613T090652Z,2125,8912896000,greek_phd,adapt,1.763568,5.833214,-1.21112
curr_td_f20_g1_lr5.5e-5_a4_20260613T090652Z,2150,9017753600,greek_phd,adapt,1.762816,5.828831,-1.21187
curr_td_f20_g1_lr5.5e-5_a4_20260613T090652Z,2175,9122611200,greek_phd,adapt,1.761225,5.819559,-1.21346
curr_td_f20_g1_lr5.5e-5_a4_20260613T090652Z,2200,9227468800,greek_phd,adapt,1.762702,5.828164,-1.21198
curr_td_f20_g1_lr5.5e-5_a4_20260613T090652Z,2225,9332326400,greek_phd,adapt,1.765178,5.842613,-1.20951
curr_td_f20_g1_lr5.5e-5_a4_20260613T090652Z,2250,9437184000,greek_phd,adapt,1.76366,5.833752,-1.21102
curr_td_f20_g1_lr5.5e-5_a4_20260613T090652Z,2275,9542041600,greek_phd,adapt,1.722171,5.596665,-1.25251
curr_td_f20_g1_lr5.5e-5_a4_20260613T090652Z,2300,9646899200,greek_phd,adapt,1.702201,5.486011,-1.27248
curr_td_f20_g1_lr5.5e-5_a4_20260613T090652Z,2325,9751756800,greek_phd,adapt,1.692425,5.432639,-1.28226
curr_td_f20_g1_lr5.5e-5_a4_20260613T090652Z,2350,9856614400,greek_phd,adapt,1.685529,5.395307,-1.28915
curr_td_f20_g1_lr5.5e-5_a4_20260613T090652Z,2375,9961472000,greek_phd,adapt,1.683151,5.382491,-1.29153
curr_td_f20_g1_lr5.5e-5_a4_20260613T090652Z,2400,10066329600,greek_phd,adapt,1.675971,5.343979,-1.29871
curr_td_f20_g1_lr5.5e-5_a4_20260613T090652Z,2425,10171187200,greek_phd,adapt,1.672814,5.327137,-1.30187
curr_td_f20_g1_lr5.5e-5_a4_20260613T090652Z,2450,10276044800,greek_phd,adapt,1.667709,5.300014,-1.30697
curr_td_f20_g1_lr5.5e-5_a4_20260613T090652Z,2475,10380902400,greek_phd,adapt,1.663727,5.278948,-1.31096
curr_td_f20_g1_lr5.5e-5_a4_20260613T090652Z,2500,10485760000,greek_phd,adapt,1.66288,5.274479,-1.3118
curr_td_f20_g1_lr5.5e-5_a4_20260613T090652Z,2525,10590617600,greek_phd,adapt,1.662217,5.270986,-1.31247
curr_td_f20_g1_lr5.5e-5_a4_20260613T090652Z,2550,10695475200,greek_phd,adapt,1.656839,5.242712,-1.31784
curr_td_f20_g1_lr5.5e-5_a4_20260613T090652Z,2575,10800332800,greek_phd,adapt,1.656938,5.243232,-1.31775
curr_td_f20_g1_lr5.5e-5_a4_20260613T090652Z,2600,10905190400,greek_phd,adapt,1.655668,5.236579,-1.31902
curr_td_f20_g1_lr5.5e-5_a4_20260613T090652Z,2625,11010048000,greek_phd,adapt,1.652571,5.220386,-1.32211
curr_td_f20_g1_lr5.5e-5_a4_20260613T090652Z,2650,11114905600,greek_phd,adapt,1.648587,5.199626,-1.3261
curr_td_f20_g1_lr5.5e-5_a4_20260613T090652Z,2675,11219763200,greek_phd,adapt,1.64616,5.187022,-1.32852
curr_td_f20_g1_lr5.5e-5_a4_20260613T090652Z,2700,11324620800,greek_phd,adapt,1.644979,5.180902,-1.3297
curr_td_f20_g1_lr5.5e-5_a4_20260613T090652Z,2725,11429478400,greek_phd,adapt,1.642936,5.170325,-1.33175
curr_td_f20_g1_lr5.5e-5_a4_20260613T090652Z,2750,11534336000,greek_phd,adapt,1.643456,5.173015,-1.33123
curr_td_f20_g1_lr5.5e-5_a4_20260613T090652Z,2775,11639193600,greek_phd,adapt,1.640676,5.158657,-1.33401
curr_td_f20_g1_lr5.5e-5_a4_20260613T090652Z,2800,11744051200,greek_phd,adapt,1.639403,5.152095,-1.33528
curr_td_f20_g1_lr5.5e-5_a4_20260613T090652Z,2825,11848908800,greek_phd,adapt,1.638432,5.147093,-1.33625
curr_td_f20_g1_lr5.5e-5_a4_20260613T090652Z,2850,11953766400,greek_phd,adapt,1.637665,5.143147,-1.33702
curr_td_f20_g1_lr5.5e-5_a4_20260613T090652Z,2875,12058624000,greek_phd,adapt,1.635051,5.129717,-1.33963
curr_td_f20_g1_lr5.5e-5_a4_20260613T090652Z,2900,12163481600,greek_phd,adapt,1.633935,5.123999,-1.34075
curr_td_f20_g1_lr5.5e-5_a4_20260613T090652Z,2925,12268339200,greek_phd,adapt,1.633127,5.119859,-1.34156
curr_td_f20_g1_lr5.5e-5_a4_20260613T090652Z,2950,12373196800,greek_phd,adapt,1.631784,5.11299,-1.3429
curr_td_f20_g1_lr5.5e-5_a4_20260613T090652Z,2975,12478054400,greek_phd,adapt,1.630718,5.107541,-1.34397
curr_td_f20_g1_lr5.5e-5_a4_20260613T090652Z,3000,12582912000,greek_phd,adapt,1.630326,5.105538,-1.34436
curr_td_f20_g1_lr5.5e-5_a4_20260613T090652Z,3025,12687769600,greek_phd,adapt,1.62901,5.098824,-1.34567
curr_td_f20_g1_lr5.5e-5_a4_20260613T090652Z,3050,12792627200,greek_phd,adapt,1.628799,5.09775,-1.34588
curr_td_f20_g1_lr5.5e-5_a4_20260613T090652Z,3075,12897484800,greek_phd,adapt,1.62752,5.091233,-1.34716
curr_td_f20_g1_lr5.5e-5_a4_20260613T090652Z,3100,13002342400,greek_phd,adapt,1.627123,5.089213,-1.34756
curr_td_f20_g1_lr5.5e-5_a4_20260613T090652Z,3125,13107200000,greek_phd,adapt,1.626369,5.085374,-1.34831
curr_td_f20_g1_lr5.5e-5_a4_20260613T090652Z,3150,13212057600,greek_phd,adapt,1.625558,5.081251,-1.34913
curr_td_f20_g1_lr5.5e-5_a4_20260613T090652Z,3175,13316915200,greek_phd,adapt,1.625161,5.079239,-1.34952
curr_td_f20_g1_lr5.5e-5_a4_20260613T090652Z,3200,13421772800,greek_phd,adapt,1.624776,5.077281,-1.34991
curr_td_f20_g1_lr5.5e-5_a4_20260613T090652Z,25,104857600,hplt,adapt,4.270361,71.54746,0.0
curr_td_f20_g1_lr5.5e-5_a4_20260613T090652Z,50,209715200,hplt,adapt,3.479405,32.4404,-0.79096
curr_td_f20_g1_lr5.5e-5_a4_20260613T090652Z,75,314572800,hplt,adapt,2.995261,19.99057,-1.2751
curr_td_f20_g1_lr5.5e-5_a4_20260613T090652Z,100,419430400,hplt,adapt,2.792595,16.32332,-1.47777
curr_td_f20_g1_lr5.5e-5_a4_20260613T090652Z,125,524288000,hplt,adapt,2.660011,14.29644,-1.61035
curr_td_f20_g1_lr5.5e-5_a4_20260613T090652Z,150,629145600,hplt,adapt,2.610726,13.60892,-1.65964
curr_td_f20_g1_lr5.5e-5_a4_20260613T090652Z,175,734003200,hplt,adapt,2.532644,12.58674,-1.73772
curr_td_f20_g1_lr5.5e-5_a4_20260613T090652Z,200,838860800,hplt,adapt,2.514383,12.35898,-1.75598
curr_td_f20_g1_lr5.5e-5_a4_20260613T090652Z,225,943718400,hplt,adapt,2.472332,11.85004,-1.79803
curr_td_f20_g1_lr5.5e-5_a4_20260613T090652Z,250,1048576000,hplt,adapt,2.432884,11.39169,-1.83748
curr_td_f20_g1_lr5.5e-5_a4_20260613T090652Z,275,1153433600,hplt,adapt,2.420084,11.24681,-1.85028
curr_td_f20_g1_lr5.5e-5_a4_20260613T090652Z,300,1258291200,hplt,adapt,2.381394,10.81997,-1.88897
curr_td_f20_g1_lr5.5e-5_a4_20260613T090652Z,325,1363148800,hplt,adapt,2.36121,10.60378,-1.90915
curr_td_f20_g1_lr5.5e-5_a4_20260613T090652Z,350,1468006400,hplt,adapt,2.340663,10.38813,-1.9297
curr_td_f20_g1_lr5.5e-5_a4_20260613T090652Z,375,1572864000,hplt,adapt,2.334155,10.32074,-1.93621
curr_td_f20_g1_lr5.5e-5_a4_20260613T090652Z,400,1677721600,hplt,adapt,2.310508,10.07955,-1.95985
curr_td_f20_g1_lr5.5e-5_a4_20260613T090652Z,425,1782579200,hplt,adapt,2.323798,10.2144,-1.94656
curr_td_f20_g1_lr5.5e-5_a4_20260613T090652Z,450,1887436800,hplt,adapt,2.291271,9.887499,-1.97909
curr_td_f20_g1_lr5.5e-5_a4_20260613T090652Z,475,1992294400,hplt,adapt,2.281543,9.791778,-1.98882
curr_td_f20_g1_lr5.5e-5_a4_20260613T090652Z,500,2097152000,hplt,adapt,2.269638,9.675896,-2.00072
curr_td_f20_g1_lr5.5e-5_a4_20260613T090652Z,525,2202009600,hplt,adapt,2.266854,9.648993,-2.00351
curr_td_f20_g1_lr5.5e-5_a4_20260613T090652Z,550,2306867200,hplt,adapt,2.255243,9.537607,-2.01512
curr_td_f20_g1_lr5.5e-5_a4_20260613T090652Z,575,2411724800,hplt,adapt,2.235283,9.349129,-2.03508
curr_td_f20_g1_lr5.5e-5_a4_20260613T090652Z,600,2516582400,hplt,adapt,2.232868,9.326578,-2.03749
curr_td_f20_g1_lr5.5e-5_a4_20260613T090652Z,625,2621440000,hplt,adapt,2.216895,9.178785,-2.05347
curr_td_f20_g1_lr5.5e-5_a4_20260613T090652Z,650,2726297600,hplt,adapt,2.211289,9.127471,-2.05907
curr_td_f20_g1_lr5.5e-5_a4_20260613T090652Z,675,2831155200,hplt,adapt,2.205725,9.076832,-2.06464
curr_td_f20_g1_lr5.5e-5_a4_20260613T090652Z,700,2936012800,hplt,adapt,2.208788,9.104678,-2.06157
curr_td_f20_g1_lr5.5e-5_a4_20260613T090652Z,725,3040870400,hplt,adapt,2.186044,8.899933,-2.08432
curr_td_f20_g1_lr5.5e-5_a4_20260613T090652Z,750,3145728000,hplt,adapt,2.199098,9.01688,-2.07126
curr_td_f20_g1_lr5.5e-5_a4_20260613T090652Z,775,3250585600,hplt,adapt,2.17724,8.821927,-2.09312
curr_td_f20_g1_lr5.5e-5_a4_20260613T090652Z,800,3355443200,hplt,adapt,2.182193,8.865726,-2.08817
curr_td_f20_g1_lr5.5e-5_a4_20260613T090652Z,825,3460300800,hplt,adapt,2.168911,8.748749,-2.10145
curr_td_f20_g1_lr5.5e-5_a4_20260613T090652Z,850,3565158400,hplt,adapt,2.162926,8.696548,-2.10744
curr_td_f20_g1_lr5.5e-5_a4_20260613T090652Z,875,3670016000,hplt,adapt,2.14941,8.579799,-2.12095
curr_td_f20_g1_lr5.5e-5_a4_20260613T090652Z,900,3774873600,hplt,adapt,2.161817,8.686904,-2.10854
curr_td_f20_g1_lr5.5e-5_a4_20260613T090652Z,925,3879731200,hplt,adapt,2.139539,8.495522,-2.13082
curr_td_f20_g1_lr5.5e-5_a4_20260613T090652Z,950,3984588800,hplt,adapt,2.137954,8.482061,-2.13241
curr_td_f20_g1_lr5.5e-5_a4_20260613T090652Z,975,4089446400,hplt,adapt,2.131911,8.430961,-2.13845
curr_td_f20_g1_lr5.5e-5_a4_20260613T090652Z,1000,4194304000,hplt,adapt,2.130105,8.415755,-2.14026
curr_td_f20_g1_lr5.5e-5_a4_20260613T090652Z,1025,4299161600,hplt,adapt,2.127472,8.393622,-2.14289
curr_td_f20_g1_lr5.5e-5_a4_20260613T090652Z,1050,4404019200,hplt,adapt,2.12002,8.331303,-2.15034
curr_td_f20_g1_lr5.5e-5_a4_20260613T090652Z,1075,4508876800,hplt,adapt,2.114175,8.282752,-2.15619
curr_td_f20_g1_lr5.5e-5_a4_20260613T090652Z,1100,4613734400,hplt,adapt,2.107708,8.22936,-2.16265
curr_td_f20_g1_lr5.5e-5_a4_20260613T090652Z,1125,4718592000,hplt,adapt,2.113187,8.274569,-2.15717
curr_td_f20_g1_lr5.5e-5_a4_20260613T090652Z,1150,4823449600,hplt,adapt,2.104125,8.199925,-2.16624
curr_td_f20_g1_lr5.5e-5_a4_20260613T090652Z,1175,4928307200,hplt,adapt,2.101668,8.1798,-2.16869
curr_td_f20_g1_lr5.5e-5_a4_20260613T090652Z,1200,5033164800,hplt,adapt,2.101529,8.178663,-2.16883
curr_td_f20_g1_lr5.5e-5_a4_20260613T090652Z,1225,5138022400,hplt,adapt,2.095119,8.126412,-2.17524
curr_td_f20_g1_lr5.5e-5_a4_20260613T090652Z,1250,5242880000,hplt,adapt,2.087658,8.066006,-2.1827
curr_td_f20_g1_lr5.5e-5_a4_20260613T090652Z,1275,5347737600,hplt,adapt,2.090096,8.085695,-2.18027
curr_td_f20_g1_lr5.5e-5_a4_20260613T090652Z,1300,5452595200,hplt,adapt,2.083952,8.036165,-2.18641
curr_td_f20_g1_lr5.5e-5_a4_20260613T090652Z,1325,5557452800,hplt,adapt,2.087388,8.063821,-2.18297
curr_td_f20_g1_lr5.5e-5_a4_20260613T090652Z,1350,5662310400,hplt,adapt,2.073584,7.953277,-2.19678
curr_td_f20_g1_lr5.5e-5_a4_20260613T090652Z,1375,5767168000,hplt,adapt,2.078931,7.995914,-2.19143
curr_td_f20_g1_lr5.5e-5_a4_20260613T090652Z,1400,5872025600,hplt,adapt,2.07223,7.942512,-2.19813
curr_td_f20_g1_lr5.5e-5_a4_20260613T090652Z,1425,5976883200,hplt,adapt,2.068784,7.915189,-2.20158
curr_td_f20_g1_lr5.5e-5_a4_20260613T090652Z,1450,6081740800,hplt,adapt,2.062505,7.865651,-2.20786
curr_td_f20_g1_lr5.5e-5_a4_20260613T090652Z,1475,6186598400,hplt,adapt,2.057304,7.824843,-2.21306
curr_td_f20_g1_lr5.5e-5_a4_20260613T090652Z,1500,6291456000,hplt,adapt,2.055235,7.808674,-2.21513
curr_td_f20_g1_lr5.5e-5_a4_20260613T090652Z,1525,6396313600,hplt,adapt,2.052681,7.788758,-2.21768
curr_td_f20_g1_lr5.5e-5_a4_20260613T090652Z,1550,6501171200,hplt,adapt,2.057006,7.822517,-2.21336
curr_td_f20_g1_lr5.5e-5_a4_20260613T090652Z,1575,6606028800,hplt,adapt,2.050257,7.769896,-2.2201
curr_td_f20_g1_lr5.5e-5_a4_20260613T090652Z,1600,6710886400,hplt,adapt,2.043247,7.715619,-2.22711
curr_td_f20_g1_lr5.5e-5_a4_20260613T090652Z,1625,6815744000,hplt,adapt,2.043229,7.715479,-2.22713
curr_td_f20_g1_lr5.5e-5_a4_20260613T090652Z,1650,6920601600,hplt,adapt,2.043171,7.715034,-2.22719
curr_td_f20_g1_lr5.5e-5_a4_20260613T090652Z,1675,7025459200,hplt,adapt,2.039035,7.683188,-2.23133
curr_td_f20_g1_lr5.5e-5_a4_20260613T090652Z,1700,7130316800,hplt,adapt,2.035039,7.652554,-2.23532
curr_td_f20_g1_lr5.5e-5_a4_20260613T090652Z,1725,7235174400,hplt,adapt,2.032534,7.633406,-2.23783
curr_td_f20_g1_lr5.5e-5_a4_20260613T090652Z,1750,7340032000,hplt,adapt,2.027906,7.598162,-2.24246
curr_td_f20_g1_lr5.5e-5_a4_20260613T090652Z,1775,7444889600,hplt,adapt,2.028496,7.602642,-2.24187
curr_td_f20_g1_lr5.5e-5_a4_20260613T090652Z,1800,7549747200,hplt,adapt,2.026305,7.586008,-2.24406
curr_td_f20_g1_lr5.5e-5_a4_20260613T090652Z,1825,7654604800,hplt,adapt,2.031933,7.628817,-2.23843
curr_td_f20_g1_lr5.5e-5_a4_20260613T090652Z,1850,7759462400,hplt,adapt,2.023615,7.565628,-2.24675
curr_td_f20_g1_lr5.5e-5_a4_20260613T090652Z,1875,7864320000,hplt,adapt,2.020541,7.542406,-2.24982
curr_td_f20_g1_lr5.5e-5_a4_20260613T090652Z,1900,7969177600,hplt,adapt,2.015311,7.503064,-2.25505
curr_td_f20_g1_lr5.5e-5_a4_20260613T090652Z,1925,8074035200,hplt,adapt,2.0163,7.510484,-2.25406
curr_td_f20_g1_lr5.5e-5_a4_20260613T090652Z,1950,8178892800,hplt,adapt,2.011282,7.472891,-2.25908
curr_td_f20_g1_lr5.5e-5_a4_20260613T090652Z,1975,8283750400,hplt,adapt,2.011024,7.470967,-2.25934
curr_td_f20_g1_lr5.5e-5_a4_20260613T090652Z,2000,8388608000,hplt,adapt,2.013803,7.491753,-2.25656
curr_td_f20_g1_lr5.5e-5_a4_20260613T090652Z,2025,8493465600,hplt,adapt,2.008409,7.451451,-2.26195
curr_td_f20_g1_lr5.5e-5_a4_20260613T090652Z,2050,8598323200,hplt,adapt,2.009331,7.45833,-2.26103
curr_td_f20_g1_lr5.5e-5_a4_20260613T090652Z,2075,8703180800,hplt,adapt,2.004518,7.422517,-2.26584
curr_td_f20_g1_lr5.5e-5_a4_20260613T090652Z,2100,8808038400,hplt,adapt,2.000331,7.391502,-2.27003
curr_td_f20_g1_lr5.5e-5_a4_20260613T090652Z,2125,8912896000,hplt,adapt,1.99824,7.376064,-2.27212
curr_td_f20_g1_lr5.5e-5_a4_20260613T090652Z,2150,9017753600,hplt,adapt,1.99623,7.361251,-2.27413
curr_td_f20_g1_lr5.5e-5_a4_20260613T090652Z,2175,9122611200,hplt,adapt,1.993968,7.344619,-2.27639
curr_td_f20_g1_lr5.5e-5_a4_20260613T090652Z,2200,9227468800,hplt,adapt,1.994496,7.348497,-2.27587
curr_td_f20_g1_lr5.5e-5_a4_20260613T090652Z,2225,9332326400,hplt,adapt,1.998918,7.381066,-2.27144
curr_td_f20_g1_lr5.5e-5_a4_20260613T090652Z,2250,9437184000,hplt,adapt,1.994899,7.351462,-2.27546
curr_td_f20_g1_lr5.5e-5_a4_20260613T090652Z,2275,9542041600,hplt,adapt,1.998899,7.380925,-2.27146
curr_td_f20_g1_lr5.5e-5_a4_20260613T090652Z,2300,9646899200,hplt,adapt,2.000475,7.392566,-2.26989
curr_td_f20_g1_lr5.5e-5_a4_20260613T090652Z,2325,9751756800,hplt,adapt,1.999975,7.388873,-2.27039
curr_td_f20_g1_lr5.5e-5_a4_20260613T090652Z,2350,9856614400,hplt,adapt,2.00125,7.3983,-2.26911
curr_td_f20_g1_lr5.5e-5_a4_20260613T090652Z,2375,9961472000,hplt,adapt,2.004276,7.420716,-2.26609
curr_td_f20_g1_lr5.5e-5_a4_20260613T090652Z,2400,10066329600,hplt,adapt,2.003079,7.411842,-2.26728
curr_td_f20_g1_lr5.5e-5_a4_20260613T090652Z,2425,10171187200,hplt,adapt,2.004988,7.426003,-2.26537
curr_td_f20_g1_lr5.5e-5_a4_20260613T090652Z,2450,10276044800,hplt,adapt,2.003673,7.416248,-2.26669
curr_td_f20_g1_lr5.5e-5_a4_20260613T090652Z,2475,10380902400,hplt,adapt,2.003671,7.416231,-2.26669
curr_td_f20_g1_lr5.5e-5_a4_20260613T090652Z,2500,10485760000,hplt,adapt,2.005841,7.43234,-2.26452
curr_td_f20_g1_lr5.5e-5_a4_20260613T090652Z,2525,10590617600,hplt,adapt,2.00943,7.459064,-2.26093
curr_td_f20_g1_lr5.5e-5_a4_20260613T090652Z,2550,10695475200,hplt,adapt,2.006919,7.440359,-2.26344
curr_td_f20_g1_lr5.5e-5_a4_20260613T090652Z,2575,10800332800,hplt,adapt,2.010337,7.46583,-2.26002
curr_td_f20_g1_lr5.5e-5_a4_20260613T090652Z,2600,10905190400,hplt,adapt,2.013227,7.487444,-2.25713
curr_td_f20_g1_lr5.5e-5_a4_20260613T090652Z,2625,11010048000,hplt,adapt,2.011242,7.472595,-2.25912
curr_td_f20_g1_lr5.5e-5_a4_20260613T090652Z,2650,11114905600,hplt,adapt,2.009192,7.457289,-2.26117
curr_td_f20_g1_lr5.5e-5_a4_20260613T090652Z,2675,11219763200,hplt,adapt,2.009874,7.462378,-2.26049
curr_td_f20_g1_lr5.5e-5_a4_20260613T090652Z,2700,11324620800,hplt,adapt,2.009027,7.456063,-2.26133
curr_td_f20_g1_lr5.5e-5_a4_20260613T090652Z,2725,11429478400,hplt,adapt,2.009088,7.456516,-2.26127
curr_td_f20_g1_lr5.5e-5_a4_20260613T090652Z,2750,11534336000,hplt,adapt,2.011221,7.472439,-2.25914
curr_td_f20_g1_lr5.5e-5_a4_20260613T090652Z,2775,11639193600,hplt,adapt,2.009354,7.4585,-2.26101
curr_td_f20_g1_lr5.5e-5_a4_20260613T090652Z,2800,11744051200,hplt,adapt,2.00897,7.455631,-2.26139
curr_td_f20_g1_lr5.5e-5_a4_20260613T090652Z,2825,11848908800,hplt,adapt,2.009447,7.45919,-2.26091
curr_td_f20_g1_lr5.5e-5_a4_20260613T090652Z,2850,11953766400,hplt,adapt,2.010055,7.463727,-2.26031
curr_td_f20_g1_lr5.5e-5_a4_20260613T090652Z,2875,12058624000,hplt,adapt,2.007685,7.446059,-2.26268
curr_td_f20_g1_lr5.5e-5_a4_20260613T090652Z,2900,12163481600,hplt,adapt,2.007761,7.446627,-2.2626
curr_td_f20_g1_lr5.5e-5_a4_20260613T090652Z,2925,12268339200,hplt,adapt,2.007341,7.443496,-2.26302
curr_td_f20_g1_lr5.5e-5_a4_20260613T090652Z,2950,12373196800,hplt,adapt,2.006967,7.440714,-2.26339
curr_td_f20_g1_lr5.5e-5_a4_20260613T090652Z,2975,12478054400,hplt,adapt,2.006842,7.439783,-2.26352
curr_td_f20_g1_lr5.5e-5_a4_20260613T090652Z,3000,12582912000,hplt,adapt,2.006775,7.439284,-2.26359
curr_td_f20_g1_lr5.5e-5_a4_20260613T090652Z,3025,12687769600,hplt,adapt,2.005954,7.43318,-2.26441
curr_td_f20_g1_lr5.5e-5_a4_20260613T090652Z,3050,12792627200,hplt,adapt,2.006389,7.436419,-2.26397
curr_td_f20_g1_lr5.5e-5_a4_20260613T090652Z,3075,12897484800,hplt,adapt,2.005519,7.429947,-2.26484
curr_td_f20_g1_lr5.5e-5_a4_20260613T090652Z,3100,13002342400,hplt,adapt,2.005568,7.430313,-2.26479
curr_td_f20_g1_lr5.5e-5_a4_20260613T090652Z,3125,13107200000,hplt,adapt,2.005197,7.427557,-2.26516
curr_td_f20_g1_lr5.5e-5_a4_20260613T090652Z,3150,13212057600,hplt,adapt,2.004802,7.424622,-2.26556
curr_td_f20_g1_lr5.5e-5_a4_20260613T090652Z,3175,13316915200,hplt,adapt,2.004668,7.423629,-2.26569
curr_td_f20_g1_lr5.5e-5_a4_20260613T090652Z,3200,13421772800,hplt,adapt,2.004292,7.420835,-2.26607
curr_td_f20_g1_lr5.5e-5_a4_20260613T090652Z,25,104857600,old_greek,forget,3.787626,44.15146,0.0
curr_td_f20_g1_lr5.5e-5_a4_20260613T090652Z,50,209715200,old_greek,forget,3.04961,21.10711,-0.73802
curr_td_f20_g1_lr5.5e-5_a4_20260613T090652Z,75,314572800,old_greek,forget,2.62244,13.76928,-1.16519
curr_td_f20_g1_lr5.5e-5_a4_20260613T090652Z,100,419430400,old_greek,forget,2.453362,11.62737,-1.33426
curr_td_f20_g1_lr5.5e-5_a4_20260613T090652Z,125,524288000,old_greek,forget,2.348156,10.46625,-1.43947
curr_td_f20_g1_lr5.5e-5_a4_20260613T090652Z,150,629145600,old_greek,forget,2.312145,10.09606,-1.47548
curr_td_f20_g1_lr5.5e-5_a4_20260613T090652Z,175,734003200,old_greek,forget,2.249316,9.481253,-1.53831
curr_td_f20_g1_lr5.5e-5_a4_20260613T090652Z,200,838860800,old_greek,forget,2.238616,9.38034,-1.54901
curr_td_f20_g1_lr5.5e-5_a4_20260613T090652Z,225,943718400,old_greek,forget,2.208641,9.103333,-1.57898
curr_td_f20_g1_lr5.5e-5_a4_20260613T090652Z,250,1048576000,old_greek,forget,2.176865,8.81862,-1.61076
curr_td_f20_g1_lr5.5e-5_a4_20260613T090652Z,275,1153433600,old_greek,forget,2.169702,8.755677,-1.61792
curr_td_f20_g1_lr5.5e-5_a4_20260613T090652Z,300,1258291200,old_greek,forget,2.139333,8.493766,-1.64829
curr_td_f20_g1_lr5.5e-5_a4_20260613T090652Z,325,1363148800,old_greek,forget,2.126027,8.381502,-1.6616
curr_td_f20_g1_lr5.5e-5_a4_20260613T090652Z,350,1468006400,old_greek,forget,2.113027,8.273243,-1.6746
curr_td_f20_g1_lr5.5e-5_a4_20260613T090652Z,375,1572864000,old_greek,forget,2.111666,8.261996,-1.67596
curr_td_f20_g1_lr5.5e-5_a4_20260613T090652Z,400,1677721600,old_greek,forget,2.091835,8.099767,-1.69579
curr_td_f20_g1_lr5.5e-5_a4_20260613T090652Z,425,1782579200,old_greek,forget,2.103714,8.196557,-1.68391
curr_td_f20_g1_lr5.5e-5_a4_20260613T090652Z,450,1887436800,old_greek,forget,2.079357,7.999325,-1.70827
curr_td_f20_g1_lr5.5e-5_a4_20260613T090652Z,475,1992294400,old_greek,forget,2.074012,7.956678,-1.71361
curr_td_f20_g1_lr5.5e-5_a4_20260613T090652Z,500,2097152000,old_greek,forget,2.067659,7.90629,-1.71997
curr_td_f20_g1_lr5.5e-5_a4_20260613T090652Z,525,2202009600,old_greek,forget,2.065635,7.890306,-1.72199
curr_td_f20_g1_lr5.5e-5_a4_20260613T090652Z,550,2306867200,old_greek,forget,2.0605,7.849897,-1.72713
curr_td_f20_g1_lr5.5e-5_a4_20260613T090652Z,575,2411724800,old_greek,forget,2.043754,7.719533,-1.74387
curr_td_f20_g1_lr5.5e-5_a4_20260613T090652Z,600,2516582400,old_greek,forget,2.04463,7.726298,-1.743
curr_td_f20_g1_lr5.5e-5_a4_20260613T090652Z,625,2621440000,old_greek,forget,2.033603,7.641567,-1.75402
curr_td_f20_g1_lr5.5e-5_a4_20260613T090652Z,650,2726297600,old_greek,forget,2.031288,7.623901,-1.75634
curr_td_f20_g1_lr5.5e-5_a4_20260613T090652Z,675,2831155200,old_greek,forget,2.028029,7.599092,-1.7596
curr_td_f20_g1_lr5.5e-5_a4_20260613T090652Z,700,2936012800,old_greek,forget,2.032409,7.632449,-1.75522
curr_td_f20_g1_lr5.5e-5_a4_20260613T090652Z,725,3040870400,old_greek,forget,2.014256,7.495147,-1.77337
curr_td_f20_g1_lr5.5e-5_a4_20260613T090652Z,750,3145728000,old_greek,forget,2.024962,7.575823,-1.76266
curr_td_f20_g1_lr5.5e-5_a4_20260613T090652Z,775,3250585600,old_greek,forget,2.010664,7.468276,-1.77696
curr_td_f20_g1_lr5.5e-5_a4_20260613T090652Z,800,3355443200,old_greek,forget,2.015281,7.502839,-1.77235
curr_td_f20_g1_lr5.5e-5_a4_20260613T090652Z,825,3460300800,old_greek,forget,2.00685,7.439847,-1.78078
curr_td_f20_g1_lr5.5e-5_a4_20260613T090652Z,850,3565158400,old_greek,forget,2.002854,7.410172,-1.78477
curr_td_f20_g1_lr5.5e-5_a4_20260613T090652Z,875,3670016000,old_greek,forget,1.992596,7.334552,-1.79503
curr_td_f20_g1_lr5.5e-5_a4_20260613T090652Z,900,3774873600,old_greek,forget,2.00504,7.426394,-1.78259
curr_td_f20_g1_lr5.5e-5_a4_20260613T090652Z,925,3879731200,old_greek,forget,1.986713,7.29153,-1.80091
curr_td_f20_g1_lr5.5e-5_a4_20260613T090652Z,950,3984588800,old_greek,forget,1.986038,7.286605,-1.80159
curr_td_f20_g1_lr5.5e-5_a4_20260613T090652Z,975,4089446400,old_greek,forget,1.982546,7.261204,-1.80508
curr_td_f20_g1_lr5.5e-5_a4_20260613T090652Z,1000,4194304000,old_greek,forget,1.983178,7.265795,-1.80445
curr_td_f20_g1_lr5.5e-5_a4_20260613T090652Z,1025,4299161600,old_greek,forget,1.98235,7.259782,-1.80528
curr_td_f20_g1_lr5.5e-5_a4_20260613T090652Z,1050,4404019200,old_greek,forget,1.977036,7.221305,-1.81059
curr_td_f20_g1_lr5.5e-5_a4_20260613T090652Z,1075,4508876800,old_greek,forget,1.972996,7.192195,-1.81463
curr_td_f20_g1_lr5.5e-5_a4_20260613T090652Z,1100,4613734400,old_greek,forget,1.969097,7.164201,-1.81853
curr_td_f20_g1_lr5.5e-5_a4_20260613T090652Z,1125,4718592000,old_greek,forget,1.975472,7.210021,-1.81215
curr_td_f20_g1_lr5.5e-5_a4_20260613T090652Z,1150,4823449600,old_greek,forget,1.968763,7.161814,-1.81886
curr_td_f20_g1_lr5.5e-5_a4_20260613T090652Z,1175,4928307200,old_greek,forget,1.967092,7.149853,-1.82053
curr_td_f20_g1_lr5.5e-5_a4_20260613T090652Z,1200,5033164800,old_greek,forget,1.967525,7.15295,-1.8201
curr_td_f20_g1_lr5.5e-5_a4_20260613T090652Z,1225,5138022400,old_greek,forget,1.963757,7.126051,-1.82387
curr_td_f20_g1_lr5.5e-5_a4_20260613T090652Z,1250,5242880000,old_greek,forget,1.957767,7.083489,-1.82986
curr_td_f20_g1_lr5.5e-5_a4_20260613T090652Z,1275,5347737600,old_greek,forget,1.961502,7.110001,-1.82612
curr_td_f20_g1_lr5.5e-5_a4_20260613T090652Z,1300,5452595200,old_greek,forget,1.957121,7.078914,-1.8305
curr_td_f20_g1_lr5.5e-5_a4_20260613T090652Z,1325,5557452800,old_greek,forget,1.960834,7.105253,-1.82679
curr_td_f20_g1_lr5.5e-5_a4_20260613T090652Z,1350,5662310400,old_greek,forget,1.949675,7.026406,-1.83795
curr_td_f20_g1_lr5.5e-5_a4_20260613T090652Z,1375,5767168000,old_greek,forget,1.956087,7.071598,-1.83154
curr_td_f20_g1_lr5.5e-5_a4_20260613T090652Z,1400,5872025600,old_greek,forget,1.950062,7.029122,-1.83756
curr_td_f20_g1_lr5.5e-5_a4_20260613T090652Z,1425,5976883200,old_greek,forget,1.949424,7.024637,-1.8382
curr_td_f20_g1_lr5.5e-5_a4_20260613T090652Z,1450,6081740800,old_greek,forget,1.944227,6.988229,-1.8434
curr_td_f20_g1_lr5.5e-5_a4_20260613T090652Z,1475,6186598400,old_greek,forget,1.940455,6.961921,-1.84717
curr_td_f20_g1_lr5.5e-5_a4_20260613T090652Z,1500,6291456000,old_greek,forget,1.940018,6.958877,-1.84761
curr_td_f20_g1_lr5.5e-5_a4_20260613T090652Z,1525,6396313600,old_greek,forget,1.939066,6.952252,-1.84856
curr_td_f20_g1_lr5.5e-5_a4_20260613T090652Z,1550,6501171200,old_greek,forget,1.943009,6.979724,-1.84462
curr_td_f20_g1_lr5.5e-5_a4_20260613T090652Z,1575,6606028800,old_greek,forget,1.938406,6.947664,-1.84922
curr_td_f20_g1_lr5.5e-5_a4_20260613T090652Z,1600,6710886400,old_greek,forget,1.932778,6.908679,-1.85485
curr_td_f20_g1_lr5.5e-5_a4_20260613T090652Z,1625,6815744000,old_greek,forget,1.933727,6.915232,-1.8539
curr_td_f20_g1_lr5.5e-5_a4_20260613T090652Z,1650,6920601600,old_greek,forget,1.934909,6.923417,-1.85272
curr_td_f20_g1_lr5.5e-5_a4_20260613T090652Z,1675,7025459200,old_greek,forget,1.932165,6.904441,-1.85546
curr_td_f20_g1_lr5.5e-5_a4_20260613T090652Z,1700,7130316800,old_greek,forget,1.930193,6.890841,-1.85743
curr_td_f20_g1_lr5.5e-5_a4_20260613T090652Z,1725,7235174400,old_greek,forget,1.928954,6.882305,-1.85867
curr_td_f20_g1_lr5.5e-5_a4_20260613T090652Z,1750,7340032000,old_greek,forget,1.925473,6.858395,-1.86215
curr_td_f20_g1_lr5.5e-5_a4_20260613T090652Z,1775,7444889600,old_greek,forget,1.927302,6.870951,-1.86032
curr_td_f20_g1_lr5.5e-5_a4_20260613T090652Z,1800,7549747200,old_greek,forget,1.925561,6.858997,-1.86206
curr_td_f20_g1_lr5.5e-5_a4_20260613T090652Z,1825,7654604800,old_greek,forget,1.930934,6.895947,-1.85669
curr_td_f20_g1_lr5.5e-5_a4_20260613T090652Z,1850,7759462400,old_greek,forget,1.924663,6.85284,-1.86296
curr_td_f20_g1_lr5.5e-5_a4_20260613T090652Z,1875,7864320000,old_greek,forget,1.92261,6.838786,-1.86502
curr_td_f20_g1_lr5.5e-5_a4_20260613T090652Z,1900,7969177600,old_greek,forget,1.919038,6.8144,-1.86859
curr_td_f20_g1_lr5.5e-5_a4_20260613T090652Z,1925,8074035200,old_greek,forget,1.923016,6.841562,-1.86461
curr_td_f20_g1_lr5.5e-5_a4_20260613T090652Z,1950,8178892800,old_greek,forget,1.917608,6.804666,-1.87002
curr_td_f20_g1_lr5.5e-5_a4_20260613T090652Z,1975,8283750400,old_greek,forget,1.917885,6.806549,-1.86974
curr_td_f20_g1_lr5.5e-5_a4_20260613T090652Z,2000,8388608000,old_greek,forget,1.921016,6.82789,-1.86661
curr_td_f20_g1_lr5.5e-5_a4_20260613T090652Z,2025,8493465600,old_greek,forget,1.917222,6.802034,-1.8704
curr_td_f20_g1_lr5.5e-5_a4_20260613T090652Z,2050,8598323200,old_greek,forget,1.918864,6.813216,-1.86876
curr_td_f20_g1_lr5.5e-5_a4_20260613T090652Z,2075,8703180800,old_greek,forget,1.915853,6.792728,-1.87177
curr_td_f20_g1_lr5.5e-5_a4_20260613T090652Z,2100,8808038400,old_greek,forget,1.911786,6.765158,-1.87584
curr_td_f20_g1_lr5.5e-5_a4_20260613T090652Z,2125,8912896000,old_greek,forget,1.910671,6.757622,-1.87695
curr_td_f20_g1_lr5.5e-5_a4_20260613T090652Z,2150,9017753600,old_greek,forget,1.909777,6.751586,-1.87785
curr_td_f20_g1_lr5.5e-5_a4_20260613T090652Z,2175,9122611200,old_greek,forget,1.90826,6.741352,-1.87937
curr_td_f20_g1_lr5.5e-5_a4_20260613T090652Z,2200,9227468800,old_greek,forget,1.909488,6.749635,-1.87814
curr_td_f20_g1_lr5.5e-5_a4_20260613T090652Z,2225,9332326400,old_greek,forget,1.914901,6.786267,-1.87272
curr_td_f20_g1_lr5.5e-5_a4_20260613T090652Z,2250,9437184000,old_greek,forget,1.910266,6.754883,-1.87736
curr_td_f20_g1_lr5.5e-5_a4_20260613T090652Z,2275,9542041600,old_greek,forget,1.912578,6.770522,-1.87505
curr_td_f20_g1_lr5.5e-5_a4_20260613T090652Z,2300,9646899200,old_greek,forget,1.912495,6.76996,-1.87513
curr_td_f20_g1_lr5.5e-5_a4_20260613T090652Z,2325,9751756800,old_greek,forget,1.911853,6.765613,-1.87577
curr_td_f20_g1_lr5.5e-5_a4_20260613T090652Z,2350,9856614400,old_greek,forget,1.911871,6.765734,-1.87575
curr_td_f20_g1_lr5.5e-5_a4_20260613T090652Z,2375,9961472000,old_greek,forget,1.914341,6.782467,-1.87328
curr_td_f20_g1_lr5.5e-5_a4_20260613T090652Z,2400,10066329600,old_greek,forget,1.912609,6.770729,-1.87502
curr_td_f20_g1_lr5.5e-5_a4_20260613T090652Z,2425,10171187200,old_greek,forget,1.914056,6.780535,-1.87357
curr_td_f20_g1_lr5.5e-5_a4_20260613T090652Z,2450,10276044800,old_greek,forget,1.912326,6.768813,-1.8753
curr_td_f20_g1_lr5.5e-5_a4_20260613T090652Z,2475,10380902400,old_greek,forget,1.912257,6.768345,-1.87537
curr_td_f20_g1_lr5.5e-5_a4_20260613T090652Z,2500,10485760000,old_greek,forget,1.913921,6.779617,-1.8737
curr_td_f20_g1_lr5.5e-5_a4_20260613T090652Z,2525,10590617600,old_greek,forget,1.916552,6.797482,-1.87107
curr_td_f20_g1_lr5.5e-5_a4_20260613T090652Z,2550,10695475200,old_greek,forget,1.913978,6.780009,-1.87365
curr_td_f20_g1_lr5.5e-5_a4_20260613T090652Z,2575,10800332800,old_greek,forget,1.916572,6.797619,-1.87105
curr_td_f20_g1_lr5.5e-5_a4_20260613T090652Z,2600,10905190400,old_greek,forget,1.917576,6.804443,-1.87005
curr_td_f20_g1_lr5.5e-5_a4_20260613T090652Z,2625,11010048000,old_greek,forget,1.916521,6.797273,-1.87111
curr_td_f20_g1_lr5.5e-5_a4_20260613T090652Z,2650,11114905600,old_greek,forget,1.914773,6.785398,-1.87285
curr_td_f20_g1_lr5.5e-5_a4_20260613T090652Z,2675,11219763200,old_greek,forget,1.914055,6.780525,-1.87357
curr_td_f20_g1_lr5.5e-5_a4_20260613T090652Z,2700,11324620800,old_greek,forget,1.913542,6.777051,-1.87408
curr_td_f20_g1_lr5.5e-5_a4_20260613T090652Z,2725,11429478400,old_greek,forget,1.913408,6.776142,-1.87422
curr_td_f20_g1_lr5.5e-5_a4_20260613T090652Z,2750,11534336000,old_greek,forget,1.914943,6.786555,-1.87268
curr_td_f20_g1_lr5.5e-5_a4_20260613T090652Z,2775,11639193600,old_greek,forget,1.913382,6.775964,-1.87424
curr_td_f20_g1_lr5.5e-5_a4_20260613T090652Z,2800,11744051200,old_greek,forget,1.912697,6.771326,-1.87493
curr_td_f20_g1_lr5.5e-5_a4_20260613T090652Z,2825,11848908800,old_greek,forget,1.912654,6.771033,-1.87497
curr_td_f20_g1_lr5.5e-5_a4_20260613T090652Z,2850,11953766400,old_greek,forget,1.913787,6.778709,-1.87384
curr_td_f20_g1_lr5.5e-5_a4_20260613T090652Z,2875,12058624000,old_greek,forget,1.910934,6.759397,-1.87669
curr_td_f20_g1_lr5.5e-5_a4_20260613T090652Z,2900,12163481600,old_greek,forget,1.910709,6.757877,-1.87692
curr_td_f20_g1_lr5.5e-5_a4_20260613T090652Z,2925,12268339200,old_greek,forget,1.910317,6.755229,-1.87731
curr_td_f20_g1_lr5.5e-5_a4_20260613T090652Z,2950,12373196800,old_greek,forget,1.909671,6.750867,-1.87796
curr_td_f20_g1_lr5.5e-5_a4_20260613T090652Z,2975,12478054400,old_greek,forget,1.909482,6.749594,-1.87814
curr_td_f20_g1_lr5.5e-5_a4_20260613T090652Z,3000,12582912000,old_greek,forget,1.909471,6.749518,-1.87816
curr_td_f20_g1_lr5.5e-5_a4_20260613T090652Z,3025,12687769600,old_greek,forget,1.908305,6.741653,-1.87932
curr_td_f20_g1_lr5.5e-5_a4_20260613T090652Z,3050,12792627200,old_greek,forget,1.908628,6.743832,-1.879
curr_td_f20_g1_lr5.5e-5_a4_20260613T090652Z,3075,12897484800,old_greek,forget,1.907824,6.73841,-1.8798
curr_td_f20_g1_lr5.5e-5_a4_20260613T090652Z,3100,13002342400,old_greek,forget,1.907811,6.738325,-1.87982
curr_td_f20_g1_lr5.5e-5_a4_20260613T090652Z,3125,13107200000,old_greek,forget,1.907258,6.734598,-1.88037
curr_td_f20_g1_lr5.5e-5_a4_20260613T090652Z,3150,13212057600,old_greek,forget,1.906892,6.732133,-1.88073
curr_td_f20_g1_lr5.5e-5_a4_20260613T090652Z,3175,13316915200,old_greek,forget,1.906726,6.731018,-1.8809
curr_td_f20_g1_lr5.5e-5_a4_20260613T090652Z,3200,13421772800,old_greek,forget,1.906297,6.728128,-1.88133
curr_td_f20_g1_lr5.5e-5_a4_20260613T090652Z,25,104857600,openarchives,adapt,2.982613,19.73933,0.0
curr_td_f20_g1_lr5.5e-5_a4_20260613T090652Z,50,209715200,openarchives,adapt,2.491014,12.07351,-0.4916
curr_td_f20_g1_lr5.5e-5_a4_20260613T090652Z,75,314572800,openarchives,adapt,2.21691,9.178927,-0.7657
curr_td_f20_g1_lr5.5e-5_a4_20260613T090652Z,100,419430400,openarchives,adapt,2.102665,8.187965,-0.87995
curr_td_f20_g1_lr5.5e-5_a4_20260613T090652Z,125,524288000,openarchives,adapt,2.026345,7.586311,-0.95627
curr_td_f20_g1_lr5.5e-5_a4_20260613T090652Z,150,629145600,openarchives,adapt,1.997912,7.373641,-0.9847
curr_td_f20_g1_lr5.5e-5_a4_20260613T090652Z,175,734003200,openarchives,adapt,1.95164,7.040223,-1.03097
curr_td_f20_g1_lr5.5e-5_a4_20260613T090652Z,200,838860800,openarchives,adapt,1.941035,6.965957,-1.04158
curr_td_f20_g1_lr5.5e-5_a4_20260613T090652Z,225,943718400,openarchives,adapt,1.916678,6.798338,-1.06594
curr_td_f20_g1_lr5.5e-5_a4_20260613T090652Z,250,1048576000,openarchives,adapt,1.894018,6.646016,-1.0886
curr_td_f20_g1_lr5.5e-5_a4_20260613T090652Z,275,1153433600,openarchives,adapt,1.884536,6.583297,-1.09808
curr_td_f20_g1_lr5.5e-5_a4_20260613T090652Z,300,1258291200,openarchives,adapt,1.861618,6.434138,-1.121
curr_td_f20_g1_lr5.5e-5_a4_20260613T090652Z,325,1363148800,openarchives,adapt,1.850857,6.365272,-1.13176
curr_td_f20_g1_lr5.5e-5_a4_20260613T090652Z,350,1468006400,openarchives,adapt,1.835876,6.270625,-1.14674
curr_td_f20_g1_lr5.5e-5_a4_20260613T090652Z,375,1572864000,openarchives,adapt,1.835285,6.266921,-1.14733
curr_td_f20_g1_lr5.5e-5_a4_20260613T090652Z,400,1677721600,openarchives,adapt,1.820041,6.172114,-1.16257
curr_td_f20_g1_lr5.5e-5_a4_20260613T090652Z,425,1782579200,openarchives,adapt,1.825198,6.204021,-1.15742
curr_td_f20_g1_lr5.5e-5_a4_20260613T090652Z,450,1887436800,openarchives,adapt,1.803811,6.072748,-1.1788
curr_td_f20_g1_lr5.5e-5_a4_20260613T090652Z,475,1992294400,openarchives,adapt,1.798089,6.038099,-1.18452
curr_td_f20_g1_lr5.5e-5_a4_20260613T090652Z,500,2097152000,openarchives,adapt,1.793637,6.011275,-1.18898
curr_td_f20_g1_lr5.5e-5_a4_20260613T090652Z,525,2202009600,openarchives,adapt,1.792176,6.002497,-1.19044
curr_td_f20_g1_lr5.5e-5_a4_20260613T090652Z,550,2306867200,openarchives,adapt,1.78423,5.954994,-1.19838
curr_td_f20_g1_lr5.5e-5_a4_20260613T090652Z,575,2411724800,openarchives,adapt,1.772985,5.888403,-1.20963
curr_td_f20_g1_lr5.5e-5_a4_20260613T090652Z,600,2516582400,openarchives,adapt,1.771124,5.877455,-1.21149
curr_td_f20_g1_lr5.5e-5_a4_20260613T090652Z,625,2621440000,openarchives,adapt,1.761562,5.821524,-1.22105
curr_td_f20_g1_lr5.5e-5_a4_20260613T090652Z,650,2726297600,openarchives,adapt,1.759001,5.806634,-1.22361
curr_td_f20_g1_lr5.5e-5_a4_20260613T090652Z,675,2831155200,openarchives,adapt,1.754978,5.783319,-1.22764
curr_td_f20_g1_lr5.5e-5_a4_20260613T090652Z,700,2936012800,openarchives,adapt,1.755824,5.788217,-1.22679
curr_td_f20_g1_lr5.5e-5_a4_20260613T090652Z,725,3040870400,openarchives,adapt,1.744703,5.724201,-1.23791
curr_td_f20_g1_lr5.5e-5_a4_20260613T090652Z,750,3145728000,openarchives,adapt,1.751678,5.764266,-1.23094
curr_td_f20_g1_lr5.5e-5_a4_20260613T090652Z,775,3250585600,openarchives,adapt,1.738676,5.689806,-1.24394
curr_td_f20_g1_lr5.5e-5_a4_20260613T090652Z,800,3355443200,openarchives,adapt,1.741493,5.705857,-1.24112
curr_td_f20_g1_lr5.5e-5_a4_20260613T090652Z,825,3460300800,openarchives,adapt,1.734457,5.665853,-1.24816
curr_td_f20_g1_lr5.5e-5_a4_20260613T090652Z,850,3565158400,openarchives,adapt,1.72905,5.635296,-1.25356
curr_td_f20_g1_lr5.5e-5_a4_20260613T090652Z,875,3670016000,openarchives,adapt,1.721794,5.594554,-1.26082
curr_td_f20_g1_lr5.5e-5_a4_20260613T090652Z,900,3774873600,openarchives,adapt,1.728011,5.629446,-1.2546
curr_td_f20_g1_lr5.5e-5_a4_20260613T090652Z,925,3879731200,openarchives,adapt,1.714871,5.555961,-1.26774
curr_td_f20_g1_lr5.5e-5_a4_20260613T090652Z,950,3984588800,openarchives,adapt,1.714129,5.551838,-1.26848
curr_td_f20_g1_lr5.5e-5_a4_20260613T090652Z,975,4089446400,openarchives,adapt,1.71105,5.534771,-1.27156
curr_td_f20_g1_lr5.5e-5_a4_20260613T090652Z,1000,4194304000,openarchives,adapt,1.71078,5.533274,-1.27183
curr_td_f20_g1_lr5.5e-5_a4_20260613T090652Z,1025,4299161600,openarchives,adapt,1.707809,5.51686,-1.2748
curr_td_f20_g1_lr5.5e-5_a4_20260613T090652Z,1050,4404019200,openarchives,adapt,1.70444,5.498308,-1.27817
curr_td_f20_g1_lr5.5e-5_a4_20260613T090652Z,1075,4508876800,openarchives,adapt,1.701324,5.481197,-1.28129
curr_td_f20_g1_lr5.5e-5_a4_20260613T090652Z,1100,4613734400,openarchives,adapt,1.698239,5.464317,-1.28437
curr_td_f20_g1_lr5.5e-5_a4_20260613T090652Z,1125,4718592000,openarchives,adapt,1.702024,5.485036,-1.28059
curr_td_f20_g1_lr5.5e-5_a4_20260613T090652Z,1150,4823449600,openarchives,adapt,1.695624,5.450044,-1.28699
curr_td_f20_g1_lr5.5e-5_a4_20260613T090652Z,1175,4928307200,openarchives,adapt,1.694095,5.441721,-1.28852
curr_td_f20_g1_lr5.5e-5_a4_20260613T090652Z,1200,5033164800,openarchives,adapt,1.693462,5.438278,-1.28915
curr_td_f20_g1_lr5.5e-5_a4_20260613T090652Z,1225,5138022400,openarchives,adapt,1.690907,5.424396,-1.29171
curr_td_f20_g1_lr5.5e-5_a4_20260613T090652Z,1250,5242880000,openarchives,adapt,1.685119,5.393095,-1.29749
curr_td_f20_g1_lr5.5e-5_a4_20260613T090652Z,1275,5347737600,openarchives,adapt,1.686867,5.402529,-1.29575
curr_td_f20_g1_lr5.5e-5_a4_20260613T090652Z,1300,5452595200,openarchives,adapt,1.683562,5.384701,-1.29905
curr_td_f20_g1_lr5.5e-5_a4_20260613T090652Z,1325,5557452800,openarchives,adapt,1.685826,5.396909,-1.29679
curr_td_f20_g1_lr5.5e-5_a4_20260613T090652Z,1350,5662310400,openarchives,adapt,1.677974,5.354698,-1.30464
curr_td_f20_g1_lr5.5e-5_a4_20260613T090652Z,1375,5767168000,openarchives,adapt,1.680843,5.37008,-1.30177
curr_td_f20_g1_lr5.5e-5_a4_20260613T090652Z,1400,5872025600,openarchives,adapt,1.67808,5.355264,-1.30453
curr_td_f20_g1_lr5.5e-5_a4_20260613T090652Z,1425,5976883200,openarchives,adapt,1.675143,5.339558,-1.30747
curr_td_f20_g1_lr5.5e-5_a4_20260613T090652Z,1450,6081740800,openarchives,adapt,1.672049,5.323061,-1.31056
curr_td_f20_g1_lr5.5e-5_a4_20260613T090652Z,1475,6186598400,openarchives,adapt,1.668306,5.303178,-1.31431
curr_td_f20_g1_lr5.5e-5_a4_20260613T090652Z,1500,6291456000,openarchives,adapt,1.668226,5.30275,-1.31439
curr_td_f20_g1_lr5.5e-5_a4_20260613T090652Z,1525,6396313600,openarchives,adapt,1.666192,5.291978,-1.31642
curr_td_f20_g1_lr5.5e-5_a4_20260613T090652Z,1550,6501171200,openarchives,adapt,1.669055,5.307152,-1.31356
curr_td_f20_g1_lr5.5e-5_a4_20260613T090652Z,1575,6606028800,openarchives,adapt,1.666318,5.292646,-1.3163
curr_td_f20_g1_lr5.5e-5_a4_20260613T090652Z,1600,6710886400,openarchives,adapt,1.661864,5.269123,-1.32075
curr_td_f20_g1_lr5.5e-5_a4_20260613T090652Z,1625,6815744000,openarchives,adapt,1.66291,5.274635,-1.3197
curr_td_f20_g1_lr5.5e-5_a4_20260613T090652Z,1650,6920601600,openarchives,adapt,1.661323,5.266271,-1.32129
curr_td_f20_g1_lr5.5e-5_a4_20260613T090652Z,1675,7025459200,openarchives,adapt,1.660529,5.262096,-1.32208
curr_td_f20_g1_lr5.5e-5_a4_20260613T090652Z,1700,7130316800,openarchives,adapt,1.658224,5.249981,-1.32439
curr_td_f20_g1_lr5.5e-5_a4_20260613T090652Z,1725,7235174400,openarchives,adapt,1.656706,5.242017,-1.32591
curr_td_f20_g1_lr5.5e-5_a4_20260613T090652Z,1750,7340032000,openarchives,adapt,1.65526,5.234442,-1.32735
curr_td_f20_g1_lr5.5e-5_a4_20260613T090652Z,1775,7444889600,openarchives,adapt,1.655145,5.23384,-1.32747
curr_td_f20_g1_lr5.5e-5_a4_20260613T090652Z,1800,7549747200,openarchives,adapt,1.654175,5.228763,-1.32844
curr_td_f20_g1_lr5.5e-5_a4_20260613T090652Z,1825,7654604800,openarchives,adapt,1.657306,5.24516,-1.32531
curr_td_f20_g1_lr5.5e-5_a4_20260613T090652Z,1850,7759462400,openarchives,adapt,1.653033,5.222799,-1.32958
curr_td_f20_g1_lr5.5e-5_a4_20260613T090652Z,1875,7864320000,openarchives,adapt,1.651021,5.212301,-1.33159
curr_td_f20_g1_lr5.5e-5_a4_20260613T090652Z,1900,7969177600,openarchives,adapt,1.648837,5.200929,-1.33378
curr_td_f20_g1_lr5.5e-5_a4_20260613T090652Z,1925,8074035200,openarchives,adapt,1.650006,5.207009,-1.33261
curr_td_f20_g1_lr5.5e-5_a4_20260613T090652Z,1950,8178892800,openarchives,adapt,1.645846,5.185394,-1.33677
curr_td_f20_g1_lr5.5e-5_a4_20260613T090652Z,1975,8283750400,openarchives,adapt,1.64678,5.19024,-1.33583
curr_td_f20_g1_lr5.5e-5_a4_20260613T090652Z,2000,8388608000,openarchives,adapt,1.647075,5.191773,-1.33554
curr_td_f20_g1_lr5.5e-5_a4_20260613T090652Z,2025,8493465600,openarchives,adapt,1.644914,5.180562,-1.3377
curr_td_f20_g1_lr5.5e-5_a4_20260613T090652Z,2050,8598323200,openarchives,adapt,1.64695,5.191121,-1.33566
curr_td_f20_g1_lr5.5e-5_a4_20260613T090652Z,2075,8703180800,openarchives,adapt,1.642393,5.167521,-1.34022
curr_td_f20_g1_lr5.5e-5_a4_20260613T090652Z,2100,8808038400,openarchives,adapt,1.640167,5.15603,-1.34245
curr_td_f20_g1_lr5.5e-5_a4_20260613T090652Z,2125,8912896000,openarchives,adapt,1.640469,5.157589,-1.34214
curr_td_f20_g1_lr5.5e-5_a4_20260613T090652Z,2150,9017753600,openarchives,adapt,1.639539,5.152794,-1.34307
curr_td_f20_g1_lr5.5e-5_a4_20260613T090652Z,2175,9122611200,openarchives,adapt,1.637805,5.143866,-1.34481
curr_td_f20_g1_lr5.5e-5_a4_20260613T090652Z,2200,9227468800,openarchives,adapt,1.639181,5.150949,-1.34343
curr_td_f20_g1_lr5.5e-5_a4_20260613T090652Z,2225,9332326400,openarchives,adapt,1.641429,5.162541,-1.34118
curr_td_f20_g1_lr5.5e-5_a4_20260613T090652Z,2250,9437184000,openarchives,adapt,1.64013,5.155839,-1.34248
curr_td_f20_g1_lr5.5e-5_a4_20260613T090652Z,2275,9542041600,openarchives,adapt,1.5925,4.916025,-1.39011
curr_td_f20_g1_lr5.5e-5_a4_20260613T090652Z,2300,9646899200,openarchives,adapt,1.568905,4.801388,-1.41371
curr_td_f20_g1_lr5.5e-5_a4_20260613T090652Z,2325,9751756800,openarchives,adapt,1.556176,4.740659,-1.42644
curr_td_f20_g1_lr5.5e-5_a4_20260613T090652Z,2350,9856614400,openarchives,adapt,1.546285,4.694001,-1.43633
curr_td_f20_g1_lr5.5e-5_a4_20260613T090652Z,2375,9961472000,openarchives,adapt,1.541589,4.672008,-1.44102
curr_td_f20_g1_lr5.5e-5_a4_20260613T090652Z,2400,10066329600,openarchives,adapt,1.533224,4.63309,-1.44939
curr_td_f20_g1_lr5.5e-5_a4_20260613T090652Z,2425,10171187200,openarchives,adapt,1.529251,4.614721,-1.45336
curr_td_f20_g1_lr5.5e-5_a4_20260613T090652Z,2450,10276044800,openarchives,adapt,1.521793,4.580429,-1.46082
curr_td_f20_g1_lr5.5e-5_a4_20260613T090652Z,2475,10380902400,openarchives,adapt,1.516741,4.557348,-1.46587
curr_td_f20_g1_lr5.5e-5_a4_20260613T090652Z,2500,10485760000,openarchives,adapt,1.514553,4.547387,-1.46806
curr_td_f20_g1_lr5.5e-5_a4_20260613T090652Z,2525,10590617600,openarchives,adapt,1.512904,4.539896,-1.46971
curr_td_f20_g1_lr5.5e-5_a4_20260613T090652Z,2550,10695475200,openarchives,adapt,1.506197,4.509547,-1.47642
curr_td_f20_g1_lr5.5e-5_a4_20260613T090652Z,2575,10800332800,openarchives,adapt,1.506078,4.509012,-1.47654
curr_td_f20_g1_lr5.5e-5_a4_20260613T090652Z,2600,10905190400,openarchives,adapt,1.504155,4.500349,-1.47846
curr_td_f20_g1_lr5.5e-5_a4_20260613T090652Z,2625,11010048000,openarchives,adapt,1.500116,4.482211,-1.4825
curr_td_f20_g1_lr5.5e-5_a4_20260613T090652Z,2650,11114905600,openarchives,adapt,1.495622,4.46211,-1.48699
curr_td_f20_g1_lr5.5e-5_a4_20260613T090652Z,2675,11219763200,openarchives,adapt,1.493179,4.451223,-1.48943
curr_td_f20_g1_lr5.5e-5_a4_20260613T090652Z,2700,11324620800,openarchives,adapt,1.49108,4.441889,-1.49153
curr_td_f20_g1_lr5.5e-5_a4_20260613T090652Z,2725,11429478400,openarchives,adapt,1.48888,4.432127,-1.49373
curr_td_f20_g1_lr5.5e-5_a4_20260613T090652Z,2750,11534336000,openarchives,adapt,1.489246,4.433749,-1.49337
curr_td_f20_g1_lr5.5e-5_a4_20260613T090652Z,2775,11639193600,openarchives,adapt,1.486071,4.419696,-1.49654
curr_td_f20_g1_lr5.5e-5_a4_20260613T090652Z,2800,11744051200,openarchives,adapt,1.484326,4.411993,-1.49829
curr_td_f20_g1_lr5.5e-5_a4_20260613T090652Z,2825,11848908800,openarchives,adapt,1.482981,4.406061,-1.49963
curr_td_f20_g1_lr5.5e-5_a4_20260613T090652Z,2850,11953766400,openarchives,adapt,1.482732,4.404962,-1.49988
curr_td_f20_g1_lr5.5e-5_a4_20260613T090652Z,2875,12058624000,openarchives,adapt,1.479241,4.389613,-1.50337
curr_td_f20_g1_lr5.5e-5_a4_20260613T090652Z,2900,12163481600,openarchives,adapt,1.477884,4.383661,-1.50473
curr_td_f20_g1_lr5.5e-5_a4_20260613T090652Z,2925,12268339200,openarchives,adapt,1.476653,4.378266,-1.50596
curr_td_f20_g1_lr5.5e-5_a4_20260613T090652Z,2950,12373196800,openarchives,adapt,1.475291,4.372307,-1.50732
curr_td_f20_g1_lr5.5e-5_a4_20260613T090652Z,2975,12478054400,openarchives,adapt,1.474244,4.367732,-1.50837
curr_td_f20_g1_lr5.5e-5_a4_20260613T090652Z,3000,12582912000,openarchives,adapt,1.473651,4.365144,-1.50896
curr_td_f20_g1_lr5.5e-5_a4_20260613T090652Z,3025,12687769600,openarchives,adapt,1.472077,4.358278,-1.51054
curr_td_f20_g1_lr5.5e-5_a4_20260613T090652Z,3050,12792627200,openarchives,adapt,1.471838,4.357238,-1.51078
curr_td_f20_g1_lr5.5e-5_a4_20260613T090652Z,3075,12897484800,openarchives,adapt,1.470591,4.351805,-1.51202
curr_td_f20_g1_lr5.5e-5_a4_20260613T090652Z,3100,13002342400,openarchives,adapt,1.469927,4.348916,-1.51269
curr_td_f20_g1_lr5.5e-5_a4_20260613T090652Z,3125,13107200000,openarchives,adapt,1.469209,4.345795,-1.5134
curr_td_f20_g1_lr5.5e-5_a4_20260613T090652Z,3150,13212057600,openarchives,adapt,1.46839,4.342238,-1.51422
curr_td_f20_g1_lr5.5e-5_a4_20260613T090652Z,3175,13316915200,openarchives,adapt,1.46788,4.340023,-1.51473
curr_td_f20_g1_lr5.5e-5_a4_20260613T090652Z,3200,13421772800,openarchives,adapt,1.467355,4.337747,-1.51526
curr_td_f20_g1_lr5.5e-5_a4_20260613T090652Z,25,104857600,ru,forget,1.647453,5.193735,0.0
curr_td_f20_g1_lr5.5e-5_a4_20260613T090652Z,50,209715200,ru,forget,1.611511,5.010374,-0.03594
curr_td_f20_g1_lr5.5e-5_a4_20260613T090652Z,75,314572800,ru,forget,1.579721,4.853601,-0.06773
curr_td_f20_g1_lr5.5e-5_a4_20260613T090652Z,100,419430400,ru,forget,1.567213,4.793269,-0.08024
curr_td_f20_g1_lr5.5e-5_a4_20260613T090652Z,125,524288000,ru,forget,1.559826,4.757994,-0.08763
curr_td_f20_g1_lr5.5e-5_a4_20260613T090652Z,150,629145600,ru,forget,1.557111,4.745094,-0.09034
curr_td_f20_g1_lr5.5e-5_a4_20260613T090652Z,175,734003200,ru,forget,1.554552,4.732968,-0.0929
curr_td_f20_g1_lr5.5e-5_a4_20260613T090652Z,200,838860800,ru,forget,1.556587,4.742605,-0.09087
curr_td_f20_g1_lr5.5e-5_a4_20260613T090652Z,225,943718400,ru,forget,1.555175,4.735917,-0.09228
curr_td_f20_g1_lr5.5e-5_a4_20260613T090652Z,250,1048576000,ru,forget,1.553415,4.727585,-0.09404
curr_td_f20_g1_lr5.5e-5_a4_20260613T090652Z,275,1153433600,ru,forget,1.554602,4.733202,-0.09285
curr_td_f20_g1_lr5.5e-5_a4_20260613T090652Z,300,1258291200,ru,forget,1.553731,4.729082,-0.09372
curr_td_f20_g1_lr5.5e-5_a4_20260613T090652Z,325,1363148800,ru,forget,1.552957,4.725423,-0.0945
curr_td_f20_g1_lr5.5e-5_a4_20260613T090652Z,350,1468006400,ru,forget,1.554454,4.732503,-0.093
curr_td_f20_g1_lr5.5e-5_a4_20260613T090652Z,375,1572864000,ru,forget,1.561721,4.76702,-0.08573
curr_td_f20_g1_lr5.5e-5_a4_20260613T090652Z,400,1677721600,ru,forget,1.554233,4.731458,-0.09322
curr_td_f20_g1_lr5.5e-5_a4_20260613T090652Z,425,1782579200,ru,forget,1.560193,4.759741,-0.08726
curr_td_f20_g1_lr5.5e-5_a4_20260613T090652Z,450,1887436800,ru,forget,1.556036,4.739995,-0.09142
curr_td_f20_g1_lr5.5e-5_a4_20260613T090652Z,475,1992294400,ru,forget,1.556278,4.741141,-0.09118
curr_td_f20_g1_lr5.5e-5_a4_20260613T090652Z,500,2097152000,ru,forget,1.556389,4.741669,-0.09106
curr_td_f20_g1_lr5.5e-5_a4_20260613T090652Z,525,2202009600,ru,forget,1.559074,4.754418,-0.08838
curr_td_f20_g1_lr5.5e-5_a4_20260613T090652Z,550,2306867200,ru,forget,1.558838,4.753293,-0.08862
curr_td_f20_g1_lr5.5e-5_a4_20260613T090652Z,575,2411724800,ru,forget,1.557524,4.747052,-0.08993
curr_td_f20_g1_lr5.5e-5_a4_20260613T090652Z,600,2516582400,ru,forget,1.561094,4.764029,-0.08636
curr_td_f20_g1_lr5.5e-5_a4_20260613T090652Z,625,2621440000,ru,forget,1.558364,4.751043,-0.08909
curr_td_f20_g1_lr5.5e-5_a4_20260613T090652Z,650,2726297600,ru,forget,1.558945,4.753804,-0.08851
curr_td_f20_g1_lr5.5e-5_a4_20260613T090652Z,675,2831155200,ru,forget,1.559367,4.755809,-0.08809
curr_td_f20_g1_lr5.5e-5_a4_20260613T090652Z,700,2936012800,ru,forget,1.560824,4.762746,-0.08663
curr_td_f20_g1_lr5.5e-5_a4_20260613T090652Z,725,3040870400,ru,forget,1.559397,4.755953,-0.08806
curr_td_f20_g1_lr5.5e-5_a4_20260613T090652Z,750,3145728000,ru,forget,1.562038,4.768528,-0.08542
curr_td_f20_g1_lr5.5e-5_a4_20260613T090652Z,775,3250585600,ru,forget,1.560316,4.760326,-0.08714
curr_td_f20_g1_lr5.5e-5_a4_20260613T090652Z,800,3355443200,ru,forget,1.564305,4.779354,-0.08315
curr_td_f20_g1_lr5.5e-5_a4_20260613T090652Z,825,3460300800,ru,forget,1.563004,4.77314,-0.08445
curr_td_f20_g1_lr5.5e-5_a4_20260613T090652Z,850,3565158400,ru,forget,1.564136,4.778542,-0.08332
curr_td_f20_g1_lr5.5e-5_a4_20260613T090652Z,875,3670016000,ru,forget,1.561864,4.767702,-0.08559
curr_td_f20_g1_lr5.5e-5_a4_20260613T090652Z,900,3774873600,ru,forget,1.56477,4.781577,-0.08268
curr_td_f20_g1_lr5.5e-5_a4_20260613T090652Z,925,3879731200,ru,forget,1.563378,4.774922,-0.08408
curr_td_f20_g1_lr5.5e-5_a4_20260613T090652Z,950,3984588800,ru,forget,1.564054,4.778151,-0.0834
curr_td_f20_g1_lr5.5e-5_a4_20260613T090652Z,975,4089446400,ru,forget,1.564783,4.781635,-0.08267
curr_td_f20_g1_lr5.5e-5_a4_20260613T090652Z,1000,4194304000,ru,forget,1.565895,4.786957,-0.08156
curr_td_f20_g1_lr5.5e-5_a4_20260613T090652Z,1025,4299161600,ru,forget,1.566846,4.79151,-0.08061
curr_td_f20_g1_lr5.5e-5_a4_20260613T090652Z,1050,4404019200,ru,forget,1.566774,4.791169,-0.08068
curr_td_f20_g1_lr5.5e-5_a4_20260613T090652Z,1075,4508876800,ru,forget,1.566518,4.789941,-0.08093
curr_td_f20_g1_lr5.5e-5_a4_20260613T090652Z,1100,4613734400,ru,forget,1.566493,4.78982,-0.08096
curr_td_f20_g1_lr5.5e-5_a4_20260613T090652Z,1125,4718592000,ru,forget,1.569938,4.806349,-0.07752
curr_td_f20_g1_lr5.5e-5_a4_20260613T090652Z,1150,4823449600,ru,forget,1.569157,4.802598,-0.0783
curr_td_f20_g1_lr5.5e-5_a4_20260613T090652Z,1175,4928307200,ru,forget,1.569055,4.802109,-0.0784
curr_td_f20_g1_lr5.5e-5_a4_20260613T090652Z,1200,5033164800,ru,forget,1.570569,4.809384,-0.07688
curr_td_f20_g1_lr5.5e-5_a4_20260613T090652Z,1225,5138022400,ru,forget,1.570199,4.807604,-0.07725
curr_td_f20_g1_lr5.5e-5_a4_20260613T090652Z,1250,5242880000,ru,forget,1.57079,4.810446,-0.07666
curr_td_f20_g1_lr5.5e-5_a4_20260613T090652Z,1275,5347737600,ru,forget,1.572339,4.817903,-0.07511
curr_td_f20_g1_lr5.5e-5_a4_20260613T090652Z,1300,5452595200,ru,forget,1.572642,4.819366,-0.07481
curr_td_f20_g1_lr5.5e-5_a4_20260613T090652Z,1325,5557452800,ru,forget,1.572648,4.819391,-0.07481
curr_td_f20_g1_lr5.5e-5_a4_20260613T090652Z,1350,5662310400,ru,forget,1.571605,4.814369,-0.07585
curr_td_f20_g1_lr5.5e-5_a4_20260613T090652Z,1375,5767168000,ru,forget,1.574684,4.829213,-0.07277
curr_td_f20_g1_lr5.5e-5_a4_20260613T090652Z,1400,5872025600,ru,forget,1.576761,4.839258,-0.07069
curr_td_f20_g1_lr5.5e-5_a4_20260613T090652Z,1425,5976883200,ru,forget,1.575113,4.831287,-0.07234
curr_td_f20_g1_lr5.5e-5_a4_20260613T090652Z,1450,6081740800,ru,forget,1.574751,4.829538,-0.0727
curr_td_f20_g1_lr5.5e-5_a4_20260613T090652Z,1475,6186598400,ru,forget,1.574435,4.828012,-0.07302
curr_td_f20_g1_lr5.5e-5_a4_20260613T090652Z,1500,6291456000,ru,forget,1.575278,4.832087,-0.07218
curr_td_f20_g1_lr5.5e-5_a4_20260613T090652Z,1525,6396313600,ru,forget,1.575653,4.833899,-0.0718
curr_td_f20_g1_lr5.5e-5_a4_20260613T090652Z,1550,6501171200,ru,forget,1.578004,4.845276,-0.06945
curr_td_f20_g1_lr5.5e-5_a4_20260613T090652Z,1575,6606028800,ru,forget,1.577721,4.843905,-0.06973
curr_td_f20_g1_lr5.5e-5_a4_20260613T090652Z,1600,6710886400,ru,forget,1.577096,4.840876,-0.07036
curr_td_f20_g1_lr5.5e-5_a4_20260613T090652Z,1625,6815744000,ru,forget,1.57833,4.846854,-0.06912
curr_td_f20_g1_lr5.5e-5_a4_20260613T090652Z,1650,6920601600,ru,forget,1.581986,4.864607,-0.06547
curr_td_f20_g1_lr5.5e-5_a4_20260613T090652Z,1675,7025459200,ru,forget,1.580205,4.85595,-0.06725
curr_td_f20_g1_lr5.5e-5_a4_20260613T090652Z,1700,7130316800,ru,forget,1.58024,4.856123,-0.06721
curr_td_f20_g1_lr5.5e-5_a4_20260613T090652Z,1725,7235174400,ru,forget,1.580721,4.858459,-0.06673
curr_td_f20_g1_lr5.5e-5_a4_20260613T090652Z,1750,7340032000,ru,forget,1.580723,4.858469,-0.06673
curr_td_f20_g1_lr5.5e-5_a4_20260613T090652Z,1775,7444889600,ru,forget,1.582641,4.867795,-0.06481
curr_td_f20_g1_lr5.5e-5_a4_20260613T090652Z,1800,7549747200,ru,forget,1.582794,4.868539,-0.06466
curr_td_f20_g1_lr5.5e-5_a4_20260613T090652Z,1825,7654604800,ru,forget,1.585887,4.88362,-0.06157
curr_td_f20_g1_lr5.5e-5_a4_20260613T090652Z,1850,7759462400,ru,forget,1.584983,4.879208,-0.06247
curr_td_f20_g1_lr5.5e-5_a4_20260613T090652Z,1875,7864320000,ru,forget,1.585165,4.880097,-0.06229
curr_td_f20_g1_lr5.5e-5_a4_20260613T090652Z,1900,7969177600,ru,forget,1.584238,4.875573,-0.06322
curr_td_f20_g1_lr5.5e-5_a4_20260613T090652Z,1925,8074035200,ru,forget,1.586658,4.88739,-0.0608
curr_td_f20_g1_lr5.5e-5_a4_20260613T090652Z,1950,8178892800,ru,forget,1.585975,4.88405,-0.06148
curr_td_f20_g1_lr5.5e-5_a4_20260613T090652Z,1975,8283750400,ru,forget,1.587098,4.889538,-0.06036
curr_td_f20_g1_lr5.5e-5_a4_20260613T090652Z,2000,8388608000,ru,forget,1.589359,4.900609,-0.05809
curr_td_f20_g1_lr5.5e-5_a4_20260613T090652Z,2025,8493465600,ru,forget,1.589472,4.901158,-0.05798
curr_td_f20_g1_lr5.5e-5_a4_20260613T090652Z,2050,8598323200,ru,forget,1.589885,4.903183,-0.05757
curr_td_f20_g1_lr5.5e-5_a4_20260613T090652Z,2075,8703180800,ru,forget,1.590478,4.906094,-0.05697
curr_td_f20_g1_lr5.5e-5_a4_20260613T090652Z,2100,8808038400,ru,forget,1.590067,4.904079,-0.05739
curr_td_f20_g1_lr5.5e-5_a4_20260613T090652Z,2125,8912896000,ru,forget,1.590841,4.907877,-0.05661
curr_td_f20_g1_lr5.5e-5_a4_20260613T090652Z,2150,9017753600,ru,forget,1.591378,4.910512,-0.05608
curr_td_f20_g1_lr5.5e-5_a4_20260613T090652Z,2175,9122611200,ru,forget,1.591804,4.912605,-0.05565
curr_td_f20_g1_lr5.5e-5_a4_20260613T090652Z,2200,9227468800,ru,forget,1.593646,4.92166,-0.05381
curr_td_f20_g1_lr5.5e-5_a4_20260613T090652Z,2225,9332326400,ru,forget,1.595867,4.932606,-0.05159
curr_td_f20_g1_lr5.5e-5_a4_20260613T090652Z,2250,9437184000,ru,forget,1.595837,4.932453,-0.05162
curr_td_f20_g1_lr5.5e-5_a4_20260613T090652Z,2275,9542041600,ru,forget,1.598573,4.945968,-0.04888
curr_td_f20_g1_lr5.5e-5_a4_20260613T090652Z,2300,9646899200,ru,forget,1.598044,4.943355,-0.04941
curr_td_f20_g1_lr5.5e-5_a4_20260613T090652Z,2325,9751756800,ru,forget,1.598654,4.94637,-0.0488
curr_td_f20_g1_lr5.5e-5_a4_20260613T090652Z,2350,9856614400,ru,forget,1.598938,4.947774,-0.04852
curr_td_f20_g1_lr5.5e-5_a4_20260613T090652Z,2375,9961472000,ru,forget,1.600769,4.956844,-0.04668
curr_td_f20_g1_lr5.5e-5_a4_20260613T090652Z,2400,10066329600,ru,forget,1.600356,4.954795,-0.0471
curr_td_f20_g1_lr5.5e-5_a4_20260613T090652Z,2425,10171187200,ru,forget,1.601728,4.961599,-0.04573
curr_td_f20_g1_lr5.5e-5_a4_20260613T090652Z,2450,10276044800,ru,forget,1.601158,4.95877,-0.04629
curr_td_f20_g1_lr5.5e-5_a4_20260613T090652Z,2475,10380902400,ru,forget,1.601293,4.959439,-0.04616
curr_td_f20_g1_lr5.5e-5_a4_20260613T090652Z,2500,10485760000,ru,forget,1.603229,4.969049,-0.04422
curr_td_f20_g1_lr5.5e-5_a4_20260613T090652Z,2525,10590617600,ru,forget,1.604782,4.976776,-0.04267
curr_td_f20_g1_lr5.5e-5_a4_20260613T090652Z,2550,10695475200,ru,forget,1.604391,4.974827,-0.04306
curr_td_f20_g1_lr5.5e-5_a4_20260613T090652Z,2575,10800332800,ru,forget,1.606398,4.984822,-0.04106
curr_td_f20_g1_lr5.5e-5_a4_20260613T090652Z,2600,10905190400,ru,forget,1.606611,4.985887,-0.04084
curr_td_f20_g1_lr5.5e-5_a4_20260613T090652Z,2625,11010048000,ru,forget,1.606951,4.987583,-0.0405
curr_td_f20_g1_lr5.5e-5_a4_20260613T090652Z,2650,11114905600,ru,forget,1.606274,4.984204,-0.04118
curr_td_f20_g1_lr5.5e-5_a4_20260613T090652Z,2675,11219763200,ru,forget,1.605793,4.981807,-0.04166
curr_td_f20_g1_lr5.5e-5_a4_20260613T090652Z,2700,11324620800,ru,forget,1.606204,4.983858,-0.04125
curr_td_f20_g1_lr5.5e-5_a4_20260613T090652Z,2725,11429478400,ru,forget,1.605888,4.982283,-0.04157
curr_td_f20_g1_lr5.5e-5_a4_20260613T090652Z,2750,11534336000,ru,forget,1.606866,4.987156,-0.04059
curr_td_f20_g1_lr5.5e-5_a4_20260613T090652Z,2775,11639193600,ru,forget,1.606269,4.984179,-0.04118
curr_td_f20_g1_lr5.5e-5_a4_20260613T090652Z,2800,11744051200,ru,forget,1.606024,4.982958,-0.04143
curr_td_f20_g1_lr5.5e-5_a4_20260613T090652Z,2825,11848908800,ru,forget,1.606866,4.987158,-0.04059
curr_td_f20_g1_lr5.5e-5_a4_20260613T090652Z,2850,11953766400,ru,forget,1.606432,4.984994,-0.04102
curr_td_f20_g1_lr5.5e-5_a4_20260613T090652Z,2875,12058624000,ru,forget,1.605216,4.978934,-0.04224
curr_td_f20_g1_lr5.5e-5_a4_20260613T090652Z,2900,12163481600,ru,forget,1.605276,4.979236,-0.04218
curr_td_f20_g1_lr5.5e-5_a4_20260613T090652Z,2925,12268339200,ru,forget,1.605029,4.978002,-0.04242
curr_td_f20_g1_lr5.5e-5_a4_20260613T090652Z,2950,12373196800,ru,forget,1.604546,4.975599,-0.04291
curr_td_f20_g1_lr5.5e-5_a4_20260613T090652Z,2975,12478054400,ru,forget,1.604348,4.974614,-0.0431
curr_td_f20_g1_lr5.5e-5_a4_20260613T090652Z,3000,12582912000,ru,forget,1.604795,4.97684,-0.04266
curr_td_f20_g1_lr5.5e-5_a4_20260613T090652Z,3025,12687769600,ru,forget,1.604001,4.97289,-0.04345
curr_td_f20_g1_lr5.5e-5_a4_20260613T090652Z,3050,12792627200,ru,forget,1.604629,4.976014,-0.04282
curr_td_f20_g1_lr5.5e-5_a4_20260613T090652Z,3075,12897484800,ru,forget,1.603921,4.972491,-0.04353
curr_td_f20_g1_lr5.5e-5_a4_20260613T090652Z,3100,13002342400,ru,forget,1.604523,4.975485,-0.04293
curr_td_f20_g1_lr5.5e-5_a4_20260613T090652Z,3125,13107200000,ru,forget,1.603573,4.970762,-0.04388
curr_td_f20_g1_lr5.5e-5_a4_20260613T090652Z,3150,13212057600,ru,forget,1.603493,4.970365,-0.04396
curr_td_f20_g1_lr5.5e-5_a4_20260613T090652Z,3175,13316915200,ru,forget,1.603775,4.971763,-0.04368
curr_td_f20_g1_lr5.5e-5_a4_20260613T090652Z,3200,13421772800,ru,forget,1.603417,4.969986,-0.04404
curr_td_f20_g1_lr5.5e-5_a4_20260613T090652Z,25,104857600,zh,forget,1.907005,6.732893,0.0
curr_td_f20_g1_lr5.5e-5_a4_20260613T090652Z,50,209715200,zh,forget,1.860943,6.4298,-0.04606
curr_td_f20_g1_lr5.5e-5_a4_20260613T090652Z,75,314572800,zh,forget,1.813923,6.134465,-0.09308
curr_td_f20_g1_lr5.5e-5_a4_20260613T090652Z,100,419430400,zh,forget,1.793922,6.01299,-0.11308
curr_td_f20_g1_lr5.5e-5_a4_20260613T090652Z,125,524288000,zh,forget,1.782857,5.94682,-0.12415
curr_td_f20_g1_lr5.5e-5_a4_20260613T090652Z,150,629145600,zh,forget,1.777822,5.916955,-0.12918
curr_td_f20_g1_lr5.5e-5_a4_20260613T090652Z,175,734003200,zh,forget,1.772896,5.887881,-0.13411
curr_td_f20_g1_lr5.5e-5_a4_20260613T090652Z,200,838860800,zh,forget,1.774132,5.895161,-0.13287
curr_td_f20_g1_lr5.5e-5_a4_20260613T090652Z,225,943718400,zh,forget,1.770494,5.873753,-0.13651
curr_td_f20_g1_lr5.5e-5_a4_20260613T090652Z,250,1048576000,zh,forget,1.767429,5.855779,-0.13958
curr_td_f20_g1_lr5.5e-5_a4_20260613T090652Z,275,1153433600,zh,forget,1.767676,5.857227,-0.13933
curr_td_f20_g1_lr5.5e-5_a4_20260613T090652Z,300,1258291200,zh,forget,1.766426,5.84991,-0.14058
curr_td_f20_g1_lr5.5e-5_a4_20260613T090652Z,325,1363148800,zh,forget,1.765321,5.843447,-0.14168
curr_td_f20_g1_lr5.5e-5_a4_20260613T090652Z,350,1468006400,zh,forget,1.766125,5.848149,-0.14088
curr_td_f20_g1_lr5.5e-5_a4_20260613T090652Z,375,1572864000,zh,forget,1.77435,5.896449,-0.13265
curr_td_f20_g1_lr5.5e-5_a4_20260613T090652Z,400,1677721600,zh,forget,1.764544,5.838907,-0.14246
curr_td_f20_g1_lr5.5e-5_a4_20260613T090652Z,425,1782579200,zh,forget,1.769154,5.865891,-0.13785
curr_td_f20_g1_lr5.5e-5_a4_20260613T090652Z,450,1887436800,zh,forget,1.765958,5.84717,-0.14105
curr_td_f20_g1_lr5.5e-5_a4_20260613T090652Z,475,1992294400,zh,forget,1.765781,5.846135,-0.14122
curr_td_f20_g1_lr5.5e-5_a4_20260613T090652Z,500,2097152000,zh,forget,1.765703,5.845683,-0.1413
curr_td_f20_g1_lr5.5e-5_a4_20260613T090652Z,525,2202009600,zh,forget,1.768129,5.859878,-0.13888
curr_td_f20_g1_lr5.5e-5_a4_20260613T090652Z,550,2306867200,zh,forget,1.766881,5.852573,-0.14012
curr_td_f20_g1_lr5.5e-5_a4_20260613T090652Z,575,2411724800,zh,forget,1.765843,5.846501,-0.14116
curr_td_f20_g1_lr5.5e-5_a4_20260613T090652Z,600,2516582400,zh,forget,1.770886,5.876056,-0.13612
curr_td_f20_g1_lr5.5e-5_a4_20260613T090652Z,625,2621440000,zh,forget,1.766708,5.851558,-0.1403
curr_td_f20_g1_lr5.5e-5_a4_20260613T090652Z,650,2726297600,zh,forget,1.767705,5.857395,-0.1393
curr_td_f20_g1_lr5.5e-5_a4_20260613T090652Z,675,2831155200,zh,forget,1.767455,5.85593,-0.13955
curr_td_f20_g1_lr5.5e-5_a4_20260613T090652Z,700,2936012800,zh,forget,1.768849,5.864102,-0.13816
curr_td_f20_g1_lr5.5e-5_a4_20260613T090652Z,725,3040870400,zh,forget,1.767686,5.857286,-0.13932
curr_td_f20_g1_lr5.5e-5_a4_20260613T090652Z,750,3145728000,zh,forget,1.769585,5.868418,-0.13742
curr_td_f20_g1_lr5.5e-5_a4_20260613T090652Z,775,3250585600,zh,forget,1.767874,5.858388,-0.13913
curr_td_f20_g1_lr5.5e-5_a4_20260613T090652Z,800,3355443200,zh,forget,1.772222,5.883914,-0.13478
curr_td_f20_g1_lr5.5e-5_a4_20260613T090652Z,825,3460300800,zh,forget,1.77116,5.877666,-0.13584
curr_td_f20_g1_lr5.5e-5_a4_20260613T090652Z,850,3565158400,zh,forget,1.772115,5.883284,-0.13489
curr_td_f20_g1_lr5.5e-5_a4_20260613T090652Z,875,3670016000,zh,forget,1.769397,5.867317,-0.13761
curr_td_f20_g1_lr5.5e-5_a4_20260613T090652Z,900,3774873600,zh,forget,1.773315,5.890349,-0.13369
curr_td_f20_g1_lr5.5e-5_a4_20260613T090652Z,925,3879731200,zh,forget,1.771348,5.878773,-0.13566
curr_td_f20_g1_lr5.5e-5_a4_20260613T090652Z,950,3984588800,zh,forget,1.771418,5.879186,-0.13559
curr_td_f20_g1_lr5.5e-5_a4_20260613T090652Z,975,4089446400,zh,forget,1.77218,5.883664,-0.13482
curr_td_f20_g1_lr5.5e-5_a4_20260613T090652Z,1000,4194304000,zh,forget,1.773032,5.888679,-0.13397
curr_td_f20_g1_lr5.5e-5_a4_20260613T090652Z,1025,4299161600,zh,forget,1.773912,5.893863,-0.13309
curr_td_f20_g1_lr5.5e-5_a4_20260613T090652Z,1050,4404019200,zh,forget,1.774177,5.895425,-0.13283
curr_td_f20_g1_lr5.5e-5_a4_20260613T090652Z,1075,4508876800,zh,forget,1.774001,5.894392,-0.133
curr_td_f20_g1_lr5.5e-5_a4_20260613T090652Z,1100,4613734400,zh,forget,1.774292,5.896107,-0.13271
curr_td_f20_g1_lr5.5e-5_a4_20260613T090652Z,1125,4718592000,zh,forget,1.777583,5.915543,-0.12942
curr_td_f20_g1_lr5.5e-5_a4_20260613T090652Z,1150,4823449600,zh,forget,1.777475,5.914902,-0.12953
curr_td_f20_g1_lr5.5e-5_a4_20260613T090652Z,1175,4928307200,zh,forget,1.777343,5.914122,-0.12966
curr_td_f20_g1_lr5.5e-5_a4_20260613T090652Z,1200,5033164800,zh,forget,1.77827,5.919607,-0.12874
curr_td_f20_g1_lr5.5e-5_a4_20260613T090652Z,1225,5138022400,zh,forget,1.778018,5.918114,-0.12899
curr_td_f20_g1_lr5.5e-5_a4_20260613T090652Z,1250,5242880000,zh,forget,1.778533,5.921166,-0.12847
curr_td_f20_g1_lr5.5e-5_a4_20260613T090652Z,1275,5347737600,zh,forget,1.780602,5.933426,-0.1264
curr_td_f20_g1_lr5.5e-5_a4_20260613T090652Z,1300,5452595200,zh,forget,1.781032,5.93598,-0.12597
curr_td_f20_g1_lr5.5e-5_a4_20260613T090652Z,1325,5557452800,zh,forget,1.781117,5.936485,-0.12589
curr_td_f20_g1_lr5.5e-5_a4_20260613T090652Z,1350,5662310400,zh,forget,1.780095,5.930418,-0.12691
curr_td_f20_g1_lr5.5e-5_a4_20260613T090652Z,1375,5767168000,zh,forget,1.783119,5.948378,-0.12389
curr_td_f20_g1_lr5.5e-5_a4_20260613T090652Z,1400,5872025600,zh,forget,1.786595,5.969094,-0.12041
curr_td_f20_g1_lr5.5e-5_a4_20260613T090652Z,1425,5976883200,zh,forget,1.783357,5.949797,-0.12365
curr_td_f20_g1_lr5.5e-5_a4_20260613T090652Z,1450,6081740800,zh,forget,1.783486,5.950566,-0.12352
curr_td_f20_g1_lr5.5e-5_a4_20260613T090652Z,1475,6186598400,zh,forget,1.783097,5.948251,-0.12391
curr_td_f20_g1_lr5.5e-5_a4_20260613T090652Z,1500,6291456000,zh,forget,1.784158,5.954566,-0.12285
curr_td_f20_g1_lr5.5e-5_a4_20260613T090652Z,1525,6396313600,zh,forget,1.784694,5.957758,-0.12231
curr_td_f20_g1_lr5.5e-5_a4_20260613T090652Z,1550,6501171200,zh,forget,1.787006,5.971548,-0.12
curr_td_f20_g1_lr5.5e-5_a4_20260613T090652Z,1575,6606028800,zh,forget,1.787216,5.972803,-0.11979
curr_td_f20_g1_lr5.5e-5_a4_20260613T090652Z,1600,6710886400,zh,forget,1.786237,5.966957,-0.12077
curr_td_f20_g1_lr5.5e-5_a4_20260613T090652Z,1625,6815744000,zh,forget,1.78727,5.973123,-0.11974
curr_td_f20_g1_lr5.5e-5_a4_20260613T090652Z,1650,6920601600,zh,forget,1.789315,5.985352,-0.11769
curr_td_f20_g1_lr5.5e-5_a4_20260613T090652Z,1675,7025459200,zh,forget,1.789488,5.986386,-0.11752
curr_td_f20_g1_lr5.5e-5_a4_20260613T090652Z,1700,7130316800,zh,forget,1.789594,5.987024,-0.11741
curr_td_f20_g1_lr5.5e-5_a4_20260613T090652Z,1725,7235174400,zh,forget,1.790662,5.993417,-0.11634
curr_td_f20_g1_lr5.5e-5_a4_20260613T090652Z,1750,7340032000,zh,forget,1.790441,5.992096,-0.11656
curr_td_f20_g1_lr5.5e-5_a4_20260613T090652Z,1775,7444889600,zh,forget,1.792582,6.004936,-0.11442
curr_td_f20_g1_lr5.5e-5_a4_20260613T090652Z,1800,7549747200,zh,forget,1.793211,6.008714,-0.11379
curr_td_f20_g1_lr5.5e-5_a4_20260613T090652Z,1825,7654604800,zh,forget,1.796296,6.027278,-0.11071
curr_td_f20_g1_lr5.5e-5_a4_20260613T090652Z,1850,7759462400,zh,forget,1.795397,6.021862,-0.11161
curr_td_f20_g1_lr5.5e-5_a4_20260613T090652Z,1875,7864320000,zh,forget,1.796232,6.026897,-0.11077
curr_td_f20_g1_lr5.5e-5_a4_20260613T090652Z,1900,7969177600,zh,forget,1.794922,6.019005,-0.11208
curr_td_f20_g1_lr5.5e-5_a4_20260613T090652Z,1925,8074035200,zh,forget,1.797789,6.036288,-0.10922
curr_td_f20_g1_lr5.5e-5_a4_20260613T090652Z,1950,8178892800,zh,forget,1.797168,6.032536,-0.10984
curr_td_f20_g1_lr5.5e-5_a4_20260613T090652Z,1975,8283750400,zh,forget,1.799019,6.043714,-0.10799
curr_td_f20_g1_lr5.5e-5_a4_20260613T090652Z,2000,8388608000,zh,forget,1.800758,6.054236,-0.10625
curr_td_f20_g1_lr5.5e-5_a4_20260613T090652Z,2025,8493465600,zh,forget,1.80131,6.057577,-0.1057
curr_td_f20_g1_lr5.5e-5_a4_20260613T090652Z,2050,8598323200,zh,forget,1.802228,6.063143,-0.10478
curr_td_f20_g1_lr5.5e-5_a4_20260613T090652Z,2075,8703180800,zh,forget,1.802388,6.06411,-0.10462
curr_td_f20_g1_lr5.5e-5_a4_20260613T090652Z,2100,8808038400,zh,forget,1.80233,6.06376,-0.10468
curr_td_f20_g1_lr5.5e-5_a4_20260613T090652Z,2125,8912896000,zh,forget,1.803175,6.068883,-0.10383
curr_td_f20_g1_lr5.5e-5_a4_20260613T090652Z,2150,9017753600,zh,forget,1.80426,6.075472,-0.10275
curr_td_f20_g1_lr5.5e-5_a4_20260613T090652Z,2175,9122611200,zh,forget,1.804368,6.07613,-0.10264
curr_td_f20_g1_lr5.5e-5_a4_20260613T090652Z,2200,9227468800,zh,forget,1.806166,6.087067,-0.10084
curr_td_f20_g1_lr5.5e-5_a4_20260613T090652Z,2225,9332326400,zh,forget,1.808033,6.098441,-0.09897
curr_td_f20_g1_lr5.5e-5_a4_20260613T090652Z,2250,9437184000,zh,forget,1.808954,6.104057,-0.09805
curr_td_f20_g1_lr5.5e-5_a4_20260613T090652Z,2275,9542041600,zh,forget,1.812119,6.123411,-0.09489
curr_td_f20_g1_lr5.5e-5_a4_20260613T090652Z,2300,9646899200,zh,forget,1.811452,6.119325,-0.09555
curr_td_f20_g1_lr5.5e-5_a4_20260613T090652Z,2325,9751756800,zh,forget,1.811925,6.122222,-0.09508
curr_td_f20_g1_lr5.5e-5_a4_20260613T090652Z,2350,9856614400,zh,forget,1.81215,6.123598,-0.09486
curr_td_f20_g1_lr5.5e-5_a4_20260613T090652Z,2375,9961472000,zh,forget,1.814023,6.135082,-0.09298
curr_td_f20_g1_lr5.5e-5_a4_20260613T090652Z,2400,10066329600,zh,forget,1.813959,6.134684,-0.09305
curr_td_f20_g1_lr5.5e-5_a4_20260613T090652Z,2425,10171187200,zh,forget,1.815329,6.143097,-0.09168
curr_td_f20_g1_lr5.5e-5_a4_20260613T090652Z,2450,10276044800,zh,forget,1.814863,6.140234,-0.09214
curr_td_f20_g1_lr5.5e-5_a4_20260613T090652Z,2475,10380902400,zh,forget,1.815893,6.146563,-0.09111
curr_td_f20_g1_lr5.5e-5_a4_20260613T090652Z,2500,10485760000,zh,forget,1.81775,6.157988,-0.08926
curr_td_f20_g1_lr5.5e-5_a4_20260613T090652Z,2525,10590617600,zh,forget,1.820054,6.172194,-0.08695
curr_td_f20_g1_lr5.5e-5_a4_20260613T090652Z,2550,10695475200,zh,forget,1.819501,6.168778,-0.0875
curr_td_f20_g1_lr5.5e-5_a4_20260613T090652Z,2575,10800332800,zh,forget,1.821766,6.182765,-0.08524
curr_td_f20_g1_lr5.5e-5_a4_20260613T090652Z,2600,10905190400,zh,forget,1.822305,6.186102,-0.0847
curr_td_f20_g1_lr5.5e-5_a4_20260613T090652Z,2625,11010048000,zh,forget,1.822656,6.188274,-0.08435
curr_td_f20_g1_lr5.5e-5_a4_20260613T090652Z,2650,11114905600,zh,forget,1.821841,6.183228,-0.08516
curr_td_f20_g1_lr5.5e-5_a4_20260613T090652Z,2675,11219763200,zh,forget,1.821503,6.181144,-0.0855
curr_td_f20_g1_lr5.5e-5_a4_20260613T090652Z,2700,11324620800,zh,forget,1.822095,6.184802,-0.08491
curr_td_f20_g1_lr5.5e-5_a4_20260613T090652Z,2725,11429478400,zh,forget,1.8215,6.181122,-0.08551
curr_td_f20_g1_lr5.5e-5_a4_20260613T090652Z,2750,11534336000,zh,forget,1.822763,6.188932,-0.08424
curr_td_f20_g1_lr5.5e-5_a4_20260613T090652Z,2775,11639193600,zh,forget,1.822124,6.184984,-0.08488
curr_td_f20_g1_lr5.5e-5_a4_20260613T090652Z,2800,11744051200,zh,forget,1.821613,6.181824,-0.08539
curr_td_f20_g1_lr5.5e-5_a4_20260613T090652Z,2825,11848908800,zh,forget,1.822452,6.187008,-0.08455
curr_td_f20_g1_lr5.5e-5_a4_20260613T090652Z,2850,11953766400,zh,forget,1.821907,6.183637,-0.0851
curr_td_f20_g1_lr5.5e-5_a4_20260613T090652Z,2875,12058624000,zh,forget,1.820676,6.17603,-0.08633
curr_td_f20_g1_lr5.5e-5_a4_20260613T090652Z,2900,12163481600,zh,forget,1.820847,6.177085,-0.08616
curr_td_f20_g1_lr5.5e-5_a4_20260613T090652Z,2925,12268339200,zh,forget,1.820897,6.177396,-0.08611
curr_td_f20_g1_lr5.5e-5_a4_20260613T090652Z,2950,12373196800,zh,forget,1.819976,6.17171,-0.08703
curr_td_f20_g1_lr5.5e-5_a4_20260613T090652Z,2975,12478054400,zh,forget,1.81986,6.170997,-0.08715
curr_td_f20_g1_lr5.5e-5_a4_20260613T090652Z,3000,12582912000,zh,forget,1.820547,6.175235,-0.08646
curr_td_f20_g1_lr5.5e-5_a4_20260613T090652Z,3025,12687769600,zh,forget,1.819536,6.168996,-0.08747
curr_td_f20_g1_lr5.5e-5_a4_20260613T090652Z,3050,12792627200,zh,forget,1.820538,6.175177,-0.08647
curr_td_f20_g1_lr5.5e-5_a4_20260613T090652Z,3075,12897484800,zh,forget,1.819731,6.170201,-0.08727
curr_td_f20_g1_lr5.5e-5_a4_20260613T090652Z,3100,13002342400,zh,forget,1.820404,6.174353,-0.0866
curr_td_f20_g1_lr5.5e-5_a4_20260613T090652Z,3125,13107200000,zh,forget,1.819014,6.165775,-0.08799
curr_td_f20_g1_lr5.5e-5_a4_20260613T090652Z,3150,13212057600,zh,forget,1.819164,6.1667,-0.08784
curr_td_f20_g1_lr5.5e-5_a4_20260613T090652Z,3175,13316915200,zh,forget,1.819322,6.167676,-0.08768
curr_td_f20_g1_lr5.5e-5_a4_20260613T090652Z,3200,13421772800,zh,forget,1.818861,6.164833,-0.08814
curr_td_f20_g1_lr5.5e-5_a8_20260613T090652Z,25,104857600,code,forget,0.7777395,2.176547,0.0
curr_td_f20_g1_lr5.5e-5_a8_20260613T090652Z,50,209715200,code,forget,0.7328562,2.081016,-0.04488
curr_td_f20_g1_lr5.5e-5_a8_20260613T090652Z,75,314572800,code,forget,0.7093312,2.032631,-0.06841
curr_td_f20_g1_lr5.5e-5_a8_20260613T090652Z,100,419430400,code,forget,0.694867,2.003443,-0.08287
curr_td_f20_g1_lr5.5e-5_a8_20260613T090652Z,125,524288000,code,forget,0.6850299,1.983831,-0.09271
curr_td_f20_g1_lr5.5e-5_a8_20260613T090652Z,150,629145600,code,forget,0.6814547,1.976751,-0.09628
curr_td_f20_g1_lr5.5e-5_a8_20260613T090652Z,175,734003200,code,forget,0.6771294,1.96822,-0.10061
curr_td_f20_g1_lr5.5e-5_a8_20260613T090652Z,200,838860800,code,forget,0.6754448,1.964907,-0.10229
curr_td_f20_g1_lr5.5e-5_a8_20260613T090652Z,225,943718400,code,forget,0.6699545,1.954148,-0.10779
curr_td_f20_g1_lr5.5e-5_a8_20260613T090652Z,250,1048576000,code,forget,0.6698011,1.953849,-0.10794
curr_td_f20_g1_lr5.5e-5_a8_20260613T090652Z,275,1153433600,code,forget,0.6707818,1.955766,-0.10696
curr_td_f20_g1_lr5.5e-5_a8_20260613T090652Z,300,1258291200,code,forget,0.6692107,1.952696,-0.10853
curr_td_f20_g1_lr5.5e-5_a8_20260613T090652Z,325,1363148800,code,forget,0.6666625,1.947726,-0.11108
curr_td_f20_g1_lr5.5e-5_a8_20260613T090652Z,350,1468006400,code,forget,0.6660391,1.946512,-0.1117
curr_td_f20_g1_lr5.5e-5_a8_20260613T090652Z,375,1572864000,code,forget,0.6656324,1.945721,-0.11211
curr_td_f20_g1_lr5.5e-5_a8_20260613T090652Z,400,1677721600,code,forget,0.6702688,1.954763,-0.10747
curr_td_f20_g1_lr5.5e-5_a8_20260613T090652Z,425,1782579200,code,forget,0.6665319,1.947471,-0.11121
curr_td_f20_g1_lr5.5e-5_a8_20260613T090652Z,450,1887436800,code,forget,0.6653302,1.945133,-0.11241
curr_td_f20_g1_lr5.5e-5_a8_20260613T090652Z,475,1992294400,code,forget,0.6648207,1.944142,-0.11292
curr_td_f20_g1_lr5.5e-5_a8_20260613T090652Z,500,2097152000,code,forget,0.6650729,1.944632,-0.11267
curr_td_f20_g1_lr5.5e-5_a8_20260613T090652Z,525,2202009600,code,forget,0.6659303,1.9463,-0.11181
curr_td_f20_g1_lr5.5e-5_a8_20260613T090652Z,550,2306867200,code,forget,0.6674711,1.949302,-0.11027
curr_td_f20_g1_lr5.5e-5_a8_20260613T090652Z,575,2411724800,code,forget,0.6667036,1.947806,-0.11104
curr_td_f20_g1_lr5.5e-5_a8_20260613T090652Z,600,2516582400,code,forget,0.6667351,1.947867,-0.111
curr_td_f20_g1_lr5.5e-5_a8_20260613T090652Z,625,2621440000,code,forget,0.6663929,1.947201,-0.11135
curr_td_f20_g1_lr5.5e-5_a8_20260613T090652Z,650,2726297600,code,forget,0.6668098,1.948013,-0.11093
curr_td_f20_g1_lr5.5e-5_a8_20260613T090652Z,675,2831155200,code,forget,0.6677493,1.949844,-0.10999
curr_td_f20_g1_lr5.5e-5_a8_20260613T090652Z,700,2936012800,code,forget,0.6682881,1.950895,-0.10945
curr_td_f20_g1_lr5.5e-5_a8_20260613T090652Z,725,3040870400,code,forget,0.667626,1.949603,-0.11011
curr_td_f20_g1_lr5.5e-5_a8_20260613T090652Z,750,3145728000,code,forget,0.6696609,1.953575,-0.10808
curr_td_f20_g1_lr5.5e-5_a8_20260613T090652Z,775,3250585600,code,forget,0.6687274,1.951752,-0.10901
curr_td_f20_g1_lr5.5e-5_a8_20260613T090652Z,800,3355443200,code,forget,0.669141,1.952559,-0.1086
curr_td_f20_g1_lr5.5e-5_a8_20260613T090652Z,825,3460300800,code,forget,0.6694427,1.953149,-0.1083
curr_td_f20_g1_lr5.5e-5_a8_20260613T090652Z,850,3565158400,code,forget,0.6696864,1.953625,-0.10805
curr_td_f20_g1_lr5.5e-5_a8_20260613T090652Z,875,3670016000,code,forget,0.6710036,1.9562,-0.10674
curr_td_f20_g1_lr5.5e-5_a8_20260613T090652Z,900,3774873600,code,forget,0.6716647,1.957493,-0.10607
curr_td_f20_g1_lr5.5e-5_a8_20260613T090652Z,925,3879731200,code,forget,0.6724901,1.95911,-0.10525
curr_td_f20_g1_lr5.5e-5_a8_20260613T090652Z,950,3984588800,code,forget,0.6722702,1.958679,-0.10547
curr_td_f20_g1_lr5.5e-5_a8_20260613T090652Z,975,4089446400,code,forget,0.6725536,1.959234,-0.10519
curr_td_f20_g1_lr5.5e-5_a8_20260613T090652Z,1000,4194304000,code,forget,0.6726999,1.959521,-0.10504
curr_td_f20_g1_lr5.5e-5_a8_20260613T090652Z,1025,4299161600,code,forget,0.6746969,1.963438,-0.10304
curr_td_f20_g1_lr5.5e-5_a8_20260613T090652Z,1050,4404019200,code,forget,0.6747831,1.963607,-0.10296
curr_td_f20_g1_lr5.5e-5_a8_20260613T090652Z,1075,4508876800,code,forget,0.6744838,1.963019,-0.10326
curr_td_f20_g1_lr5.5e-5_a8_20260613T090652Z,1100,4613734400,code,forget,0.6753685,1.964757,-0.10237
curr_td_f20_g1_lr5.5e-5_a8_20260613T090652Z,1125,4718592000,code,forget,0.675264,1.964552,-0.10248
curr_td_f20_g1_lr5.5e-5_a8_20260613T090652Z,1150,4823449600,code,forget,0.6773394,1.968633,-0.1004
curr_td_f20_g1_lr5.5e-5_a8_20260613T090652Z,1175,4928307200,code,forget,0.6780055,1.969945,-0.09973
curr_td_f20_g1_lr5.5e-5_a8_20260613T090652Z,1200,5033164800,code,forget,0.6788279,1.971566,-0.09891
curr_td_f20_g1_lr5.5e-5_a8_20260613T090652Z,1225,5138022400,code,forget,0.6784395,1.9708,-0.0993
curr_td_f20_g1_lr5.5e-5_a8_20260613T090652Z,1250,5242880000,code,forget,0.6799332,1.973746,-0.09781
curr_td_f20_g1_lr5.5e-5_a8_20260613T090652Z,1275,5347737600,code,forget,0.6795572,1.973004,-0.09818
curr_td_f20_g1_lr5.5e-5_a8_20260613T090652Z,1300,5452595200,code,forget,0.6805649,1.974993,-0.09717
curr_td_f20_g1_lr5.5e-5_a8_20260613T090652Z,1325,5557452800,code,forget,0.6814393,1.976721,-0.0963
curr_td_f20_g1_lr5.5e-5_a8_20260613T090652Z,1350,5662310400,code,forget,0.6830807,1.979968,-0.09466
curr_td_f20_g1_lr5.5e-5_a8_20260613T090652Z,1375,5767168000,code,forget,0.6840516,1.981891,-0.09369
curr_td_f20_g1_lr5.5e-5_a8_20260613T090652Z,1400,5872025600,code,forget,0.6861599,1.986074,-0.09158
curr_td_f20_g1_lr5.5e-5_a8_20260613T090652Z,1425,5976883200,code,forget,0.6862786,1.98631,-0.09146
curr_td_f20_g1_lr5.5e-5_a8_20260613T090652Z,1450,6081740800,code,forget,0.686756,1.987258,-0.09098
curr_td_f20_g1_lr5.5e-5_a8_20260613T090652Z,1475,6186598400,code,forget,0.6945931,2.002894,-0.08315
curr_td_f20_g1_lr5.5e-5_a8_20260613T090652Z,1500,6291456000,code,forget,0.6888056,1.991336,-0.08893
curr_td_f20_g1_lr5.5e-5_a8_20260613T090652Z,1525,6396313600,code,forget,0.6900916,1.993898,-0.08765
curr_td_f20_g1_lr5.5e-5_a8_20260613T090652Z,1550,6501171200,code,forget,0.6902795,1.994273,-0.08746
curr_td_f20_g1_lr5.5e-5_a8_20260613T090652Z,1575,6606028800,code,forget,0.6908484,1.995408,-0.08689
curr_td_f20_g1_lr5.5e-5_a8_20260613T090652Z,1600,6710886400,code,forget,0.6925955,1.998897,-0.08514
curr_td_f20_g1_lr5.5e-5_a8_20260613T090652Z,1625,6815744000,code,forget,0.6931049,1.999915,-0.08463
curr_td_f20_g1_lr5.5e-5_a8_20260613T090652Z,1650,6920601600,code,forget,0.6947971,2.003303,-0.08294
curr_td_f20_g1_lr5.5e-5_a8_20260613T090652Z,1675,7025459200,code,forget,0.6961648,2.006044,-0.08157
curr_td_f20_g1_lr5.5e-5_a8_20260613T090652Z,1700,7130316800,code,forget,0.6976816,2.009089,-0.08006
curr_td_f20_g1_lr5.5e-5_a8_20260613T090652Z,1725,7235174400,code,forget,0.6997744,2.013299,-0.07797
curr_td_f20_g1_lr5.5e-5_a8_20260613T090652Z,1750,7340032000,code,forget,0.6995324,2.012811,-0.07821
curr_td_f20_g1_lr5.5e-5_a8_20260613T090652Z,1775,7444889600,code,forget,0.700858,2.015481,-0.07688
curr_td_f20_g1_lr5.5e-5_a8_20260613T090652Z,1800,7549747200,code,forget,0.7000968,2.013948,-0.07764
curr_td_f20_g1_lr5.5e-5_a8_20260613T090652Z,1825,7654604800,code,forget,0.7003911,2.01454,-0.07735
curr_td_f20_g1_lr5.5e-5_a8_20260613T090652Z,1850,7759462400,code,forget,0.701893,2.017568,-0.07585
curr_td_f20_g1_lr5.5e-5_a8_20260613T090652Z,1875,7864320000,code,forget,0.7022135,2.018215,-0.07553
curr_td_f20_g1_lr5.5e-5_a8_20260613T090652Z,1900,7969177600,code,forget,0.7041768,2.022181,-0.07356
curr_td_f20_g1_lr5.5e-5_a8_20260613T090652Z,1925,8074035200,code,forget,0.7052384,2.024329,-0.0725
curr_td_f20_g1_lr5.5e-5_a8_20260613T090652Z,1950,8178892800,code,forget,0.705358,2.024571,-0.07238
curr_td_f20_g1_lr5.5e-5_a8_20260613T090652Z,1975,8283750400,code,forget,0.7069808,2.027859,-0.07076
curr_td_f20_g1_lr5.5e-5_a8_20260613T090652Z,2000,8388608000,code,forget,0.70662,2.027128,-0.07112
curr_td_f20_g1_lr5.5e-5_a8_20260613T090652Z,2025,8493465600,code,forget,0.7074201,2.02875,-0.07032
curr_td_f20_g1_lr5.5e-5_a8_20260613T090652Z,2050,8598323200,code,forget,0.7097492,2.033481,-0.06799
curr_td_f20_g1_lr5.5e-5_a8_20260613T090652Z,2075,8703180800,code,forget,0.7098761,2.033739,-0.06786
curr_td_f20_g1_lr5.5e-5_a8_20260613T090652Z,2100,8808038400,code,forget,0.7098846,2.033757,-0.06785
curr_td_f20_g1_lr5.5e-5_a8_20260613T090652Z,2125,8912896000,code,forget,0.711122,2.036275,-0.06662
curr_td_f20_g1_lr5.5e-5_a8_20260613T090652Z,2150,9017753600,code,forget,0.7109786,2.035983,-0.06676
curr_td_f20_g1_lr5.5e-5_a8_20260613T090652Z,2175,9122611200,code,forget,0.7122566,2.038586,-0.06548
curr_td_f20_g1_lr5.5e-5_a8_20260613T090652Z,2200,9227468800,code,forget,0.7133934,2.040905,-0.06435
curr_td_f20_g1_lr5.5e-5_a8_20260613T090652Z,2225,9332326400,code,forget,0.7145295,2.043225,-0.06321
curr_td_f20_g1_lr5.5e-5_a8_20260613T090652Z,2250,9437184000,code,forget,0.7149972,2.044181,-0.06274
curr_td_f20_g1_lr5.5e-5_a8_20260613T090652Z,2275,9542041600,code,forget,0.724178,2.063035,-0.05356
curr_td_f20_g1_lr5.5e-5_a8_20260613T090652Z,2300,9646899200,code,forget,0.7211214,2.056738,-0.05662
curr_td_f20_g1_lr5.5e-5_a8_20260613T090652Z,2325,9751756800,code,forget,0.7216933,2.057915,-0.05605
curr_td_f20_g1_lr5.5e-5_a8_20260613T090652Z,2350,9856614400,code,forget,0.7215753,2.057672,-0.05616
curr_td_f20_g1_lr5.5e-5_a8_20260613T090652Z,2375,9961472000,code,forget,0.7236393,2.061924,-0.0541
curr_td_f20_g1_lr5.5e-5_a8_20260613T090652Z,2400,10066329600,code,forget,0.7233951,2.06142,-0.05434
curr_td_f20_g1_lr5.5e-5_a8_20260613T090652Z,2425,10171187200,code,forget,0.7249117,2.064549,-0.05283
curr_td_f20_g1_lr5.5e-5_a8_20260613T090652Z,2450,10276044800,code,forget,0.7256367,2.066046,-0.0521
curr_td_f20_g1_lr5.5e-5_a8_20260613T090652Z,2475,10380902400,code,forget,0.7287347,2.072457,-0.049
curr_td_f20_g1_lr5.5e-5_a8_20260613T090652Z,2500,10485760000,code,forget,0.729196,2.073413,-0.04854
curr_td_f20_g1_lr5.5e-5_a8_20260613T090652Z,2525,10590617600,code,forget,0.7294244,2.073887,-0.04832
curr_td_f20_g1_lr5.5e-5_a8_20260613T090652Z,2550,10695475200,code,forget,0.7307544,2.076647,-0.04699
curr_td_f20_g1_lr5.5e-5_a8_20260613T090652Z,2575,10800332800,code,forget,0.7312104,2.077594,-0.04653
curr_td_f20_g1_lr5.5e-5_a8_20260613T090652Z,2600,10905190400,code,forget,0.7325193,2.080315,-0.04522
curr_td_f20_g1_lr5.5e-5_a8_20260613T090652Z,2625,11010048000,code,forget,0.7325646,2.080409,-0.04517
curr_td_f20_g1_lr5.5e-5_a8_20260613T090652Z,2650,11114905600,code,forget,0.7327552,2.080806,-0.04498
curr_td_f20_g1_lr5.5e-5_a8_20260613T090652Z,2675,11219763200,code,forget,0.7334551,2.082263,-0.04428
curr_td_f20_g1_lr5.5e-5_a8_20260613T090652Z,2700,11324620800,code,forget,0.732678,2.080645,-0.04506
curr_td_f20_g1_lr5.5e-5_a8_20260613T090652Z,2725,11429478400,code,forget,0.7335142,2.082386,-0.04423
curr_td_f20_g1_lr5.5e-5_a8_20260613T090652Z,2750,11534336000,code,forget,0.7340097,2.083418,-0.04373
curr_td_f20_g1_lr5.5e-5_a8_20260613T090652Z,2775,11639193600,code,forget,0.7336948,2.082762,-0.04404
curr_td_f20_g1_lr5.5e-5_a8_20260613T090652Z,2800,11744051200,code,forget,0.733634,2.082635,-0.04411
curr_td_f20_g1_lr5.5e-5_a8_20260613T090652Z,2825,11848908800,code,forget,0.7335426,2.082445,-0.0442
curr_td_f20_g1_lr5.5e-5_a8_20260613T090652Z,2850,11953766400,code,forget,0.7332456,2.081826,-0.04449
curr_td_f20_g1_lr5.5e-5_a8_20260613T090652Z,2875,12058624000,code,forget,0.7335072,2.082371,-0.04423
curr_td_f20_g1_lr5.5e-5_a8_20260613T090652Z,2900,12163481600,code,forget,0.7327234,2.080739,-0.04502
curr_td_f20_g1_lr5.5e-5_a8_20260613T090652Z,2925,12268339200,code,forget,0.7330189,2.081355,-0.04472
curr_td_f20_g1_lr5.5e-5_a8_20260613T090652Z,2950,12373196800,code,forget,0.7336096,2.082584,-0.04413
curr_td_f20_g1_lr5.5e-5_a8_20260613T090652Z,2975,12478054400,code,forget,0.7327956,2.08089,-0.04494
curr_td_f20_g1_lr5.5e-5_a8_20260613T090652Z,3000,12582912000,code,forget,0.7323782,2.080021,-0.04536
curr_td_f20_g1_lr5.5e-5_a8_20260613T090652Z,3025,12687769600,code,forget,0.7326984,2.080688,-0.04504
curr_td_f20_g1_lr5.5e-5_a8_20260613T090652Z,3050,12792627200,code,forget,0.7316623,2.078533,-0.04608
curr_td_f20_g1_lr5.5e-5_a8_20260613T090652Z,3075,12897484800,code,forget,0.7331297,2.081585,-0.04461
curr_td_f20_g1_lr5.5e-5_a8_20260613T090652Z,3100,13002342400,code,forget,0.7324266,2.080122,-0.04531
curr_td_f20_g1_lr5.5e-5_a8_20260613T090652Z,3125,13107200000,code,forget,0.7320967,2.079436,-0.04564
curr_td_f20_g1_lr5.5e-5_a8_20260613T090652Z,3150,13212057600,code,forget,0.7311984,2.077569,-0.04654
curr_td_f20_g1_lr5.5e-5_a8_20260613T090652Z,3175,13316915200,code,forget,0.732501,2.080277,-0.04524
curr_td_f20_g1_lr5.5e-5_a8_20260613T090652Z,3200,13421772800,code,forget,0.7323275,2.079916,-0.04541
curr_td_f20_g1_lr5.5e-5_a8_20260613T090652Z,25,104857600,de,forget,1.950332,7.031019,0.0
curr_td_f20_g1_lr5.5e-5_a8_20260613T090652Z,50,209715200,de,forget,1.915845,6.792677,-0.03449
curr_td_f20_g1_lr5.5e-5_a8_20260613T090652Z,75,314572800,de,forget,1.881979,6.566485,-0.06835
curr_td_f20_g1_lr5.5e-5_a8_20260613T090652Z,100,419430400,de,forget,1.869014,6.481904,-0.08132
curr_td_f20_g1_lr5.5e-5_a8_20260613T090652Z,125,524288000,de,forget,1.862156,6.4376,-0.08818
curr_td_f20_g1_lr5.5e-5_a8_20260613T090652Z,150,629145600,de,forget,1.861647,6.434322,-0.08868
curr_td_f20_g1_lr5.5e-5_a8_20260613T090652Z,175,734003200,de,forget,1.85778,6.409494,-0.09255
curr_td_f20_g1_lr5.5e-5_a8_20260613T090652Z,200,838860800,de,forget,1.859209,6.418656,-0.09112
curr_td_f20_g1_lr5.5e-5_a8_20260613T090652Z,225,943718400,de,forget,1.856848,6.403523,-0.09348
curr_td_f20_g1_lr5.5e-5_a8_20260613T090652Z,250,1048576000,de,forget,1.856855,6.403566,-0.09348
curr_td_f20_g1_lr5.5e-5_a8_20260613T090652Z,275,1153433600,de,forget,1.86038,6.426177,-0.08995
curr_td_f20_g1_lr5.5e-5_a8_20260613T090652Z,300,1258291200,de,forget,1.859319,6.419365,-0.09101
curr_td_f20_g1_lr5.5e-5_a8_20260613T090652Z,325,1363148800,de,forget,1.857828,6.409798,-0.0925
curr_td_f20_g1_lr5.5e-5_a8_20260613T090652Z,350,1468006400,de,forget,1.858685,6.415294,-0.09165
curr_td_f20_g1_lr5.5e-5_a8_20260613T090652Z,375,1572864000,de,forget,1.861915,6.436051,-0.08842
curr_td_f20_g1_lr5.5e-5_a8_20260613T090652Z,400,1677721600,de,forget,1.868499,6.478562,-0.08183
curr_td_f20_g1_lr5.5e-5_a8_20260613T090652Z,425,1782579200,de,forget,1.865367,6.458304,-0.08496
curr_td_f20_g1_lr5.5e-5_a8_20260613T090652Z,450,1887436800,de,forget,1.862921,6.442525,-0.08741
curr_td_f20_g1_lr5.5e-5_a8_20260613T090652Z,475,1992294400,de,forget,1.863148,6.44399,-0.08718
curr_td_f20_g1_lr5.5e-5_a8_20260613T090652Z,500,2097152000,de,forget,1.863662,6.447304,-0.08667
curr_td_f20_g1_lr5.5e-5_a8_20260613T090652Z,525,2202009600,de,forget,1.866353,6.464676,-0.08398
curr_td_f20_g1_lr5.5e-5_a8_20260613T090652Z,550,2306867200,de,forget,1.86817,6.476437,-0.08216
curr_td_f20_g1_lr5.5e-5_a8_20260613T090652Z,575,2411724800,de,forget,1.867997,6.475311,-0.08234
curr_td_f20_g1_lr5.5e-5_a8_20260613T090652Z,600,2516582400,de,forget,1.867591,6.472682,-0.08274
curr_td_f20_g1_lr5.5e-5_a8_20260613T090652Z,625,2621440000,de,forget,1.868157,6.476349,-0.08217
curr_td_f20_g1_lr5.5e-5_a8_20260613T090652Z,650,2726297600,de,forget,1.869569,6.485502,-0.08076
curr_td_f20_g1_lr5.5e-5_a8_20260613T090652Z,675,2831155200,de,forget,1.870722,6.49298,-0.07961
curr_td_f20_g1_lr5.5e-5_a8_20260613T090652Z,700,2936012800,de,forget,1.87258,6.50506,-0.07775
curr_td_f20_g1_lr5.5e-5_a8_20260613T090652Z,725,3040870400,de,forget,1.872996,6.507766,-0.07734
curr_td_f20_g1_lr5.5e-5_a8_20260613T090652Z,750,3145728000,de,forget,1.875511,6.52415,-0.07482
curr_td_f20_g1_lr5.5e-5_a8_20260613T090652Z,775,3250585600,de,forget,1.874875,6.520007,-0.07546
curr_td_f20_g1_lr5.5e-5_a8_20260613T090652Z,800,3355443200,de,forget,1.87537,6.52323,-0.07496
curr_td_f20_g1_lr5.5e-5_a8_20260613T090652Z,825,3460300800,de,forget,1.876187,6.528567,-0.07414
curr_td_f20_g1_lr5.5e-5_a8_20260613T090652Z,850,3565158400,de,forget,1.875837,6.526281,-0.07449
curr_td_f20_g1_lr5.5e-5_a8_20260613T090652Z,875,3670016000,de,forget,1.878007,6.540458,-0.07232
curr_td_f20_g1_lr5.5e-5_a8_20260613T090652Z,900,3774873600,de,forget,1.879571,6.550696,-0.07076
curr_td_f20_g1_lr5.5e-5_a8_20260613T090652Z,925,3879731200,de,forget,1.879286,6.548829,-0.07105
curr_td_f20_g1_lr5.5e-5_a8_20260613T090652Z,950,3984588800,de,forget,1.880444,6.556412,-0.06989
curr_td_f20_g1_lr5.5e-5_a8_20260613T090652Z,975,4089446400,de,forget,1.881098,6.560706,-0.06923
curr_td_f20_g1_lr5.5e-5_a8_20260613T090652Z,1000,4194304000,de,forget,1.88172,6.564784,-0.06861
curr_td_f20_g1_lr5.5e-5_a8_20260613T090652Z,1025,4299161600,de,forget,1.882503,6.569926,-0.06783
curr_td_f20_g1_lr5.5e-5_a8_20260613T090652Z,1050,4404019200,de,forget,1.884063,6.580188,-0.06627
curr_td_f20_g1_lr5.5e-5_a8_20260613T090652Z,1075,4508876800,de,forget,1.883922,6.579256,-0.06641
curr_td_f20_g1_lr5.5e-5_a8_20260613T090652Z,1100,4613734400,de,forget,1.885335,6.588561,-0.065
curr_td_f20_g1_lr5.5e-5_a8_20260613T090652Z,1125,4718592000,de,forget,1.885313,6.588417,-0.06502
curr_td_f20_g1_lr5.5e-5_a8_20260613T090652Z,1150,4823449600,de,forget,1.888014,6.606236,-0.06232
curr_td_f20_g1_lr5.5e-5_a8_20260613T090652Z,1175,4928307200,de,forget,1.889694,6.617343,-0.06064
curr_td_f20_g1_lr5.5e-5_a8_20260613T090652Z,1200,5033164800,de,forget,1.8909,6.625328,-0.05943
curr_td_f20_g1_lr5.5e-5_a8_20260613T090652Z,1225,5138022400,de,forget,1.890305,6.621386,-0.06003
curr_td_f20_g1_lr5.5e-5_a8_20260613T090652Z,1250,5242880000,de,forget,1.891572,6.629781,-0.05876
curr_td_f20_g1_lr5.5e-5_a8_20260613T090652Z,1275,5347737600,de,forget,1.891755,6.630997,-0.05858
curr_td_f20_g1_lr5.5e-5_a8_20260613T090652Z,1300,5452595200,de,forget,1.894108,6.646618,-0.05622
curr_td_f20_g1_lr5.5e-5_a8_20260613T090652Z,1325,5557452800,de,forget,1.894772,6.651035,-0.05556
curr_td_f20_g1_lr5.5e-5_a8_20260613T090652Z,1350,5662310400,de,forget,1.896892,6.665144,-0.05344
curr_td_f20_g1_lr5.5e-5_a8_20260613T090652Z,1375,5767168000,de,forget,1.89582,6.658009,-0.05451
curr_td_f20_g1_lr5.5e-5_a8_20260613T090652Z,1400,5872025600,de,forget,1.899539,6.682813,-0.05079
curr_td_f20_g1_lr5.5e-5_a8_20260613T090652Z,1425,5976883200,de,forget,1.898689,6.677132,-0.05164
curr_td_f20_g1_lr5.5e-5_a8_20260613T090652Z,1450,6081740800,de,forget,1.899585,6.683123,-0.05075
curr_td_f20_g1_lr5.5e-5_a8_20260613T090652Z,1475,6186598400,de,forget,1.911542,6.763508,-0.03879
curr_td_f20_g1_lr5.5e-5_a8_20260613T090652Z,1500,6291456000,de,forget,1.90553,6.72297,-0.0448
curr_td_f20_g1_lr5.5e-5_a8_20260613T090652Z,1525,6396313600,de,forget,1.905061,6.719819,-0.04527
curr_td_f20_g1_lr5.5e-5_a8_20260613T090652Z,1550,6501171200,de,forget,1.904799,6.718057,-0.04553
curr_td_f20_g1_lr5.5e-5_a8_20260613T090652Z,1575,6606028800,de,forget,1.906291,6.728087,-0.04404
curr_td_f20_g1_lr5.5e-5_a8_20260613T090652Z,1600,6710886400,de,forget,1.909462,6.749456,-0.04087
curr_td_f20_g1_lr5.5e-5_a8_20260613T090652Z,1625,6815744000,de,forget,1.909237,6.747938,-0.04109
curr_td_f20_g1_lr5.5e-5_a8_20260613T090652Z,1650,6920601600,de,forget,1.912191,6.767902,-0.03814
curr_td_f20_g1_lr5.5e-5_a8_20260613T090652Z,1675,7025459200,de,forget,1.912609,6.770734,-0.03772
curr_td_f20_g1_lr5.5e-5_a8_20260613T090652Z,1700,7130316800,de,forget,1.915001,6.786948,-0.03533
curr_td_f20_g1_lr5.5e-5_a8_20260613T090652Z,1725,7235174400,de,forget,1.919399,6.816859,-0.03093
curr_td_f20_g1_lr5.5e-5_a8_20260613T090652Z,1750,7340032000,de,forget,1.917885,6.806549,-0.03245
curr_td_f20_g1_lr5.5e-5_a8_20260613T090652Z,1775,7444889600,de,forget,1.916346,6.796078,-0.03399
curr_td_f20_g1_lr5.5e-5_a8_20260613T090652Z,1800,7549747200,de,forget,1.917549,6.804261,-0.03278
curr_td_f20_g1_lr5.5e-5_a8_20260613T090652Z,1825,7654604800,de,forget,1.918415,6.810155,-0.03192
curr_td_f20_g1_lr5.5e-5_a8_20260613T090652Z,1850,7759462400,de,forget,1.919863,6.820026,-0.03047
curr_td_f20_g1_lr5.5e-5_a8_20260613T090652Z,1875,7864320000,de,forget,1.920859,6.826817,-0.02947
curr_td_f20_g1_lr5.5e-5_a8_20260613T090652Z,1900,7969177600,de,forget,1.922729,6.8396,-0.0276
curr_td_f20_g1_lr5.5e-5_a8_20260613T090652Z,1925,8074035200,de,forget,1.924608,6.852459,-0.02572
curr_td_f20_g1_lr5.5e-5_a8_20260613T090652Z,1950,8178892800,de,forget,1.92465,6.852749,-0.02568
curr_td_f20_g1_lr5.5e-5_a8_20260613T090652Z,1975,8283750400,de,forget,1.927074,6.869379,-0.02326
curr_td_f20_g1_lr5.5e-5_a8_20260613T090652Z,2000,8388608000,de,forget,1.926825,6.86767,-0.02351
curr_td_f20_g1_lr5.5e-5_a8_20260613T090652Z,2025,8493465600,de,forget,1.92705,6.869219,-0.02328
curr_td_f20_g1_lr5.5e-5_a8_20260613T090652Z,2050,8598323200,de,forget,1.929199,6.883991,-0.02113
curr_td_f20_g1_lr5.5e-5_a8_20260613T090652Z,2075,8703180800,de,forget,1.93041,6.892332,-0.01992
curr_td_f20_g1_lr5.5e-5_a8_20260613T090652Z,2100,8808038400,de,forget,1.929764,6.887884,-0.02057
curr_td_f20_g1_lr5.5e-5_a8_20260613T090652Z,2125,8912896000,de,forget,1.931489,6.899774,-0.01884
curr_td_f20_g1_lr5.5e-5_a8_20260613T090652Z,2150,9017753600,de,forget,1.931054,6.896772,-0.01928
curr_td_f20_g1_lr5.5e-5_a8_20260613T090652Z,2175,9122611200,de,forget,1.932161,6.904418,-0.01817
curr_td_f20_g1_lr5.5e-5_a8_20260613T090652Z,2200,9227468800,de,forget,1.932878,6.909369,-0.01745
curr_td_f20_g1_lr5.5e-5_a8_20260613T090652Z,2225,9332326400,de,forget,1.934695,6.921929,-0.01564
curr_td_f20_g1_lr5.5e-5_a8_20260613T090652Z,2250,9437184000,de,forget,1.935235,6.925672,-0.0151
curr_td_f20_g1_lr5.5e-5_a8_20260613T090652Z,2275,9542041600,de,forget,1.941574,6.969709,-0.00876
curr_td_f20_g1_lr5.5e-5_a8_20260613T090652Z,2300,9646899200,de,forget,1.940219,6.960277,-0.01011
curr_td_f20_g1_lr5.5e-5_a8_20260613T090652Z,2325,9751756800,de,forget,1.942703,6.977589,-0.00763
curr_td_f20_g1_lr5.5e-5_a8_20260613T090652Z,2350,9856614400,de,forget,1.942184,6.973966,-0.00815
curr_td_f20_g1_lr5.5e-5_a8_20260613T090652Z,2375,9961472000,de,forget,1.945258,6.995435,-0.00507
curr_td_f20_g1_lr5.5e-5_a8_20260613T090652Z,2400,10066329600,de,forget,1.944868,6.992706,-0.00546
curr_td_f20_g1_lr5.5e-5_a8_20260613T090652Z,2425,10171187200,de,forget,1.947201,7.009039,-0.00313
curr_td_f20_g1_lr5.5e-5_a8_20260613T090652Z,2450,10276044800,de,forget,1.948412,7.017536,-0.00192
curr_td_f20_g1_lr5.5e-5_a8_20260613T090652Z,2475,10380902400,de,forget,1.951822,7.041504,0.00149
curr_td_f20_g1_lr5.5e-5_a8_20260613T090652Z,2500,10485760000,de,forget,1.953005,7.049843,0.00267
curr_td_f20_g1_lr5.5e-5_a8_20260613T090652Z,2525,10590617600,de,forget,1.953149,7.050856,0.00282
curr_td_f20_g1_lr5.5e-5_a8_20260613T090652Z,2550,10695475200,de,forget,1.955879,7.070134,0.00555
curr_td_f20_g1_lr5.5e-5_a8_20260613T090652Z,2575,10800332800,de,forget,1.956055,7.071373,0.00572
curr_td_f20_g1_lr5.5e-5_a8_20260613T090652Z,2600,10905190400,de,forget,1.957581,7.082177,0.00725
curr_td_f20_g1_lr5.5e-5_a8_20260613T090652Z,2625,11010048000,de,forget,1.957491,7.081538,0.00716
curr_td_f20_g1_lr5.5e-5_a8_20260613T090652Z,2650,11114905600,de,forget,1.957765,7.083475,0.00743
curr_td_f20_g1_lr5.5e-5_a8_20260613T090652Z,2675,11219763200,de,forget,1.958574,7.089214,0.00824
curr_td_f20_g1_lr5.5e-5_a8_20260613T090652Z,2700,11324620800,de,forget,1.957717,7.083139,0.00738
curr_td_f20_g1_lr5.5e-5_a8_20260613T090652Z,2725,11429478400,de,forget,1.95911,7.093012,0.00878
curr_td_f20_g1_lr5.5e-5_a8_20260613T090652Z,2750,11534336000,de,forget,1.95934,7.094644,0.00901
curr_td_f20_g1_lr5.5e-5_a8_20260613T090652Z,2775,11639193600,de,forget,1.957815,7.08383,0.00748
curr_td_f20_g1_lr5.5e-5_a8_20260613T090652Z,2800,11744051200,de,forget,1.957976,7.084972,0.00764
curr_td_f20_g1_lr5.5e-5_a8_20260613T090652Z,2825,11848908800,de,forget,1.957614,7.08241,0.00728
curr_td_f20_g1_lr5.5e-5_a8_20260613T090652Z,2850,11953766400,de,forget,1.956824,7.076814,0.00649
curr_td_f20_g1_lr5.5e-5_a8_20260613T090652Z,2875,12058624000,de,forget,1.957005,7.078097,0.00667
curr_td_f20_g1_lr5.5e-5_a8_20260613T090652Z,2900,12163481600,de,forget,1.955772,7.069375,0.00544
curr_td_f20_g1_lr5.5e-5_a8_20260613T090652Z,2925,12268339200,de,forget,1.95597,7.070776,0.00564
curr_td_f20_g1_lr5.5e-5_a8_20260613T090652Z,2950,12373196800,de,forget,1.9572,7.079478,0.00687
curr_td_f20_g1_lr5.5e-5_a8_20260613T090652Z,2975,12478054400,de,forget,1.955675,7.068689,0.00534
curr_td_f20_g1_lr5.5e-5_a8_20260613T090652Z,3000,12582912000,de,forget,1.95485,7.062861,0.00452
curr_td_f20_g1_lr5.5e-5_a8_20260613T090652Z,3025,12687769600,de,forget,1.954625,7.061273,0.00429
curr_td_f20_g1_lr5.5e-5_a8_20260613T090652Z,3050,12792627200,de,forget,1.953152,7.050876,0.00282
curr_td_f20_g1_lr5.5e-5_a8_20260613T090652Z,3075,12897484800,de,forget,1.955353,7.066415,0.00502
curr_td_f20_g1_lr5.5e-5_a8_20260613T090652Z,3100,13002342400,de,forget,1.954265,7.058727,0.00393
curr_td_f20_g1_lr5.5e-5_a8_20260613T090652Z,3125,13107200000,de,forget,1.954108,7.057619,0.00378
curr_td_f20_g1_lr5.5e-5_a8_20260613T090652Z,3150,13212057600,de,forget,1.952614,7.047087,0.00228
curr_td_f20_g1_lr5.5e-5_a8_20260613T090652Z,3175,13316915200,de,forget,1.954056,7.057253,0.00372
curr_td_f20_g1_lr5.5e-5_a8_20260613T090652Z,3200,13421772800,de,forget,1.954326,7.059158,0.00399
curr_td_f20_g1_lr5.5e-5_a8_20260613T090652Z,25,104857600,english,forget,2.068329,7.911589,0.0
curr_td_f20_g1_lr5.5e-5_a8_20260613T090652Z,50,209715200,english,forget,2.020974,7.545672,-0.04736
curr_td_f20_g1_lr5.5e-5_a8_20260613T090652Z,75,314572800,english,forget,1.986429,7.28946,-0.0819
curr_td_f20_g1_lr5.5e-5_a8_20260613T090652Z,100,419430400,english,forget,1.972744,7.190378,-0.09558
curr_td_f20_g1_lr5.5e-5_a8_20260613T090652Z,125,524288000,english,forget,1.964882,7.134071,-0.10345
curr_td_f20_g1_lr5.5e-5_a8_20260613T090652Z,150,629145600,english,forget,1.963587,7.124836,-0.10474
curr_td_f20_g1_lr5.5e-5_a8_20260613T090652Z,175,734003200,english,forget,1.95918,7.093505,-0.10915
curr_td_f20_g1_lr5.5e-5_a8_20260613T090652Z,200,838860800,english,forget,1.959736,7.09745,-0.10859
curr_td_f20_g1_lr5.5e-5_a8_20260613T090652Z,225,943718400,english,forget,1.956707,7.075985,-0.11162
curr_td_f20_g1_lr5.5e-5_a8_20260613T090652Z,250,1048576000,english,forget,1.956088,7.071608,-0.11224
curr_td_f20_g1_lr5.5e-5_a8_20260613T090652Z,275,1153433600,english,forget,1.960098,7.100024,-0.10823
curr_td_f20_g1_lr5.5e-5_a8_20260613T090652Z,300,1258291200,english,forget,1.957351,7.080548,-0.11098
curr_td_f20_g1_lr5.5e-5_a8_20260613T090652Z,325,1363148800,english,forget,1.955779,7.069425,-0.11255
curr_td_f20_g1_lr5.5e-5_a8_20260613T090652Z,350,1468006400,english,forget,1.95576,7.069292,-0.11257
curr_td_f20_g1_lr5.5e-5_a8_20260613T090652Z,375,1572864000,english,forget,1.958553,7.089061,-0.10978
curr_td_f20_g1_lr5.5e-5_a8_20260613T090652Z,400,1677721600,english,forget,1.96752,7.152912,-0.10081
curr_td_f20_g1_lr5.5e-5_a8_20260613T090652Z,425,1782579200,english,forget,1.962184,7.114849,-0.10614
curr_td_f20_g1_lr5.5e-5_a8_20260613T090652Z,450,1887436800,english,forget,1.9598,7.097908,-0.10853
curr_td_f20_g1_lr5.5e-5_a8_20260613T090652Z,475,1992294400,english,forget,1.96032,7.101603,-0.10801
curr_td_f20_g1_lr5.5e-5_a8_20260613T090652Z,500,2097152000,english,forget,1.960686,7.104201,-0.10764
curr_td_f20_g1_lr5.5e-5_a8_20260613T090652Z,525,2202009600,english,forget,1.962652,7.11818,-0.10568
curr_td_f20_g1_lr5.5e-5_a8_20260613T090652Z,550,2306867200,english,forget,1.964636,7.132316,-0.10369
curr_td_f20_g1_lr5.5e-5_a8_20260613T090652Z,575,2411724800,english,forget,1.964051,7.128148,-0.10428
curr_td_f20_g1_lr5.5e-5_a8_20260613T090652Z,600,2516582400,english,forget,1.964129,7.128698,-0.1042
curr_td_f20_g1_lr5.5e-5_a8_20260613T090652Z,625,2621440000,english,forget,1.964985,7.134806,-0.10334
curr_td_f20_g1_lr5.5e-5_a8_20260613T090652Z,650,2726297600,english,forget,1.966057,7.142461,-0.10227
curr_td_f20_g1_lr5.5e-5_a8_20260613T090652Z,675,2831155200,english,forget,1.967671,7.153997,-0.10066
curr_td_f20_g1_lr5.5e-5_a8_20260613T090652Z,700,2936012800,english,forget,1.969414,7.166477,-0.09891
curr_td_f20_g1_lr5.5e-5_a8_20260613T090652Z,725,3040870400,english,forget,1.970356,7.17323,-0.09797
curr_td_f20_g1_lr5.5e-5_a8_20260613T090652Z,750,3145728000,english,forget,1.973364,7.194842,-0.09496
curr_td_f20_g1_lr5.5e-5_a8_20260613T090652Z,775,3250585600,english,forget,1.972094,7.185705,-0.09623
curr_td_f20_g1_lr5.5e-5_a8_20260613T090652Z,800,3355443200,english,forget,1.973392,7.195043,-0.09494
curr_td_f20_g1_lr5.5e-5_a8_20260613T090652Z,825,3460300800,english,forget,1.973891,7.198633,-0.09444
curr_td_f20_g1_lr5.5e-5_a8_20260613T090652Z,850,3565158400,english,forget,1.973929,7.198904,-0.0944
curr_td_f20_g1_lr5.5e-5_a8_20260613T090652Z,875,3670016000,english,forget,1.97606,7.214265,-0.09227
curr_td_f20_g1_lr5.5e-5_a8_20260613T090652Z,900,3774873600,english,forget,1.977161,7.222212,-0.09117
curr_td_f20_g1_lr5.5e-5_a8_20260613T090652Z,925,3879731200,english,forget,1.97759,7.225311,-0.09074
curr_td_f20_g1_lr5.5e-5_a8_20260613T090652Z,950,3984588800,english,forget,1.979068,7.235994,-0.08926
curr_td_f20_g1_lr5.5e-5_a8_20260613T090652Z,975,4089446400,english,forget,1.979562,7.239572,-0.08877
curr_td_f20_g1_lr5.5e-5_a8_20260613T090652Z,1000,4194304000,english,forget,1.980295,7.244882,-0.08803
curr_td_f20_g1_lr5.5e-5_a8_20260613T090652Z,1025,4299161600,english,forget,1.981557,7.254029,-0.08677
curr_td_f20_g1_lr5.5e-5_a8_20260613T090652Z,1050,4404019200,english,forget,1.982854,7.263441,-0.08547
curr_td_f20_g1_lr5.5e-5_a8_20260613T090652Z,1075,4508876800,english,forget,1.982916,7.263897,-0.08541
curr_td_f20_g1_lr5.5e-5_a8_20260613T090652Z,1100,4613734400,english,forget,1.984547,7.275754,-0.08378
curr_td_f20_g1_lr5.5e-5_a8_20260613T090652Z,1125,4718592000,english,forget,1.98487,7.278099,-0.08346
curr_td_f20_g1_lr5.5e-5_a8_20260613T090652Z,1150,4823449600,english,forget,1.988045,7.301245,-0.08028
curr_td_f20_g1_lr5.5e-5_a8_20260613T090652Z,1175,4928307200,english,forget,1.98973,7.313557,-0.0786
curr_td_f20_g1_lr5.5e-5_a8_20260613T090652Z,1200,5033164800,english,forget,1.991475,7.326333,-0.07685
curr_td_f20_g1_lr5.5e-5_a8_20260613T090652Z,1225,5138022400,english,forget,1.991041,7.323156,-0.07729
curr_td_f20_g1_lr5.5e-5_a8_20260613T090652Z,1250,5242880000,english,forget,1.992617,7.334706,-0.07571
curr_td_f20_g1_lr5.5e-5_a8_20260613T090652Z,1275,5347737600,english,forget,1.993077,7.338079,-0.07525
curr_td_f20_g1_lr5.5e-5_a8_20260613T090652Z,1300,5452595200,english,forget,1.99572,7.357499,-0.07261
curr_td_f20_g1_lr5.5e-5_a8_20260613T090652Z,1325,5557452800,english,forget,1.99674,7.365005,-0.07159
curr_td_f20_g1_lr5.5e-5_a8_20260613T090652Z,1350,5662310400,english,forget,1.999037,7.381941,-0.06929
curr_td_f20_g1_lr5.5e-5_a8_20260613T090652Z,1375,5767168000,english,forget,1.998391,7.37718,-0.06994
curr_td_f20_g1_lr5.5e-5_a8_20260613T090652Z,1400,5872025600,english,forget,2.001846,7.402706,-0.06648
curr_td_f20_g1_lr5.5e-5_a8_20260613T090652Z,1425,5976883200,english,forget,2.002355,7.406477,-0.06597
curr_td_f20_g1_lr5.5e-5_a8_20260613T090652Z,1450,6081740800,english,forget,2.003167,7.412494,-0.06516
curr_td_f20_g1_lr5.5e-5_a8_20260613T090652Z,1475,6186598400,english,forget,2.015216,7.502349,-0.05311
curr_td_f20_g1_lr5.5e-5_a8_20260613T090652Z,1500,6291456000,english,forget,2.00926,7.4578,-0.05907
curr_td_f20_g1_lr5.5e-5_a8_20260613T090652Z,1525,6396313600,english,forget,2.010366,7.466051,-0.05796
curr_td_f20_g1_lr5.5e-5_a8_20260613T090652Z,1550,6501171200,english,forget,2.010256,7.46523,-0.05807
curr_td_f20_g1_lr5.5e-5_a8_20260613T090652Z,1575,6606028800,english,forget,2.011681,7.475874,-0.05665
curr_td_f20_g1_lr5.5e-5_a8_20260613T090652Z,1600,6710886400,english,forget,2.014617,7.497857,-0.05371
curr_td_f20_g1_lr5.5e-5_a8_20260613T090652Z,1625,6815744000,english,forget,2.015079,7.501318,-0.05325
curr_td_f20_g1_lr5.5e-5_a8_20260613T090652Z,1650,6920601600,english,forget,2.017896,7.522484,-0.05043
curr_td_f20_g1_lr5.5e-5_a8_20260613T090652Z,1675,7025459200,english,forget,2.018711,7.528611,-0.04962
curr_td_f20_g1_lr5.5e-5_a8_20260613T090652Z,1700,7130316800,english,forget,2.021234,7.547635,-0.04709
curr_td_f20_g1_lr5.5e-5_a8_20260613T090652Z,1725,7235174400,english,forget,2.025057,7.576543,-0.04327
curr_td_f20_g1_lr5.5e-5_a8_20260613T090652Z,1750,7340032000,english,forget,2.024807,7.574647,-0.04352
curr_td_f20_g1_lr5.5e-5_a8_20260613T090652Z,1775,7444889600,english,forget,2.023984,7.568417,-0.04434
curr_td_f20_g1_lr5.5e-5_a8_20260613T090652Z,1800,7549747200,english,forget,2.02493,7.575577,-0.0434
curr_td_f20_g1_lr5.5e-5_a8_20260613T090652Z,1825,7654604800,english,forget,2.025825,7.58236,-0.0425
curr_td_f20_g1_lr5.5e-5_a8_20260613T090652Z,1850,7759462400,english,forget,2.028144,7.599969,-0.04018
curr_td_f20_g1_lr5.5e-5_a8_20260613T090652Z,1875,7864320000,english,forget,2.029356,7.609181,-0.03897
curr_td_f20_g1_lr5.5e-5_a8_20260613T090652Z,1900,7969177600,english,forget,2.030791,7.620108,-0.03754
curr_td_f20_g1_lr5.5e-5_a8_20260613T090652Z,1925,8074035200,english,forget,2.033071,7.637505,-0.03526
curr_td_f20_g1_lr5.5e-5_a8_20260613T090652Z,1950,8178892800,english,forget,2.033235,7.638757,-0.03509
curr_td_f20_g1_lr5.5e-5_a8_20260613T090652Z,1975,8283750400,english,forget,2.035367,7.655063,-0.03296
curr_td_f20_g1_lr5.5e-5_a8_20260613T090652Z,2000,8388608000,english,forget,2.035836,7.658656,-0.03249
curr_td_f20_g1_lr5.5e-5_a8_20260613T090652Z,2025,8493465600,english,forget,2.036591,7.664439,-0.03174
curr_td_f20_g1_lr5.5e-5_a8_20260613T090652Z,2050,8598323200,english,forget,2.039088,7.683599,-0.02924
curr_td_f20_g1_lr5.5e-5_a8_20260613T090652Z,2075,8703180800,english,forget,2.039644,7.687868,-0.02868
curr_td_f20_g1_lr5.5e-5_a8_20260613T090652Z,2100,8808038400,english,forget,2.03959,7.687454,-0.02874
curr_td_f20_g1_lr5.5e-5_a8_20260613T090652Z,2125,8912896000,english,forget,2.041493,7.702101,-0.02684
curr_td_f20_g1_lr5.5e-5_a8_20260613T090652Z,2150,9017753600,english,forget,2.041982,7.705865,-0.02635
curr_td_f20_g1_lr5.5e-5_a8_20260613T090652Z,2175,9122611200,english,forget,2.043161,7.714955,-0.02517
curr_td_f20_g1_lr5.5e-5_a8_20260613T090652Z,2200,9227468800,english,forget,2.044477,7.725121,-0.02385
curr_td_f20_g1_lr5.5e-5_a8_20260613T090652Z,2225,9332326400,english,forget,2.046515,7.740873,-0.02181
curr_td_f20_g1_lr5.5e-5_a8_20260613T090652Z,2250,9437184000,english,forget,2.047354,7.747374,-0.02097
curr_td_f20_g1_lr5.5e-5_a8_20260613T090652Z,2275,9542041600,english,forget,2.054097,7.799791,-0.01423
curr_td_f20_g1_lr5.5e-5_a8_20260613T090652Z,2300,9646899200,english,forget,2.052723,7.78908,-0.01561
curr_td_f20_g1_lr5.5e-5_a8_20260613T090652Z,2325,9751756800,english,forget,2.054717,7.804627,-0.01361
curr_td_f20_g1_lr5.5e-5_a8_20260613T090652Z,2350,9856614400,english,forget,2.053996,7.799003,-0.01433
curr_td_f20_g1_lr5.5e-5_a8_20260613T090652Z,2375,9961472000,english,forget,2.056918,7.821825,-0.01141
curr_td_f20_g1_lr5.5e-5_a8_20260613T090652Z,2400,10066329600,english,forget,2.056731,7.820365,-0.0116
curr_td_f20_g1_lr5.5e-5_a8_20260613T090652Z,2425,10171187200,english,forget,2.059016,7.838253,-0.00931
curr_td_f20_g1_lr5.5e-5_a8_20260613T090652Z,2450,10276044800,english,forget,2.06027,7.848089,-0.00806
curr_td_f20_g1_lr5.5e-5_a8_20260613T090652Z,2475,10380902400,english,forget,2.063749,7.875436,-0.00458
curr_td_f20_g1_lr5.5e-5_a8_20260613T090652Z,2500,10485760000,english,forget,2.06486,7.884193,-0.00347
curr_td_f20_g1_lr5.5e-5_a8_20260613T090652Z,2525,10590617600,english,forget,2.065002,7.885312,-0.00333
curr_td_f20_g1_lr5.5e-5_a8_20260613T090652Z,2550,10695475200,english,forget,2.067692,7.906552,-0.00064
curr_td_f20_g1_lr5.5e-5_a8_20260613T090652Z,2575,10800332800,english,forget,2.067917,7.908332,-0.00041
curr_td_f20_g1_lr5.5e-5_a8_20260613T090652Z,2600,10905190400,english,forget,2.069617,7.921789,0.00129
curr_td_f20_g1_lr5.5e-5_a8_20260613T090652Z,2625,11010048000,english,forget,2.070565,7.929306,0.00224
curr_td_f20_g1_lr5.5e-5_a8_20260613T090652Z,2650,11114905600,english,forget,2.07024,7.926724,0.00191
curr_td_f20_g1_lr5.5e-5_a8_20260613T090652Z,2675,11219763200,english,forget,2.071383,7.935787,0.00305
curr_td_f20_g1_lr5.5e-5_a8_20260613T090652Z,2700,11324620800,english,forget,2.070656,7.93002,0.00233
curr_td_f20_g1_lr5.5e-5_a8_20260613T090652Z,2725,11429478400,english,forget,2.072269,7.942827,0.00394
curr_td_f20_g1_lr5.5e-5_a8_20260613T090652Z,2750,11534336000,english,forget,2.072524,7.944853,0.0042
curr_td_f20_g1_lr5.5e-5_a8_20260613T090652Z,2775,11639193600,english,forget,2.071452,7.936336,0.00312
curr_td_f20_g1_lr5.5e-5_a8_20260613T090652Z,2800,11744051200,english,forget,2.071234,7.934612,0.00291
curr_td_f20_g1_lr5.5e-5_a8_20260613T090652Z,2825,11848908800,english,forget,2.071648,7.937891,0.00332
curr_td_f20_g1_lr5.5e-5_a8_20260613T090652Z,2850,11953766400,english,forget,2.070895,7.931922,0.00257
curr_td_f20_g1_lr5.5e-5_a8_20260613T090652Z,2875,12058624000,english,forget,2.0714,7.935923,0.00307
curr_td_f20_g1_lr5.5e-5_a8_20260613T090652Z,2900,12163481600,english,forget,2.070889,7.931868,0.00256
curr_td_f20_g1_lr5.5e-5_a8_20260613T090652Z,2925,12268339200,english,forget,2.070955,7.932391,0.00263
curr_td_f20_g1_lr5.5e-5_a8_20260613T090652Z,2950,12373196800,english,forget,2.072359,7.943537,0.00403
curr_td_f20_g1_lr5.5e-5_a8_20260613T090652Z,2975,12478054400,english,forget,2.070691,7.930298,0.00236
curr_td_f20_g1_lr5.5e-5_a8_20260613T090652Z,3000,12582912000,english,forget,2.070038,7.925121,0.00171
curr_td_f20_g1_lr5.5e-5_a8_20260613T090652Z,3025,12687769600,english,forget,2.070233,7.926669,0.0019
curr_td_f20_g1_lr5.5e-5_a8_20260613T090652Z,3050,12792627200,english,forget,2.069016,7.917031,0.00069
curr_td_f20_g1_lr5.5e-5_a8_20260613T090652Z,3075,12897484800,english,forget,2.071112,7.93364,0.00278
curr_td_f20_g1_lr5.5e-5_a8_20260613T090652Z,3100,13002342400,english,forget,2.070284,7.927077,0.00196
curr_td_f20_g1_lr5.5e-5_a8_20260613T090652Z,3125,13107200000,english,forget,2.07024,7.926727,0.00191
curr_td_f20_g1_lr5.5e-5_a8_20260613T090652Z,3150,13212057600,english,forget,2.068649,7.914126,0.00032
curr_td_f20_g1_lr5.5e-5_a8_20260613T090652Z,3175,13316915200,english,forget,2.070098,7.925601,0.00177
curr_td_f20_g1_lr5.5e-5_a8_20260613T090652Z,3200,13421772800,english,forget,2.070649,7.929965,0.00232
curr_td_f20_g1_lr5.5e-5_a8_20260613T090652Z,25,104857600,greek_phd,adapt,2.981698,19.72128,0.0
curr_td_f20_g1_lr5.5e-5_a8_20260613T090652Z,50,209715200,greek_phd,adapt,2.543109,12.71915,-0.43859
curr_td_f20_g1_lr5.5e-5_a8_20260613T090652Z,75,314572800,greek_phd,adapt,2.274623,9.724251,-0.70708
curr_td_f20_g1_lr5.5e-5_a8_20260613T090652Z,100,419430400,greek_phd,adapt,2.165361,8.717752,-0.81634
curr_td_f20_g1_lr5.5e-5_a8_20260613T090652Z,125,524288000,greek_phd,adapt,2.097901,8.149044,-0.8838
curr_td_f20_g1_lr5.5e-5_a8_20260613T090652Z,150,629145600,greek_phd,adapt,2.05998,7.84581,-0.92172
curr_td_f20_g1_lr5.5e-5_a8_20260613T090652Z,175,734003200,greek_phd,adapt,2.022486,7.557088,-0.95921
curr_td_f20_g1_lr5.5e-5_a8_20260613T090652Z,200,838860800,greek_phd,adapt,2.00552,7.429955,-0.97618
curr_td_f20_g1_lr5.5e-5_a8_20260613T090652Z,225,943718400,greek_phd,adapt,1.97447,7.202801,-1.00723
curr_td_f20_g1_lr5.5e-5_a8_20260613T090652Z,250,1048576000,greek_phd,adapt,1.95738,7.080748,-1.02432
curr_td_f20_g1_lr5.5e-5_a8_20260613T090652Z,275,1153433600,greek_phd,adapt,1.943373,6.982261,-1.03833
curr_td_f20_g1_lr5.5e-5_a8_20260613T090652Z,300,1258291200,greek_phd,adapt,1.936943,6.937511,-1.04476
curr_td_f20_g1_lr5.5e-5_a8_20260613T090652Z,325,1363148800,greek_phd,adapt,1.918474,6.810556,-1.06322
curr_td_f20_g1_lr5.5e-5_a8_20260613T090652Z,350,1468006400,greek_phd,adapt,1.912324,6.768803,-1.06937
curr_td_f20_g1_lr5.5e-5_a8_20260613T090652Z,375,1572864000,greek_phd,adapt,1.912994,6.773338,-1.0687
curr_td_f20_g1_lr5.5e-5_a8_20260613T090652Z,400,1677721600,greek_phd,adapt,1.90392,6.712154,-1.07778
curr_td_f20_g1_lr5.5e-5_a8_20260613T090652Z,425,1782579200,greek_phd,adapt,1.89622,6.660668,-1.08548
curr_td_f20_g1_lr5.5e-5_a8_20260613T090652Z,450,1887436800,greek_phd,adapt,1.881853,6.56566,-1.09985
curr_td_f20_g1_lr5.5e-5_a8_20260613T090652Z,475,1992294400,greek_phd,adapt,1.875185,6.522028,-1.10651
curr_td_f20_g1_lr5.5e-5_a8_20260613T090652Z,500,2097152000,greek_phd,adapt,1.8688,6.480512,-1.1129
curr_td_f20_g1_lr5.5e-5_a8_20260613T090652Z,525,2202009600,greek_phd,adapt,1.867402,6.471462,-1.1143
curr_td_f20_g1_lr5.5e-5_a8_20260613T090652Z,550,2306867200,greek_phd,adapt,1.866661,6.466666,-1.11504
curr_td_f20_g1_lr5.5e-5_a8_20260613T090652Z,575,2411724800,greek_phd,adapt,1.862781,6.441629,-1.11892
curr_td_f20_g1_lr5.5e-5_a8_20260613T090652Z,600,2516582400,greek_phd,adapt,1.85168,6.370512,-1.13002
curr_td_f20_g1_lr5.5e-5_a8_20260613T090652Z,625,2621440000,greek_phd,adapt,1.847383,6.343201,-1.13432
curr_td_f20_g1_lr5.5e-5_a8_20260613T090652Z,650,2726297600,greek_phd,adapt,1.844862,6.327229,-1.13684
curr_td_f20_g1_lr5.5e-5_a8_20260613T090652Z,675,2831155200,greek_phd,adapt,1.841128,6.303648,-1.14057
curr_td_f20_g1_lr5.5e-5_a8_20260613T090652Z,700,2936012800,greek_phd,adapt,1.837894,6.283289,-1.1438
curr_td_f20_g1_lr5.5e-5_a8_20260613T090652Z,725,3040870400,greek_phd,adapt,1.834872,6.264332,-1.14683
curr_td_f20_g1_lr5.5e-5_a8_20260613T090652Z,750,3145728000,greek_phd,adapt,1.833392,6.25507,-1.14831
curr_td_f20_g1_lr5.5e-5_a8_20260613T090652Z,775,3250585600,greek_phd,adapt,1.829418,6.230262,-1.15228
curr_td_f20_g1_lr5.5e-5_a8_20260613T090652Z,800,3355443200,greek_phd,adapt,1.822814,6.189249,-1.15888
curr_td_f20_g1_lr5.5e-5_a8_20260613T090652Z,825,3460300800,greek_phd,adapt,1.820115,6.17257,-1.16158
curr_td_f20_g1_lr5.5e-5_a8_20260613T090652Z,850,3565158400,greek_phd,adapt,1.815549,6.144449,-1.16615
curr_td_f20_g1_lr5.5e-5_a8_20260613T090652Z,875,3670016000,greek_phd,adapt,1.81447,6.137825,-1.16723
curr_td_f20_g1_lr5.5e-5_a8_20260613T090652Z,900,3774873600,greek_phd,adapt,1.818272,6.161205,-1.16343
curr_td_f20_g1_lr5.5e-5_a8_20260613T090652Z,925,3879731200,greek_phd,adapt,1.807995,6.098209,-1.1737
curr_td_f20_g1_lr5.5e-5_a8_20260613T090652Z,950,3984588800,greek_phd,adapt,1.806387,6.088408,-1.17531
curr_td_f20_g1_lr5.5e-5_a8_20260613T090652Z,975,4089446400,greek_phd,adapt,1.804144,6.074772,-1.17755
curr_td_f20_g1_lr5.5e-5_a8_20260613T090652Z,1000,4194304000,greek_phd,adapt,1.802295,6.063549,-1.1794
curr_td_f20_g1_lr5.5e-5_a8_20260613T090652Z,1025,4299161600,greek_phd,adapt,1.798478,6.040445,-1.18322
curr_td_f20_g1_lr5.5e-5_a8_20260613T090652Z,1050,4404019200,greek_phd,adapt,1.797725,6.035901,-1.18397
curr_td_f20_g1_lr5.5e-5_a8_20260613T090652Z,1075,4508876800,greek_phd,adapt,1.795783,6.024191,-1.18592
curr_td_f20_g1_lr5.5e-5_a8_20260613T090652Z,1100,4613734400,greek_phd,adapt,1.795238,6.020908,-1.18646
curr_td_f20_g1_lr5.5e-5_a8_20260613T090652Z,1125,4718592000,greek_phd,adapt,1.792223,6.002782,-1.18948
curr_td_f20_g1_lr5.5e-5_a8_20260613T090652Z,1150,4823449600,greek_phd,adapt,1.793181,6.008533,-1.18852
curr_td_f20_g1_lr5.5e-5_a8_20260613T090652Z,1175,4928307200,greek_phd,adapt,1.791892,6.000796,-1.18981
curr_td_f20_g1_lr5.5e-5_a8_20260613T090652Z,1200,5033164800,greek_phd,adapt,1.790793,5.994204,-1.19091
curr_td_f20_g1_lr5.5e-5_a8_20260613T090652Z,1225,5138022400,greek_phd,adapt,1.786577,5.968984,-1.19512
curr_td_f20_g1_lr5.5e-5_a8_20260613T090652Z,1250,5242880000,greek_phd,adapt,1.785019,5.959693,-1.19668
curr_td_f20_g1_lr5.5e-5_a8_20260613T090652Z,1275,5347737600,greek_phd,adapt,1.782926,5.947234,-1.19877
curr_td_f20_g1_lr5.5e-5_a8_20260613T090652Z,1300,5452595200,greek_phd,adapt,1.7854,5.961962,-1.1963
curr_td_f20_g1_lr5.5e-5_a8_20260613T090652Z,1325,5557452800,greek_phd,adapt,1.780351,5.931938,-1.20135
curr_td_f20_g1_lr5.5e-5_a8_20260613T090652Z,1350,5662310400,greek_phd,adapt,1.780458,5.932576,-1.20124
curr_td_f20_g1_lr5.5e-5_a8_20260613T090652Z,1375,5767168000,greek_phd,adapt,1.777165,5.913071,-1.20453
curr_td_f20_g1_lr5.5e-5_a8_20260613T090652Z,1400,5872025600,greek_phd,adapt,1.780679,5.933886,-1.20102
curr_td_f20_g1_lr5.5e-5_a8_20260613T090652Z,1425,5976883200,greek_phd,adapt,1.775632,5.904011,-1.20607
curr_td_f20_g1_lr5.5e-5_a8_20260613T090652Z,1450,6081740800,greek_phd,adapt,1.774486,5.897247,-1.20721
curr_td_f20_g1_lr5.5e-5_a8_20260613T090652Z,1475,6186598400,greek_phd,adapt,1.780677,5.933875,-1.20102
curr_td_f20_g1_lr5.5e-5_a8_20260613T090652Z,1500,6291456000,greek_phd,adapt,1.777865,5.91721,-1.20383
curr_td_f20_g1_lr5.5e-5_a8_20260613T090652Z,1525,6396313600,greek_phd,adapt,1.773866,5.893594,-1.20783
curr_td_f20_g1_lr5.5e-5_a8_20260613T090652Z,1550,6501171200,greek_phd,adapt,1.771893,5.881976,-1.20981
curr_td_f20_g1_lr5.5e-5_a8_20260613T090652Z,1575,6606028800,greek_phd,adapt,1.772067,5.882999,-1.20963
curr_td_f20_g1_lr5.5e-5_a8_20260613T090652Z,1600,6710886400,greek_phd,adapt,1.773607,5.892068,-1.20809
curr_td_f20_g1_lr5.5e-5_a8_20260613T090652Z,1625,6815744000,greek_phd,adapt,1.771387,5.879,-1.21031
curr_td_f20_g1_lr5.5e-5_a8_20260613T090652Z,1650,6920601600,greek_phd,adapt,1.772476,5.88541,-1.20922
curr_td_f20_g1_lr5.5e-5_a8_20260613T090652Z,1675,7025459200,greek_phd,adapt,1.770751,5.875262,-1.21095
curr_td_f20_g1_lr5.5e-5_a8_20260613T090652Z,1700,7130316800,greek_phd,adapt,1.77043,5.873381,-1.21127
curr_td_f20_g1_lr5.5e-5_a8_20260613T090652Z,1725,7235174400,greek_phd,adapt,1.774548,5.897614,-1.20715
curr_td_f20_g1_lr5.5e-5_a8_20260613T090652Z,1750,7340032000,greek_phd,adapt,1.76986,5.870032,-1.21184
curr_td_f20_g1_lr5.5e-5_a8_20260613T090652Z,1775,7444889600,greek_phd,adapt,1.767791,5.857901,-1.21391
curr_td_f20_g1_lr5.5e-5_a8_20260613T090652Z,1800,7549747200,greek_phd,adapt,1.766973,5.853111,-1.21473
curr_td_f20_g1_lr5.5e-5_a8_20260613T090652Z,1825,7654604800,greek_phd,adapt,1.765558,5.844834,-1.21614
curr_td_f20_g1_lr5.5e-5_a8_20260613T090652Z,1850,7759462400,greek_phd,adapt,1.765704,5.845684,-1.21599
curr_td_f20_g1_lr5.5e-5_a8_20260613T090652Z,1875,7864320000,greek_phd,adapt,1.765197,5.842725,-1.2165
curr_td_f20_g1_lr5.5e-5_a8_20260613T090652Z,1900,7969177600,greek_phd,adapt,1.764609,5.839287,-1.21709
curr_td_f20_g1_lr5.5e-5_a8_20260613T090652Z,1925,8074035200,greek_phd,adapt,1.764783,5.840302,-1.21692
curr_td_f20_g1_lr5.5e-5_a8_20260613T090652Z,1950,8178892800,greek_phd,adapt,1.763479,5.832694,-1.21822
curr_td_f20_g1_lr5.5e-5_a8_20260613T090652Z,1975,8283750400,greek_phd,adapt,1.766777,5.85196,-1.21492
curr_td_f20_g1_lr5.5e-5_a8_20260613T090652Z,2000,8388608000,greek_phd,adapt,1.763109,5.830537,-1.21859
curr_td_f20_g1_lr5.5e-5_a8_20260613T090652Z,2025,8493465600,greek_phd,adapt,1.760994,5.818216,-1.2207
curr_td_f20_g1_lr5.5e-5_a8_20260613T090652Z,2050,8598323200,greek_phd,adapt,1.76283,5.828911,-1.21887
curr_td_f20_g1_lr5.5e-5_a8_20260613T090652Z,2075,8703180800,greek_phd,adapt,1.76185,5.823202,-1.21985
curr_td_f20_g1_lr5.5e-5_a8_20260613T090652Z,2100,8808038400,greek_phd,adapt,1.760299,5.814175,-1.2214
curr_td_f20_g1_lr5.5e-5_a8_20260613T090652Z,2125,8912896000,greek_phd,adapt,1.760977,5.81812,-1.22072
curr_td_f20_g1_lr5.5e-5_a8_20260613T090652Z,2150,9017753600,greek_phd,adapt,1.758491,5.803673,-1.22321
curr_td_f20_g1_lr5.5e-5_a8_20260613T090652Z,2175,9122611200,greek_phd,adapt,1.757309,5.796816,-1.22439
curr_td_f20_g1_lr5.5e-5_a8_20260613T090652Z,2200,9227468800,greek_phd,adapt,1.757646,5.798771,-1.22405
curr_td_f20_g1_lr5.5e-5_a8_20260613T090652Z,2225,9332326400,greek_phd,adapt,1.757867,5.80005,-1.22383
curr_td_f20_g1_lr5.5e-5_a8_20260613T090652Z,2250,9437184000,greek_phd,adapt,1.756568,5.792524,-1.22513
curr_td_f20_g1_lr5.5e-5_a8_20260613T090652Z,2275,9542041600,greek_phd,adapt,1.716211,5.563411,-1.26549
curr_td_f20_g1_lr5.5e-5_a8_20260613T090652Z,2300,9646899200,greek_phd,adapt,1.697104,5.458117,-1.28459
curr_td_f20_g1_lr5.5e-5_a8_20260613T090652Z,2325,9751756800,greek_phd,adapt,1.689247,5.415399,-1.29245
curr_td_f20_g1_lr5.5e-5_a8_20260613T090652Z,2350,9856614400,greek_phd,adapt,1.679969,5.365387,-1.30173
curr_td_f20_g1_lr5.5e-5_a8_20260613T090652Z,2375,9961472000,greek_phd,adapt,1.676656,5.347641,-1.30504
curr_td_f20_g1_lr5.5e-5_a8_20260613T090652Z,2400,10066329600,greek_phd,adapt,1.671009,5.317531,-1.31069
curr_td_f20_g1_lr5.5e-5_a8_20260613T090652Z,2425,10171187200,greek_phd,adapt,1.667197,5.297299,-1.3145
curr_td_f20_g1_lr5.5e-5_a8_20260613T090652Z,2450,10276044800,greek_phd,adapt,1.663817,5.279422,-1.31788
curr_td_f20_g1_lr5.5e-5_a8_20260613T090652Z,2475,10380902400,greek_phd,adapt,1.662932,5.274751,-1.31877
curr_td_f20_g1_lr5.5e-5_a8_20260613T090652Z,2500,10485760000,greek_phd,adapt,1.658906,5.253559,-1.32279
curr_td_f20_g1_lr5.5e-5_a8_20260613T090652Z,2525,10590617600,greek_phd,adapt,1.654826,5.23217,-1.32687
curr_td_f20_g1_lr5.5e-5_a8_20260613T090652Z,2550,10695475200,greek_phd,adapt,1.652624,5.22066,-1.32907
curr_td_f20_g1_lr5.5e-5_a8_20260613T090652Z,2575,10800332800,greek_phd,adapt,1.649278,5.203219,-1.33242
curr_td_f20_g1_lr5.5e-5_a8_20260613T090652Z,2600,10905190400,greek_phd,adapt,1.648238,5.197813,-1.33346
curr_td_f20_g1_lr5.5e-5_a8_20260613T090652Z,2625,11010048000,greek_phd,adapt,1.644929,5.180642,-1.33677
curr_td_f20_g1_lr5.5e-5_a8_20260613T090652Z,2650,11114905600,greek_phd,adapt,1.642543,5.168296,-1.33916
curr_td_f20_g1_lr5.5e-5_a8_20260613T090652Z,2675,11219763200,greek_phd,adapt,1.640682,5.158687,-1.34102
curr_td_f20_g1_lr5.5e-5_a8_20260613T090652Z,2700,11324620800,greek_phd,adapt,1.638383,5.14684,-1.34332
curr_td_f20_g1_lr5.5e-5_a8_20260613T090652Z,2725,11429478400,greek_phd,adapt,1.63675,5.138441,-1.34495
curr_td_f20_g1_lr5.5e-5_a8_20260613T090652Z,2750,11534336000,greek_phd,adapt,1.636458,5.136941,-1.34524
curr_td_f20_g1_lr5.5e-5_a8_20260613T090652Z,2775,11639193600,greek_phd,adapt,1.634344,5.126094,-1.34735
curr_td_f20_g1_lr5.5e-5_a8_20260613T090652Z,2800,11744051200,greek_phd,adapt,1.631877,5.113463,-1.34982
curr_td_f20_g1_lr5.5e-5_a8_20260613T090652Z,2825,11848908800,greek_phd,adapt,1.630521,5.106532,-1.35118
curr_td_f20_g1_lr5.5e-5_a8_20260613T090652Z,2850,11953766400,greek_phd,adapt,1.629139,5.099484,-1.35256
curr_td_f20_g1_lr5.5e-5_a8_20260613T090652Z,2875,12058624000,greek_phd,adapt,1.62844,5.095921,-1.35326
curr_td_f20_g1_lr5.5e-5_a8_20260613T090652Z,2900,12163481600,greek_phd,adapt,1.626605,5.086578,-1.35509
curr_td_f20_g1_lr5.5e-5_a8_20260613T090652Z,2925,12268339200,greek_phd,adapt,1.625389,5.080394,-1.35631
curr_td_f20_g1_lr5.5e-5_a8_20260613T090652Z,2950,12373196800,greek_phd,adapt,1.624642,5.076601,-1.35706
curr_td_f20_g1_lr5.5e-5_a8_20260613T090652Z,2975,12478054400,greek_phd,adapt,1.623648,5.071556,-1.35805
curr_td_f20_g1_lr5.5e-5_a8_20260613T090652Z,3000,12582912000,greek_phd,adapt,1.622376,5.065113,-1.35932
curr_td_f20_g1_lr5.5e-5_a8_20260613T090652Z,3025,12687769600,greek_phd,adapt,1.621831,5.06235,-1.35987
curr_td_f20_g1_lr5.5e-5_a8_20260613T090652Z,3050,12792627200,greek_phd,adapt,1.620346,5.054839,-1.36135
curr_td_f20_g1_lr5.5e-5_a8_20260613T090652Z,3075,12897484800,greek_phd,adapt,1.620074,5.053464,-1.36162
curr_td_f20_g1_lr5.5e-5_a8_20260613T090652Z,3100,13002342400,greek_phd,adapt,1.619061,5.048349,-1.36264
curr_td_f20_g1_lr5.5e-5_a8_20260613T090652Z,3125,13107200000,greek_phd,adapt,1.618039,5.043189,-1.36366
curr_td_f20_g1_lr5.5e-5_a8_20260613T090652Z,3150,13212057600,greek_phd,adapt,1.617653,5.041242,-1.36405
curr_td_f20_g1_lr5.5e-5_a8_20260613T090652Z,3175,13316915200,greek_phd,adapt,1.616957,5.037737,-1.36474
curr_td_f20_g1_lr5.5e-5_a8_20260613T090652Z,3200,13421772800,greek_phd,adapt,1.616295,5.034406,-1.3654
curr_td_f20_g1_lr5.5e-5_a8_20260613T090652Z,25,104857600,hplt,adapt,4.283218,72.47331,0.0
curr_td_f20_g1_lr5.5e-5_a8_20260613T090652Z,50,209715200,hplt,adapt,3.500129,33.11971,-0.78309
curr_td_f20_g1_lr5.5e-5_a8_20260613T090652Z,75,314572800,hplt,adapt,2.988732,19.86049,-1.29449
curr_td_f20_g1_lr5.5e-5_a8_20260613T090652Z,100,419430400,hplt,adapt,2.788972,16.26429,-1.49425
curr_td_f20_g1_lr5.5e-5_a8_20260613T090652Z,125,524288000,hplt,adapt,2.665503,14.37518,-1.61771
curr_td_f20_g1_lr5.5e-5_a8_20260613T090652Z,150,629145600,hplt,adapt,2.593357,13.3746,-1.68986
curr_td_f20_g1_lr5.5e-5_a8_20260613T090652Z,175,734003200,hplt,adapt,2.527874,12.52685,-1.75534
curr_td_f20_g1_lr5.5e-5_a8_20260613T090652Z,200,838860800,hplt,adapt,2.494828,12.11965,-1.78839
curr_td_f20_g1_lr5.5e-5_a8_20260613T090652Z,225,943718400,hplt,adapt,2.440107,11.47427,-1.84311
curr_td_f20_g1_lr5.5e-5_a8_20260613T090652Z,250,1048576000,hplt,adapt,2.405884,11.08822,-1.87733
curr_td_f20_g1_lr5.5e-5_a8_20260613T090652Z,275,1153433600,hplt,adapt,2.380827,10.81384,-1.90239
curr_td_f20_g1_lr5.5e-5_a8_20260613T090652Z,300,1258291200,hplt,adapt,2.363139,10.62425,-1.92008
curr_td_f20_g1_lr5.5e-5_a8_20260613T090652Z,325,1363148800,hplt,adapt,2.331503,10.2934,-1.95171
curr_td_f20_g1_lr5.5e-5_a8_20260613T090652Z,350,1468006400,hplt,adapt,2.320841,10.18423,-1.96238
curr_td_f20_g1_lr5.5e-5_a8_20260613T090652Z,375,1572864000,hplt,adapt,2.311374,10.08828,-1.97184
curr_td_f20_g1_lr5.5e-5_a8_20260613T090652Z,400,1677721600,hplt,adapt,2.289123,9.866282,-1.99409
curr_td_f20_g1_lr5.5e-5_a8_20260613T090652Z,425,1782579200,hplt,adapt,2.28621,9.837585,-1.99701
curr_td_f20_g1_lr5.5e-5_a8_20260613T090652Z,450,1887436800,hplt,adapt,2.25514,9.536627,-2.02808
curr_td_f20_g1_lr5.5e-5_a8_20260613T090652Z,475,1992294400,hplt,adapt,2.240768,9.40055,-2.04245
curr_td_f20_g1_lr5.5e-5_a8_20260613T090652Z,500,2097152000,hplt,adapt,2.22804,9.281652,-2.05518
curr_td_f20_g1_lr5.5e-5_a8_20260613T090652Z,525,2202009600,hplt,adapt,2.225452,9.257666,-2.05777
curr_td_f20_g1_lr5.5e-5_a8_20260613T090652Z,550,2306867200,hplt,adapt,2.221619,9.222249,-2.0616
curr_td_f20_g1_lr5.5e-5_a8_20260613T090652Z,575,2411724800,hplt,adapt,2.210589,9.121091,-2.07263
curr_td_f20_g1_lr5.5e-5_a8_20260613T090652Z,600,2516582400,hplt,adapt,2.19239,8.956591,-2.09083
curr_td_f20_g1_lr5.5e-5_a8_20260613T090652Z,625,2621440000,hplt,adapt,2.184333,8.884723,-2.09888
curr_td_f20_g1_lr5.5e-5_a8_20260613T090652Z,650,2726297600,hplt,adapt,2.177944,8.828139,-2.10527
curr_td_f20_g1_lr5.5e-5_a8_20260613T090652Z,675,2831155200,hplt,adapt,2.170391,8.761712,-2.11283
curr_td_f20_g1_lr5.5e-5_a8_20260613T090652Z,700,2936012800,hplt,adapt,2.163481,8.701377,-2.11974
curr_td_f20_g1_lr5.5e-5_a8_20260613T090652Z,725,3040870400,hplt,adapt,2.158176,8.655333,-2.12504
curr_td_f20_g1_lr5.5e-5_a8_20260613T090652Z,750,3145728000,hplt,adapt,2.154468,8.623302,-2.12875
curr_td_f20_g1_lr5.5e-5_a8_20260613T090652Z,775,3250585600,hplt,adapt,2.14525,8.544178,-2.13797
curr_td_f20_g1_lr5.5e-5_a8_20260613T090652Z,800,3355443200,hplt,adapt,2.1363,8.468047,-2.14692
curr_td_f20_g1_lr5.5e-5_a8_20260613T090652Z,825,3460300800,hplt,adapt,2.131196,8.424939,-2.15202
curr_td_f20_g1_lr5.5e-5_a8_20260613T090652Z,850,3565158400,hplt,adapt,2.121913,8.347092,-2.1613
curr_td_f20_g1_lr5.5e-5_a8_20260613T090652Z,875,3670016000,hplt,adapt,2.120435,8.334764,-2.16278
curr_td_f20_g1_lr5.5e-5_a8_20260613T090652Z,900,3774873600,hplt,adapt,2.124842,8.371572,-2.15838
curr_td_f20_g1_lr5.5e-5_a8_20260613T090652Z,925,3879731200,hplt,adapt,2.105617,8.212167,-2.1776
curr_td_f20_g1_lr5.5e-5_a8_20260613T090652Z,950,3984588800,hplt,adapt,2.101577,8.179058,-2.18164
curr_td_f20_g1_lr5.5e-5_a8_20260613T090652Z,975,4089446400,hplt,adapt,2.096555,8.138088,-2.18666
curr_td_f20_g1_lr5.5e-5_a8_20260613T090652Z,1000,4194304000,hplt,adapt,2.09244,8.104666,-2.19078
curr_td_f20_g1_lr5.5e-5_a8_20260613T090652Z,1025,4299161600,hplt,adapt,2.085309,8.047076,-2.19791
curr_td_f20_g1_lr5.5e-5_a8_20260613T090652Z,1050,4404019200,hplt,adapt,2.082128,8.021523,-2.20109
curr_td_f20_g1_lr5.5e-5_a8_20260613T090652Z,1075,4508876800,hplt,adapt,2.074926,7.963958,-2.20829
curr_td_f20_g1_lr5.5e-5_a8_20260613T090652Z,1100,4613734400,hplt,adapt,2.072453,7.944287,-2.21076
curr_td_f20_g1_lr5.5e-5_a8_20260613T090652Z,1125,4718592000,hplt,adapt,2.066447,7.896716,-2.21677
curr_td_f20_g1_lr5.5e-5_a8_20260613T090652Z,1150,4823449600,hplt,adapt,2.067148,7.902252,-2.21607
curr_td_f20_g1_lr5.5e-5_a8_20260613T090652Z,1175,4928307200,hplt,adapt,2.067251,7.903066,-2.21597
curr_td_f20_g1_lr5.5e-5_a8_20260613T090652Z,1200,5033164800,hplt,adapt,2.061591,7.858462,-2.22163
curr_td_f20_g1_lr5.5e-5_a8_20260613T090652Z,1225,5138022400,hplt,adapt,2.053495,7.795095,-2.22972
curr_td_f20_g1_lr5.5e-5_a8_20260613T090652Z,1250,5242880000,hplt,adapt,2.049702,7.76559,-2.23352
curr_td_f20_g1_lr5.5e-5_a8_20260613T090652Z,1275,5347737600,hplt,adapt,2.045777,7.735167,-2.23744
curr_td_f20_g1_lr5.5e-5_a8_20260613T090652Z,1300,5452595200,hplt,adapt,2.048251,7.754328,-2.23497
curr_td_f20_g1_lr5.5e-5_a8_20260613T090652Z,1325,5557452800,hplt,adapt,2.039251,7.68485,-2.24397
curr_td_f20_g1_lr5.5e-5_a8_20260613T090652Z,1350,5662310400,hplt,adapt,2.037048,7.667941,-2.24617
curr_td_f20_g1_lr5.5e-5_a8_20260613T090652Z,1375,5767168000,hplt,adapt,2.03066,7.619116,-2.25256
curr_td_f20_g1_lr5.5e-5_a8_20260613T090652Z,1400,5872025600,hplt,adapt,2.035186,7.653678,-2.24803
curr_td_f20_g1_lr5.5e-5_a8_20260613T090652Z,1425,5976883200,hplt,adapt,2.026495,7.587442,-2.25672
curr_td_f20_g1_lr5.5e-5_a8_20260613T090652Z,1450,6081740800,hplt,adapt,2.023111,7.56181,-2.26011
curr_td_f20_g1_lr5.5e-5_a8_20260613T090652Z,1475,6186598400,hplt,adapt,2.029312,7.608849,-2.25391
curr_td_f20_g1_lr5.5e-5_a8_20260613T090652Z,1500,6291456000,hplt,adapt,2.026252,7.585604,-2.25697
curr_td_f20_g1_lr5.5e-5_a8_20260613T090652Z,1525,6396313600,hplt,adapt,2.018682,7.528396,-2.26454
curr_td_f20_g1_lr5.5e-5_a8_20260613T090652Z,1550,6501171200,hplt,adapt,2.013739,7.491274,-2.26948
curr_td_f20_g1_lr5.5e-5_a8_20260613T090652Z,1575,6606028800,hplt,adapt,2.012388,7.481165,-2.27083
curr_td_f20_g1_lr5.5e-5_a8_20260613T090652Z,1600,6710886400,hplt,adapt,2.013905,7.492515,-2.26931
curr_td_f20_g1_lr5.5e-5_a8_20260613T090652Z,1625,6815744000,hplt,adapt,2.006934,7.440471,-2.27628
curr_td_f20_g1_lr5.5e-5_a8_20260613T090652Z,1650,6920601600,hplt,adapt,2.008102,7.449163,-2.27512
curr_td_f20_g1_lr5.5e-5_a8_20260613T090652Z,1675,7025459200,hplt,adapt,2.003786,7.417087,-2.27943
curr_td_f20_g1_lr5.5e-5_a8_20260613T090652Z,1700,7130316800,hplt,adapt,2.002661,7.408741,-2.28056
curr_td_f20_g1_lr5.5e-5_a8_20260613T090652Z,1725,7235174400,hplt,adapt,2.007074,7.441514,-2.27614
curr_td_f20_g1_lr5.5e-5_a8_20260613T090652Z,1750,7340032000,hplt,adapt,1.999205,7.383185,-2.28401
curr_td_f20_g1_lr5.5e-5_a8_20260613T090652Z,1775,7444889600,hplt,adapt,1.992884,7.336665,-2.29033
curr_td_f20_g1_lr5.5e-5_a8_20260613T090652Z,1800,7549747200,hplt,adapt,1.990176,7.316819,-2.29304
curr_td_f20_g1_lr5.5e-5_a8_20260613T090652Z,1825,7654604800,hplt,adapt,1.986697,7.291411,-2.29652
curr_td_f20_g1_lr5.5e-5_a8_20260613T090652Z,1850,7759462400,hplt,adapt,1.985831,7.2851,-2.29739
curr_td_f20_g1_lr5.5e-5_a8_20260613T090652Z,1875,7864320000,hplt,adapt,1.983903,7.271064,-2.29931
curr_td_f20_g1_lr5.5e-5_a8_20260613T090652Z,1900,7969177600,hplt,adapt,1.983703,7.269612,-2.29951
curr_td_f20_g1_lr5.5e-5_a8_20260613T090652Z,1925,8074035200,hplt,adapt,1.981976,7.257071,-2.30124
curr_td_f20_g1_lr5.5e-5_a8_20260613T090652Z,1950,8178892800,hplt,adapt,1.978507,7.231941,-2.30471
curr_td_f20_g1_lr5.5e-5_a8_20260613T090652Z,1975,8283750400,hplt,adapt,1.982789,7.262968,-2.30043
curr_td_f20_g1_lr5.5e-5_a8_20260613T090652Z,2000,8388608000,hplt,adapt,1.975722,7.211828,-2.3075
curr_td_f20_g1_lr5.5e-5_a8_20260613T090652Z,2025,8493465600,hplt,adapt,1.97183,7.183808,-2.31139
curr_td_f20_g1_lr5.5e-5_a8_20260613T090652Z,2050,8598323200,hplt,adapt,1.973458,7.195515,-2.30976
curr_td_f20_g1_lr5.5e-5_a8_20260613T090652Z,2075,8703180800,hplt,adapt,1.971378,7.180564,-2.31184
curr_td_f20_g1_lr5.5e-5_a8_20260613T090652Z,2100,8808038400,hplt,adapt,1.965992,7.141996,-2.31723
curr_td_f20_g1_lr5.5e-5_a8_20260613T090652Z,2125,8912896000,hplt,adapt,1.966442,7.145208,-2.31678
curr_td_f20_g1_lr5.5e-5_a8_20260613T090652Z,2150,9017753600,hplt,adapt,1.961442,7.10957,-2.32178
curr_td_f20_g1_lr5.5e-5_a8_20260613T090652Z,2175,9122611200,hplt,adapt,1.959827,7.098099,-2.32339
curr_td_f20_g1_lr5.5e-5_a8_20260613T090652Z,2200,9227468800,hplt,adapt,1.958207,7.086611,-2.32501
curr_td_f20_g1_lr5.5e-5_a8_20260613T090652Z,2225,9332326400,hplt,adapt,1.957825,7.083903,-2.32539
curr_td_f20_g1_lr5.5e-5_a8_20260613T090652Z,2250,9437184000,hplt,adapt,1.955023,7.064079,-2.3282
curr_td_f20_g1_lr5.5e-5_a8_20260613T090652Z,2275,9542041600,hplt,adapt,1.966625,7.146519,-2.31659
curr_td_f20_g1_lr5.5e-5_a8_20260613T090652Z,2300,9646899200,hplt,adapt,1.966828,7.147967,-2.31639
curr_td_f20_g1_lr5.5e-5_a8_20260613T090652Z,2325,9751756800,hplt,adapt,1.969679,7.168378,-2.31354
curr_td_f20_g1_lr5.5e-5_a8_20260613T090652Z,2350,9856614400,hplt,adapt,1.969056,7.163911,-2.31416
curr_td_f20_g1_lr5.5e-5_a8_20260613T090652Z,2375,9961472000,hplt,adapt,1.972647,7.189685,-2.31057
curr_td_f20_g1_lr5.5e-5_a8_20260613T090652Z,2400,10066329600,hplt,adapt,1.973404,7.195127,-2.30981
curr_td_f20_g1_lr5.5e-5_a8_20260613T090652Z,2425,10171187200,hplt,adapt,1.975662,7.211391,-2.30756
curr_td_f20_g1_lr5.5e-5_a8_20260613T090652Z,2450,10276044800,hplt,adapt,1.977699,7.226094,-2.30552
curr_td_f20_g1_lr5.5e-5_a8_20260613T090652Z,2475,10380902400,hplt,adapt,1.982133,7.258209,-2.30108
curr_td_f20_g1_lr5.5e-5_a8_20260613T090652Z,2500,10485760000,hplt,adapt,1.983403,7.267434,-2.29981
curr_td_f20_g1_lr5.5e-5_a8_20260613T090652Z,2525,10590617600,hplt,adapt,1.984828,7.277798,-2.29839
curr_td_f20_g1_lr5.5e-5_a8_20260613T090652Z,2550,10695475200,hplt,adapt,1.987466,7.297021,-2.29575
curr_td_f20_g1_lr5.5e-5_a8_20260613T090652Z,2575,10800332800,hplt,adapt,1.989149,7.309308,-2.29407
curr_td_f20_g1_lr5.5e-5_a8_20260613T090652Z,2600,10905190400,hplt,adapt,1.991743,7.328299,-2.29147
curr_td_f20_g1_lr5.5e-5_a8_20260613T090652Z,2625,11010048000,hplt,adapt,1.991979,7.330027,-2.29124
curr_td_f20_g1_lr5.5e-5_a8_20260613T090652Z,2650,11114905600,hplt,adapt,1.992454,7.333509,-2.29076
curr_td_f20_g1_lr5.5e-5_a8_20260613T090652Z,2675,11219763200,hplt,adapt,1.993334,7.339967,-2.28988
curr_td_f20_g1_lr5.5e-5_a8_20260613T090652Z,2700,11324620800,hplt,adapt,1.993739,7.342934,-2.28948
curr_td_f20_g1_lr5.5e-5_a8_20260613T090652Z,2725,11429478400,hplt,adapt,1.994086,7.345488,-2.28913
curr_td_f20_g1_lr5.5e-5_a8_20260613T090652Z,2750,11534336000,hplt,adapt,1.995435,7.355403,-2.28778
curr_td_f20_g1_lr5.5e-5_a8_20260613T090652Z,2775,11639193600,hplt,adapt,1.995323,7.35458,-2.28789
curr_td_f20_g1_lr5.5e-5_a8_20260613T090652Z,2800,11744051200,hplt,adapt,1.994618,7.349395,-2.2886
curr_td_f20_g1_lr5.5e-5_a8_20260613T090652Z,2825,11848908800,hplt,adapt,1.994741,7.350298,-2.28848
curr_td_f20_g1_lr5.5e-5_a8_20260613T090652Z,2850,11953766400,hplt,adapt,1.994594,7.349222,-2.28862
curr_td_f20_g1_lr5.5e-5_a8_20260613T090652Z,2875,12058624000,hplt,adapt,1.9949,7.351471,-2.28832
curr_td_f20_g1_lr5.5e-5_a8_20260613T090652Z,2900,12163481600,hplt,adapt,1.994308,7.34712,-2.28891
curr_td_f20_g1_lr5.5e-5_a8_20260613T090652Z,2925,12268339200,hplt,adapt,1.993985,7.344747,-2.28923
curr_td_f20_g1_lr5.5e-5_a8_20260613T090652Z,2950,12373196800,hplt,adapt,1.994187,7.346225,-2.28903
curr_td_f20_g1_lr5.5e-5_a8_20260613T090652Z,2975,12478054400,hplt,adapt,1.993864,7.343859,-2.28935
curr_td_f20_g1_lr5.5e-5_a8_20260613T090652Z,3000,12582912000,hplt,adapt,1.993549,7.341546,-2.28967
curr_td_f20_g1_lr5.5e-5_a8_20260613T090652Z,3025,12687769600,hplt,adapt,1.993391,7.340381,-2.28983
curr_td_f20_g1_lr5.5e-5_a8_20260613T090652Z,3050,12792627200,hplt,adapt,1.99269,7.335242,-2.29053
curr_td_f20_g1_lr5.5e-5_a8_20260613T090652Z,3075,12897484800,hplt,adapt,1.993148,7.338601,-2.29007
curr_td_f20_g1_lr5.5e-5_a8_20260613T090652Z,3100,13002342400,hplt,adapt,1.992534,7.334096,-2.29068
curr_td_f20_g1_lr5.5e-5_a8_20260613T090652Z,3125,13107200000,hplt,adapt,1.992257,7.33206,-2.29096
curr_td_f20_g1_lr5.5e-5_a8_20260613T090652Z,3150,13212057600,hplt,adapt,1.991752,7.328364,-2.29147
curr_td_f20_g1_lr5.5e-5_a8_20260613T090652Z,3175,13316915200,hplt,adapt,1.991686,7.327876,-2.29153
curr_td_f20_g1_lr5.5e-5_a8_20260613T090652Z,3200,13421772800,hplt,adapt,1.991432,7.326015,-2.29179
curr_td_f20_g1_lr5.5e-5_a8_20260613T090652Z,25,104857600,old_greek,forget,3.802356,44.8066,0.0
curr_td_f20_g1_lr5.5e-5_a8_20260613T090652Z,50,209715200,old_greek,forget,3.068594,21.51164,-0.73376
curr_td_f20_g1_lr5.5e-5_a8_20260613T090652Z,75,314572800,old_greek,forget,2.615406,13.67276,-1.18695
curr_td_f20_g1_lr5.5e-5_a8_20260613T090652Z,100,419430400,old_greek,forget,2.45114,11.60157,-1.35122
curr_td_f20_g1_lr5.5e-5_a8_20260613T090652Z,125,524288000,old_greek,forget,2.352349,10.51023,-1.45001
curr_td_f20_g1_lr5.5e-5_a8_20260613T090652Z,150,629145600,old_greek,forget,2.298408,9.958319,-1.50395
curr_td_f20_g1_lr5.5e-5_a8_20260613T090652Z,175,734003200,old_greek,forget,2.245912,9.449028,-1.55644
curr_td_f20_g1_lr5.5e-5_a8_20260613T090652Z,200,838860800,old_greek,forget,2.22503,9.25376,-1.57733
curr_td_f20_g1_lr5.5e-5_a8_20260613T090652Z,225,943718400,old_greek,forget,2.181603,8.860496,-1.62075
curr_td_f20_g1_lr5.5e-5_a8_20260613T090652Z,250,1048576000,old_greek,forget,2.156431,8.640245,-1.64593
curr_td_f20_g1_lr5.5e-5_a8_20260613T090652Z,275,1153433600,old_greek,forget,2.139215,8.492768,-1.66314
curr_td_f20_g1_lr5.5e-5_a8_20260613T090652Z,300,1258291200,old_greek,forget,2.128927,8.40584,-1.67343
curr_td_f20_g1_lr5.5e-5_a8_20260613T090652Z,325,1363148800,old_greek,forget,2.10444,8.20251,-1.69792
curr_td_f20_g1_lr5.5e-5_a8_20260613T090652Z,350,1468006400,old_greek,forget,2.096218,8.135343,-1.70614
curr_td_f20_g1_lr5.5e-5_a8_20260613T090652Z,375,1572864000,old_greek,forget,2.095058,8.125912,-1.7073
curr_td_f20_g1_lr5.5e-5_a8_20260613T090652Z,400,1677721600,old_greek,forget,2.080499,8.008466,-1.72186
curr_td_f20_g1_lr5.5e-5_a8_20260613T090652Z,425,1782579200,old_greek,forget,2.079708,8.002129,-1.72265
curr_td_f20_g1_lr5.5e-5_a8_20260613T090652Z,450,1887436800,old_greek,forget,2.05691,7.82176,-1.74545
curr_td_f20_g1_lr5.5e-5_a8_20260613T090652Z,475,1992294400,old_greek,forget,2.046798,7.743068,-1.75556
curr_td_f20_g1_lr5.5e-5_a8_20260613T090652Z,500,2097152000,old_greek,forget,2.039913,7.689938,-1.76244
curr_td_f20_g1_lr5.5e-5_a8_20260613T090652Z,525,2202009600,old_greek,forget,2.04012,7.691533,-1.76224
curr_td_f20_g1_lr5.5e-5_a8_20260613T090652Z,550,2306867200,old_greek,forget,2.039902,7.689857,-1.76245
curr_td_f20_g1_lr5.5e-5_a8_20260613T090652Z,575,2411724800,old_greek,forget,2.032672,7.634461,-1.76968
curr_td_f20_g1_lr5.5e-5_a8_20260613T090652Z,600,2516582400,old_greek,forget,2.019136,7.531812,-1.78322
curr_td_f20_g1_lr5.5e-5_a8_20260613T090652Z,625,2621440000,old_greek,forget,2.014909,7.500045,-1.78745
curr_td_f20_g1_lr5.5e-5_a8_20260613T090652Z,650,2726297600,old_greek,forget,2.011507,7.474573,-1.79085
curr_td_f20_g1_lr5.5e-5_a8_20260613T090652Z,675,2831155200,old_greek,forget,2.008023,7.448579,-1.79433
curr_td_f20_g1_lr5.5e-5_a8_20260613T090652Z,700,2936012800,old_greek,forget,2.003225,7.412925,-1.79913
curr_td_f20_g1_lr5.5e-5_a8_20260613T090652Z,725,3040870400,old_greek,forget,2.000679,7.394073,-1.80168
curr_td_f20_g1_lr5.5e-5_a8_20260613T090652Z,750,3145728000,old_greek,forget,1.999832,7.387816,-1.80252
curr_td_f20_g1_lr5.5e-5_a8_20260613T090652Z,775,3250585600,old_greek,forget,1.994008,7.34491,-1.80835
curr_td_f20_g1_lr5.5e-5_a8_20260613T090652Z,800,3355443200,old_greek,forget,1.987228,7.29528,-1.81513
curr_td_f20_g1_lr5.5e-5_a8_20260613T090652Z,825,3460300800,old_greek,forget,1.985421,7.282115,-1.81693
curr_td_f20_g1_lr5.5e-5_a8_20260613T090652Z,850,3565158400,old_greek,forget,1.979761,7.24101,-1.82259
curr_td_f20_g1_lr5.5e-5_a8_20260613T090652Z,875,3670016000,old_greek,forget,1.979655,7.240241,-1.8227
curr_td_f20_g1_lr5.5e-5_a8_20260613T090652Z,900,3774873600,old_greek,forget,1.985754,7.284536,-1.8166
curr_td_f20_g1_lr5.5e-5_a8_20260613T090652Z,925,3879731200,old_greek,forget,1.96983,7.169457,-1.83253
curr_td_f20_g1_lr5.5e-5_a8_20260613T090652Z,950,3984588800,old_greek,forget,1.968728,7.161562,-1.83363
curr_td_f20_g1_lr5.5e-5_a8_20260613T090652Z,975,4089446400,old_greek,forget,1.965764,7.140367,-1.83659
curr_td_f20_g1_lr5.5e-5_a8_20260613T090652Z,1000,4194304000,old_greek,forget,1.96389,7.126996,-1.83847
curr_td_f20_g1_lr5.5e-5_a8_20260613T090652Z,1025,4299161600,old_greek,forget,1.958914,7.091623,-1.84344
curr_td_f20_g1_lr5.5e-5_a8_20260613T090652Z,1050,4404019200,old_greek,forget,1.957708,7.083077,-1.84465
curr_td_f20_g1_lr5.5e-5_a8_20260613T090652Z,1075,4508876800,old_greek,forget,1.952934,7.049343,-1.84942
curr_td_f20_g1_lr5.5e-5_a8_20260613T090652Z,1100,4613734400,old_greek,forget,1.952482,7.046157,-1.84987
curr_td_f20_g1_lr5.5e-5_a8_20260613T090652Z,1125,4718592000,old_greek,forget,1.948951,7.021319,-1.8534
curr_td_f20_g1_lr5.5e-5_a8_20260613T090652Z,1150,4823449600,old_greek,forget,1.951059,7.036138,-1.8513
curr_td_f20_g1_lr5.5e-5_a8_20260613T090652Z,1175,4928307200,old_greek,forget,1.952756,7.048088,-1.8496
curr_td_f20_g1_lr5.5e-5_a8_20260613T090652Z,1200,5033164800,old_greek,forget,1.948219,7.016179,-1.85414
curr_td_f20_g1_lr5.5e-5_a8_20260613T090652Z,1225,5138022400,old_greek,forget,1.94298,6.979517,-1.85938
curr_td_f20_g1_lr5.5e-5_a8_20260613T090652Z,1250,5242880000,old_greek,forget,1.941032,6.965937,-1.86132
curr_td_f20_g1_lr5.5e-5_a8_20260613T090652Z,1275,5347737600,old_greek,forget,1.937561,6.941797,-1.86479
curr_td_f20_g1_lr5.5e-5_a8_20260613T090652Z,1300,5452595200,old_greek,forget,1.94154,6.969474,-1.86082
curr_td_f20_g1_lr5.5e-5_a8_20260613T090652Z,1325,5557452800,old_greek,forget,1.935037,6.924304,-1.86732
curr_td_f20_g1_lr5.5e-5_a8_20260613T090652Z,1350,5662310400,old_greek,forget,1.934273,6.919013,-1.86808
curr_td_f20_g1_lr5.5e-5_a8_20260613T090652Z,1375,5767168000,old_greek,forget,1.929993,6.889463,-1.87236
curr_td_f20_g1_lr5.5e-5_a8_20260613T090652Z,1400,5872025600,old_greek,forget,1.935177,6.925273,-1.86718
curr_td_f20_g1_lr5.5e-5_a8_20260613T090652Z,1425,5976883200,old_greek,forget,1.928342,6.878097,-1.87401
curr_td_f20_g1_lr5.5e-5_a8_20260613T090652Z,1450,6081740800,old_greek,forget,1.927122,6.869711,-1.87523
curr_td_f20_g1_lr5.5e-5_a8_20260613T090652Z,1475,6186598400,old_greek,forget,1.934505,6.920614,-1.86785
curr_td_f20_g1_lr5.5e-5_a8_20260613T090652Z,1500,6291456000,old_greek,forget,1.932168,6.90446,-1.87019
curr_td_f20_g1_lr5.5e-5_a8_20260613T090652Z,1525,6396313600,old_greek,forget,1.926031,6.862222,-1.87633
curr_td_f20_g1_lr5.5e-5_a8_20260613T090652Z,1550,6501171200,old_greek,forget,1.922851,6.84043,-1.8795
curr_td_f20_g1_lr5.5e-5_a8_20260613T090652Z,1575,6606028800,old_greek,forget,1.922524,6.838199,-1.87983
curr_td_f20_g1_lr5.5e-5_a8_20260613T090652Z,1600,6710886400,old_greek,forget,1.924806,6.853819,-1.87755
curr_td_f20_g1_lr5.5e-5_a8_20260613T090652Z,1625,6815744000,old_greek,forget,1.920163,6.822071,-1.88219
curr_td_f20_g1_lr5.5e-5_a8_20260613T090652Z,1650,6920601600,old_greek,forget,1.922444,6.837652,-1.87991
curr_td_f20_g1_lr5.5e-5_a8_20260613T090652Z,1675,7025459200,old_greek,forget,1.919864,6.820028,-1.88249
curr_td_f20_g1_lr5.5e-5_a8_20260613T090652Z,1700,7130316800,old_greek,forget,1.92025,6.822664,-1.88211
curr_td_f20_g1_lr5.5e-5_a8_20260613T090652Z,1725,7235174400,old_greek,forget,1.925031,6.855362,-1.87733
curr_td_f20_g1_lr5.5e-5_a8_20260613T090652Z,1750,7340032000,old_greek,forget,1.919856,6.819975,-1.8825
curr_td_f20_g1_lr5.5e-5_a8_20260613T090652Z,1775,7444889600,old_greek,forget,1.914032,6.780375,-1.88832
curr_td_f20_g1_lr5.5e-5_a8_20260613T090652Z,1800,7549747200,old_greek,forget,1.913205,6.774767,-1.88915
curr_td_f20_g1_lr5.5e-5_a8_20260613T090652Z,1825,7654604800,old_greek,forget,1.910635,6.757381,-1.89172
curr_td_f20_g1_lr5.5e-5_a8_20260613T090652Z,1850,7759462400,old_greek,forget,1.910727,6.757997,-1.89163
curr_td_f20_g1_lr5.5e-5_a8_20260613T090652Z,1875,7864320000,old_greek,forget,1.909374,6.748866,-1.89298
curr_td_f20_g1_lr5.5e-5_a8_20260613T090652Z,1900,7969177600,old_greek,forget,1.909723,6.751221,-1.89263
curr_td_f20_g1_lr5.5e-5_a8_20260613T090652Z,1925,8074035200,old_greek,forget,1.909601,6.750396,-1.89275
curr_td_f20_g1_lr5.5e-5_a8_20260613T090652Z,1950,8178892800,old_greek,forget,1.907612,6.736984,-1.89474
curr_td_f20_g1_lr5.5e-5_a8_20260613T090652Z,1975,8283750400,old_greek,forget,1.912016,6.766717,-1.89034
curr_td_f20_g1_lr5.5e-5_a8_20260613T090652Z,2000,8388608000,old_greek,forget,1.906356,6.728524,-1.896
curr_td_f20_g1_lr5.5e-5_a8_20260613T090652Z,2025,8493465600,old_greek,forget,1.903979,6.712549,-1.89838
curr_td_f20_g1_lr5.5e-5_a8_20260613T090652Z,2050,8598323200,old_greek,forget,1.906139,6.727064,-1.89622
curr_td_f20_g1_lr5.5e-5_a8_20260613T090652Z,2075,8703180800,old_greek,forget,1.905237,6.720998,-1.89712
curr_td_f20_g1_lr5.5e-5_a8_20260613T090652Z,2100,8808038400,old_greek,forget,1.900705,6.690607,-1.90165
curr_td_f20_g1_lr5.5e-5_a8_20260613T090652Z,2125,8912896000,old_greek,forget,1.901901,6.698617,-1.90046
curr_td_f20_g1_lr5.5e-5_a8_20260613T090652Z,2150,9017753600,old_greek,forget,1.897903,6.671889,-1.90445
curr_td_f20_g1_lr5.5e-5_a8_20260613T090652Z,2175,9122611200,old_greek,forget,1.897174,6.667025,-1.90518
curr_td_f20_g1_lr5.5e-5_a8_20260613T090652Z,2200,9227468800,old_greek,forget,1.897089,6.666458,-1.90527
curr_td_f20_g1_lr5.5e-5_a8_20260613T090652Z,2225,9332326400,old_greek,forget,1.897106,6.666571,-1.90525
curr_td_f20_g1_lr5.5e-5_a8_20260613T090652Z,2250,9437184000,old_greek,forget,1.895641,6.656816,-1.90672
curr_td_f20_g1_lr5.5e-5_a8_20260613T090652Z,2275,9542041600,old_greek,forget,1.903512,6.709414,-1.89884
curr_td_f20_g1_lr5.5e-5_a8_20260613T090652Z,2300,9646899200,old_greek,forget,1.902159,6.700345,-1.9002
curr_td_f20_g1_lr5.5e-5_a8_20260613T090652Z,2325,9751756800,old_greek,forget,1.904551,6.716391,-1.8978
curr_td_f20_g1_lr5.5e-5_a8_20260613T090652Z,2350,9856614400,old_greek,forget,1.903186,6.707233,-1.89917
curr_td_f20_g1_lr5.5e-5_a8_20260613T090652Z,2375,9961472000,old_greek,forget,1.906084,6.726695,-1.89627
curr_td_f20_g1_lr5.5e-5_a8_20260613T090652Z,2400,10066329600,old_greek,forget,1.905776,6.724624,-1.89658
curr_td_f20_g1_lr5.5e-5_a8_20260613T090652Z,2425,10171187200,old_greek,forget,1.907301,6.734884,-1.89506
curr_td_f20_g1_lr5.5e-5_a8_20260613T090652Z,2450,10276044800,old_greek,forget,1.908284,6.741513,-1.89407
curr_td_f20_g1_lr5.5e-5_a8_20260613T090652Z,2475,10380902400,old_greek,forget,1.911581,6.763771,-1.89078
curr_td_f20_g1_lr5.5e-5_a8_20260613T090652Z,2500,10485760000,old_greek,forget,1.912428,6.769507,-1.88993
curr_td_f20_g1_lr5.5e-5_a8_20260613T090652Z,2525,10590617600,old_greek,forget,1.912453,6.769674,-1.8899
curr_td_f20_g1_lr5.5e-5_a8_20260613T090652Z,2550,10695475200,old_greek,forget,1.913981,6.780029,-1.88838
curr_td_f20_g1_lr5.5e-5_a8_20260613T090652Z,2575,10800332800,old_greek,forget,1.914183,6.781397,-1.88817
curr_td_f20_g1_lr5.5e-5_a8_20260613T090652Z,2600,10905190400,old_greek,forget,1.915628,6.7912,-1.88673
curr_td_f20_g1_lr5.5e-5_a8_20260613T090652Z,2625,11010048000,old_greek,forget,1.915028,6.78713,-1.88733
curr_td_f20_g1_lr5.5e-5_a8_20260613T090652Z,2650,11114905600,old_greek,forget,1.91545,6.789997,-1.88691
curr_td_f20_g1_lr5.5e-5_a8_20260613T090652Z,2675,11219763200,old_greek,forget,1.915137,6.78787,-1.88722
curr_td_f20_g1_lr5.5e-5_a8_20260613T090652Z,2700,11324620800,old_greek,forget,1.914976,6.786778,-1.88738
curr_td_f20_g1_lr5.5e-5_a8_20260613T090652Z,2725,11429478400,old_greek,forget,1.915098,6.787601,-1.88726
curr_td_f20_g1_lr5.5e-5_a8_20260613T090652Z,2750,11534336000,old_greek,forget,1.915366,6.789424,-1.88699
curr_td_f20_g1_lr5.5e-5_a8_20260613T090652Z,2775,11639193600,old_greek,forget,1.915141,6.787897,-1.88722
curr_td_f20_g1_lr5.5e-5_a8_20260613T090652Z,2800,11744051200,old_greek,forget,1.914168,6.781292,-1.88819
curr_td_f20_g1_lr5.5e-5_a8_20260613T090652Z,2825,11848908800,old_greek,forget,1.913952,6.779828,-1.8884
curr_td_f20_g1_lr5.5e-5_a8_20260613T090652Z,2850,11953766400,old_greek,forget,1.913676,6.777961,-1.88868
curr_td_f20_g1_lr5.5e-5_a8_20260613T090652Z,2875,12058624000,old_greek,forget,1.913608,6.777498,-1.88875
curr_td_f20_g1_lr5.5e-5_a8_20260613T090652Z,2900,12163481600,old_greek,forget,1.912761,6.771761,-1.8896
curr_td_f20_g1_lr5.5e-5_a8_20260613T090652Z,2925,12268339200,old_greek,forget,1.912539,6.770258,-1.88982
curr_td_f20_g1_lr5.5e-5_a8_20260613T090652Z,2950,12373196800,old_greek,forget,1.912414,6.769409,-1.88994
curr_td_f20_g1_lr5.5e-5_a8_20260613T090652Z,2975,12478054400,old_greek,forget,1.911746,6.764889,-1.89061
curr_td_f20_g1_lr5.5e-5_a8_20260613T090652Z,3000,12582912000,old_greek,forget,1.911285,6.761771,-1.89107
curr_td_f20_g1_lr5.5e-5_a8_20260613T090652Z,3025,12687769600,old_greek,forget,1.910821,6.758633,-1.89153
curr_td_f20_g1_lr5.5e-5_a8_20260613T090652Z,3050,12792627200,old_greek,forget,1.90985,6.752078,-1.89251
curr_td_f20_g1_lr5.5e-5_a8_20260613T090652Z,3075,12897484800,old_greek,forget,1.910389,6.755714,-1.89197
curr_td_f20_g1_lr5.5e-5_a8_20260613T090652Z,3100,13002342400,old_greek,forget,1.909617,6.750502,-1.89274
curr_td_f20_g1_lr5.5e-5_a8_20260613T090652Z,3125,13107200000,old_greek,forget,1.909256,6.748069,-1.8931
curr_td_f20_g1_lr5.5e-5_a8_20260613T090652Z,3150,13212057600,old_greek,forget,1.908575,6.74347,-1.89378
curr_td_f20_g1_lr5.5e-5_a8_20260613T090652Z,3175,13316915200,old_greek,forget,1.908542,6.743248,-1.89381
curr_td_f20_g1_lr5.5e-5_a8_20260613T090652Z,3200,13421772800,old_greek,forget,1.908405,6.742325,-1.89395
curr_td_f20_g1_lr5.5e-5_a8_20260613T090652Z,25,104857600,openarchives,adapt,2.989952,19.88472,0.0
curr_td_f20_g1_lr5.5e-5_a8_20260613T090652Z,50,209715200,openarchives,adapt,2.503667,12.22724,-0.48629
curr_td_f20_g1_lr5.5e-5_a8_20260613T090652Z,75,314572800,openarchives,adapt,2.214363,9.155574,-0.77559
curr_td_f20_g1_lr5.5e-5_a8_20260613T090652Z,100,419430400,openarchives,adapt,2.101062,8.174844,-0.88889
curr_td_f20_g1_lr5.5e-5_a8_20260613T090652Z,125,524288000,openarchives,adapt,2.028757,7.604629,-0.9612
curr_td_f20_g1_lr5.5e-5_a8_20260613T090652Z,150,629145600,openarchives,adapt,1.988804,7.306789,-1.00115
curr_td_f20_g1_lr5.5e-5_a8_20260613T090652Z,175,734003200,openarchives,adapt,1.948924,7.021126,-1.04103
curr_td_f20_g1_lr5.5e-5_a8_20260613T090652Z,200,838860800,openarchives,adapt,1.931494,6.899813,-1.05846
curr_td_f20_g1_lr5.5e-5_a8_20260613T090652Z,225,943718400,openarchives,adapt,1.898107,6.673249,-1.09185
curr_td_f20_g1_lr5.5e-5_a8_20260613T090652Z,250,1048576000,openarchives,adapt,1.878689,6.544918,-1.11126
curr_td_f20_g1_lr5.5e-5_a8_20260613T090652Z,275,1153433600,openarchives,adapt,1.862792,6.441698,-1.12716
curr_td_f20_g1_lr5.5e-5_a8_20260613T090652Z,300,1258291200,openarchives,adapt,1.853168,6.379998,-1.13678
curr_td_f20_g1_lr5.5e-5_a8_20260613T090652Z,325,1363148800,openarchives,adapt,1.834317,6.260856,-1.15564
curr_td_f20_g1_lr5.5e-5_a8_20260613T090652Z,350,1468006400,openarchives,adapt,1.824239,6.198078,-1.16571
curr_td_f20_g1_lr5.5e-5_a8_20260613T090652Z,375,1572864000,openarchives,adapt,1.823107,6.191063,-1.16685
curr_td_f20_g1_lr5.5e-5_a8_20260613T090652Z,400,1677721600,openarchives,adapt,1.811307,6.118442,-1.17865
curr_td_f20_g1_lr5.5e-5_a8_20260613T090652Z,425,1782579200,openarchives,adapt,1.802683,6.0659,-1.18727
curr_td_f20_g1_lr5.5e-5_a8_20260613T090652Z,450,1887436800,openarchives,adapt,1.784949,5.959278,-1.205
curr_td_f20_g1_lr5.5e-5_a8_20260613T090652Z,475,1992294400,openarchives,adapt,1.776639,5.90996,-1.21331
curr_td_f20_g1_lr5.5e-5_a8_20260613T090652Z,500,2097152000,openarchives,adapt,1.769952,5.870571,-1.22
curr_td_f20_g1_lr5.5e-5_a8_20260613T090652Z,525,2202009600,openarchives,adapt,1.767377,5.855477,-1.22258
curr_td_f20_g1_lr5.5e-5_a8_20260613T090652Z,550,2306867200,openarchives,adapt,1.764695,5.839791,-1.22526
curr_td_f20_g1_lr5.5e-5_a8_20260613T090652Z,575,2411724800,openarchives,adapt,1.76074,5.816739,-1.22921
curr_td_f20_g1_lr5.5e-5_a8_20260613T090652Z,600,2516582400,openarchives,adapt,1.74759,5.740753,-1.24236
curr_td_f20_g1_lr5.5e-5_a8_20260613T090652Z,625,2621440000,openarchives,adapt,1.743395,5.716718,-1.24656
curr_td_f20_g1_lr5.5e-5_a8_20260613T090652Z,650,2726297600,openarchives,adapt,1.739752,5.69593,-1.2502
curr_td_f20_g1_lr5.5e-5_a8_20260613T090652Z,675,2831155200,openarchives,adapt,1.734959,5.668696,-1.25499
curr_td_f20_g1_lr5.5e-5_a8_20260613T090652Z,700,2936012800,openarchives,adapt,1.731344,5.648243,-1.25861
curr_td_f20_g1_lr5.5e-5_a8_20260613T090652Z,725,3040870400,openarchives,adapt,1.727506,5.626602,-1.26245
curr_td_f20_g1_lr5.5e-5_a8_20260613T090652Z,750,3145728000,openarchives,adapt,1.725978,5.618013,-1.26397
curr_td_f20_g1_lr5.5e-5_a8_20260613T090652Z,775,3250585600,openarchives,adapt,1.720631,5.588054,-1.26932
curr_td_f20_g1_lr5.5e-5_a8_20260613T090652Z,800,3355443200,openarchives,adapt,1.714054,5.551423,-1.2759
curr_td_f20_g1_lr5.5e-5_a8_20260613T090652Z,825,3460300800,openarchives,adapt,1.711134,5.535235,-1.27882
curr_td_f20_g1_lr5.5e-5_a8_20260613T090652Z,850,3565158400,openarchives,adapt,1.705576,5.504555,-1.28438
curr_td_f20_g1_lr5.5e-5_a8_20260613T090652Z,875,3670016000,openarchives,adapt,1.703762,5.494579,-1.28619
curr_td_f20_g1_lr5.5e-5_a8_20260613T090652Z,900,3774873600,openarchives,adapt,1.707687,5.516189,-1.28227
curr_td_f20_g1_lr5.5e-5_a8_20260613T090652Z,925,3879731200,openarchives,adapt,1.695932,5.451724,-1.29402
curr_td_f20_g1_lr5.5e-5_a8_20260613T090652Z,950,3984588800,openarchives,adapt,1.694233,5.44247,-1.29572
curr_td_f20_g1_lr5.5e-5_a8_20260613T090652Z,975,4089446400,openarchives,adapt,1.69111,5.425501,-1.29884
curr_td_f20_g1_lr5.5e-5_a8_20260613T090652Z,1000,4194304000,openarchives,adapt,1.689076,5.414473,-1.30088
curr_td_f20_g1_lr5.5e-5_a8_20260613T090652Z,1025,4299161600,openarchives,adapt,1.684671,5.390675,-1.30528
curr_td_f20_g1_lr5.5e-5_a8_20260613T090652Z,1050,4404019200,openarchives,adapt,1.682893,5.381099,-1.30706
curr_td_f20_g1_lr5.5e-5_a8_20260613T090652Z,1075,4508876800,openarchives,adapt,1.680532,5.368414,-1.30942
curr_td_f20_g1_lr5.5e-5_a8_20260613T090652Z,1100,4613734400,openarchives,adapt,1.679345,5.36204,-1.31061
curr_td_f20_g1_lr5.5e-5_a8_20260613T090652Z,1125,4718592000,openarchives,adapt,1.675856,5.343366,-1.3141
curr_td_f20_g1_lr5.5e-5_a8_20260613T090652Z,1150,4823449600,openarchives,adapt,1.676264,5.345546,-1.31369
curr_td_f20_g1_lr5.5e-5_a8_20260613T090652Z,1175,4928307200,openarchives,adapt,1.674433,5.33577,-1.31552
curr_td_f20_g1_lr5.5e-5_a8_20260613T090652Z,1200,5033164800,openarchives,adapt,1.672732,5.326699,-1.31722
curr_td_f20_g1_lr5.5e-5_a8_20260613T090652Z,1225,5138022400,openarchives,adapt,1.668491,5.304157,-1.32146
curr_td_f20_g1_lr5.5e-5_a8_20260613T090652Z,1250,5242880000,openarchives,adapt,1.666435,5.293266,-1.32352
curr_td_f20_g1_lr5.5e-5_a8_20260613T090652Z,1275,5347737600,openarchives,adapt,1.664053,5.280671,-1.3259
curr_td_f20_g1_lr5.5e-5_a8_20260613T090652Z,1300,5452595200,openarchives,adapt,1.666166,5.291842,-1.32379
curr_td_f20_g1_lr5.5e-5_a8_20260613T090652Z,1325,5557452800,openarchives,adapt,1.66022,5.260469,-1.32973
curr_td_f20_g1_lr5.5e-5_a8_20260613T090652Z,1350,5662310400,openarchives,adapt,1.660408,5.261456,-1.32954
curr_td_f20_g1_lr5.5e-5_a8_20260613T090652Z,1375,5767168000,openarchives,adapt,1.656123,5.23896,-1.33383
curr_td_f20_g1_lr5.5e-5_a8_20260613T090652Z,1400,5872025600,openarchives,adapt,1.658976,5.253928,-1.33098
curr_td_f20_g1_lr5.5e-5_a8_20260613T090652Z,1425,5976883200,openarchives,adapt,1.654005,5.227876,-1.33595
curr_td_f20_g1_lr5.5e-5_a8_20260613T090652Z,1450,6081740800,openarchives,adapt,1.652767,5.221408,-1.33719
curr_td_f20_g1_lr5.5e-5_a8_20260613T090652Z,1475,6186598400,openarchives,adapt,1.657041,5.243771,-1.33291
curr_td_f20_g1_lr5.5e-5_a8_20260613T090652Z,1500,6291456000,openarchives,adapt,1.655685,5.236668,-1.33427
curr_td_f20_g1_lr5.5e-5_a8_20260613T090652Z,1525,6396313600,openarchives,adapt,1.650916,5.211753,-1.33904
curr_td_f20_g1_lr5.5e-5_a8_20260613T090652Z,1550,6501171200,openarchives,adapt,1.648935,5.201437,-1.34102
curr_td_f20_g1_lr5.5e-5_a8_20260613T090652Z,1575,6606028800,openarchives,adapt,1.648301,5.198141,-1.34165
curr_td_f20_g1_lr5.5e-5_a8_20260613T090652Z,1600,6710886400,openarchives,adapt,1.64954,5.204584,-1.34041
curr_td_f20_g1_lr5.5e-5_a8_20260613T090652Z,1625,6815744000,openarchives,adapt,1.646676,5.1897,-1.34328
curr_td_f20_g1_lr5.5e-5_a8_20260613T090652Z,1650,6920601600,openarchives,adapt,1.647513,5.194047,-1.34244
curr_td_f20_g1_lr5.5e-5_a8_20260613T090652Z,1675,7025459200,openarchives,adapt,1.645224,5.182169,-1.34473
curr_td_f20_g1_lr5.5e-5_a8_20260613T090652Z,1700,7130316800,openarchives,adapt,1.644537,5.178614,-1.34542
curr_td_f20_g1_lr5.5e-5_a8_20260613T090652Z,1725,7235174400,openarchives,adapt,1.648999,5.20177,-1.34095
curr_td_f20_g1_lr5.5e-5_a8_20260613T090652Z,1750,7340032000,openarchives,adapt,1.643727,5.17442,-1.34623
curr_td_f20_g1_lr5.5e-5_a8_20260613T090652Z,1775,7444889600,openarchives,adapt,1.641306,5.161906,-1.34865
curr_td_f20_g1_lr5.5e-5_a8_20260613T090652Z,1800,7549747200,openarchives,adapt,1.640044,5.155399,-1.34991
curr_td_f20_g1_lr5.5e-5_a8_20260613T090652Z,1825,7654604800,openarchives,adapt,1.63808,5.145281,-1.35187
curr_td_f20_g1_lr5.5e-5_a8_20260613T090652Z,1850,7759462400,openarchives,adapt,1.638178,5.145784,-1.35177
curr_td_f20_g1_lr5.5e-5_a8_20260613T090652Z,1875,7864320000,openarchives,adapt,1.637133,5.140411,-1.35282
curr_td_f20_g1_lr5.5e-5_a8_20260613T090652Z,1900,7969177600,openarchives,adapt,1.636506,5.137191,-1.35345
curr_td_f20_g1_lr5.5e-5_a8_20260613T090652Z,1925,8074035200,openarchives,adapt,1.636088,5.135044,-1.35386
curr_td_f20_g1_lr5.5e-5_a8_20260613T090652Z,1950,8178892800,openarchives,adapt,1.634983,5.129371,-1.35497
curr_td_f20_g1_lr5.5e-5_a8_20260613T090652Z,1975,8283750400,openarchives,adapt,1.638017,5.144957,-1.35194
curr_td_f20_g1_lr5.5e-5_a8_20260613T090652Z,2000,8388608000,openarchives,adapt,1.633594,5.122251,-1.35636
curr_td_f20_g1_lr5.5e-5_a8_20260613T090652Z,2025,8493465600,openarchives,adapt,1.63151,5.111588,-1.35844
curr_td_f20_g1_lr5.5e-5_a8_20260613T090652Z,2050,8598323200,openarchives,adapt,1.633682,5.122704,-1.35627
curr_td_f20_g1_lr5.5e-5_a8_20260613T090652Z,2075,8703180800,openarchives,adapt,1.631598,5.112037,-1.35835
curr_td_f20_g1_lr5.5e-5_a8_20260613T090652Z,2100,8808038400,openarchives,adapt,1.62972,5.102444,-1.36023
curr_td_f20_g1_lr5.5e-5_a8_20260613T090652Z,2125,8912896000,openarchives,adapt,1.63055,5.106681,-1.3594
curr_td_f20_g1_lr5.5e-5_a8_20260613T090652Z,2150,9017753600,openarchives,adapt,1.627175,5.089476,-1.36278
curr_td_f20_g1_lr5.5e-5_a8_20260613T090652Z,2175,9122611200,openarchives,adapt,1.626288,5.084964,-1.36366
curr_td_f20_g1_lr5.5e-5_a8_20260613T090652Z,2200,9227468800,openarchives,adapt,1.626165,5.08434,-1.36379
curr_td_f20_g1_lr5.5e-5_a8_20260613T090652Z,2225,9332326400,openarchives,adapt,1.625812,5.082545,-1.36414
curr_td_f20_g1_lr5.5e-5_a8_20260613T090652Z,2250,9437184000,openarchives,adapt,1.624499,5.075878,-1.36545
curr_td_f20_g1_lr5.5e-5_a8_20260613T090652Z,2275,9542041600,openarchives,adapt,1.579675,4.853377,-1.41028
curr_td_f20_g1_lr5.5e-5_a8_20260613T090652Z,2300,9646899200,openarchives,adapt,1.555684,4.738328,-1.43427
curr_td_f20_g1_lr5.5e-5_a8_20260613T090652Z,2325,9751756800,openarchives,adapt,1.545018,4.688054,-1.44493
curr_td_f20_g1_lr5.5e-5_a8_20260613T090652Z,2350,9856614400,openarchives,adapt,1.53478,4.640302,-1.45517
curr_td_f20_g1_lr5.5e-5_a8_20260613T090652Z,2375,9961472000,openarchives,adapt,1.530281,4.619477,-1.45967
curr_td_f20_g1_lr5.5e-5_a8_20260613T090652Z,2400,10066329600,openarchives,adapt,1.522867,4.585351,-1.46709
curr_td_f20_g1_lr5.5e-5_a8_20260613T090652Z,2425,10171187200,openarchives,adapt,1.516808,4.557656,-1.47314
curr_td_f20_g1_lr5.5e-5_a8_20260613T090652Z,2450,10276044800,openarchives,adapt,1.511074,4.531596,-1.47888
curr_td_f20_g1_lr5.5e-5_a8_20260613T090652Z,2475,10380902400,openarchives,adapt,1.509242,4.523302,-1.48071
curr_td_f20_g1_lr5.5e-5_a8_20260613T090652Z,2500,10485760000,openarchives,adapt,1.504057,4.499909,-1.4859
curr_td_f20_g1_lr5.5e-5_a8_20260613T090652Z,2525,10590617600,openarchives,adapt,1.499096,4.477641,-1.49086
curr_td_f20_g1_lr5.5e-5_a8_20260613T090652Z,2550,10695475200,openarchives,adapt,1.495838,4.463076,-1.49411
curr_td_f20_g1_lr5.5e-5_a8_20260613T090652Z,2575,10800332800,openarchives,adapt,1.491895,4.445512,-1.49806
curr_td_f20_g1_lr5.5e-5_a8_20260613T090652Z,2600,10905190400,openarchives,adapt,1.489797,4.436195,-1.50016
curr_td_f20_g1_lr5.5e-5_a8_20260613T090652Z,2625,11010048000,openarchives,adapt,1.486169,4.420131,-1.50378
curr_td_f20_g1_lr5.5e-5_a8_20260613T090652Z,2650,11114905600,openarchives,adapt,1.483286,4.407405,-1.50667
curr_td_f20_g1_lr5.5e-5_a8_20260613T090652Z,2675,11219763200,openarchives,adapt,1.48092,4.396991,-1.50903
curr_td_f20_g1_lr5.5e-5_a8_20260613T090652Z,2700,11324620800,openarchives,adapt,1.478225,4.385154,-1.51173
curr_td_f20_g1_lr5.5e-5_a8_20260613T090652Z,2725,11429478400,openarchives,adapt,1.47636,4.376983,-1.51359
curr_td_f20_g1_lr5.5e-5_a8_20260613T090652Z,2750,11534336000,openarchives,adapt,1.475521,4.373315,-1.51443
curr_td_f20_g1_lr5.5e-5_a8_20260613T090652Z,2775,11639193600,openarchives,adapt,1.473475,4.364376,-1.51648
curr_td_f20_g1_lr5.5e-5_a8_20260613T090652Z,2800,11744051200,openarchives,adapt,1.470689,4.352232,-1.51926
curr_td_f20_g1_lr5.5e-5_a8_20260613T090652Z,2825,11848908800,openarchives,adapt,1.469113,4.345377,-1.52084
curr_td_f20_g1_lr5.5e-5_a8_20260613T090652Z,2850,11953766400,openarchives,adapt,1.467527,4.338492,-1.52243
curr_td_f20_g1_lr5.5e-5_a8_20260613T090652Z,2875,12058624000,openarchives,adapt,1.466356,4.333417,-1.5236
curr_td_f20_g1_lr5.5e-5_a8_20260613T090652Z,2900,12163481600,openarchives,adapt,1.464385,4.324884,-1.52557
curr_td_f20_g1_lr5.5e-5_a8_20260613T090652Z,2925,12268339200,openarchives,adapt,1.463121,4.319419,-1.52683
curr_td_f20_g1_lr5.5e-5_a8_20260613T090652Z,2950,12373196800,openarchives,adapt,1.462103,4.315027,-1.52785
curr_td_f20_g1_lr5.5e-5_a8_20260613T090652Z,2975,12478054400,openarchives,adapt,1.460892,4.309801,-1.52906
curr_td_f20_g1_lr5.5e-5_a8_20260613T090652Z,3000,12582912000,openarchives,adapt,1.459792,4.305064,-1.53016
curr_td_f20_g1_lr5.5e-5_a8_20260613T090652Z,3025,12687769600,openarchives,adapt,1.458845,4.30099,-1.53111
curr_td_f20_g1_lr5.5e-5_a8_20260613T090652Z,3050,12792627200,openarchives,adapt,1.457584,4.295569,-1.53237
curr_td_f20_g1_lr5.5e-5_a8_20260613T090652Z,3075,12897484800,openarchives,adapt,1.457127,4.293607,-1.53283
curr_td_f20_g1_lr5.5e-5_a8_20260613T090652Z,3100,13002342400,openarchives,adapt,1.455967,4.28863,-1.53399
curr_td_f20_g1_lr5.5e-5_a8_20260613T090652Z,3125,13107200000,openarchives,adapt,1.455124,4.285015,-1.53483
curr_td_f20_g1_lr5.5e-5_a8_20260613T090652Z,3150,13212057600,openarchives,adapt,1.454421,4.282004,-1.53553
curr_td_f20_g1_lr5.5e-5_a8_20260613T090652Z,3175,13316915200,openarchives,adapt,1.453738,4.279079,-1.53621
curr_td_f20_g1_lr5.5e-5_a8_20260613T090652Z,3200,13421772800,openarchives,adapt,1.453159,4.276604,-1.53679
curr_td_f20_g1_lr5.5e-5_a8_20260613T090652Z,25,104857600,ru,forget,1.647243,5.192645,0.0
curr_td_f20_g1_lr5.5e-5_a8_20260613T090652Z,50,209715200,ru,forget,1.612689,5.01628,-0.03455
curr_td_f20_g1_lr5.5e-5_a8_20260613T090652Z,75,314572800,ru,forget,1.579843,4.854194,-0.0674
curr_td_f20_g1_lr5.5e-5_a8_20260613T090652Z,100,419430400,ru,forget,1.566996,4.792229,-0.08025
curr_td_f20_g1_lr5.5e-5_a8_20260613T090652Z,125,524288000,ru,forget,1.560333,4.760409,-0.08691
curr_td_f20_g1_lr5.5e-5_a8_20260613T090652Z,150,629145600,ru,forget,1.559494,4.756413,-0.08775
curr_td_f20_g1_lr5.5e-5_a8_20260613T090652Z,175,734003200,ru,forget,1.555696,4.738386,-0.09155
curr_td_f20_g1_lr5.5e-5_a8_20260613T090652Z,200,838860800,ru,forget,1.556798,4.743606,-0.09045
curr_td_f20_g1_lr5.5e-5_a8_20260613T090652Z,225,943718400,ru,forget,1.55402,4.73045,-0.09322
curr_td_f20_g1_lr5.5e-5_a8_20260613T090652Z,250,1048576000,ru,forget,1.554307,4.731807,-0.09294
curr_td_f20_g1_lr5.5e-5_a8_20260613T090652Z,275,1153433600,ru,forget,1.556991,4.744525,-0.09025
curr_td_f20_g1_lr5.5e-5_a8_20260613T090652Z,300,1258291200,ru,forget,1.555976,4.739712,-0.09127
curr_td_f20_g1_lr5.5e-5_a8_20260613T090652Z,325,1363148800,ru,forget,1.554108,4.730865,-0.09313
curr_td_f20_g1_lr5.5e-5_a8_20260613T090652Z,350,1468006400,ru,forget,1.555469,4.737307,-0.09177
curr_td_f20_g1_lr5.5e-5_a8_20260613T090652Z,375,1572864000,ru,forget,1.556963,4.74439,-0.09028
curr_td_f20_g1_lr5.5e-5_a8_20260613T090652Z,400,1677721600,ru,forget,1.563031,4.773267,-0.08421
curr_td_f20_g1_lr5.5e-5_a8_20260613T090652Z,425,1782579200,ru,forget,1.56113,4.7642,-0.08611
curr_td_f20_g1_lr5.5e-5_a8_20260613T090652Z,450,1887436800,ru,forget,1.558575,4.752043,-0.08867
curr_td_f20_g1_lr5.5e-5_a8_20260613T090652Z,475,1992294400,ru,forget,1.559626,4.757043,-0.08762
curr_td_f20_g1_lr5.5e-5_a8_20260613T090652Z,500,2097152000,ru,forget,1.559739,4.757579,-0.0875
curr_td_f20_g1_lr5.5e-5_a8_20260613T090652Z,525,2202009600,ru,forget,1.56222,4.769396,-0.08502
curr_td_f20_g1_lr5.5e-5_a8_20260613T090652Z,550,2306867200,ru,forget,1.563931,4.777566,-0.08331
curr_td_f20_g1_lr5.5e-5_a8_20260613T090652Z,575,2411724800,ru,forget,1.563474,4.775381,-0.08377
curr_td_f20_g1_lr5.5e-5_a8_20260613T090652Z,600,2516582400,ru,forget,1.56318,4.773979,-0.08406
curr_td_f20_g1_lr5.5e-5_a8_20260613T090652Z,625,2621440000,ru,forget,1.563565,4.775816,-0.08368
curr_td_f20_g1_lr5.5e-5_a8_20260613T090652Z,650,2726297600,ru,forget,1.564816,4.781794,-0.08243
curr_td_f20_g1_lr5.5e-5_a8_20260613T090652Z,675,2831155200,ru,forget,1.565554,4.785326,-0.08169
curr_td_f20_g1_lr5.5e-5_a8_20260613T090652Z,700,2936012800,ru,forget,1.567558,4.794927,-0.07969
curr_td_f20_g1_lr5.5e-5_a8_20260613T090652Z,725,3040870400,ru,forget,1.568239,4.798189,-0.079
curr_td_f20_g1_lr5.5e-5_a8_20260613T090652Z,750,3145728000,ru,forget,1.570292,4.808051,-0.07695
curr_td_f20_g1_lr5.5e-5_a8_20260613T090652Z,775,3250585600,ru,forget,1.569993,4.806613,-0.07725
curr_td_f20_g1_lr5.5e-5_a8_20260613T090652Z,800,3355443200,ru,forget,1.570718,4.8101,-0.07652
curr_td_f20_g1_lr5.5e-5_a8_20260613T090652Z,825,3460300800,ru,forget,1.571073,4.81181,-0.07617
curr_td_f20_g1_lr5.5e-5_a8_20260613T090652Z,850,3565158400,ru,forget,1.571285,4.812828,-0.07596
curr_td_f20_g1_lr5.5e-5_a8_20260613T090652Z,875,3670016000,ru,forget,1.572875,4.82049,-0.07437
curr_td_f20_g1_lr5.5e-5_a8_20260613T090652Z,900,3774873600,ru,forget,1.574703,4.829307,-0.07254
curr_td_f20_g1_lr5.5e-5_a8_20260613T090652Z,925,3879731200,ru,forget,1.57445,4.828084,-0.07279
curr_td_f20_g1_lr5.5e-5_a8_20260613T090652Z,950,3984588800,ru,forget,1.575165,4.831541,-0.07208
curr_td_f20_g1_lr5.5e-5_a8_20260613T090652Z,975,4089446400,ru,forget,1.57603,4.835718,-0.07121
curr_td_f20_g1_lr5.5e-5_a8_20260613T090652Z,1000,4194304000,ru,forget,1.57648,4.837897,-0.07076
curr_td_f20_g1_lr5.5e-5_a8_20260613T090652Z,1025,4299161600,ru,forget,1.577323,4.841975,-0.06992
curr_td_f20_g1_lr5.5e-5_a8_20260613T090652Z,1050,4404019200,ru,forget,1.578377,4.847083,-0.06887
curr_td_f20_g1_lr5.5e-5_a8_20260613T090652Z,1075,4508876800,ru,forget,1.578067,4.845582,-0.06918
curr_td_f20_g1_lr5.5e-5_a8_20260613T090652Z,1100,4613734400,ru,forget,1.580194,4.855897,-0.06705
curr_td_f20_g1_lr5.5e-5_a8_20260613T090652Z,1125,4718592000,ru,forget,1.579877,4.854358,-0.06737
curr_td_f20_g1_lr5.5e-5_a8_20260613T090652Z,1150,4823449600,ru,forget,1.582165,4.865476,-0.06508
curr_td_f20_g1_lr5.5e-5_a8_20260613T090652Z,1175,4928307200,ru,forget,1.583572,4.872329,-0.06367
curr_td_f20_g1_lr5.5e-5_a8_20260613T090652Z,1200,5033164800,ru,forget,1.58519,4.880218,-0.06205
curr_td_f20_g1_lr5.5e-5_a8_20260613T090652Z,1225,5138022400,ru,forget,1.584666,4.877662,-0.06258
curr_td_f20_g1_lr5.5e-5_a8_20260613T090652Z,1250,5242880000,ru,forget,1.58587,4.883539,-0.06137
curr_td_f20_g1_lr5.5e-5_a8_20260613T090652Z,1275,5347737600,ru,forget,1.586205,4.885177,-0.06104
curr_td_f20_g1_lr5.5e-5_a8_20260613T090652Z,1300,5452595200,ru,forget,1.588872,4.898222,-0.05837
curr_td_f20_g1_lr5.5e-5_a8_20260613T090652Z,1325,5557452800,ru,forget,1.589227,4.89996,-0.05802
curr_td_f20_g1_lr5.5e-5_a8_20260613T090652Z,1350,5662310400,ru,forget,1.590782,4.907587,-0.05646
curr_td_f20_g1_lr5.5e-5_a8_20260613T090652Z,1375,5767168000,ru,forget,1.590189,4.904677,-0.05705
curr_td_f20_g1_lr5.5e-5_a8_20260613T090652Z,1400,5872025600,ru,forget,1.593132,4.91913,-0.05411
curr_td_f20_g1_lr5.5e-5_a8_20260613T090652Z,1425,5976883200,ru,forget,1.592747,4.91724,-0.0545
curr_td_f20_g1_lr5.5e-5_a8_20260613T090652Z,1450,6081740800,ru,forget,1.593444,4.920669,-0.0538
curr_td_f20_g1_lr5.5e-5_a8_20260613T090652Z,1475,6186598400,ru,forget,1.602916,4.967499,-0.04433
curr_td_f20_g1_lr5.5e-5_a8_20260613T090652Z,1500,6291456000,ru,forget,1.599064,4.948398,-0.04818
curr_td_f20_g1_lr5.5e-5_a8_20260613T090652Z,1525,6396313600,ru,forget,1.599533,4.95072,-0.04771
curr_td_f20_g1_lr5.5e-5_a8_20260613T090652Z,1550,6501171200,ru,forget,1.598964,4.947902,-0.04828
curr_td_f20_g1_lr5.5e-5_a8_20260613T090652Z,1575,6606028800,ru,forget,1.600076,4.953408,-0.04717
curr_td_f20_g1_lr5.5e-5_a8_20260613T090652Z,1600,6710886400,ru,forget,1.602998,4.967905,-0.04425
curr_td_f20_g1_lr5.5e-5_a8_20260613T090652Z,1625,6815744000,ru,forget,1.602774,4.966789,-0.04447
curr_td_f20_g1_lr5.5e-5_a8_20260613T090652Z,1650,6920601600,ru,forget,1.605152,4.978616,-0.04209
curr_td_f20_g1_lr5.5e-5_a8_20260613T090652Z,1675,7025459200,ru,forget,1.605856,4.982124,-0.04139
curr_td_f20_g1_lr5.5e-5_a8_20260613T090652Z,1700,7130316800,ru,forget,1.60773,4.991467,-0.03951
curr_td_f20_g1_lr5.5e-5_a8_20260613T090652Z,1725,7235174400,ru,forget,1.61135,5.009567,-0.03589
curr_td_f20_g1_lr5.5e-5_a8_20260613T090652Z,1750,7340032000,ru,forget,1.610603,5.005831,-0.03664
curr_td_f20_g1_lr5.5e-5_a8_20260613T090652Z,1775,7444889600,ru,forget,1.609664,5.001131,-0.03758
curr_td_f20_g1_lr5.5e-5_a8_20260613T090652Z,1800,7549747200,ru,forget,1.610684,5.006235,-0.03656
curr_td_f20_g1_lr5.5e-5_a8_20260613T090652Z,1825,7654604800,ru,forget,1.611253,5.009083,-0.03599
curr_td_f20_g1_lr5.5e-5_a8_20260613T090652Z,1850,7759462400,ru,forget,1.612885,5.017267,-0.03436
curr_td_f20_g1_lr5.5e-5_a8_20260613T090652Z,1875,7864320000,ru,forget,1.613926,5.02249,-0.03332
curr_td_f20_g1_lr5.5e-5_a8_20260613T090652Z,1900,7969177600,ru,forget,1.615573,5.03077,-0.03167
curr_td_f20_g1_lr5.5e-5_a8_20260613T090652Z,1925,8074035200,ru,forget,1.617493,5.040438,-0.02975
curr_td_f20_g1_lr5.5e-5_a8_20260613T090652Z,1950,8178892800,ru,forget,1.617354,5.039736,-0.02989
curr_td_f20_g1_lr5.5e-5_a8_20260613T090652Z,1975,8283750400,ru,forget,1.619744,5.051799,-0.0275
curr_td_f20_g1_lr5.5e-5_a8_20260613T090652Z,2000,8388608000,ru,forget,1.619478,5.050451,-0.02777
curr_td_f20_g1_lr5.5e-5_a8_20260613T090652Z,2025,8493465600,ru,forget,1.620301,5.054613,-0.02694
curr_td_f20_g1_lr5.5e-5_a8_20260613T090652Z,2050,8598323200,ru,forget,1.622175,5.06409,-0.02507
curr_td_f20_g1_lr5.5e-5_a8_20260613T090652Z,2075,8703180800,ru,forget,1.62305,5.068527,-0.02419
curr_td_f20_g1_lr5.5e-5_a8_20260613T090652Z,2100,8808038400,ru,forget,1.622533,5.065908,-0.02471
curr_td_f20_g1_lr5.5e-5_a8_20260613T090652Z,2125,8912896000,ru,forget,1.624173,5.07422,-0.02307
curr_td_f20_g1_lr5.5e-5_a8_20260613T090652Z,2150,9017753600,ru,forget,1.624208,5.074397,-0.02303
curr_td_f20_g1_lr5.5e-5_a8_20260613T090652Z,2175,9122611200,ru,forget,1.625242,5.079646,-0.022
curr_td_f20_g1_lr5.5e-5_a8_20260613T090652Z,2200,9227468800,ru,forget,1.626438,5.085727,-0.0208
curr_td_f20_g1_lr5.5e-5_a8_20260613T090652Z,2225,9332326400,ru,forget,1.628035,5.093853,-0.01921
curr_td_f20_g1_lr5.5e-5_a8_20260613T090652Z,2250,9437184000,ru,forget,1.628465,5.096045,-0.01878
curr_td_f20_g1_lr5.5e-5_a8_20260613T090652Z,2275,9542041600,ru,forget,1.633824,5.123427,-0.01342
curr_td_f20_g1_lr5.5e-5_a8_20260613T090652Z,2300,9646899200,ru,forget,1.633177,5.120113,-0.01407
curr_td_f20_g1_lr5.5e-5_a8_20260613T090652Z,2325,9751756800,ru,forget,1.635237,5.130672,-0.01201
curr_td_f20_g1_lr5.5e-5_a8_20260613T090652Z,2350,9856614400,ru,forget,1.635212,5.130545,-0.01203
curr_td_f20_g1_lr5.5e-5_a8_20260613T090652Z,2375,9961472000,ru,forget,1.637674,5.143194,-0.00957
curr_td_f20_g1_lr5.5e-5_a8_20260613T090652Z,2400,10066329600,ru,forget,1.638183,5.145812,-0.00906
curr_td_f20_g1_lr5.5e-5_a8_20260613T090652Z,2425,10171187200,ru,forget,1.640048,5.155416,-0.0072
curr_td_f20_g1_lr5.5e-5_a8_20260613T090652Z,2450,10276044800,ru,forget,1.64129,5.161826,-0.00595
curr_td_f20_g1_lr5.5e-5_a8_20260613T090652Z,2475,10380902400,ru,forget,1.644289,5.177326,-0.00295
curr_td_f20_g1_lr5.5e-5_a8_20260613T090652Z,2500,10485760000,ru,forget,1.645436,5.183268,-0.00181
curr_td_f20_g1_lr5.5e-5_a8_20260613T090652Z,2525,10590617600,ru,forget,1.645675,5.184508,-0.00157
curr_td_f20_g1_lr5.5e-5_a8_20260613T090652Z,2550,10695475200,ru,forget,1.647725,5.195145,0.00048
curr_td_f20_g1_lr5.5e-5_a8_20260613T090652Z,2575,10800332800,ru,forget,1.648392,5.198615,0.00115
curr_td_f20_g1_lr5.5e-5_a8_20260613T090652Z,2600,10905190400,ru,forget,1.650056,5.207272,0.00281
curr_td_f20_g1_lr5.5e-5_a8_20260613T090652Z,2625,11010048000,ru,forget,1.649888,5.206395,0.00265
curr_td_f20_g1_lr5.5e-5_a8_20260613T090652Z,2650,11114905600,ru,forget,1.650075,5.20737,0.00283
curr_td_f20_g1_lr5.5e-5_a8_20260613T090652Z,2675,11219763200,ru,forget,1.650772,5.211003,0.00353
curr_td_f20_g1_lr5.5e-5_a8_20260613T090652Z,2700,11324620800,ru,forget,1.650574,5.209968,0.00333
curr_td_f20_g1_lr5.5e-5_a8_20260613T090652Z,2725,11429478400,ru,forget,1.651119,5.21281,0.00388
curr_td_f20_g1_lr5.5e-5_a8_20260613T090652Z,2750,11534336000,ru,forget,1.651756,5.216133,0.00451
curr_td_f20_g1_lr5.5e-5_a8_20260613T090652Z,2775,11639193600,ru,forget,1.650905,5.211696,0.00366
curr_td_f20_g1_lr5.5e-5_a8_20260613T090652Z,2800,11744051200,ru,forget,1.650948,5.21192,0.00371
curr_td_f20_g1_lr5.5e-5_a8_20260613T090652Z,2825,11848908800,ru,forget,1.650723,5.210744,0.00348
curr_td_f20_g1_lr5.5e-5_a8_20260613T090652Z,2850,11953766400,ru,forget,1.650101,5.207504,0.00286
curr_td_f20_g1_lr5.5e-5_a8_20260613T090652Z,2875,12058624000,ru,forget,1.650463,5.209392,0.00322
curr_td_f20_g1_lr5.5e-5_a8_20260613T090652Z,2900,12163481600,ru,forget,1.649654,5.205176,0.00241
curr_td_f20_g1_lr5.5e-5_a8_20260613T090652Z,2925,12268339200,ru,forget,1.649815,5.206015,0.00257
curr_td_f20_g1_lr5.5e-5_a8_20260613T090652Z,2950,12373196800,ru,forget,1.650462,5.209387,0.00322
curr_td_f20_g1_lr5.5e-5_a8_20260613T090652Z,2975,12478054400,ru,forget,1.649423,5.203979,0.00218
curr_td_f20_g1_lr5.5e-5_a8_20260613T090652Z,3000,12582912000,ru,forget,1.648987,5.201706,0.00174
curr_td_f20_g1_lr5.5e-5_a8_20260613T090652Z,3025,12687769600,ru,forget,1.648817,5.200824,0.00157
curr_td_f20_g1_lr5.5e-5_a8_20260613T090652Z,3050,12792627200,ru,forget,1.647821,5.195645,0.00058
curr_td_f20_g1_lr5.5e-5_a8_20260613T090652Z,3075,12897484800,ru,forget,1.649446,5.204097,0.0022
curr_td_f20_g1_lr5.5e-5_a8_20260613T090652Z,3100,13002342400,ru,forget,1.648711,5.200272,0.00147
curr_td_f20_g1_lr5.5e-5_a8_20260613T090652Z,3125,13107200000,ru,forget,1.648396,5.198634,0.00115
curr_td_f20_g1_lr5.5e-5_a8_20260613T090652Z,3150,13212057600,ru,forget,1.6475,5.193978,0.00026
curr_td_f20_g1_lr5.5e-5_a8_20260613T090652Z,3175,13316915200,ru,forget,1.648639,5.199897,0.0014
curr_td_f20_g1_lr5.5e-5_a8_20260613T090652Z,3200,13421772800,ru,forget,1.64876,5.200528,0.00152
curr_td_f20_g1_lr5.5e-5_a8_20260613T090652Z,25,104857600,zh,forget,1.907603,6.736921,0.0
curr_td_f20_g1_lr5.5e-5_a8_20260613T090652Z,50,209715200,zh,forget,1.86276,6.441489,-0.04484
curr_td_f20_g1_lr5.5e-5_a8_20260613T090652Z,75,314572800,zh,forget,1.81412,6.135675,-0.09348
curr_td_f20_g1_lr5.5e-5_a8_20260613T090652Z,100,419430400,zh,forget,1.794022,6.013593,-0.11358
curr_td_f20_g1_lr5.5e-5_a8_20260613T090652Z,125,524288000,zh,forget,1.783188,5.948789,-0.12441
curr_td_f20_g1_lr5.5e-5_a8_20260613T090652Z,150,629145600,zh,forget,1.780031,5.930041,-0.12757
curr_td_f20_g1_lr5.5e-5_a8_20260613T090652Z,175,734003200,zh,forget,1.773653,5.89234,-0.13395
curr_td_f20_g1_lr5.5e-5_a8_20260613T090652Z,200,838860800,zh,forget,1.772659,5.886484,-0.13494
curr_td_f20_g1_lr5.5e-5_a8_20260613T090652Z,225,943718400,zh,forget,1.768404,5.861488,-0.1392
curr_td_f20_g1_lr5.5e-5_a8_20260613T090652Z,250,1048576000,zh,forget,1.767758,5.857705,-0.13984
curr_td_f20_g1_lr5.5e-5_a8_20260613T090652Z,275,1153433600,zh,forget,1.77058,5.874258,-0.13702
curr_td_f20_g1_lr5.5e-5_a8_20260613T090652Z,300,1258291200,zh,forget,1.767499,5.856189,-0.1401
curr_td_f20_g1_lr5.5e-5_a8_20260613T090652Z,325,1363148800,zh,forget,1.765054,5.841886,-0.14255
curr_td_f20_g1_lr5.5e-5_a8_20260613T090652Z,350,1468006400,zh,forget,1.765736,5.845872,-0.14187
curr_td_f20_g1_lr5.5e-5_a8_20260613T090652Z,375,1572864000,zh,forget,1.767486,5.856114,-0.14012
curr_td_f20_g1_lr5.5e-5_a8_20260613T090652Z,400,1677721600,zh,forget,1.773775,5.893056,-0.13383
curr_td_f20_g1_lr5.5e-5_a8_20260613T090652Z,425,1782579200,zh,forget,1.770454,5.87352,-0.13715
curr_td_f20_g1_lr5.5e-5_a8_20260613T090652Z,450,1887436800,zh,forget,1.768498,5.862044,-0.13911
curr_td_f20_g1_lr5.5e-5_a8_20260613T090652Z,475,1992294400,zh,forget,1.768319,5.860991,-0.13928
curr_td_f20_g1_lr5.5e-5_a8_20260613T090652Z,500,2097152000,zh,forget,1.768673,5.863067,-0.13893
curr_td_f20_g1_lr5.5e-5_a8_20260613T090652Z,525,2202009600,zh,forget,1.771189,5.877838,-0.13641
curr_td_f20_g1_lr5.5e-5_a8_20260613T090652Z,550,2306867200,zh,forget,1.772475,5.885402,-0.13513
curr_td_f20_g1_lr5.5e-5_a8_20260613T090652Z,575,2411724800,zh,forget,1.771285,5.878403,-0.13632
curr_td_f20_g1_lr5.5e-5_a8_20260613T090652Z,600,2516582400,zh,forget,1.771655,5.880576,-0.13595
curr_td_f20_g1_lr5.5e-5_a8_20260613T090652Z,625,2621440000,zh,forget,1.772464,5.885339,-0.13514
curr_td_f20_g1_lr5.5e-5_a8_20260613T090652Z,650,2726297600,zh,forget,1.773525,5.891585,-0.13408
curr_td_f20_g1_lr5.5e-5_a8_20260613T090652Z,675,2831155200,zh,forget,1.774431,5.896927,-0.13317
curr_td_f20_g1_lr5.5e-5_a8_20260613T090652Z,700,2936012800,zh,forget,1.776356,5.908285,-0.13125
curr_td_f20_g1_lr5.5e-5_a8_20260613T090652Z,725,3040870400,zh,forget,1.776733,5.910516,-0.13087
curr_td_f20_g1_lr5.5e-5_a8_20260613T090652Z,750,3145728000,zh,forget,1.779148,5.924806,-0.12845
curr_td_f20_g1_lr5.5e-5_a8_20260613T090652Z,775,3250585600,zh,forget,1.778578,5.92143,-0.12902
curr_td_f20_g1_lr5.5e-5_a8_20260613T090652Z,800,3355443200,zh,forget,1.779928,5.929432,-0.12767
curr_td_f20_g1_lr5.5e-5_a8_20260613T090652Z,825,3460300800,zh,forget,1.78005,5.93015,-0.12755
curr_td_f20_g1_lr5.5e-5_a8_20260613T090652Z,850,3565158400,zh,forget,1.780167,5.930846,-0.12744
curr_td_f20_g1_lr5.5e-5_a8_20260613T090652Z,875,3670016000,zh,forget,1.781633,5.939551,-0.12597
curr_td_f20_g1_lr5.5e-5_a8_20260613T090652Z,900,3774873600,zh,forget,1.783529,5.950817,-0.12407
curr_td_f20_g1_lr5.5e-5_a8_20260613T090652Z,925,3879731200,zh,forget,1.783084,5.948175,-0.12452
curr_td_f20_g1_lr5.5e-5_a8_20260613T090652Z,950,3984588800,zh,forget,1.784492,5.956553,-0.12311
curr_td_f20_g1_lr5.5e-5_a8_20260613T090652Z,975,4089446400,zh,forget,1.784705,5.957825,-0.1229
curr_td_f20_g1_lr5.5e-5_a8_20260613T090652Z,1000,4194304000,zh,forget,1.785589,5.963092,-0.12201
curr_td_f20_g1_lr5.5e-5_a8_20260613T090652Z,1025,4299161600,zh,forget,1.786706,5.969753,-0.1209
curr_td_f20_g1_lr5.5e-5_a8_20260613T090652Z,1050,4404019200,zh,forget,1.787861,5.976655,-0.11974
curr_td_f20_g1_lr5.5e-5_a8_20260613T090652Z,1075,4508876800,zh,forget,1.78828,5.979158,-0.11932
curr_td_f20_g1_lr5.5e-5_a8_20260613T090652Z,1100,4613734400,zh,forget,1.789473,5.986294,-0.11813
curr_td_f20_g1_lr5.5e-5_a8_20260613T090652Z,1125,4718592000,zh,forget,1.789587,5.986977,-0.11802
curr_td_f20_g1_lr5.5e-5_a8_20260613T090652Z,1150,4823449600,zh,forget,1.792686,6.00556,-0.11492
curr_td_f20_g1_lr5.5e-5_a8_20260613T090652Z,1175,4928307200,zh,forget,1.794461,6.016232,-0.11314
curr_td_f20_g1_lr5.5e-5_a8_20260613T090652Z,1200,5033164800,zh,forget,1.796821,6.030445,-0.11078
curr_td_f20_g1_lr5.5e-5_a8_20260613T090652Z,1225,5138022400,zh,forget,1.795539,6.02272,-0.11206
curr_td_f20_g1_lr5.5e-5_a8_20260613T090652Z,1250,5242880000,zh,forget,1.797246,6.033008,-0.11036
curr_td_f20_g1_lr5.5e-5_a8_20260613T090652Z,1275,5347737600,zh,forget,1.797048,6.031817,-0.11055
curr_td_f20_g1_lr5.5e-5_a8_20260613T090652Z,1300,5452595200,zh,forget,1.800473,6.052508,-0.10713
curr_td_f20_g1_lr5.5e-5_a8_20260613T090652Z,1325,5557452800,zh,forget,1.800806,6.054523,-0.1068
curr_td_f20_g1_lr5.5e-5_a8_20260613T090652Z,1350,5662310400,zh,forget,1.802994,6.067787,-0.10461
curr_td_f20_g1_lr5.5e-5_a8_20260613T090652Z,1375,5767168000,zh,forget,1.802234,6.063179,-0.10537
curr_td_f20_g1_lr5.5e-5_a8_20260613T090652Z,1400,5872025600,zh,forget,1.805982,6.085943,-0.10162
curr_td_f20_g1_lr5.5e-5_a8_20260613T090652Z,1425,5976883200,zh,forget,1.806298,6.08787,-0.1013
curr_td_f20_g1_lr5.5e-5_a8_20260613T090652Z,1450,6081740800,zh,forget,1.807064,6.092535,-0.10054
curr_td_f20_g1_lr5.5e-5_a8_20260613T090652Z,1475,6186598400,zh,forget,1.819979,6.17173,-0.08762
curr_td_f20_g1_lr5.5e-5_a8_20260613T090652Z,1500,6291456000,zh,forget,1.812965,6.128593,-0.09464
curr_td_f20_g1_lr5.5e-5_a8_20260613T090652Z,1525,6396313600,zh,forget,1.814318,6.136888,-0.09328
curr_td_f20_g1_lr5.5e-5_a8_20260613T090652Z,1550,6501171200,zh,forget,1.813659,6.132845,-0.09394
curr_td_f20_g1_lr5.5e-5_a8_20260613T090652Z,1575,6606028800,zh,forget,1.815026,6.141238,-0.09258
curr_td_f20_g1_lr5.5e-5_a8_20260613T090652Z,1600,6710886400,zh,forget,1.818471,6.162429,-0.08913
curr_td_f20_g1_lr5.5e-5_a8_20260613T090652Z,1625,6815744000,zh,forget,1.818634,6.163431,-0.08897
curr_td_f20_g1_lr5.5e-5_a8_20260613T090652Z,1650,6920601600,zh,forget,1.821906,6.183635,-0.0857
curr_td_f20_g1_lr5.5e-5_a8_20260613T090652Z,1675,7025459200,zh,forget,1.82222,6.185576,-0.08538
curr_td_f20_g1_lr5.5e-5_a8_20260613T090652Z,1700,7130316800,zh,forget,1.824198,6.197822,-0.0834
curr_td_f20_g1_lr5.5e-5_a8_20260613T090652Z,1725,7235174400,zh,forget,1.828608,6.225214,-0.07899
curr_td_f20_g1_lr5.5e-5_a8_20260613T090652Z,1750,7340032000,zh,forget,1.827851,6.220502,-0.07975
curr_td_f20_g1_lr5.5e-5_a8_20260613T090652Z,1775,7444889600,zh,forget,1.827065,6.215618,-0.08054
curr_td_f20_g1_lr5.5e-5_a8_20260613T090652Z,1800,7549747200,zh,forget,1.828767,6.226205,-0.07884
curr_td_f20_g1_lr5.5e-5_a8_20260613T090652Z,1825,7654604800,zh,forget,1.829431,6.230339,-0.07817
curr_td_f20_g1_lr5.5e-5_a8_20260613T090652Z,1850,7759462400,zh,forget,1.831095,6.240713,-0.07651
curr_td_f20_g1_lr5.5e-5_a8_20260613T090652Z,1875,7864320000,zh,forget,1.832626,6.25028,-0.07498
curr_td_f20_g1_lr5.5e-5_a8_20260613T090652Z,1900,7969177600,zh,forget,1.83463,6.262819,-0.07297
curr_td_f20_g1_lr5.5e-5_a8_20260613T090652Z,1925,8074035200,zh,forget,1.837314,6.279646,-0.07029
curr_td_f20_g1_lr5.5e-5_a8_20260613T090652Z,1950,8178892800,zh,forget,1.838228,6.285389,-0.06937
curr_td_f20_g1_lr5.5e-5_a8_20260613T090652Z,1975,8283750400,zh,forget,1.839872,6.295734,-0.06773
curr_td_f20_g1_lr5.5e-5_a8_20260613T090652Z,2000,8388608000,zh,forget,1.840464,6.299458,-0.06714
curr_td_f20_g1_lr5.5e-5_a8_20260613T090652Z,2025,8493465600,zh,forget,1.841393,6.305315,-0.06621
curr_td_f20_g1_lr5.5e-5_a8_20260613T090652Z,2050,8598323200,zh,forget,1.843572,6.319073,-0.06403
curr_td_f20_g1_lr5.5e-5_a8_20260613T090652Z,2075,8703180800,zh,forget,1.844295,6.32364,-0.06331
curr_td_f20_g1_lr5.5e-5_a8_20260613T090652Z,2100,8808038400,zh,forget,1.844311,6.32374,-0.06329
curr_td_f20_g1_lr5.5e-5_a8_20260613T090652Z,2125,8912896000,zh,forget,1.845782,6.333051,-0.06182
curr_td_f20_g1_lr5.5e-5_a8_20260613T090652Z,2150,9017753600,zh,forget,1.846061,6.334817,-0.06154
curr_td_f20_g1_lr5.5e-5_a8_20260613T090652Z,2175,9122611200,zh,forget,1.847766,6.345626,-0.05984
curr_td_f20_g1_lr5.5e-5_a8_20260613T090652Z,2200,9227468800,zh,forget,1.849048,6.353768,-0.05855
curr_td_f20_g1_lr5.5e-5_a8_20260613T090652Z,2225,9332326400,zh,forget,1.850837,6.365144,-0.05677
curr_td_f20_g1_lr5.5e-5_a8_20260613T090652Z,2250,9437184000,zh,forget,1.851909,6.371974,-0.05569
curr_td_f20_g1_lr5.5e-5_a8_20260613T090652Z,2275,9542041600,zh,forget,1.859246,6.418892,-0.04836
curr_td_f20_g1_lr5.5e-5_a8_20260613T090652Z,2300,9646899200,zh,forget,1.857921,6.410397,-0.04968
curr_td_f20_g1_lr5.5e-5_a8_20260613T090652Z,2325,9751756800,zh,forget,1.859726,6.421977,-0.04788
curr_td_f20_g1_lr5.5e-5_a8_20260613T090652Z,2350,9856614400,zh,forget,1.859381,6.41976,-0.04822
curr_td_f20_g1_lr5.5e-5_a8_20260613T090652Z,2375,9961472000,zh,forget,1.862755,6.44146,-0.04485
curr_td_f20_g1_lr5.5e-5_a8_20260613T090652Z,2400,10066329600,zh,forget,1.863653,6.447244,-0.04395
curr_td_f20_g1_lr5.5e-5_a8_20260613T090652Z,2425,10171187200,zh,forget,1.865801,6.461111,-0.0418
curr_td_f20_g1_lr5.5e-5_a8_20260613T090652Z,2450,10276044800,zh,forget,1.867418,6.471566,-0.04018
curr_td_f20_g1_lr5.5e-5_a8_20260613T090652Z,2475,10380902400,zh,forget,1.871223,6.496236,-0.03638
curr_td_f20_g1_lr5.5e-5_a8_20260613T090652Z,2500,10485760000,zh,forget,1.872841,6.506758,-0.03476
curr_td_f20_g1_lr5.5e-5_a8_20260613T090652Z,2525,10590617600,zh,forget,1.873587,6.511613,-0.03402
curr_td_f20_g1_lr5.5e-5_a8_20260613T090652Z,2550,10695475200,zh,forget,1.875887,6.526604,-0.03172
curr_td_f20_g1_lr5.5e-5_a8_20260613T090652Z,2575,10800332800,zh,forget,1.876625,6.531425,-0.03098
curr_td_f20_g1_lr5.5e-5_a8_20260613T090652Z,2600,10905190400,zh,forget,1.879153,6.547959,-0.02845
curr_td_f20_g1_lr5.5e-5_a8_20260613T090652Z,2625,11010048000,zh,forget,1.879466,6.550003,-0.02814
curr_td_f20_g1_lr5.5e-5_a8_20260613T090652Z,2650,11114905600,zh,forget,1.879339,6.549172,-0.02826
curr_td_f20_g1_lr5.5e-5_a8_20260613T090652Z,2675,11219763200,zh,forget,1.880474,6.556613,-0.02713
curr_td_f20_g1_lr5.5e-5_a8_20260613T090652Z,2700,11324620800,zh,forget,1.879982,6.553388,-0.02762
curr_td_f20_g1_lr5.5e-5_a8_20260613T090652Z,2725,11429478400,zh,forget,1.881256,6.561741,-0.02635
curr_td_f20_g1_lr5.5e-5_a8_20260613T090652Z,2750,11534336000,zh,forget,1.882427,6.569429,-0.02518
curr_td_f20_g1_lr5.5e-5_a8_20260613T090652Z,2775,11639193600,zh,forget,1.880484,6.556679,-0.02712
curr_td_f20_g1_lr5.5e-5_a8_20260613T090652Z,2800,11744051200,zh,forget,1.880323,6.555622,-0.02728
curr_td_f20_g1_lr5.5e-5_a8_20260613T090652Z,2825,11848908800,zh,forget,1.880088,6.554081,-0.02751
curr_td_f20_g1_lr5.5e-5_a8_20260613T090652Z,2850,11953766400,zh,forget,1.879561,6.550631,-0.02804
curr_td_f20_g1_lr5.5e-5_a8_20260613T090652Z,2875,12058624000,zh,forget,1.879582,6.550769,-0.02802
curr_td_f20_g1_lr5.5e-5_a8_20260613T090652Z,2900,12163481600,zh,forget,1.878964,6.54672,-0.02864
curr_td_f20_g1_lr5.5e-5_a8_20260613T090652Z,2925,12268339200,zh,forget,1.879477,6.550075,-0.02813
curr_td_f20_g1_lr5.5e-5_a8_20260613T090652Z,2950,12373196800,zh,forget,1.880862,6.559156,-0.02674
curr_td_f20_g1_lr5.5e-5_a8_20260613T090652Z,2975,12478054400,zh,forget,1.87932,6.549049,-0.02828
curr_td_f20_g1_lr5.5e-5_a8_20260613T090652Z,3000,12582912000,zh,forget,1.878348,6.542687,-0.02926
curr_td_f20_g1_lr5.5e-5_a8_20260613T090652Z,3025,12687769600,zh,forget,1.878123,6.541213,-0.02948
curr_td_f20_g1_lr5.5e-5_a8_20260613T090652Z,3050,12792627200,zh,forget,1.87659,6.531198,-0.03101
curr_td_f20_g1_lr5.5e-5_a8_20260613T090652Z,3075,12897484800,zh,forget,1.879355,6.54928,-0.02825
curr_td_f20_g1_lr5.5e-5_a8_20260613T090652Z,3100,13002342400,zh,forget,1.878214,6.541811,-0.02939
curr_td_f20_g1_lr5.5e-5_a8_20260613T090652Z,3125,13107200000,zh,forget,1.877997,6.54039,-0.02961
curr_td_f20_g1_lr5.5e-5_a8_20260613T090652Z,3150,13212057600,zh,forget,1.876397,6.529937,-0.03121
curr_td_f20_g1_lr5.5e-5_a8_20260613T090652Z,3175,13316915200,zh,forget,1.878283,6.542262,-0.02932
curr_td_f20_g1_lr5.5e-5_a8_20260613T090652Z,3200,13421772800,zh,forget,1.878725,6.545156,-0.02888
