run_tag,iter,tokens,name,kind,lm_loss,ppl,delta_from_first
curr_td_f20_g1_lr1.1e-4_20260612T191957Z,25,104857600,code,forget,0.7715669,2.163153,0.0
curr_td_f20_g1_lr1.1e-4_20260612T191957Z,50,209715200,code,forget,0.7244917,2.063682,-0.04708
curr_td_f20_g1_lr1.1e-4_20260612T191957Z,75,314572800,code,forget,0.704366,2.022564,-0.0672
curr_td_f20_g1_lr1.1e-4_20260612T191957Z,100,419430400,code,forget,0.6912064,1.996122,-0.08036
curr_td_f20_g1_lr1.1e-4_20260612T191957Z,125,524288000,code,forget,0.6823574,1.978536,-0.08921
curr_td_f20_g1_lr1.1e-4_20260612T191957Z,150,629145600,code,forget,0.6794192,1.972732,-0.09215
curr_td_f20_g1_lr1.1e-4_20260612T191957Z,175,734003200,code,forget,0.6794391,1.972771,-0.09213
curr_td_f20_g1_lr1.1e-4_20260612T191957Z,200,838860800,code,forget,0.6741719,1.962407,-0.0974
curr_td_f20_g1_lr1.1e-4_20260612T191957Z,225,943718400,code,forget,0.6766272,1.967231,-0.09494
curr_td_f20_g1_lr1.1e-4_20260612T191957Z,250,1048576000,code,forget,0.6705678,1.955347,-0.101
curr_td_f20_g1_lr1.1e-4_20260612T191957Z,275,1153433600,code,forget,0.6696983,1.953648,-0.10187
curr_td_f20_g1_lr1.1e-4_20260612T191957Z,300,1258291200,code,forget,0.6692529,1.952778,-0.10231
curr_td_f20_g1_lr1.1e-4_20260612T191957Z,325,1363148800,code,forget,0.6692419,1.952756,-0.10233
curr_td_f20_g1_lr1.1e-4_20260612T191957Z,350,1468006400,code,forget,0.6677793,1.949902,-0.10379
curr_td_f20_g1_lr1.1e-4_20260612T191957Z,375,1572864000,code,forget,0.6688582,1.952007,-0.10271
curr_td_f20_g1_lr1.1e-4_20260612T191957Z,400,1677721600,code,forget,0.6681197,1.950566,-0.10345
curr_td_f20_g1_lr1.1e-4_20260612T191957Z,425,1782579200,code,forget,0.6699534,1.954146,-0.10161
curr_td_f20_g1_lr1.1e-4_20260612T191957Z,450,1887436800,code,forget,0.6694418,1.953147,-0.10213
curr_td_f20_g1_lr1.1e-4_20260612T191957Z,475,1992294400,code,forget,0.6712785,1.956737,-0.10029
curr_td_f20_g1_lr1.1e-4_20260612T191957Z,500,2097152000,code,forget,0.6711497,1.956485,-0.10042
curr_td_f20_g1_lr1.1e-4_20260612T191957Z,525,2202009600,code,forget,0.6715171,1.957204,-0.10005
curr_td_f20_g1_lr1.1e-4_20260612T191957Z,550,2306867200,code,forget,0.6789286,1.971764,-0.09264
curr_td_f20_g1_lr1.1e-4_20260612T191957Z,575,2411724800,code,forget,0.6748775,1.963792,-0.09669
curr_td_f20_g1_lr1.1e-4_20260612T191957Z,600,2516582400,code,forget,0.6745851,1.963218,-0.09698
curr_td_f20_g1_lr1.1e-4_20260612T191957Z,625,2621440000,code,forget,0.6747146,1.963472,-0.09685
curr_td_f20_g1_lr1.1e-4_20260612T191957Z,650,2726297600,code,forget,0.6762003,1.966392,-0.09537
curr_td_f20_g1_lr1.1e-4_20260612T191957Z,675,2831155200,code,forget,0.6795048,1.9729,-0.09206
curr_td_f20_g1_lr1.1e-4_20260612T191957Z,700,2936012800,code,forget,0.6775846,1.969116,-0.09398
curr_td_f20_g1_lr1.1e-4_20260612T191957Z,725,3040870400,code,forget,0.6784875,1.970894,-0.09308
curr_td_f20_g1_lr1.1e-4_20260612T191957Z,750,3145728000,code,forget,0.6778499,1.969638,-0.09372
curr_td_f20_g1_lr1.1e-4_20260612T191957Z,775,3250585600,code,forget,0.6824628,1.978745,-0.0891
curr_td_f20_g1_lr1.1e-4_20260612T191957Z,800,3355443200,code,forget,0.6809258,1.975706,-0.09064
curr_td_f20_g1_lr1.1e-4_20260612T191957Z,825,3460300800,code,forget,0.6804377,1.974742,-0.09113
curr_td_f20_g1_lr1.1e-4_20260612T191957Z,850,3565158400,code,forget,0.6811714,1.976191,-0.0904
curr_td_f20_g1_lr1.1e-4_20260612T191957Z,875,3670016000,code,forget,0.6820111,1.977851,-0.08956
curr_td_f20_g1_lr1.1e-4_20260612T191957Z,900,3774873600,code,forget,0.6812583,1.976363,-0.09031
curr_td_f20_g1_lr1.1e-4_20260612T191957Z,925,3879731200,code,forget,0.6824877,1.978794,-0.08908
curr_td_f20_g1_lr1.1e-4_20260612T191957Z,950,3984588800,code,forget,0.6838289,1.98145,-0.08774
curr_td_f20_g1_lr1.1e-4_20260612T191957Z,975,4089446400,code,forget,0.6859876,1.985732,-0.08558
curr_td_f20_g1_lr1.1e-4_20260612T191957Z,1000,4194304000,code,forget,0.6856945,1.98515,-0.08587
curr_td_f20_g1_lr1.1e-4_20260612T191957Z,1025,4299161600,code,forget,0.6875206,1.988778,-0.08405
curr_td_f20_g1_lr1.1e-4_20260612T191957Z,1050,4404019200,code,forget,0.6882572,1.990244,-0.08331
curr_td_f20_g1_lr1.1e-4_20260612T191957Z,1075,4508876800,code,forget,0.6927226,1.999151,-0.07884
curr_td_f20_g1_lr1.1e-4_20260612T191957Z,1100,4613734400,code,forget,0.6918291,1.997366,-0.07974
curr_td_f20_g1_lr1.1e-4_20260612T191957Z,1125,4718592000,code,forget,0.6930153,1.999736,-0.07855
curr_td_f20_g1_lr1.1e-4_20260612T191957Z,1150,4823449600,code,forget,0.6899362,1.993588,-0.08163
curr_td_f20_g1_lr1.1e-4_20260612T191957Z,1175,4928307200,code,forget,0.694146,2.001999,-0.07742
curr_td_f20_g1_lr1.1e-4_20260612T191957Z,1200,5033164800,code,forget,0.6948223,2.003353,-0.07674
curr_td_f20_g1_lr1.1e-4_20260612T191957Z,1225,5138022400,code,forget,0.6991302,2.012002,-0.07244
curr_td_f20_g1_lr1.1e-4_20260612T191957Z,1250,5242880000,code,forget,0.6970493,2.007819,-0.07452
curr_td_f20_g1_lr1.1e-4_20260612T191957Z,1275,5347737600,code,forget,0.69841,2.010553,-0.07316
curr_td_f20_g1_lr1.1e-4_20260612T191957Z,1300,5452595200,code,forget,0.6962113,2.006138,-0.07536
curr_td_f20_g1_lr1.1e-4_20260612T191957Z,1325,5557452800,code,forget,0.6982059,2.010143,-0.07336
curr_td_f20_g1_lr1.1e-4_20260612T191957Z,1350,5662310400,code,forget,0.6978296,2.009387,-0.07374
curr_td_f20_g1_lr1.1e-4_20260612T191957Z,1375,5767168000,code,forget,0.6986992,2.011135,-0.07287
curr_td_f20_g1_lr1.1e-4_20260612T191957Z,1400,5872025600,code,forget,0.702002,2.017788,-0.06956
curr_td_f20_g1_lr1.1e-4_20260612T191957Z,1425,5976883200,code,forget,0.7013758,2.016525,-0.07019
curr_td_f20_g1_lr1.1e-4_20260612T191957Z,1450,6081740800,code,forget,0.7026808,2.019158,-0.06889
curr_td_f20_g1_lr1.1e-4_20260612T191957Z,1475,6186598400,code,forget,0.7030772,2.019959,-0.06849
curr_td_f20_g1_lr1.1e-4_20260612T191957Z,1500,6291456000,code,forget,0.7038571,2.021535,-0.06771
curr_td_f20_g1_lr1.1e-4_20260612T191957Z,1525,6396313600,code,forget,0.7036753,2.021167,-0.06789
curr_td_f20_g1_lr1.1e-4_20260612T191957Z,1550,6501171200,code,forget,0.7044571,2.022748,-0.06711
curr_td_f20_g1_lr1.1e-4_20260612T191957Z,1575,6606028800,code,forget,0.7064373,2.026758,-0.06513
curr_td_f20_g1_lr1.1e-4_20260612T191957Z,1600,6710886400,code,forget,0.7071745,2.028252,-0.06439
curr_td_f20_g1_lr1.1e-4_20260612T191957Z,1625,6815744000,code,forget,0.7079102,2.029745,-0.06366
curr_td_f20_g1_lr1.1e-4_20260612T191957Z,1650,6920601600,code,forget,0.7087747,2.031501,-0.06279
curr_td_f20_g1_lr1.1e-4_20260612T191957Z,1675,7025459200,code,forget,0.7092376,2.032441,-0.06233
curr_td_f20_g1_lr1.1e-4_20260612T191957Z,1700,7130316800,code,forget,0.7101001,2.034195,-0.06147
curr_td_f20_g1_lr1.1e-4_20260612T191957Z,1725,7235174400,code,forget,0.7104614,2.03493,-0.06111
curr_td_f20_g1_lr1.1e-4_20260612T191957Z,1750,7340032000,code,forget,0.7104494,2.034906,-0.06112
curr_td_f20_g1_lr1.1e-4_20260612T191957Z,1775,7444889600,code,forget,0.7135644,2.041254,-0.058
curr_td_f20_g1_lr1.1e-4_20260612T191957Z,1800,7549747200,code,forget,0.7146392,2.043449,-0.05693
curr_td_f20_g1_lr1.1e-4_20260612T191957Z,1825,7654604800,code,forget,0.7130534,2.040211,-0.05851
curr_td_f20_g1_lr1.1e-4_20260612T191957Z,1850,7759462400,code,forget,0.7156805,2.045578,-0.05589
curr_td_f20_g1_lr1.1e-4_20260612T191957Z,1875,7864320000,code,forget,0.7161866,2.046614,-0.05538
curr_td_f20_g1_lr1.1e-4_20260612T191957Z,1900,7969177600,code,forget,0.7172087,2.048707,-0.05436
curr_td_f20_g1_lr1.1e-4_20260612T191957Z,1925,8074035200,code,forget,0.7170689,2.04842,-0.0545
curr_td_f20_g1_lr1.1e-4_20260612T191957Z,1950,8178892800,code,forget,0.718003,2.050335,-0.05356
curr_td_f20_g1_lr1.1e-4_20260612T191957Z,1975,8283750400,code,forget,0.7199733,2.054378,-0.05159
curr_td_f20_g1_lr1.1e-4_20260612T191957Z,2000,8388608000,code,forget,0.7195855,2.053582,-0.05198
curr_td_f20_g1_lr1.1e-4_20260612T191957Z,2025,8493465600,code,forget,0.7216094,2.057742,-0.04996
curr_td_f20_g1_lr1.1e-4_20260612T191957Z,2050,8598323200,code,forget,0.7231484,2.060912,-0.04842
curr_td_f20_g1_lr1.1e-4_20260612T191957Z,2075,8703180800,code,forget,0.7248077,2.064334,-0.04676
curr_td_f20_g1_lr1.1e-4_20260612T191957Z,2100,8808038400,code,forget,0.7239689,2.062603,-0.0476
curr_td_f20_g1_lr1.1e-4_20260612T191957Z,2125,8912896000,code,forget,0.7265713,2.067978,-0.045
curr_td_f20_g1_lr1.1e-4_20260612T191957Z,2150,9017753600,code,forget,0.7264271,2.06768,-0.04514
curr_td_f20_g1_lr1.1e-4_20260612T191957Z,2175,9122611200,code,forget,0.7280789,2.071098,-0.04349
curr_td_f20_g1_lr1.1e-4_20260612T191957Z,2200,9227468800,code,forget,0.7292116,2.073445,-0.04236
curr_td_f20_g1_lr1.1e-4_20260612T191957Z,2225,9332326400,code,forget,0.7300137,2.075109,-0.04155
curr_td_f20_g1_lr1.1e-4_20260612T191957Z,2250,9437184000,code,forget,0.7290551,2.073121,-0.04251
curr_td_f20_g1_lr1.1e-4_20260612T191957Z,2275,9542041600,code,forget,0.7502065,2.117437,-0.02136
curr_td_f20_g1_lr1.1e-4_20260612T191957Z,2300,9646899200,code,forget,0.740997,2.098026,-0.03057
curr_td_f20_g1_lr1.1e-4_20260612T191957Z,2325,9751756800,code,forget,0.7446933,2.105796,-0.02687
curr_td_f20_g1_lr1.1e-4_20260612T191957Z,2350,9856614400,code,forget,0.7420161,2.100165,-0.02955
curr_td_f20_g1_lr1.1e-4_20260612T191957Z,2375,9961472000,code,forget,0.7420392,2.100214,-0.02953
curr_td_f20_g1_lr1.1e-4_20260612T191957Z,2400,10066329600,code,forget,0.7420133,2.10016,-0.02955
curr_td_f20_g1_lr1.1e-4_20260612T191957Z,2425,10171187200,code,forget,0.7433701,2.103011,-0.0282
curr_td_f20_g1_lr1.1e-4_20260612T191957Z,2450,10276044800,code,forget,0.7448397,2.106104,-0.02673
curr_td_f20_g1_lr1.1e-4_20260612T191957Z,2475,10380902400,code,forget,0.7451376,2.106731,-0.02643
curr_td_f20_g1_lr1.1e-4_20260612T191957Z,2500,10485760000,code,forget,0.7474629,2.111636,-0.0241
curr_td_f20_g1_lr1.1e-4_20260612T191957Z,2525,10590617600,code,forget,0.7472125,2.111107,-0.02435
curr_td_f20_g1_lr1.1e-4_20260612T191957Z,2550,10695475200,code,forget,0.7460706,2.108698,-0.0255
curr_td_f20_g1_lr1.1e-4_20260612T191957Z,2575,10800332800,code,forget,0.7463177,2.109219,-0.02525
curr_td_f20_g1_lr1.1e-4_20260612T191957Z,2600,10905190400,code,forget,0.7473968,2.111496,-0.02417
curr_td_f20_g1_lr1.1e-4_20260612T191957Z,2625,11010048000,code,forget,0.749015,2.114916,-0.02255
curr_td_f20_g1_lr1.1e-4_20260612T191957Z,2650,11114905600,code,forget,0.7474056,2.111515,-0.02416
curr_td_f20_g1_lr1.1e-4_20260612T191957Z,2675,11219763200,code,forget,0.7484073,2.113631,-0.02316
curr_td_f20_g1_lr1.1e-4_20260612T191957Z,2700,11324620800,code,forget,0.7493477,2.11562,-0.02222
curr_td_f20_g1_lr1.1e-4_20260612T191957Z,2725,11429478400,code,forget,0.7482285,2.113253,-0.02334
curr_td_f20_g1_lr1.1e-4_20260612T191957Z,2750,11534336000,code,forget,0.7484857,2.113797,-0.02308
curr_td_f20_g1_lr1.1e-4_20260612T191957Z,2775,11639193600,code,forget,0.7491375,2.115175,-0.02243
curr_td_f20_g1_lr1.1e-4_20260612T191957Z,2800,11744051200,code,forget,0.7467868,2.110209,-0.02478
curr_td_f20_g1_lr1.1e-4_20260612T191957Z,2825,11848908800,code,forget,0.7477541,2.112251,-0.02381
curr_td_f20_g1_lr1.1e-4_20260612T191957Z,2850,11953766400,code,forget,0.7473779,2.111456,-0.02419
curr_td_f20_g1_lr1.1e-4_20260612T191957Z,2875,12058624000,code,forget,0.746882,2.110409,-0.02468
curr_td_f20_g1_lr1.1e-4_20260612T191957Z,2900,12163481600,code,forget,0.7472711,2.111231,-0.0243
curr_td_f20_g1_lr1.1e-4_20260612T191957Z,2925,12268339200,code,forget,0.7462229,2.109019,-0.02534
curr_td_f20_g1_lr1.1e-4_20260612T191957Z,2950,12373196800,code,forget,0.7457088,2.107935,-0.02586
curr_td_f20_g1_lr1.1e-4_20260612T191957Z,2975,12478054400,code,forget,0.7435297,2.103347,-0.02804
curr_td_f20_g1_lr1.1e-4_20260612T191957Z,3000,12582912000,code,forget,0.7431293,2.102505,-0.02844
curr_td_f20_g1_lr1.1e-4_20260612T191957Z,3025,12687769600,code,forget,0.7436161,2.103528,-0.02795
curr_td_f20_g1_lr1.1e-4_20260612T191957Z,3050,12792627200,code,forget,0.7428368,2.10189,-0.02873
curr_td_f20_g1_lr1.1e-4_20260612T191957Z,3075,12897484800,code,forget,0.7430705,2.102381,-0.0285
curr_td_f20_g1_lr1.1e-4_20260612T191957Z,3100,13002342400,code,forget,0.7436041,2.103503,-0.02796
curr_td_f20_g1_lr1.1e-4_20260612T191957Z,3125,13107200000,code,forget,0.7419161,2.099955,-0.02965
curr_td_f20_g1_lr1.1e-4_20260612T191957Z,3150,13212057600,code,forget,0.7417135,2.09953,-0.02985
curr_td_f20_g1_lr1.1e-4_20260612T191957Z,3175,13316915200,code,forget,0.7413019,2.098666,-0.03027
curr_td_f20_g1_lr1.1e-4_20260612T191957Z,3200,13421772800,code,forget,0.741548,2.099183,-0.03002
curr_td_f20_g1_lr1.1e-4_20260612T191957Z,25,104857600,de,forget,1.955237,7.065594,0.0
curr_td_f20_g1_lr1.1e-4_20260612T191957Z,50,209715200,de,forget,1.901958,6.698996,-0.05328
curr_td_f20_g1_lr1.1e-4_20260612T191957Z,75,314572800,de,forget,1.878041,6.540676,-0.0772
curr_td_f20_g1_lr1.1e-4_20260612T191957Z,100,419430400,de,forget,1.86641,6.465043,-0.08883
curr_td_f20_g1_lr1.1e-4_20260612T191957Z,125,524288000,de,forget,1.862068,6.437033,-0.09317
curr_td_f20_g1_lr1.1e-4_20260612T191957Z,150,629145600,de,forget,1.859551,6.420851,-0.09569
curr_td_f20_g1_lr1.1e-4_20260612T191957Z,175,734003200,de,forget,1.864178,6.450629,-0.09106
curr_td_f20_g1_lr1.1e-4_20260612T191957Z,200,838860800,de,forget,1.859523,6.420671,-0.09571
curr_td_f20_g1_lr1.1e-4_20260612T191957Z,225,943718400,de,forget,1.869784,6.486892,-0.08545
curr_td_f20_g1_lr1.1e-4_20260612T191957Z,250,1048576000,de,forget,1.86119,6.431387,-0.09405
curr_td_f20_g1_lr1.1e-4_20260612T191957Z,275,1153433600,de,forget,1.860984,6.430061,-0.09425
curr_td_f20_g1_lr1.1e-4_20260612T191957Z,300,1258291200,de,forget,1.862664,6.440875,-0.09257
curr_td_f20_g1_lr1.1e-4_20260612T191957Z,325,1363148800,de,forget,1.866897,6.468196,-0.08834
curr_td_f20_g1_lr1.1e-4_20260612T191957Z,350,1468006400,de,forget,1.86393,6.449029,-0.09131
curr_td_f20_g1_lr1.1e-4_20260612T191957Z,375,1572864000,de,forget,1.868315,6.477375,-0.08692
curr_td_f20_g1_lr1.1e-4_20260612T191957Z,400,1677721600,de,forget,1.868119,6.476106,-0.08712
curr_td_f20_g1_lr1.1e-4_20260612T191957Z,425,1782579200,de,forget,1.876204,6.528674,-0.07903
curr_td_f20_g1_lr1.1e-4_20260612T191957Z,450,1887436800,de,forget,1.872681,6.505716,-0.08256
curr_td_f20_g1_lr1.1e-4_20260612T191957Z,475,1992294400,de,forget,1.878057,6.540785,-0.07718
curr_td_f20_g1_lr1.1e-4_20260612T191957Z,500,2097152000,de,forget,1.878108,6.541119,-0.07713
curr_td_f20_g1_lr1.1e-4_20260612T191957Z,525,2202009600,de,forget,1.877251,6.535515,-0.07799
curr_td_f20_g1_lr1.1e-4_20260612T191957Z,550,2306867200,de,forget,1.883066,6.573631,-0.07217
curr_td_f20_g1_lr1.1e-4_20260612T191957Z,575,2411724800,de,forget,1.88243,6.569451,-0.07281
curr_td_f20_g1_lr1.1e-4_20260612T191957Z,600,2516582400,de,forget,1.883016,6.573299,-0.07222
curr_td_f20_g1_lr1.1e-4_20260612T191957Z,625,2621440000,de,forget,1.881455,6.563044,-0.07378
curr_td_f20_g1_lr1.1e-4_20260612T191957Z,650,2726297600,de,forget,1.882345,6.568891,-0.07289
curr_td_f20_g1_lr1.1e-4_20260612T191957Z,675,2831155200,de,forget,1.889472,6.615877,-0.06576
curr_td_f20_g1_lr1.1e-4_20260612T191957Z,700,2936012800,de,forget,1.884996,6.58633,-0.07024
curr_td_f20_g1_lr1.1e-4_20260612T191957Z,725,3040870400,de,forget,1.888572,6.609921,-0.06666
curr_td_f20_g1_lr1.1e-4_20260612T191957Z,750,3145728000,de,forget,1.887122,6.600345,-0.06811
curr_td_f20_g1_lr1.1e-4_20260612T191957Z,775,3250585600,de,forget,1.892178,6.633799,-0.06306
curr_td_f20_g1_lr1.1e-4_20260612T191957Z,800,3355443200,de,forget,1.889949,6.619028,-0.06529
curr_td_f20_g1_lr1.1e-4_20260612T191957Z,825,3460300800,de,forget,1.888613,6.610192,-0.06662
curr_td_f20_g1_lr1.1e-4_20260612T191957Z,850,3565158400,de,forget,1.890069,6.619822,-0.06517
curr_td_f20_g1_lr1.1e-4_20260612T191957Z,875,3670016000,de,forget,1.892118,6.633401,-0.06312
curr_td_f20_g1_lr1.1e-4_20260612T191957Z,900,3774873600,de,forget,1.89127,6.627779,-0.06397
curr_td_f20_g1_lr1.1e-4_20260612T191957Z,925,3879731200,de,forget,1.892413,6.635359,-0.06282
curr_td_f20_g1_lr1.1e-4_20260612T191957Z,950,3984588800,de,forget,1.896019,6.659329,-0.05922
curr_td_f20_g1_lr1.1e-4_20260612T191957Z,975,4089446400,de,forget,1.897511,6.669271,-0.05773
curr_td_f20_g1_lr1.1e-4_20260612T191957Z,1000,4194304000,de,forget,1.898162,6.673616,-0.05707
curr_td_f20_g1_lr1.1e-4_20260612T191957Z,1025,4299161600,de,forget,1.898018,6.672655,-0.05722
curr_td_f20_g1_lr1.1e-4_20260612T191957Z,1050,4404019200,de,forget,1.89983,6.684755,-0.05541
curr_td_f20_g1_lr1.1e-4_20260612T191957Z,1075,4508876800,de,forget,1.905028,6.719596,-0.05021
curr_td_f20_g1_lr1.1e-4_20260612T191957Z,1100,4613734400,de,forget,1.904574,6.716546,-0.05066
curr_td_f20_g1_lr1.1e-4_20260612T191957Z,1125,4718592000,de,forget,1.908345,6.74192,-0.04689
curr_td_f20_g1_lr1.1e-4_20260612T191957Z,1150,4823449600,de,forget,1.90257,6.703102,-0.05267
curr_td_f20_g1_lr1.1e-4_20260612T191957Z,1175,4928307200,de,forget,1.906865,6.731953,-0.04837
curr_td_f20_g1_lr1.1e-4_20260612T191957Z,1200,5033164800,de,forget,1.908078,6.740121,-0.04716
curr_td_f20_g1_lr1.1e-4_20260612T191957Z,1225,5138022400,de,forget,1.915586,6.79092,-0.03965
curr_td_f20_g1_lr1.1e-4_20260612T191957Z,1250,5242880000,de,forget,1.910964,6.7596,-0.04427
curr_td_f20_g1_lr1.1e-4_20260612T191957Z,1275,5347737600,de,forget,1.912814,6.772116,-0.04242
curr_td_f20_g1_lr1.1e-4_20260612T191957Z,1300,5452595200,de,forget,1.911388,6.762468,-0.04385
curr_td_f20_g1_lr1.1e-4_20260612T191957Z,1325,5557452800,de,forget,1.913181,6.774607,-0.04206
curr_td_f20_g1_lr1.1e-4_20260612T191957Z,1350,5662310400,de,forget,1.913638,6.777703,-0.0416
curr_td_f20_g1_lr1.1e-4_20260612T191957Z,1375,5767168000,de,forget,1.915629,6.791209,-0.03961
curr_td_f20_g1_lr1.1e-4_20260612T191957Z,1400,5872025600,de,forget,1.918314,6.80947,-0.03692
curr_td_f20_g1_lr1.1e-4_20260612T191957Z,1425,5976883200,de,forget,1.915842,6.792656,-0.03939
curr_td_f20_g1_lr1.1e-4_20260612T191957Z,1450,6081740800,de,forget,1.919394,6.816824,-0.03584
curr_td_f20_g1_lr1.1e-4_20260612T191957Z,1475,6186598400,de,forget,1.918788,6.812695,-0.03645
curr_td_f20_g1_lr1.1e-4_20260612T191957Z,1500,6291456000,de,forget,1.922512,6.838114,-0.03272
curr_td_f20_g1_lr1.1e-4_20260612T191957Z,1525,6396313600,de,forget,1.921199,6.829144,-0.03404
curr_td_f20_g1_lr1.1e-4_20260612T191957Z,1550,6501171200,de,forget,1.921133,6.828688,-0.0341
curr_td_f20_g1_lr1.1e-4_20260612T191957Z,1575,6606028800,de,forget,1.923487,6.844786,-0.03175
curr_td_f20_g1_lr1.1e-4_20260612T191957Z,1600,6710886400,de,forget,1.925148,6.856161,-0.03009
curr_td_f20_g1_lr1.1e-4_20260612T191957Z,1625,6815744000,de,forget,1.92935,6.885033,-0.02589
curr_td_f20_g1_lr1.1e-4_20260612T191957Z,1650,6920601600,de,forget,1.927778,6.874218,-0.02746
curr_td_f20_g1_lr1.1e-4_20260612T191957Z,1675,7025459200,de,forget,1.927388,6.871536,-0.02785
curr_td_f20_g1_lr1.1e-4_20260612T191957Z,1700,7130316800,de,forget,1.929977,6.889351,-0.02526
curr_td_f20_g1_lr1.1e-4_20260612T191957Z,1725,7235174400,de,forget,1.931253,6.89815,-0.02398
curr_td_f20_g1_lr1.1e-4_20260612T191957Z,1750,7340032000,de,forget,1.92957,6.886549,-0.02567
curr_td_f20_g1_lr1.1e-4_20260612T191957Z,1775,7444889600,de,forget,1.933476,6.913498,-0.02176
curr_td_f20_g1_lr1.1e-4_20260612T191957Z,1800,7549747200,de,forget,1.934893,6.923303,-0.02034
curr_td_f20_g1_lr1.1e-4_20260612T191957Z,1825,7654604800,de,forget,1.933269,6.91207,-0.02197
curr_td_f20_g1_lr1.1e-4_20260612T191957Z,1850,7759462400,de,forget,1.936526,6.934621,-0.01871
curr_td_f20_g1_lr1.1e-4_20260612T191957Z,1875,7864320000,de,forget,1.935832,6.929807,-0.0194
curr_td_f20_g1_lr1.1e-4_20260612T191957Z,1900,7969177600,de,forget,1.936609,6.935195,-0.01863
curr_td_f20_g1_lr1.1e-4_20260612T191957Z,1925,8074035200,de,forget,1.936557,6.934831,-0.01868
curr_td_f20_g1_lr1.1e-4_20260612T191957Z,1950,8178892800,de,forget,1.93881,6.950472,-0.01643
curr_td_f20_g1_lr1.1e-4_20260612T191957Z,1975,8283750400,de,forget,1.940675,6.96345,-0.01456
curr_td_f20_g1_lr1.1e-4_20260612T191957Z,2000,8388608000,de,forget,1.939303,6.953904,-0.01593
curr_td_f20_g1_lr1.1e-4_20260612T191957Z,2025,8493465600,de,forget,1.94306,6.980077,-0.01218
curr_td_f20_g1_lr1.1e-4_20260612T191957Z,2050,8598323200,de,forget,1.943707,6.984596,-0.01153
curr_td_f20_g1_lr1.1e-4_20260612T191957Z,2075,8703180800,de,forget,1.946285,7.002621,-0.00895
curr_td_f20_g1_lr1.1e-4_20260612T191957Z,2100,8808038400,de,forget,1.945079,6.994186,-0.01016
curr_td_f20_g1_lr1.1e-4_20260612T191957Z,2125,8912896000,de,forget,1.94873,7.019763,-0.00651
curr_td_f20_g1_lr1.1e-4_20260612T191957Z,2150,9017753600,de,forget,1.948013,7.014736,-0.00722
curr_td_f20_g1_lr1.1e-4_20260612T191957Z,2175,9122611200,de,forget,1.950953,7.035386,-0.00428
curr_td_f20_g1_lr1.1e-4_20260612T191957Z,2200,9227468800,de,forget,1.95119,7.037053,-0.00405
curr_td_f20_g1_lr1.1e-4_20260612T191957Z,2225,9332326400,de,forget,1.952007,7.042807,-0.00323
curr_td_f20_g1_lr1.1e-4_20260612T191957Z,2250,9437184000,de,forget,1.950753,7.033982,-0.00448
curr_td_f20_g1_lr1.1e-4_20260612T191957Z,2275,9542041600,de,forget,1.963304,7.122821,0.00807
curr_td_f20_g1_lr1.1e-4_20260612T191957Z,2300,9646899200,de,forget,1.95751,7.081671,0.00227
curr_td_f20_g1_lr1.1e-4_20260612T191957Z,2325,9751756800,de,forget,1.963819,7.126491,0.00858
curr_td_f20_g1_lr1.1e-4_20260612T191957Z,2350,9856614400,de,forget,1.961825,7.112298,0.00659
curr_td_f20_g1_lr1.1e-4_20260612T191957Z,2375,9961472000,de,forget,1.9624,7.116386,0.00716
curr_td_f20_g1_lr1.1e-4_20260612T191957Z,2400,10066329600,de,forget,1.96403,7.127998,0.00879
curr_td_f20_g1_lr1.1e-4_20260612T191957Z,2425,10171187200,de,forget,1.965386,7.13767,0.01015
curr_td_f20_g1_lr1.1e-4_20260612T191957Z,2450,10276044800,de,forget,1.966764,7.147511,0.01153
curr_td_f20_g1_lr1.1e-4_20260612T191957Z,2475,10380902400,de,forget,1.968384,7.159097,0.01315
curr_td_f20_g1_lr1.1e-4_20260612T191957Z,2500,10485760000,de,forget,1.973214,7.193758,0.01798
curr_td_f20_g1_lr1.1e-4_20260612T191957Z,2525,10590617600,de,forget,1.972642,7.189647,0.01741
curr_td_f20_g1_lr1.1e-4_20260612T191957Z,2550,10695475200,de,forget,1.971815,7.183703,0.01658
curr_td_f20_g1_lr1.1e-4_20260612T191957Z,2575,10800332800,de,forget,1.971393,7.180675,0.01616
curr_td_f20_g1_lr1.1e-4_20260612T191957Z,2600,10905190400,de,forget,1.972801,7.190789,0.01756
curr_td_f20_g1_lr1.1e-4_20260612T191957Z,2625,11010048000,de,forget,1.975777,7.212223,0.02054
curr_td_f20_g1_lr1.1e-4_20260612T191957Z,2650,11114905600,de,forget,1.972493,7.188577,0.01726
curr_td_f20_g1_lr1.1e-4_20260612T191957Z,2675,11219763200,de,forget,1.972936,7.191757,0.0177
curr_td_f20_g1_lr1.1e-4_20260612T191957Z,2700,11324620800,de,forget,1.973496,7.195788,0.01826
curr_td_f20_g1_lr1.1e-4_20260612T191957Z,2725,11429478400,de,forget,1.972436,7.188163,0.0172
curr_td_f20_g1_lr1.1e-4_20260612T191957Z,2750,11534336000,de,forget,1.972516,7.188742,0.01728
curr_td_f20_g1_lr1.1e-4_20260612T191957Z,2775,11639193600,de,forget,1.972917,7.191623,0.01768
curr_td_f20_g1_lr1.1e-4_20260612T191957Z,2800,11744051200,de,forget,1.969885,7.169848,0.01465
curr_td_f20_g1_lr1.1e-4_20260612T191957Z,2825,11848908800,de,forget,1.970561,7.174701,0.01532
curr_td_f20_g1_lr1.1e-4_20260612T191957Z,2850,11953766400,de,forget,1.969446,7.166704,0.01421
curr_td_f20_g1_lr1.1e-4_20260612T191957Z,2875,12058624000,de,forget,1.970099,7.171386,0.01486
curr_td_f20_g1_lr1.1e-4_20260612T191957Z,2900,12163481600,de,forget,1.970223,7.172276,0.01499
curr_td_f20_g1_lr1.1e-4_20260612T191957Z,2925,12268339200,de,forget,1.968711,7.161437,0.01347
curr_td_f20_g1_lr1.1e-4_20260612T191957Z,2950,12373196800,de,forget,1.967267,7.151108,0.01203
curr_td_f20_g1_lr1.1e-4_20260612T191957Z,2975,12478054400,de,forget,1.964258,7.129618,0.00902
curr_td_f20_g1_lr1.1e-4_20260612T191957Z,3000,12582912000,de,forget,1.963299,7.122783,0.00806
curr_td_f20_g1_lr1.1e-4_20260612T191957Z,3025,12687769600,de,forget,1.963517,7.12434,0.00828
curr_td_f20_g1_lr1.1e-4_20260612T191957Z,3050,12792627200,de,forget,1.96259,7.117739,0.00735
curr_td_f20_g1_lr1.1e-4_20260612T191957Z,3075,12897484800,de,forget,1.963307,7.122842,0.00807
curr_td_f20_g1_lr1.1e-4_20260612T191957Z,3100,13002342400,de,forget,1.963934,7.127309,0.0087
curr_td_f20_g1_lr1.1e-4_20260612T191957Z,3125,13107200000,de,forget,1.962126,7.114433,0.00689
curr_td_f20_g1_lr1.1e-4_20260612T191957Z,3150,13212057600,de,forget,1.962013,7.113633,0.00678
curr_td_f20_g1_lr1.1e-4_20260612T191957Z,3175,13316915200,de,forget,1.960684,7.104185,0.00545
curr_td_f20_g1_lr1.1e-4_20260612T191957Z,3200,13421772800,de,forget,1.960963,7.106165,0.00573
curr_td_f20_g1_lr1.1e-4_20260612T191957Z,25,104857600,english,forget,2.063536,7.873765,0.0
curr_td_f20_g1_lr1.1e-4_20260612T191957Z,50,209715200,english,forget,2.006918,7.440349,-0.05662
curr_td_f20_g1_lr1.1e-4_20260612T191957Z,75,314572800,english,forget,1.982584,7.261484,-0.08095
curr_td_f20_g1_lr1.1e-4_20260612T191957Z,100,419430400,english,forget,1.969765,7.168995,-0.09377
curr_td_f20_g1_lr1.1e-4_20260612T191957Z,125,524288000,english,forget,1.963929,7.127274,-0.09961
curr_td_f20_g1_lr1.1e-4_20260612T191957Z,150,629145600,english,forget,1.960505,7.102914,-0.10303
curr_td_f20_g1_lr1.1e-4_20260612T191957Z,175,734003200,english,forget,1.965108,7.135682,-0.09843
curr_td_f20_g1_lr1.1e-4_20260612T191957Z,200,838860800,english,forget,1.959149,7.093289,-0.10439
curr_td_f20_g1_lr1.1e-4_20260612T191957Z,225,943718400,english,forget,1.971462,7.181169,-0.09207
curr_td_f20_g1_lr1.1e-4_20260612T191957Z,250,1048576000,english,forget,1.960741,7.104587,-0.10279
curr_td_f20_g1_lr1.1e-4_20260612T191957Z,275,1153433600,english,forget,1.959668,7.096969,-0.10387
curr_td_f20_g1_lr1.1e-4_20260612T191957Z,300,1258291200,english,forget,1.960504,7.102908,-0.10303
curr_td_f20_g1_lr1.1e-4_20260612T191957Z,325,1363148800,english,forget,1.964043,7.128084,-0.09949
curr_td_f20_g1_lr1.1e-4_20260612T191957Z,350,1468006400,english,forget,1.961347,7.1089,-0.10219
curr_td_f20_g1_lr1.1e-4_20260612T191957Z,375,1572864000,english,forget,1.964731,7.132993,-0.09881
curr_td_f20_g1_lr1.1e-4_20260612T191957Z,400,1677721600,english,forget,1.964829,7.133691,-0.09871
curr_td_f20_g1_lr1.1e-4_20260612T191957Z,425,1782579200,english,forget,1.97086,7.176847,-0.09268
curr_td_f20_g1_lr1.1e-4_20260612T191957Z,450,1887436800,english,forget,1.969418,7.166506,-0.09412
curr_td_f20_g1_lr1.1e-4_20260612T191957Z,475,1992294400,english,forget,1.974488,7.202934,-0.08905
curr_td_f20_g1_lr1.1e-4_20260612T191957Z,500,2097152000,english,forget,1.974926,7.206083,-0.08861
curr_td_f20_g1_lr1.1e-4_20260612T191957Z,525,2202009600,english,forget,1.974285,7.201471,-0.08925
curr_td_f20_g1_lr1.1e-4_20260612T191957Z,550,2306867200,english,forget,1.981745,7.255389,-0.08179
curr_td_f20_g1_lr1.1e-4_20260612T191957Z,575,2411724800,english,forget,1.978979,7.235352,-0.08456
curr_td_f20_g1_lr1.1e-4_20260612T191957Z,600,2516582400,english,forget,1.980114,7.243572,-0.08342
curr_td_f20_g1_lr1.1e-4_20260612T191957Z,625,2621440000,english,forget,1.979555,7.239523,-0.08398
curr_td_f20_g1_lr1.1e-4_20260612T191957Z,650,2726297600,english,forget,1.980267,7.244677,-0.08327
curr_td_f20_g1_lr1.1e-4_20260612T191957Z,675,2831155200,english,forget,1.98725,7.295442,-0.07629
curr_td_f20_g1_lr1.1e-4_20260612T191957Z,700,2936012800,english,forget,1.982728,7.262527,-0.08081
curr_td_f20_g1_lr1.1e-4_20260612T191957Z,725,3040870400,english,forget,1.986978,7.293458,-0.07656
curr_td_f20_g1_lr1.1e-4_20260612T191957Z,750,3145728000,english,forget,1.985853,7.28526,-0.07768
curr_td_f20_g1_lr1.1e-4_20260612T191957Z,775,3250585600,english,forget,1.991405,7.325821,-0.07213
curr_td_f20_g1_lr1.1e-4_20260612T191957Z,800,3355443200,english,forget,1.989356,7.310822,-0.07418
curr_td_f20_g1_lr1.1e-4_20260612T191957Z,825,3460300800,english,forget,1.988611,7.305379,-0.07493
curr_td_f20_g1_lr1.1e-4_20260612T191957Z,850,3565158400,english,forget,1.991005,7.322889,-0.07253
curr_td_f20_g1_lr1.1e-4_20260612T191957Z,875,3670016000,english,forget,1.992154,7.331308,-0.07138
curr_td_f20_g1_lr1.1e-4_20260612T191957Z,900,3774873600,english,forget,1.991875,7.329265,-0.07166
curr_td_f20_g1_lr1.1e-4_20260612T191957Z,925,3879731200,english,forget,1.993111,7.33833,-0.07042
curr_td_f20_g1_lr1.1e-4_20260612T191957Z,950,3984588800,english,forget,1.996946,7.366522,-0.06659
curr_td_f20_g1_lr1.1e-4_20260612T191957Z,975,4089446400,english,forget,1.998768,7.379956,-0.06477
curr_td_f20_g1_lr1.1e-4_20260612T191957Z,1000,4194304000,english,forget,1.998885,7.380821,-0.06465
curr_td_f20_g1_lr1.1e-4_20260612T191957Z,1025,4299161600,english,forget,1.999399,7.384614,-0.06414
curr_td_f20_g1_lr1.1e-4_20260612T191957Z,1050,4404019200,english,forget,2.001516,7.400267,-0.06202
curr_td_f20_g1_lr1.1e-4_20260612T191957Z,1075,4508876800,english,forget,2.006838,7.439753,-0.0567
curr_td_f20_g1_lr1.1e-4_20260612T191957Z,1100,4613734400,english,forget,2.007036,7.441229,-0.0565
curr_td_f20_g1_lr1.1e-4_20260612T191957Z,1125,4718592000,english,forget,2.009871,7.462353,-0.05367
curr_td_f20_g1_lr1.1e-4_20260612T191957Z,1150,4823449600,english,forget,2.005684,7.431173,-0.05785
curr_td_f20_g1_lr1.1e-4_20260612T191957Z,1175,4928307200,english,forget,2.010554,7.467456,-0.05298
curr_td_f20_g1_lr1.1e-4_20260612T191957Z,1200,5033164800,english,forget,2.011044,7.471115,-0.05249
curr_td_f20_g1_lr1.1e-4_20260612T191957Z,1225,5138022400,english,forget,2.018664,7.528261,-0.04487
curr_td_f20_g1_lr1.1e-4_20260612T191957Z,1250,5242880000,english,forget,2.015069,7.501243,-0.04847
curr_td_f20_g1_lr1.1e-4_20260612T191957Z,1275,5347737600,english,forget,2.01695,7.515369,-0.04659
curr_td_f20_g1_lr1.1e-4_20260612T191957Z,1300,5452595200,english,forget,2.015014,7.500832,-0.04852
curr_td_f20_g1_lr1.1e-4_20260612T191957Z,1325,5557452800,english,forget,2.017648,7.520619,-0.04589
curr_td_f20_g1_lr1.1e-4_20260612T191957Z,1350,5662310400,english,forget,2.018358,7.525954,-0.04518
curr_td_f20_g1_lr1.1e-4_20260612T191957Z,1375,5767168000,english,forget,2.020843,7.544679,-0.04269
curr_td_f20_g1_lr1.1e-4_20260612T191957Z,1400,5872025600,english,forget,2.024225,7.570242,-0.03931
curr_td_f20_g1_lr1.1e-4_20260612T191957Z,1425,5976883200,english,forget,2.022819,7.559602,-0.04072
curr_td_f20_g1_lr1.1e-4_20260612T191957Z,1450,6081740800,english,forget,2.025954,7.583338,-0.03758
curr_td_f20_g1_lr1.1e-4_20260612T191957Z,1475,6186598400,english,forget,2.025404,7.579174,-0.03813
curr_td_f20_g1_lr1.1e-4_20260612T191957Z,1500,6291456000,english,forget,2.02983,7.612794,-0.03371
curr_td_f20_g1_lr1.1e-4_20260612T191957Z,1525,6396313600,english,forget,2.02885,7.605332,-0.03469
curr_td_f20_g1_lr1.1e-4_20260612T191957Z,1550,6501171200,english,forget,2.029413,7.609622,-0.03412
curr_td_f20_g1_lr1.1e-4_20260612T191957Z,1575,6606028800,english,forget,2.031777,7.62763,-0.03176
curr_td_f20_g1_lr1.1e-4_20260612T191957Z,1600,6710886400,english,forget,2.033551,7.641172,-0.02998
curr_td_f20_g1_lr1.1e-4_20260612T191957Z,1625,6815744000,english,forget,2.0362,7.661437,-0.02734
curr_td_f20_g1_lr1.1e-4_20260612T191957Z,1650,6920601600,english,forget,2.036814,7.666148,-0.02672
curr_td_f20_g1_lr1.1e-4_20260612T191957Z,1675,7025459200,english,forget,2.036861,7.666506,-0.02668
curr_td_f20_g1_lr1.1e-4_20260612T191957Z,1700,7130316800,english,forget,2.038697,7.680593,-0.02484
curr_td_f20_g1_lr1.1e-4_20260612T191957Z,1725,7235174400,english,forget,2.039794,7.689023,-0.02374
curr_td_f20_g1_lr1.1e-4_20260612T191957Z,1750,7340032000,english,forget,2.039201,7.684463,-0.02434
curr_td_f20_g1_lr1.1e-4_20260612T191957Z,1775,7444889600,english,forget,2.043145,7.714837,-0.02039
curr_td_f20_g1_lr1.1e-4_20260612T191957Z,1800,7549747200,english,forget,2.044138,7.722502,-0.0194
curr_td_f20_g1_lr1.1e-4_20260612T191957Z,1825,7654604800,english,forget,2.043445,7.71715,-0.02009
curr_td_f20_g1_lr1.1e-4_20260612T191957Z,1850,7759462400,english,forget,2.046912,7.743952,-0.01662
curr_td_f20_g1_lr1.1e-4_20260612T191957Z,1875,7864320000,english,forget,2.047777,7.75065,-0.01576
curr_td_f20_g1_lr1.1e-4_20260612T191957Z,1900,7969177600,english,forget,2.04826,7.754398,-0.01528
curr_td_f20_g1_lr1.1e-4_20260612T191957Z,1925,8074035200,english,forget,2.048341,7.755027,-0.01519
curr_td_f20_g1_lr1.1e-4_20260612T191957Z,1950,8178892800,english,forget,2.050359,7.770694,-0.01318
curr_td_f20_g1_lr1.1e-4_20260612T191957Z,1975,8283750400,english,forget,2.05163,7.780575,-0.01191
curr_td_f20_g1_lr1.1e-4_20260612T191957Z,2000,8388608000,english,forget,2.051565,7.780065,-0.01197
curr_td_f20_g1_lr1.1e-4_20260612T191957Z,2025,8493465600,english,forget,2.054809,7.805348,-0.00873
curr_td_f20_g1_lr1.1e-4_20260612T191957Z,2050,8598323200,english,forget,2.05596,7.814336,-0.00758
curr_td_f20_g1_lr1.1e-4_20260612T191957Z,2075,8703180800,english,forget,2.058539,7.834513,-0.005
curr_td_f20_g1_lr1.1e-4_20260612T191957Z,2100,8808038400,english,forget,2.057995,7.830257,-0.00554
curr_td_f20_g1_lr1.1e-4_20260612T191957Z,2125,8912896000,english,forget,2.061574,7.858325,-0.00196
curr_td_f20_g1_lr1.1e-4_20260612T191957Z,2150,9017753600,english,forget,2.061388,7.856868,-0.00215
curr_td_f20_g1_lr1.1e-4_20260612T191957Z,2175,9122611200,english,forget,2.063603,7.874293,7e-05
curr_td_f20_g1_lr1.1e-4_20260612T191957Z,2200,9227468800,english,forget,2.065402,7.888471,0.00187
curr_td_f20_g1_lr1.1e-4_20260612T191957Z,2225,9332326400,english,forget,2.066663,7.89842,0.00313
curr_td_f20_g1_lr1.1e-4_20260612T191957Z,2250,9437184000,english,forget,2.065549,7.889627,0.00201
curr_td_f20_g1_lr1.1e-4_20260612T191957Z,2275,9542041600,english,forget,2.077659,7.985753,0.01412
curr_td_f20_g1_lr1.1e-4_20260612T191957Z,2300,9646899200,english,forget,2.07234,7.943389,0.0088
curr_td_f20_g1_lr1.1e-4_20260612T191957Z,2325,9751756800,english,forget,2.078173,7.989861,0.01464
curr_td_f20_g1_lr1.1e-4_20260612T191957Z,2350,9856614400,english,forget,2.076629,7.977534,0.01309
curr_td_f20_g1_lr1.1e-4_20260612T191957Z,2375,9961472000,english,forget,2.076991,7.980417,0.01345
curr_td_f20_g1_lr1.1e-4_20260612T191957Z,2400,10066329600,english,forget,2.078261,7.990562,0.01472
curr_td_f20_g1_lr1.1e-4_20260612T191957Z,2425,10171187200,english,forget,2.079331,7.999119,0.01579
curr_td_f20_g1_lr1.1e-4_20260612T191957Z,2450,10276044800,english,forget,2.081473,8.016267,0.01794
curr_td_f20_g1_lr1.1e-4_20260612T191957Z,2475,10380902400,english,forget,2.082868,8.027458,0.01933
curr_td_f20_g1_lr1.1e-4_20260612T191957Z,2500,10485760000,english,forget,2.088283,8.071046,0.02475
curr_td_f20_g1_lr1.1e-4_20260612T191957Z,2525,10590617600,english,forget,2.08662,8.057633,0.02308
curr_td_f20_g1_lr1.1e-4_20260612T191957Z,2550,10695475200,english,forget,2.086883,8.059752,0.02335
curr_td_f20_g1_lr1.1e-4_20260612T191957Z,2575,10800332800,english,forget,2.085969,8.052388,0.02243
curr_td_f20_g1_lr1.1e-4_20260612T191957Z,2600,10905190400,english,forget,2.087859,8.067625,0.02432
curr_td_f20_g1_lr1.1e-4_20260612T191957Z,2625,11010048000,english,forget,2.090858,8.091853,0.02732
curr_td_f20_g1_lr1.1e-4_20260612T191957Z,2650,11114905600,english,forget,2.087489,8.06464,0.02395
curr_td_f20_g1_lr1.1e-4_20260612T191957Z,2675,11219763200,english,forget,2.088574,8.073398,0.02504
curr_td_f20_g1_lr1.1e-4_20260612T191957Z,2700,11324620800,english,forget,2.089,8.076836,0.02546
curr_td_f20_g1_lr1.1e-4_20260612T191957Z,2725,11429478400,english,forget,2.088369,8.07174,0.02483
curr_td_f20_g1_lr1.1e-4_20260612T191957Z,2750,11534336000,english,forget,2.089113,8.077747,0.02558
curr_td_f20_g1_lr1.1e-4_20260612T191957Z,2775,11639193600,english,forget,2.089301,8.079263,0.02576
curr_td_f20_g1_lr1.1e-4_20260612T191957Z,2800,11744051200,english,forget,2.086445,8.056227,0.02291
curr_td_f20_g1_lr1.1e-4_20260612T191957Z,2825,11848908800,english,forget,2.087839,8.067465,0.0243
curr_td_f20_g1_lr1.1e-4_20260612T191957Z,2850,11953766400,english,forget,2.086795,8.059047,0.02326
curr_td_f20_g1_lr1.1e-4_20260612T191957Z,2875,12058624000,english,forget,2.08763,8.065779,0.02409
curr_td_f20_g1_lr1.1e-4_20260612T191957Z,2900,12163481600,english,forget,2.089517,8.081012,0.02598
curr_td_f20_g1_lr1.1e-4_20260612T191957Z,2925,12268339200,english,forget,2.087572,8.06531,0.02404
curr_td_f20_g1_lr1.1e-4_20260612T191957Z,2950,12373196800,english,forget,2.085596,8.049386,0.02206
curr_td_f20_g1_lr1.1e-4_20260612T191957Z,2975,12478054400,english,forget,2.082798,8.026901,0.01926
curr_td_f20_g1_lr1.1e-4_20260612T191957Z,3000,12582912000,english,forget,2.082094,8.021247,0.01856
curr_td_f20_g1_lr1.1e-4_20260612T191957Z,3025,12687769600,english,forget,2.082361,8.023388,0.01883
curr_td_f20_g1_lr1.1e-4_20260612T191957Z,3050,12792627200,english,forget,2.082067,8.021028,0.01853
curr_td_f20_g1_lr1.1e-4_20260612T191957Z,3075,12897484800,english,forget,2.083185,8.030002,0.01965
curr_td_f20_g1_lr1.1e-4_20260612T191957Z,3100,13002342400,english,forget,2.084388,8.039668,0.02085
curr_td_f20_g1_lr1.1e-4_20260612T191957Z,3125,13107200000,english,forget,2.081525,8.016682,0.01799
curr_td_f20_g1_lr1.1e-4_20260612T191957Z,3150,13212057600,english,forget,2.081521,8.016651,0.01798
curr_td_f20_g1_lr1.1e-4_20260612T191957Z,3175,13316915200,english,forget,2.080287,8.00677,0.01675
curr_td_f20_g1_lr1.1e-4_20260612T191957Z,3200,13421772800,english,forget,2.080979,8.012306,0.01744
curr_td_f20_g1_lr1.1e-4_20260612T191957Z,25,104857600,greek_phd,adapt,2.926667,18.66531,0.0
curr_td_f20_g1_lr1.1e-4_20260612T191957Z,50,209715200,greek_phd,adapt,2.419985,11.24569,-0.50668
curr_td_f20_g1_lr1.1e-4_20260612T191957Z,75,314572800,greek_phd,adapt,2.228013,9.281408,-0.69865
curr_td_f20_g1_lr1.1e-4_20260612T191957Z,100,419430400,greek_phd,adapt,2.12362,8.361351,-0.80305
curr_td_f20_g1_lr1.1e-4_20260612T191957Z,125,524288000,greek_phd,adapt,2.060845,7.8526,-0.86582
curr_td_f20_g1_lr1.1e-4_20260612T191957Z,150,629145600,greek_phd,adapt,2.02262,7.558099,-0.90405
curr_td_f20_g1_lr1.1e-4_20260612T191957Z,175,734003200,greek_phd,adapt,1.995239,7.353959,-0.93143
curr_td_f20_g1_lr1.1e-4_20260612T191957Z,200,838860800,greek_phd,adapt,1.970547,7.174598,-0.95612
curr_td_f20_g1_lr1.1e-4_20260612T191957Z,225,943718400,greek_phd,adapt,1.958165,7.086311,-0.9685
curr_td_f20_g1_lr1.1e-4_20260612T191957Z,250,1048576000,greek_phd,adapt,1.937018,6.938034,-0.98965
curr_td_f20_g1_lr1.1e-4_20260612T191957Z,275,1153433600,greek_phd,adapt,1.9219,6.833931,-1.00477
curr_td_f20_g1_lr1.1e-4_20260612T191957Z,300,1258291200,greek_phd,adapt,1.90975,6.751401,-1.01692
curr_td_f20_g1_lr1.1e-4_20260612T191957Z,325,1363148800,greek_phd,adapt,1.903743,6.710967,-1.02292
curr_td_f20_g1_lr1.1e-4_20260612T191957Z,350,1468006400,greek_phd,adapt,1.890594,6.623299,-1.03607
curr_td_f20_g1_lr1.1e-4_20260612T191957Z,375,1572864000,greek_phd,adapt,1.891865,6.631722,-1.0348
curr_td_f20_g1_lr1.1e-4_20260612T191957Z,400,1677721600,greek_phd,adapt,1.882148,6.567599,-1.04452
curr_td_f20_g1_lr1.1e-4_20260612T191957Z,425,1782579200,greek_phd,adapt,1.882569,6.570362,-1.0441
curr_td_f20_g1_lr1.1e-4_20260612T191957Z,450,1887436800,greek_phd,adapt,1.86667,6.466728,-1.06
curr_td_f20_g1_lr1.1e-4_20260612T191957Z,475,1992294400,greek_phd,adapt,1.87279,6.506422,-1.05388
curr_td_f20_g1_lr1.1e-4_20260612T191957Z,500,2097152000,greek_phd,adapt,1.866323,6.46448,-1.06034
curr_td_f20_g1_lr1.1e-4_20260612T191957Z,525,2202009600,greek_phd,adapt,1.858483,6.414,-1.06818
curr_td_f20_g1_lr1.1e-4_20260612T191957Z,550,2306867200,greek_phd,adapt,1.871754,6.499684,-1.05491
curr_td_f20_g1_lr1.1e-4_20260612T191957Z,575,2411724800,greek_phd,adapt,1.846388,6.336892,-1.08028
curr_td_f20_g1_lr1.1e-4_20260612T191957Z,600,2516582400,greek_phd,adapt,1.845279,6.329864,-1.08139
curr_td_f20_g1_lr1.1e-4_20260612T191957Z,625,2621440000,greek_phd,adapt,1.834261,6.260507,-1.09241
curr_td_f20_g1_lr1.1e-4_20260612T191957Z,650,2726297600,greek_phd,adapt,1.832525,6.249646,-1.09414
curr_td_f20_g1_lr1.1e-4_20260612T191957Z,675,2831155200,greek_phd,adapt,1.839411,6.292834,-1.08726
curr_td_f20_g1_lr1.1e-4_20260612T191957Z,700,2936012800,greek_phd,adapt,1.826716,6.213446,-1.09995
curr_td_f20_g1_lr1.1e-4_20260612T191957Z,725,3040870400,greek_phd,adapt,1.828849,6.226718,-1.09782
curr_td_f20_g1_lr1.1e-4_20260612T191957Z,750,3145728000,greek_phd,adapt,1.823005,6.190432,-1.10366
curr_td_f20_g1_lr1.1e-4_20260612T191957Z,775,3250585600,greek_phd,adapt,1.826234,6.210457,-1.10043
curr_td_f20_g1_lr1.1e-4_20260612T191957Z,800,3355443200,greek_phd,adapt,1.818552,6.162927,-1.10812
curr_td_f20_g1_lr1.1e-4_20260612T191957Z,825,3460300800,greek_phd,adapt,1.810157,6.111405,-1.11651
curr_td_f20_g1_lr1.1e-4_20260612T191957Z,850,3565158400,greek_phd,adapt,1.807934,6.097835,-1.11873
curr_td_f20_g1_lr1.1e-4_20260612T191957Z,875,3670016000,greek_phd,adapt,1.807247,6.09365,-1.11942
curr_td_f20_g1_lr1.1e-4_20260612T191957Z,900,3774873600,greek_phd,adapt,1.804371,6.076148,-1.1223
curr_td_f20_g1_lr1.1e-4_20260612T191957Z,925,3879731200,greek_phd,adapt,1.801077,6.056165,-1.12559
curr_td_f20_g1_lr1.1e-4_20260612T191957Z,950,3984588800,greek_phd,adapt,1.802556,6.065129,-1.12411
curr_td_f20_g1_lr1.1e-4_20260612T191957Z,975,4089446400,greek_phd,adapt,1.80221,6.06303,-1.12446
curr_td_f20_g1_lr1.1e-4_20260612T191957Z,1000,4194304000,greek_phd,adapt,1.796358,6.027658,-1.13031
curr_td_f20_g1_lr1.1e-4_20260612T191957Z,1025,4299161600,greek_phd,adapt,1.794075,6.013907,-1.13259
curr_td_f20_g1_lr1.1e-4_20260612T191957Z,1050,4404019200,greek_phd,adapt,1.794916,6.018969,-1.13175
curr_td_f20_g1_lr1.1e-4_20260612T191957Z,1075,4508876800,greek_phd,adapt,1.799268,6.045218,-1.1274
curr_td_f20_g1_lr1.1e-4_20260612T191957Z,1100,4613734400,greek_phd,adapt,1.79801,6.037621,-1.12866
curr_td_f20_g1_lr1.1e-4_20260612T191957Z,1125,4718592000,greek_phd,adapt,1.801684,6.059842,-1.12498
curr_td_f20_g1_lr1.1e-4_20260612T191957Z,1150,4823449600,greek_phd,adapt,1.78772,5.975815,-1.13895
curr_td_f20_g1_lr1.1e-4_20260612T191957Z,1175,4928307200,greek_phd,adapt,1.78951,5.986521,-1.13716
curr_td_f20_g1_lr1.1e-4_20260612T191957Z,1200,5033164800,greek_phd,adapt,1.790975,5.995296,-1.13569
curr_td_f20_g1_lr1.1e-4_20260612T191957Z,1225,5138022400,greek_phd,adapt,1.794486,6.016381,-1.13218
curr_td_f20_g1_lr1.1e-4_20260612T191957Z,1250,5242880000,greek_phd,adapt,1.787951,5.977191,-1.13872
curr_td_f20_g1_lr1.1e-4_20260612T191957Z,1275,5347737600,greek_phd,adapt,1.786678,5.969587,-1.13999
curr_td_f20_g1_lr1.1e-4_20260612T191957Z,1300,5452595200,greek_phd,adapt,1.782812,5.946552,-1.14386
curr_td_f20_g1_lr1.1e-4_20260612T191957Z,1325,5557452800,greek_phd,adapt,1.783136,5.948483,-1.14353
curr_td_f20_g1_lr1.1e-4_20260612T191957Z,1350,5662310400,greek_phd,adapt,1.779935,5.929469,-1.14673
curr_td_f20_g1_lr1.1e-4_20260612T191957Z,1375,5767168000,greek_phd,adapt,1.780437,5.93245,-1.14623
curr_td_f20_g1_lr1.1e-4_20260612T191957Z,1400,5872025600,greek_phd,adapt,1.781543,5.939013,-1.14512
curr_td_f20_g1_lr1.1e-4_20260612T191957Z,1425,5976883200,greek_phd,adapt,1.775819,5.905118,-1.15085
curr_td_f20_g1_lr1.1e-4_20260612T191957Z,1450,6081740800,greek_phd,adapt,1.777636,5.915852,-1.14903
curr_td_f20_g1_lr1.1e-4_20260612T191957Z,1475,6186598400,greek_phd,adapt,1.77395,5.894087,-1.15272
curr_td_f20_g1_lr1.1e-4_20260612T191957Z,1500,6291456000,greek_phd,adapt,1.777316,5.913965,-1.14935
curr_td_f20_g1_lr1.1e-4_20260612T191957Z,1525,6396313600,greek_phd,adapt,1.772761,5.887087,-1.15391
curr_td_f20_g1_lr1.1e-4_20260612T191957Z,1550,6501171200,greek_phd,adapt,1.771424,5.87922,-1.15524
curr_td_f20_g1_lr1.1e-4_20260612T191957Z,1575,6606028800,greek_phd,adapt,1.772675,5.88658,-1.15399
curr_td_f20_g1_lr1.1e-4_20260612T191957Z,1600,6710886400,greek_phd,adapt,1.772601,5.886143,-1.15407
curr_td_f20_g1_lr1.1e-4_20260612T191957Z,1625,6815744000,greek_phd,adapt,1.774258,5.895902,-1.15241
curr_td_f20_g1_lr1.1e-4_20260612T191957Z,1650,6920601600,greek_phd,adapt,1.771458,5.879419,-1.15521
curr_td_f20_g1_lr1.1e-4_20260612T191957Z,1675,7025459200,greek_phd,adapt,1.770947,5.876416,-1.15572
curr_td_f20_g1_lr1.1e-4_20260612T191957Z,1700,7130316800,greek_phd,adapt,1.769663,5.868873,-1.157
curr_td_f20_g1_lr1.1e-4_20260612T191957Z,1725,7235174400,greek_phd,adapt,1.767573,5.856622,-1.15909
curr_td_f20_g1_lr1.1e-4_20260612T191957Z,1750,7340032000,greek_phd,adapt,1.766793,5.852056,-1.15987
curr_td_f20_g1_lr1.1e-4_20260612T191957Z,1775,7444889600,greek_phd,adapt,1.768314,5.860966,-1.15835
curr_td_f20_g1_lr1.1e-4_20260612T191957Z,1800,7549747200,greek_phd,adapt,1.76878,5.863692,-1.15789
curr_td_f20_g1_lr1.1e-4_20260612T191957Z,1825,7654604800,greek_phd,adapt,1.763349,5.831936,-1.16332
curr_td_f20_g1_lr1.1e-4_20260612T191957Z,1850,7759462400,greek_phd,adapt,1.76633,5.849349,-1.16034
curr_td_f20_g1_lr1.1e-4_20260612T191957Z,1875,7864320000,greek_phd,adapt,1.764405,5.838098,-1.16226
curr_td_f20_g1_lr1.1e-4_20260612T191957Z,1900,7969177600,greek_phd,adapt,1.763545,5.833078,-1.16312
curr_td_f20_g1_lr1.1e-4_20260612T191957Z,1925,8074035200,greek_phd,adapt,1.762085,5.824567,-1.16458
curr_td_f20_g1_lr1.1e-4_20260612T191957Z,1950,8178892800,greek_phd,adapt,1.761753,5.822637,-1.16491
curr_td_f20_g1_lr1.1e-4_20260612T191957Z,1975,8283750400,greek_phd,adapt,1.763515,5.832904,-1.16315
curr_td_f20_g1_lr1.1e-4_20260612T191957Z,2000,8388608000,greek_phd,adapt,1.759602,5.810126,-1.16707
curr_td_f20_g1_lr1.1e-4_20260612T191957Z,2025,8493465600,greek_phd,adapt,1.763342,5.831897,-1.16333
curr_td_f20_g1_lr1.1e-4_20260612T191957Z,2050,8598323200,greek_phd,adapt,1.761704,5.822349,-1.16496
curr_td_f20_g1_lr1.1e-4_20260612T191957Z,2075,8703180800,greek_phd,adapt,1.761301,5.820007,-1.16537
curr_td_f20_g1_lr1.1e-4_20260612T191957Z,2100,8808038400,greek_phd,adapt,1.760815,5.817175,-1.16585
curr_td_f20_g1_lr1.1e-4_20260612T191957Z,2125,8912896000,greek_phd,adapt,1.763195,5.831036,-1.16347
curr_td_f20_g1_lr1.1e-4_20260612T191957Z,2150,9017753600,greek_phd,adapt,1.759681,5.810584,-1.16699
curr_td_f20_g1_lr1.1e-4_20260612T191957Z,2175,9122611200,greek_phd,adapt,1.760995,5.818221,-1.16567
curr_td_f20_g1_lr1.1e-4_20260612T191957Z,2200,9227468800,greek_phd,adapt,1.760346,5.814448,-1.16632
curr_td_f20_g1_lr1.1e-4_20260612T191957Z,2225,9332326400,greek_phd,adapt,1.76119,5.819356,-1.16548
curr_td_f20_g1_lr1.1e-4_20260612T191957Z,2250,9437184000,greek_phd,adapt,1.757703,5.799099,-1.16896
curr_td_f20_g1_lr1.1e-4_20260612T191957Z,2275,9542041600,greek_phd,adapt,1.720757,5.588756,-1.20591
curr_td_f20_g1_lr1.1e-4_20260612T191957Z,2300,9646899200,greek_phd,adapt,1.693026,5.435903,-1.23364
curr_td_f20_g1_lr1.1e-4_20260612T191957Z,2325,9751756800,greek_phd,adapt,1.692303,5.431976,-1.23436
curr_td_f20_g1_lr1.1e-4_20260612T191957Z,2350,9856614400,greek_phd,adapt,1.680638,5.368981,-1.24603
curr_td_f20_g1_lr1.1e-4_20260612T191957Z,2375,9961472000,greek_phd,adapt,1.672601,5.326003,-1.25407
curr_td_f20_g1_lr1.1e-4_20260612T191957Z,2400,10066329600,greek_phd,adapt,1.668329,5.303299,-1.25834
curr_td_f20_g1_lr1.1e-4_20260612T191957Z,2425,10171187200,greek_phd,adapt,1.666391,5.29303,-1.26028
curr_td_f20_g1_lr1.1e-4_20260612T191957Z,2450,10276044800,greek_phd,adapt,1.660894,5.264016,-1.26577
curr_td_f20_g1_lr1.1e-4_20260612T191957Z,2475,10380902400,greek_phd,adapt,1.657128,5.24423,-1.26954
curr_td_f20_g1_lr1.1e-4_20260612T191957Z,2500,10485760000,greek_phd,adapt,1.660501,5.261945,-1.26617
curr_td_f20_g1_lr1.1e-4_20260612T191957Z,2525,10590617600,greek_phd,adapt,1.653848,5.227053,-1.27282
curr_td_f20_g1_lr1.1e-4_20260612T191957Z,2550,10695475200,greek_phd,adapt,1.649322,5.203448,-1.27735
curr_td_f20_g1_lr1.1e-4_20260612T191957Z,2575,10800332800,greek_phd,adapt,1.644661,5.179252,-1.28201
curr_td_f20_g1_lr1.1e-4_20260612T191957Z,2600,10905190400,greek_phd,adapt,1.64277,5.169469,-1.2839
curr_td_f20_g1_lr1.1e-4_20260612T191957Z,2625,11010048000,greek_phd,adapt,1.644362,5.177706,-1.28231
curr_td_f20_g1_lr1.1e-4_20260612T191957Z,2650,11114905600,greek_phd,adapt,1.637646,5.143048,-1.28902
curr_td_f20_g1_lr1.1e-4_20260612T191957Z,2675,11219763200,greek_phd,adapt,1.636286,5.136058,-1.29038
curr_td_f20_g1_lr1.1e-4_20260612T191957Z,2700,11324620800,greek_phd,adapt,1.634292,5.125829,-1.29238
curr_td_f20_g1_lr1.1e-4_20260612T191957Z,2725,11429478400,greek_phd,adapt,1.631315,5.110592,-1.29535
curr_td_f20_g1_lr1.1e-4_20260612T191957Z,2750,11534336000,greek_phd,adapt,1.631853,5.11334,-1.29481
curr_td_f20_g1_lr1.1e-4_20260612T191957Z,2775,11639193600,greek_phd,adapt,1.630911,5.108525,-1.29576
curr_td_f20_g1_lr1.1e-4_20260612T191957Z,2800,11744051200,greek_phd,adapt,1.626641,5.08676,-1.30003
curr_td_f20_g1_lr1.1e-4_20260612T191957Z,2825,11848908800,greek_phd,adapt,1.625693,5.081939,-1.30097
curr_td_f20_g1_lr1.1e-4_20260612T191957Z,2850,11953766400,greek_phd,adapt,1.623758,5.072115,-1.30291
curr_td_f20_g1_lr1.1e-4_20260612T191957Z,2875,12058624000,greek_phd,adapt,1.622603,5.066262,-1.30406
curr_td_f20_g1_lr1.1e-4_20260612T191957Z,2900,12163481600,greek_phd,adapt,1.621543,5.060895,-1.30512
curr_td_f20_g1_lr1.1e-4_20260612T191957Z,2925,12268339200,greek_phd,adapt,1.619108,5.048585,-1.30756
curr_td_f20_g1_lr1.1e-4_20260612T191957Z,2950,12373196800,greek_phd,adapt,1.618463,5.045329,-1.3082
curr_td_f20_g1_lr1.1e-4_20260612T191957Z,2975,12478054400,greek_phd,adapt,1.616521,5.035539,-1.31015
curr_td_f20_g1_lr1.1e-4_20260612T191957Z,3000,12582912000,greek_phd,adapt,1.615714,5.031478,-1.31095
curr_td_f20_g1_lr1.1e-4_20260612T191957Z,3025,12687769600,greek_phd,adapt,1.614997,5.027874,-1.31167
curr_td_f20_g1_lr1.1e-4_20260612T191957Z,3050,12792627200,greek_phd,adapt,1.613848,5.0221,-1.31282
curr_td_f20_g1_lr1.1e-4_20260612T191957Z,3075,12897484800,greek_phd,adapt,1.613642,5.021066,-1.31303
curr_td_f20_g1_lr1.1e-4_20260612T191957Z,3100,13002342400,greek_phd,adapt,1.61296,5.01764,-1.31371
curr_td_f20_g1_lr1.1e-4_20260612T191957Z,3125,13107200000,greek_phd,adapt,1.611542,5.010533,-1.31513
curr_td_f20_g1_lr1.1e-4_20260612T191957Z,3150,13212057600,greek_phd,adapt,1.610903,5.007332,-1.31576
curr_td_f20_g1_lr1.1e-4_20260612T191957Z,3175,13316915200,greek_phd,adapt,1.610308,5.004351,-1.31636
curr_td_f20_g1_lr1.1e-4_20260612T191957Z,3200,13421772800,greek_phd,adapt,1.609728,5.001451,-1.31694
curr_td_f20_g1_lr1.1e-4_20260612T191957Z,25,104857600,hplt,adapt,4.152337,63.58239,0.0
curr_td_f20_g1_lr1.1e-4_20260612T191957Z,50,209715200,hplt,adapt,3.259279,26.03077,-0.89306
curr_td_f20_g1_lr1.1e-4_20260612T191957Z,75,314572800,hplt,adapt,2.904757,18.26081,-1.24758
curr_td_f20_g1_lr1.1e-4_20260612T191957Z,100,419430400,hplt,adapt,2.715878,15.11789,-1.43646
curr_td_f20_g1_lr1.1e-4_20260612T191957Z,125,524288000,hplt,adapt,2.596262,13.4135,-1.55608
curr_td_f20_g1_lr1.1e-4_20260612T191957Z,150,629145600,hplt,adapt,2.531442,12.57162,-1.62089
curr_td_f20_g1_lr1.1e-4_20260612T191957Z,175,734003200,hplt,adapt,2.478369,11.9218,-1.67397
curr_td_f20_g1_lr1.1e-4_20260612T191957Z,200,838860800,hplt,adapt,2.434326,11.40813,-1.71801
curr_td_f20_g1_lr1.1e-4_20260612T191957Z,225,943718400,hplt,adapt,2.407062,11.1013,-1.74528
curr_td_f20_g1_lr1.1e-4_20260612T191957Z,250,1048576000,hplt,adapt,2.368431,10.68062,-1.78391
curr_td_f20_g1_lr1.1e-4_20260612T191957Z,275,1153433600,hplt,adapt,2.343547,10.41812,-1.80879
curr_td_f20_g1_lr1.1e-4_20260612T191957Z,300,1258291200,hplt,adapt,2.319232,10.16786,-1.83311
curr_td_f20_g1_lr1.1e-4_20260612T191957Z,325,1363148800,hplt,adapt,2.306259,10.03681,-1.84608
curr_td_f20_g1_lr1.1e-4_20260612T191957Z,350,1468006400,hplt,adapt,2.279656,9.773317,-1.87268
curr_td_f20_g1_lr1.1e-4_20260612T191957Z,375,1572864000,hplt,adapt,2.277764,9.754845,-1.87457
curr_td_f20_g1_lr1.1e-4_20260612T191957Z,400,1677721600,hplt,adapt,2.256758,9.552071,-1.89558
curr_td_f20_g1_lr1.1e-4_20260612T191957Z,425,1782579200,hplt,adapt,2.256765,9.552141,-1.89557
curr_td_f20_g1_lr1.1e-4_20260612T191957Z,450,1887436800,hplt,adapt,2.226269,9.265229,-1.92607
curr_td_f20_g1_lr1.1e-4_20260612T191957Z,475,1992294400,hplt,adapt,2.233401,9.331545,-1.91894
curr_td_f20_g1_lr1.1e-4_20260612T191957Z,500,2097152000,hplt,adapt,2.228069,9.281928,-1.92427
curr_td_f20_g1_lr1.1e-4_20260612T191957Z,525,2202009600,hplt,adapt,2.199634,9.021707,-1.9527
curr_td_f20_g1_lr1.1e-4_20260612T191957Z,550,2306867200,hplt,adapt,2.20228,9.045612,-1.95006
curr_td_f20_g1_lr1.1e-4_20260612T191957Z,575,2411724800,hplt,adapt,2.179512,8.841993,-1.97283
curr_td_f20_g1_lr1.1e-4_20260612T191957Z,600,2516582400,hplt,adapt,2.17718,8.821393,-1.97516
curr_td_f20_g1_lr1.1e-4_20260612T191957Z,625,2621440000,hplt,adapt,2.154013,8.61938,-1.99832
curr_td_f20_g1_lr1.1e-4_20260612T191957Z,650,2726297600,hplt,adapt,2.150435,8.588597,-2.0019
curr_td_f20_g1_lr1.1e-4_20260612T191957Z,675,2831155200,hplt,adapt,2.156499,8.640832,-1.99584
curr_td_f20_g1_lr1.1e-4_20260612T191957Z,700,2936012800,hplt,adapt,2.131942,8.431227,-2.0204
curr_td_f20_g1_lr1.1e-4_20260612T191957Z,725,3040870400,hplt,adapt,2.136259,8.467701,-2.01608
curr_td_f20_g1_lr1.1e-4_20260612T191957Z,750,3145728000,hplt,adapt,2.124669,8.370125,-2.02767
curr_td_f20_g1_lr1.1e-4_20260612T191957Z,775,3250585600,hplt,adapt,2.127012,8.389759,-2.02533
curr_td_f20_g1_lr1.1e-4_20260612T191957Z,800,3355443200,hplt,adapt,2.11979,8.329385,-2.03255
curr_td_f20_g1_lr1.1e-4_20260612T191957Z,825,3460300800,hplt,adapt,2.103503,8.194822,-2.04883
curr_td_f20_g1_lr1.1e-4_20260612T191957Z,850,3565158400,hplt,adapt,2.096618,8.138602,-2.05572
curr_td_f20_g1_lr1.1e-4_20260612T191957Z,875,3670016000,hplt,adapt,2.093491,8.113188,-2.05885
curr_td_f20_g1_lr1.1e-4_20260612T191957Z,900,3774873600,hplt,adapt,2.086961,8.060385,-2.06538
curr_td_f20_g1_lr1.1e-4_20260612T191957Z,925,3879731200,hplt,adapt,2.081277,8.014698,-2.07106
curr_td_f20_g1_lr1.1e-4_20260612T191957Z,950,3984588800,hplt,adapt,2.081536,8.016776,-2.0708
curr_td_f20_g1_lr1.1e-4_20260612T191957Z,975,4089446400,hplt,adapt,2.078476,7.992277,-2.07386
curr_td_f20_g1_lr1.1e-4_20260612T191957Z,1000,4194304000,hplt,adapt,2.068375,7.911953,-2.08396
curr_td_f20_g1_lr1.1e-4_20260612T191957Z,1025,4299161600,hplt,adapt,2.063585,7.874147,-2.08875
curr_td_f20_g1_lr1.1e-4_20260612T191957Z,1050,4404019200,hplt,adapt,2.063575,7.874071,-2.08876
curr_td_f20_g1_lr1.1e-4_20260612T191957Z,1075,4508876800,hplt,adapt,2.066629,7.898155,-2.08571
curr_td_f20_g1_lr1.1e-4_20260612T191957Z,1100,4613734400,hplt,adapt,2.06199,7.861595,-2.09035
curr_td_f20_g1_lr1.1e-4_20260612T191957Z,1125,4718592000,hplt,adapt,2.07226,7.942755,-2.08008
curr_td_f20_g1_lr1.1e-4_20260612T191957Z,1150,4823449600,hplt,adapt,2.044524,7.72548,-2.10781
curr_td_f20_g1_lr1.1e-4_20260612T191957Z,1175,4928307200,hplt,adapt,2.047084,7.745282,-2.10525
curr_td_f20_g1_lr1.1e-4_20260612T191957Z,1200,5033164800,hplt,adapt,2.047808,7.750896,-2.10453
curr_td_f20_g1_lr1.1e-4_20260612T191957Z,1225,5138022400,hplt,adapt,2.051307,7.778058,-2.10103
curr_td_f20_g1_lr1.1e-4_20260612T191957Z,1250,5242880000,hplt,adapt,2.038752,7.681016,-2.11359
curr_td_f20_g1_lr1.1e-4_20260612T191957Z,1275,5347737600,hplt,adapt,2.036655,7.664929,-2.11568
curr_td_f20_g1_lr1.1e-4_20260612T191957Z,1300,5452595200,hplt,adapt,2.027944,7.598447,-2.12439
curr_td_f20_g1_lr1.1e-4_20260612T191957Z,1325,5557452800,hplt,adapt,2.025354,7.578791,-2.12698
curr_td_f20_g1_lr1.1e-4_20260612T191957Z,1350,5662310400,hplt,adapt,2.021725,7.551338,-2.13061
curr_td_f20_g1_lr1.1e-4_20260612T191957Z,1375,5767168000,hplt,adapt,2.020627,7.543051,-2.13171
curr_td_f20_g1_lr1.1e-4_20260612T191957Z,1400,5872025600,hplt,adapt,2.018471,7.526804,-2.13387
curr_td_f20_g1_lr1.1e-4_20260612T191957Z,1425,5976883200,hplt,adapt,2.012175,7.479568,-2.14016
curr_td_f20_g1_lr1.1e-4_20260612T191957Z,1450,6081740800,hplt,adapt,2.011037,7.471062,-2.1413
curr_td_f20_g1_lr1.1e-4_20260612T191957Z,1475,6186598400,hplt,adapt,2.006298,7.435738,-2.14604
curr_td_f20_g1_lr1.1e-4_20260612T191957Z,1500,6291456000,hplt,adapt,2.011081,7.471388,-2.14126
curr_td_f20_g1_lr1.1e-4_20260612T191957Z,1525,6396313600,hplt,adapt,2.001858,7.402794,-2.15048
curr_td_f20_g1_lr1.1e-4_20260612T191957Z,1550,6501171200,hplt,adapt,1.997352,7.369513,-2.15498
curr_td_f20_g1_lr1.1e-4_20260612T191957Z,1575,6606028800,hplt,adapt,1.998441,7.377549,-2.1539
curr_td_f20_g1_lr1.1e-4_20260612T191957Z,1600,6710886400,hplt,adapt,1.99613,7.360516,-2.15621
curr_td_f20_g1_lr1.1e-4_20260612T191957Z,1625,6815744000,hplt,adapt,2.000634,7.393742,-2.1517
curr_td_f20_g1_lr1.1e-4_20260612T191957Z,1650,6920601600,hplt,adapt,1.991183,7.324192,-2.16115
curr_td_f20_g1_lr1.1e-4_20260612T191957Z,1675,7025459200,hplt,adapt,1.988173,7.302181,-2.16416
curr_td_f20_g1_lr1.1e-4_20260612T191957Z,1700,7130316800,hplt,adapt,1.986397,7.289222,-2.16594
curr_td_f20_g1_lr1.1e-4_20260612T191957Z,1725,7235174400,hplt,adapt,1.982991,7.264442,-2.16935
curr_td_f20_g1_lr1.1e-4_20260612T191957Z,1750,7340032000,hplt,adapt,1.978483,7.231764,-2.17385
curr_td_f20_g1_lr1.1e-4_20260612T191957Z,1775,7444889600,hplt,adapt,1.979262,7.2374,-2.17307
curr_td_f20_g1_lr1.1e-4_20260612T191957Z,1800,7549747200,hplt,adapt,1.979682,7.240441,-2.17266
curr_td_f20_g1_lr1.1e-4_20260612T191957Z,1825,7654604800,hplt,adapt,1.971372,7.180522,-2.18097
curr_td_f20_g1_lr1.1e-4_20260612T191957Z,1850,7759462400,hplt,adapt,1.973018,7.192352,-2.17932
curr_td_f20_g1_lr1.1e-4_20260612T191957Z,1875,7864320000,hplt,adapt,1.969304,7.16569,-2.18303
curr_td_f20_g1_lr1.1e-4_20260612T191957Z,1900,7969177600,hplt,adapt,1.967097,7.149891,-2.18524
curr_td_f20_g1_lr1.1e-4_20260612T191957Z,1925,8074035200,hplt,adapt,1.96314,7.121653,-2.1892
curr_td_f20_g1_lr1.1e-4_20260612T191957Z,1950,8178892800,hplt,adapt,1.963105,7.121404,-2.18923
curr_td_f20_g1_lr1.1e-4_20260612T191957Z,1975,8283750400,hplt,adapt,1.962435,7.116636,-2.1899
curr_td_f20_g1_lr1.1e-4_20260612T191957Z,2000,8388608000,hplt,adapt,1.957338,7.080454,-2.195
curr_td_f20_g1_lr1.1e-4_20260612T191957Z,2025,8493465600,hplt,adapt,1.960842,7.105307,-2.1915
curr_td_f20_g1_lr1.1e-4_20260612T191957Z,2050,8598323200,hplt,adapt,1.956481,7.074389,-2.19586
curr_td_f20_g1_lr1.1e-4_20260612T191957Z,2075,8703180800,hplt,adapt,1.954817,7.062626,-2.19752
curr_td_f20_g1_lr1.1e-4_20260612T191957Z,2100,8808038400,hplt,adapt,1.951057,7.036124,-2.20128
curr_td_f20_g1_lr1.1e-4_20260612T191957Z,2125,8912896000,hplt,adapt,1.953832,7.055674,-2.1985
curr_td_f20_g1_lr1.1e-4_20260612T191957Z,2150,9017753600,hplt,adapt,1.948581,7.018721,-2.20376
curr_td_f20_g1_lr1.1e-4_20260612T191957Z,2175,9122611200,hplt,adapt,1.950626,7.03309,-2.20171
curr_td_f20_g1_lr1.1e-4_20260612T191957Z,2200,9227468800,hplt,adapt,1.945939,7.000201,-2.2064
curr_td_f20_g1_lr1.1e-4_20260612T191957Z,2225,9332326400,hplt,adapt,1.945081,6.9942,-2.20726
curr_td_f20_g1_lr1.1e-4_20260612T191957Z,2250,9437184000,hplt,adapt,1.93995,6.958403,-2.21239
curr_td_f20_g1_lr1.1e-4_20260612T191957Z,2275,9542041600,hplt,adapt,1.962244,7.115273,-2.19009
curr_td_f20_g1_lr1.1e-4_20260612T191957Z,2300,9646899200,hplt,adapt,1.956962,7.077794,-2.19538
curr_td_f20_g1_lr1.1e-4_20260612T191957Z,2325,9751756800,hplt,adapt,1.963087,7.121279,-2.18925
curr_td_f20_g1_lr1.1e-4_20260612T191957Z,2350,9856614400,hplt,adapt,1.961421,7.109421,-2.19092
curr_td_f20_g1_lr1.1e-4_20260612T191957Z,2375,9961472000,hplt,adapt,1.961711,7.111486,-2.19063
curr_td_f20_g1_lr1.1e-4_20260612T191957Z,2400,10066329600,hplt,adapt,1.963768,7.126131,-2.18857
curr_td_f20_g1_lr1.1e-4_20260612T191957Z,2425,10171187200,hplt,adapt,1.966838,7.148037,-2.1855
curr_td_f20_g1_lr1.1e-4_20260612T191957Z,2450,10276044800,hplt,adapt,1.96771,7.154278,-2.18463
curr_td_f20_g1_lr1.1e-4_20260612T191957Z,2475,10380902400,hplt,adapt,1.968763,7.161812,-2.18357
curr_td_f20_g1_lr1.1e-4_20260612T191957Z,2500,10485760000,hplt,adapt,1.976509,7.217501,-2.17583
curr_td_f20_g1_lr1.1e-4_20260612T191957Z,2525,10590617600,hplt,adapt,1.975323,7.208951,-2.17701
curr_td_f20_g1_lr1.1e-4_20260612T191957Z,2550,10695475200,hplt,adapt,1.974713,7.204554,-2.17762
curr_td_f20_g1_lr1.1e-4_20260612T191957Z,2575,10800332800,hplt,adapt,1.975664,7.211407,-2.17667
curr_td_f20_g1_lr1.1e-4_20260612T191957Z,2600,10905190400,hplt,adapt,1.976955,7.22072,-2.17538
curr_td_f20_g1_lr1.1e-4_20260612T191957Z,2625,11010048000,hplt,adapt,1.98262,7.261743,-2.16972
curr_td_f20_g1_lr1.1e-4_20260612T191957Z,2650,11114905600,hplt,adapt,1.977145,7.222095,-2.17519
curr_td_f20_g1_lr1.1e-4_20260612T191957Z,2675,11219763200,hplt,adapt,1.979346,7.238007,-2.17299
curr_td_f20_g1_lr1.1e-4_20260612T191957Z,2700,11324620800,hplt,adapt,1.979267,7.237437,-2.17307
curr_td_f20_g1_lr1.1e-4_20260612T191957Z,2725,11429478400,hplt,adapt,1.977815,7.226933,-2.17452
curr_td_f20_g1_lr1.1e-4_20260612T191957Z,2750,11534336000,hplt,adapt,1.978667,7.233098,-2.17367
curr_td_f20_g1_lr1.1e-4_20260612T191957Z,2775,11639193600,hplt,adapt,1.980822,7.248701,-2.17152
curr_td_f20_g1_lr1.1e-4_20260612T191957Z,2800,11744051200,hplt,adapt,1.978617,7.232731,-2.17372
curr_td_f20_g1_lr1.1e-4_20260612T191957Z,2825,11848908800,hplt,adapt,1.978695,7.233294,-2.17364
curr_td_f20_g1_lr1.1e-4_20260612T191957Z,2850,11953766400,hplt,adapt,1.97817,7.229504,-2.17417
curr_td_f20_g1_lr1.1e-4_20260612T191957Z,2875,12058624000,hplt,adapt,1.978401,7.231172,-2.17394
curr_td_f20_g1_lr1.1e-4_20260612T191957Z,2900,12163481600,hplt,adapt,1.977977,7.228105,-2.17436
curr_td_f20_g1_lr1.1e-4_20260612T191957Z,2925,12268339200,hplt,adapt,1.97661,7.218232,-2.17573
curr_td_f20_g1_lr1.1e-4_20260612T191957Z,2950,12373196800,hplt,adapt,1.97603,7.214045,-2.17631
curr_td_f20_g1_lr1.1e-4_20260612T191957Z,2975,12478054400,hplt,adapt,1.975426,7.209692,-2.17691
curr_td_f20_g1_lr1.1e-4_20260612T191957Z,3000,12582912000,hplt,adapt,1.975019,7.206757,-2.17732
curr_td_f20_g1_lr1.1e-4_20260612T191957Z,3025,12687769600,hplt,adapt,1.974575,7.20356,-2.17776
curr_td_f20_g1_lr1.1e-4_20260612T191957Z,3050,12792627200,hplt,adapt,1.97424,7.201144,-2.1781
curr_td_f20_g1_lr1.1e-4_20260612T191957Z,3075,12897484800,hplt,adapt,1.973923,7.198862,-2.17841
curr_td_f20_g1_lr1.1e-4_20260612T191957Z,3100,13002342400,hplt,adapt,1.97381,7.19805,-2.17853
curr_td_f20_g1_lr1.1e-4_20260612T191957Z,3125,13107200000,hplt,adapt,1.973059,7.192646,-2.17928
curr_td_f20_g1_lr1.1e-4_20260612T191957Z,3150,13212057600,hplt,adapt,1.972681,7.189925,-2.17966
curr_td_f20_g1_lr1.1e-4_20260612T191957Z,3175,13316915200,hplt,adapt,1.972082,7.185622,-2.18026
curr_td_f20_g1_lr1.1e-4_20260612T191957Z,3200,13421772800,hplt,adapt,1.971752,7.183253,-2.18059
curr_td_f20_g1_lr1.1e-4_20260612T191957Z,25,104857600,old_greek,forget,3.675992,39.48781,0.0
curr_td_f20_g1_lr1.1e-4_20260612T191957Z,50,209715200,old_greek,forget,2.850762,17.30096,-0.82523
curr_td_f20_g1_lr1.1e-4_20260612T191957Z,75,314572800,old_greek,forget,2.548315,12.78555,-1.12768
curr_td_f20_g1_lr1.1e-4_20260612T191957Z,100,419430400,old_greek,forget,2.388899,10.90148,-1.28709
curr_td_f20_g1_lr1.1e-4_20260612T191957Z,125,524288000,old_greek,forget,2.29864,9.960629,-1.37735
curr_td_f20_g1_lr1.1e-4_20260612T191957Z,150,629145600,old_greek,forget,2.250476,9.49225,-1.42552
curr_td_f20_g1_lr1.1e-4_20260612T191957Z,175,734003200,old_greek,forget,2.212166,9.135483,-1.46383
curr_td_f20_g1_lr1.1e-4_20260612T191957Z,200,838860800,old_greek,forget,2.178765,8.83539,-1.49723
curr_td_f20_g1_lr1.1e-4_20260612T191957Z,225,943718400,old_greek,forget,2.162341,8.691457,-1.51365
curr_td_f20_g1_lr1.1e-4_20260612T191957Z,250,1048576000,old_greek,forget,2.131941,8.431215,-1.54405
curr_td_f20_g1_lr1.1e-4_20260612T191957Z,275,1153433600,old_greek,forget,2.116233,8.299812,-1.55976
curr_td_f20_g1_lr1.1e-4_20260612T191957Z,300,1258291200,old_greek,forget,2.100138,8.1673,-1.57585
curr_td_f20_g1_lr1.1e-4_20260612T191957Z,325,1363148800,old_greek,forget,2.093795,8.115658,-1.5822
curr_td_f20_g1_lr1.1e-4_20260612T191957Z,350,1468006400,old_greek,forget,2.072775,7.946848,-1.60322
curr_td_f20_g1_lr1.1e-4_20260612T191957Z,375,1572864000,old_greek,forget,2.077829,7.987107,-1.59816
curr_td_f20_g1_lr1.1e-4_20260612T191957Z,400,1677721600,old_greek,forget,2.061995,7.861638,-1.614
curr_td_f20_g1_lr1.1e-4_20260612T191957Z,425,1782579200,old_greek,forget,2.064916,7.884633,-1.61108
curr_td_f20_g1_lr1.1e-4_20260612T191957Z,450,1887436800,old_greek,forget,2.0439,7.720658,-1.63209
curr_td_f20_g1_lr1.1e-4_20260612T191957Z,475,1992294400,old_greek,forget,2.054232,7.800844,-1.62176
curr_td_f20_g1_lr1.1e-4_20260612T191957Z,500,2097152000,old_greek,forget,2.051343,7.778338,-1.62465
curr_td_f20_g1_lr1.1e-4_20260612T191957Z,525,2202009600,old_greek,forget,2.029356,7.609181,-1.64664
curr_td_f20_g1_lr1.1e-4_20260612T191957Z,550,2306867200,old_greek,forget,2.033341,7.639567,-1.64265
curr_td_f20_g1_lr1.1e-4_20260612T191957Z,575,2411724800,old_greek,forget,2.017799,7.521752,-1.65819
curr_td_f20_g1_lr1.1e-4_20260612T191957Z,600,2516582400,old_greek,forget,2.020277,7.540412,-1.65571
curr_td_f20_g1_lr1.1e-4_20260612T191957Z,625,2621440000,old_greek,forget,2.001256,7.398341,-1.67474
curr_td_f20_g1_lr1.1e-4_20260612T191957Z,650,2726297600,old_greek,forget,1.999414,7.384731,-1.67658
curr_td_f20_g1_lr1.1e-4_20260612T191957Z,675,2831155200,old_greek,forget,2.008687,7.453521,-1.6673
curr_td_f20_g1_lr1.1e-4_20260612T191957Z,700,2936012800,old_greek,forget,1.989232,7.309915,-1.68676
curr_td_f20_g1_lr1.1e-4_20260612T191957Z,725,3040870400,old_greek,forget,1.997234,7.368648,-1.67876
curr_td_f20_g1_lr1.1e-4_20260612T191957Z,750,3145728000,old_greek,forget,1.987405,7.296572,-1.68859
curr_td_f20_g1_lr1.1e-4_20260612T191957Z,775,3250585600,old_greek,forget,1.990729,7.320868,-1.68526
curr_td_f20_g1_lr1.1e-4_20260612T191957Z,800,3355443200,old_greek,forget,1.98665,7.291066,-1.68934
curr_td_f20_g1_lr1.1e-4_20260612T191957Z,825,3460300800,old_greek,forget,1.975197,7.208037,-1.70079
curr_td_f20_g1_lr1.1e-4_20260612T191957Z,850,3565158400,old_greek,forget,1.970787,7.176323,-1.7052
curr_td_f20_g1_lr1.1e-4_20260612T191957Z,875,3670016000,old_greek,forget,1.969291,7.165594,-1.7067
curr_td_f20_g1_lr1.1e-4_20260612T191957Z,900,3774873600,old_greek,forget,1.964838,7.133754,-1.71115
curr_td_f20_g1_lr1.1e-4_20260612T191957Z,925,3879731200,old_greek,forget,1.960871,7.10551,-1.71512
curr_td_f20_g1_lr1.1e-4_20260612T191957Z,950,3984588800,old_greek,forget,1.963769,7.126138,-1.71222
curr_td_f20_g1_lr1.1e-4_20260612T191957Z,975,4089446400,old_greek,forget,1.963497,7.124199,-1.71249
curr_td_f20_g1_lr1.1e-4_20260612T191957Z,1000,4194304000,old_greek,forget,1.956495,7.074484,-1.7195
curr_td_f20_g1_lr1.1e-4_20260612T191957Z,1025,4299161600,old_greek,forget,1.952147,7.043793,-1.72384
curr_td_f20_g1_lr1.1e-4_20260612T191957Z,1050,4404019200,old_greek,forget,1.953153,7.050884,-1.72284
curr_td_f20_g1_lr1.1e-4_20260612T191957Z,1075,4508876800,old_greek,forget,1.959461,7.0955,-1.71653
curr_td_f20_g1_lr1.1e-4_20260612T191957Z,1100,4613734400,old_greek,forget,1.956242,7.072695,-1.71975
curr_td_f20_g1_lr1.1e-4_20260612T191957Z,1125,4718592000,old_greek,forget,1.965449,7.138117,-1.71054
curr_td_f20_g1_lr1.1e-4_20260612T191957Z,1150,4823449600,old_greek,forget,1.942435,6.975717,-1.73356
curr_td_f20_g1_lr1.1e-4_20260612T191957Z,1175,4928307200,old_greek,forget,1.946444,7.003738,-1.72955
curr_td_f20_g1_lr1.1e-4_20260612T191957Z,1200,5033164800,old_greek,forget,1.947057,7.008032,-1.72893
curr_td_f20_g1_lr1.1e-4_20260612T191957Z,1225,5138022400,old_greek,forget,1.952127,7.043655,-1.72386
curr_td_f20_g1_lr1.1e-4_20260612T191957Z,1250,5242880000,old_greek,forget,1.942423,6.975633,-1.73357
curr_td_f20_g1_lr1.1e-4_20260612T191957Z,1275,5347737600,old_greek,forget,1.940825,6.964495,-1.73517
curr_td_f20_g1_lr1.1e-4_20260612T191957Z,1300,5452595200,old_greek,forget,1.934224,6.918672,-1.74177
curr_td_f20_g1_lr1.1e-4_20260612T191957Z,1325,5557452800,old_greek,forget,1.933783,6.915622,-1.74221
curr_td_f20_g1_lr1.1e-4_20260612T191957Z,1350,5662310400,old_greek,forget,1.931682,6.901106,-1.74431
curr_td_f20_g1_lr1.1e-4_20260612T191957Z,1375,5767168000,old_greek,forget,1.930692,6.894281,-1.7453
curr_td_f20_g1_lr1.1e-4_20260612T191957Z,1400,5872025600,old_greek,forget,1.930238,6.891151,-1.74575
curr_td_f20_g1_lr1.1e-4_20260612T191957Z,1425,5976883200,old_greek,forget,1.925593,6.859213,-1.7504
curr_td_f20_g1_lr1.1e-4_20260612T191957Z,1450,6081740800,old_greek,forget,1.926263,6.863811,-1.74973
curr_td_f20_g1_lr1.1e-4_20260612T191957Z,1475,6186598400,old_greek,forget,1.922734,6.839631,-1.75326
curr_td_f20_g1_lr1.1e-4_20260612T191957Z,1500,6291456000,old_greek,forget,1.928433,6.878721,-1.74756
curr_td_f20_g1_lr1.1e-4_20260612T191957Z,1525,6396313600,old_greek,forget,1.9209,6.827103,-1.75509
curr_td_f20_g1_lr1.1e-4_20260612T191957Z,1550,6501171200,old_greek,forget,1.917662,6.805031,-1.75833
curr_td_f20_g1_lr1.1e-4_20260612T191957Z,1575,6606028800,old_greek,forget,1.919641,6.818513,-1.75635
curr_td_f20_g1_lr1.1e-4_20260612T191957Z,1600,6710886400,old_greek,forget,1.918639,6.811679,-1.75735
curr_td_f20_g1_lr1.1e-4_20260612T191957Z,1625,6815744000,old_greek,forget,1.924831,6.85399,-1.75116
curr_td_f20_g1_lr1.1e-4_20260612T191957Z,1650,6920601600,old_greek,forget,1.916693,6.798441,-1.7593
curr_td_f20_g1_lr1.1e-4_20260612T191957Z,1675,7025459200,old_greek,forget,1.914775,6.78541,-1.76122
curr_td_f20_g1_lr1.1e-4_20260612T191957Z,1700,7130316800,old_greek,forget,1.915079,6.787475,-1.76091
curr_td_f20_g1_lr1.1e-4_20260612T191957Z,1725,7235174400,old_greek,forget,1.912126,6.767463,-1.76387
curr_td_f20_g1_lr1.1e-4_20260612T191957Z,1750,7340032000,old_greek,forget,1.910159,6.754166,-1.76583
curr_td_f20_g1_lr1.1e-4_20260612T191957Z,1775,7444889600,old_greek,forget,1.911129,6.76072,-1.76486
curr_td_f20_g1_lr1.1e-4_20260612T191957Z,1800,7549747200,old_greek,forget,1.912311,6.768715,-1.76368
curr_td_f20_g1_lr1.1e-4_20260612T191957Z,1825,7654604800,old_greek,forget,1.90576,6.724519,-1.77023
curr_td_f20_g1_lr1.1e-4_20260612T191957Z,1850,7759462400,old_greek,forget,1.908588,6.743557,-1.7674
curr_td_f20_g1_lr1.1e-4_20260612T191957Z,1875,7864320000,old_greek,forget,1.905335,6.721662,-1.77066
curr_td_f20_g1_lr1.1e-4_20260612T191957Z,1900,7969177600,old_greek,forget,1.904246,6.714342,-1.77175
curr_td_f20_g1_lr1.1e-4_20260612T191957Z,1925,8074035200,old_greek,forget,1.901873,6.69843,-1.77412
curr_td_f20_g1_lr1.1e-4_20260612T191957Z,1950,8178892800,old_greek,forget,1.903321,6.708132,-1.77267
curr_td_f20_g1_lr1.1e-4_20260612T191957Z,1975,8283750400,old_greek,forget,1.903441,6.708938,-1.77255
curr_td_f20_g1_lr1.1e-4_20260612T191957Z,2000,8388608000,old_greek,forget,1.898988,6.679132,-1.777
curr_td_f20_g1_lr1.1e-4_20260612T191957Z,2025,8493465600,old_greek,forget,1.903991,6.712634,-1.772
curr_td_f20_g1_lr1.1e-4_20260612T191957Z,2050,8598323200,old_greek,forget,1.899965,6.685662,-1.77603
curr_td_f20_g1_lr1.1e-4_20260612T191957Z,2075,8703180800,old_greek,forget,1.899085,6.679778,-1.77691
curr_td_f20_g1_lr1.1e-4_20260612T191957Z,2100,8808038400,old_greek,forget,1.89606,6.659603,-1.77993
curr_td_f20_g1_lr1.1e-4_20260612T191957Z,2125,8912896000,old_greek,forget,1.899432,6.682096,-1.77656
curr_td_f20_g1_lr1.1e-4_20260612T191957Z,2150,9017753600,old_greek,forget,1.895873,6.658357,-1.78012
curr_td_f20_g1_lr1.1e-4_20260612T191957Z,2175,9122611200,old_greek,forget,1.897958,6.672253,-1.77803
curr_td_f20_g1_lr1.1e-4_20260612T191957Z,2200,9227468800,old_greek,forget,1.894481,6.649097,-1.78151
curr_td_f20_g1_lr1.1e-4_20260612T191957Z,2225,9332326400,old_greek,forget,1.894224,6.647386,-1.78177
curr_td_f20_g1_lr1.1e-4_20260612T191957Z,2250,9437184000,old_greek,forget,1.890648,6.623659,-1.78534
curr_td_f20_g1_lr1.1e-4_20260612T191957Z,2275,9542041600,old_greek,forget,1.90527,6.721222,-1.77072
curr_td_f20_g1_lr1.1e-4_20260612T191957Z,2300,9646899200,old_greek,forget,1.899661,6.683627,-1.77633
curr_td_f20_g1_lr1.1e-4_20260612T191957Z,2325,9751756800,old_greek,forget,1.904981,6.719278,-1.77101
curr_td_f20_g1_lr1.1e-4_20260612T191957Z,2350,9856614400,old_greek,forget,1.903345,6.708299,-1.77265
curr_td_f20_g1_lr1.1e-4_20260612T191957Z,2375,9961472000,old_greek,forget,1.903056,6.706359,-1.77294
curr_td_f20_g1_lr1.1e-4_20260612T191957Z,2400,10066329600,old_greek,forget,1.903853,6.711704,-1.77214
curr_td_f20_g1_lr1.1e-4_20260612T191957Z,2425,10171187200,old_greek,forget,1.906722,6.730987,-1.76927
curr_td_f20_g1_lr1.1e-4_20260612T191957Z,2450,10276044800,old_greek,forget,1.906245,6.727782,-1.76975
curr_td_f20_g1_lr1.1e-4_20260612T191957Z,2475,10380902400,old_greek,forget,1.907115,6.733637,-1.76888
curr_td_f20_g1_lr1.1e-4_20260612T191957Z,2500,10485760000,old_greek,forget,1.913821,6.778942,-1.76217
curr_td_f20_g1_lr1.1e-4_20260612T191957Z,2525,10590617600,old_greek,forget,1.911235,6.761436,-1.76476
curr_td_f20_g1_lr1.1e-4_20260612T191957Z,2550,10695475200,old_greek,forget,1.909545,6.750017,-1.76645
curr_td_f20_g1_lr1.1e-4_20260612T191957Z,2575,10800332800,old_greek,forget,1.908907,6.74571,-1.76709
curr_td_f20_g1_lr1.1e-4_20260612T191957Z,2600,10905190400,old_greek,forget,1.910073,6.753579,-1.76592
curr_td_f20_g1_lr1.1e-4_20260612T191957Z,2625,11010048000,old_greek,forget,1.914434,6.7831,-1.76156
curr_td_f20_g1_lr1.1e-4_20260612T191957Z,2650,11114905600,old_greek,forget,1.909247,6.748007,-1.76675
curr_td_f20_g1_lr1.1e-4_20260612T191957Z,2675,11219763200,old_greek,forget,1.909531,6.749923,-1.76646
curr_td_f20_g1_lr1.1e-4_20260612T191957Z,2700,11324620800,old_greek,forget,1.909476,6.74955,-1.76652
curr_td_f20_g1_lr1.1e-4_20260612T191957Z,2725,11429478400,old_greek,forget,1.908191,6.740882,-1.7678
curr_td_f20_g1_lr1.1e-4_20260612T191957Z,2750,11534336000,old_greek,forget,1.90917,6.747483,-1.76682
curr_td_f20_g1_lr1.1e-4_20260612T191957Z,2775,11639193600,old_greek,forget,1.909875,6.752245,-1.76612
curr_td_f20_g1_lr1.1e-4_20260612T191957Z,2800,11744051200,old_greek,forget,1.907511,6.736301,-1.76848
curr_td_f20_g1_lr1.1e-4_20260612T191957Z,2825,11848908800,old_greek,forget,1.907426,6.735725,-1.76857
curr_td_f20_g1_lr1.1e-4_20260612T191957Z,2850,11953766400,old_greek,forget,1.906701,6.730846,-1.76929
curr_td_f20_g1_lr1.1e-4_20260612T191957Z,2875,12058624000,old_greek,forget,1.906663,6.730589,-1.76933
curr_td_f20_g1_lr1.1e-4_20260612T191957Z,2900,12163481600,old_greek,forget,1.906059,6.726528,-1.76993
curr_td_f20_g1_lr1.1e-4_20260612T191957Z,2925,12268339200,old_greek,forget,1.904856,6.718437,-1.77114
curr_td_f20_g1_lr1.1e-4_20260612T191957Z,2950,12373196800,old_greek,forget,1.904095,6.713327,-1.7719
curr_td_f20_g1_lr1.1e-4_20260612T191957Z,2975,12478054400,old_greek,forget,1.903198,6.707313,-1.77279
curr_td_f20_g1_lr1.1e-4_20260612T191957Z,3000,12582912000,old_greek,forget,1.90238,6.701826,-1.77361
curr_td_f20_g1_lr1.1e-4_20260612T191957Z,3025,12687769600,old_greek,forget,1.901792,6.697888,-1.7742
curr_td_f20_g1_lr1.1e-4_20260612T191957Z,3050,12792627200,old_greek,forget,1.901086,6.693157,-1.77491
curr_td_f20_g1_lr1.1e-4_20260612T191957Z,3075,12897484800,old_greek,forget,1.901092,6.693201,-1.7749
curr_td_f20_g1_lr1.1e-4_20260612T191957Z,3100,13002342400,old_greek,forget,1.900829,6.691441,-1.77516
curr_td_f20_g1_lr1.1e-4_20260612T191957Z,3125,13107200000,old_greek,forget,1.899906,6.685269,-1.77609
curr_td_f20_g1_lr1.1e-4_20260612T191957Z,3150,13212057600,old_greek,forget,1.899504,6.682576,-1.77649
curr_td_f20_g1_lr1.1e-4_20260612T191957Z,3175,13316915200,old_greek,forget,1.898819,6.678003,-1.77717
curr_td_f20_g1_lr1.1e-4_20260612T191957Z,3200,13421772800,old_greek,forget,1.898552,6.676223,-1.77744
curr_td_f20_g1_lr1.1e-4_20260612T191957Z,25,104857600,openarchives,adapt,2.929219,18.71301,0.0
curr_td_f20_g1_lr1.1e-4_20260612T191957Z,50,209715200,openarchives,adapt,2.36837,10.67997,-0.56085
curr_td_f20_g1_lr1.1e-4_20260612T191957Z,75,314572800,openarchives,adapt,2.167662,8.73783,-0.76156
curr_td_f20_g1_lr1.1e-4_20260612T191957Z,100,419430400,openarchives,adapt,2.057175,7.823836,-0.87204
curr_td_f20_g1_lr1.1e-4_20260612T191957Z,125,524288000,openarchives,adapt,1.989395,7.311111,-0.93982
curr_td_f20_g1_lr1.1e-4_20260612T191957Z,150,629145600,openarchives,adapt,1.949776,7.027116,-0.97944
curr_td_f20_g1_lr1.1e-4_20260612T191957Z,175,734003200,openarchives,adapt,1.919369,6.816656,-1.00985
curr_td_f20_g1_lr1.1e-4_20260612T191957Z,200,838860800,openarchives,adapt,1.892875,6.638425,-1.03634
curr_td_f20_g1_lr1.1e-4_20260612T191957Z,225,943718400,openarchives,adapt,1.876816,6.532669,-1.0524
curr_td_f20_g1_lr1.1e-4_20260612T191957Z,250,1048576000,openarchives,adapt,1.85482,6.39055,-1.0744
curr_td_f20_g1_lr1.1e-4_20260612T191957Z,275,1153433600,openarchives,adapt,1.836896,6.277027,-1.09232
curr_td_f20_g1_lr1.1e-4_20260612T191957Z,300,1258291200,openarchives,adapt,1.822557,6.187658,-1.10666
curr_td_f20_g1_lr1.1e-4_20260612T191957Z,325,1363148800,openarchives,adapt,1.81451,6.138066,-1.11471
curr_td_f20_g1_lr1.1e-4_20260612T191957Z,350,1468006400,openarchives,adapt,1.797414,6.034024,-1.1318
curr_td_f20_g1_lr1.1e-4_20260612T191957Z,375,1572864000,openarchives,adapt,1.798347,6.039653,-1.13087
curr_td_f20_g1_lr1.1e-4_20260612T191957Z,400,1677721600,openarchives,adapt,1.789802,5.988269,-1.13942
curr_td_f20_g1_lr1.1e-4_20260612T191957Z,425,1782579200,openarchives,adapt,1.782465,5.944492,-1.14675
curr_td_f20_g1_lr1.1e-4_20260612T191957Z,450,1887436800,openarchives,adapt,1.764673,5.839664,-1.16455
curr_td_f20_g1_lr1.1e-4_20260612T191957Z,475,1992294400,openarchives,adapt,1.771207,5.877942,-1.15801
curr_td_f20_g1_lr1.1e-4_20260612T191957Z,500,2097152000,openarchives,adapt,1.764938,5.841212,-1.16428
curr_td_f20_g1_lr1.1e-4_20260612T191957Z,525,2202009600,openarchives,adapt,1.755712,5.787569,-1.17351
curr_td_f20_g1_lr1.1e-4_20260612T191957Z,550,2306867200,openarchives,adapt,1.764027,5.835891,-1.16519
curr_td_f20_g1_lr1.1e-4_20260612T191957Z,575,2411724800,openarchives,adapt,1.740898,5.702463,-1.18832
curr_td_f20_g1_lr1.1e-4_20260612T191957Z,600,2516582400,openarchives,adapt,1.738995,5.69162,-1.19022
curr_td_f20_g1_lr1.1e-4_20260612T191957Z,625,2621440000,openarchives,adapt,1.725975,5.617998,-1.20324
curr_td_f20_g1_lr1.1e-4_20260612T191957Z,650,2726297600,openarchives,adapt,1.723602,5.604683,-1.20562
curr_td_f20_g1_lr1.1e-4_20260612T191957Z,675,2831155200,openarchives,adapt,1.730272,5.64219,-1.19895
curr_td_f20_g1_lr1.1e-4_20260612T191957Z,700,2936012800,openarchives,adapt,1.71597,5.56207,-1.21325
curr_td_f20_g1_lr1.1e-4_20260612T191957Z,725,3040870400,openarchives,adapt,1.71794,5.573035,-1.21128
curr_td_f20_g1_lr1.1e-4_20260612T191957Z,750,3145728000,openarchives,adapt,1.711308,5.536196,-1.21791
curr_td_f20_g1_lr1.1e-4_20260612T191957Z,775,3250585600,openarchives,adapt,1.713897,5.550548,-1.21532
curr_td_f20_g1_lr1.1e-4_20260612T191957Z,800,3355443200,openarchives,adapt,1.707858,5.517132,-1.22136
curr_td_f20_g1_lr1.1e-4_20260612T191957Z,825,3460300800,openarchives,adapt,1.697659,5.46115,-1.23156
curr_td_f20_g1_lr1.1e-4_20260612T191957Z,850,3565158400,openarchives,adapt,1.694975,5.446509,-1.23424
curr_td_f20_g1_lr1.1e-4_20260612T191957Z,875,3670016000,openarchives,adapt,1.693121,5.436423,-1.2361
curr_td_f20_g1_lr1.1e-4_20260612T191957Z,900,3774873600,openarchives,adapt,1.690324,5.421237,-1.23889
curr_td_f20_g1_lr1.1e-4_20260612T191957Z,925,3879731200,openarchives,adapt,1.686212,5.39899,-1.24301
curr_td_f20_g1_lr1.1e-4_20260612T191957Z,950,3984588800,openarchives,adapt,1.686606,5.401116,-1.24261
curr_td_f20_g1_lr1.1e-4_20260612T191957Z,975,4089446400,openarchives,adapt,1.686209,5.398975,-1.24301
curr_td_f20_g1_lr1.1e-4_20260612T191957Z,1000,4194304000,openarchives,adapt,1.679916,5.365103,-1.2493
curr_td_f20_g1_lr1.1e-4_20260612T191957Z,1025,4299161600,openarchives,adapt,1.676467,5.346632,-1.25275
curr_td_f20_g1_lr1.1e-4_20260612T191957Z,1050,4404019200,openarchives,adapt,1.676829,5.348569,-1.25239
curr_td_f20_g1_lr1.1e-4_20260612T191957Z,1075,4508876800,openarchives,adapt,1.681603,5.374166,-1.24762
curr_td_f20_g1_lr1.1e-4_20260612T191957Z,1100,4613734400,openarchives,adapt,1.679404,5.36236,-1.24981
curr_td_f20_g1_lr1.1e-4_20260612T191957Z,1125,4718592000,openarchives,adapt,1.683229,5.382907,-1.24599
curr_td_f20_g1_lr1.1e-4_20260612T191957Z,1150,4823449600,openarchives,adapt,1.667217,5.297407,-1.262
curr_td_f20_g1_lr1.1e-4_20260612T191957Z,1175,4928307200,openarchives,adapt,1.668883,5.306236,-1.26034
curr_td_f20_g1_lr1.1e-4_20260612T191957Z,1200,5033164800,openarchives,adapt,1.670057,5.312472,-1.25916
curr_td_f20_g1_lr1.1e-4_20260612T191957Z,1225,5138022400,openarchives,adapt,1.674599,5.336653,-1.25462
curr_td_f20_g1_lr1.1e-4_20260612T191957Z,1250,5242880000,openarchives,adapt,1.665853,5.290183,-1.26337
curr_td_f20_g1_lr1.1e-4_20260612T191957Z,1275,5347737600,openarchives,adapt,1.665026,5.285809,-1.26419
curr_td_f20_g1_lr1.1e-4_20260612T191957Z,1300,5452595200,openarchives,adapt,1.659692,5.25769,-1.26953
curr_td_f20_g1_lr1.1e-4_20260612T191957Z,1325,5557452800,openarchives,adapt,1.659998,5.259303,-1.26922
curr_td_f20_g1_lr1.1e-4_20260612T191957Z,1350,5662310400,openarchives,adapt,1.656753,5.242263,-1.27247
curr_td_f20_g1_lr1.1e-4_20260612T191957Z,1375,5767168000,openarchives,adapt,1.655752,5.237016,-1.27347
curr_td_f20_g1_lr1.1e-4_20260612T191957Z,1400,5872025600,openarchives,adapt,1.656639,5.241663,-1.27258
curr_td_f20_g1_lr1.1e-4_20260612T191957Z,1425,5976883200,openarchives,adapt,1.650691,5.21058,-1.27853
curr_td_f20_g1_lr1.1e-4_20260612T191957Z,1450,6081740800,openarchives,adapt,1.65225,5.218707,-1.27697
curr_td_f20_g1_lr1.1e-4_20260612T191957Z,1475,6186598400,openarchives,adapt,1.648316,5.198216,-1.2809
curr_td_f20_g1_lr1.1e-4_20260612T191957Z,1500,6291456000,openarchives,adapt,1.651367,5.214104,-1.27785
curr_td_f20_g1_lr1.1e-4_20260612T191957Z,1525,6396313600,openarchives,adapt,1.646238,5.187426,-1.28298
curr_td_f20_g1_lr1.1e-4_20260612T191957Z,1550,6501171200,openarchives,adapt,1.645723,5.184758,-1.2835
curr_td_f20_g1_lr1.1e-4_20260612T191957Z,1575,6606028800,openarchives,adapt,1.645376,5.18296,-1.28384
curr_td_f20_g1_lr1.1e-4_20260612T191957Z,1600,6710886400,openarchives,adapt,1.645208,5.182087,-1.28401
curr_td_f20_g1_lr1.1e-4_20260612T191957Z,1625,6815744000,openarchives,adapt,1.647131,5.192065,-1.28209
curr_td_f20_g1_lr1.1e-4_20260612T191957Z,1650,6920601600,openarchives,adapt,1.643721,5.174389,-1.2855
curr_td_f20_g1_lr1.1e-4_20260612T191957Z,1675,7025459200,openarchives,adapt,1.642292,5.166996,-1.28693
curr_td_f20_g1_lr1.1e-4_20260612T191957Z,1700,7130316800,openarchives,adapt,1.640473,5.157609,-1.28875
curr_td_f20_g1_lr1.1e-4_20260612T191957Z,1725,7235174400,openarchives,adapt,1.638542,5.14766,-1.29068
curr_td_f20_g1_lr1.1e-4_20260612T191957Z,1750,7340032000,openarchives,adapt,1.637493,5.142262,-1.29173
curr_td_f20_g1_lr1.1e-4_20260612T191957Z,1775,7444889600,openarchives,adapt,1.63896,5.149812,-1.29026
curr_td_f20_g1_lr1.1e-4_20260612T191957Z,1800,7549747200,openarchives,adapt,1.638877,5.149384,-1.29034
curr_td_f20_g1_lr1.1e-4_20260612T191957Z,1825,7654604800,openarchives,adapt,1.633505,5.121797,-1.29571
curr_td_f20_g1_lr1.1e-4_20260612T191957Z,1850,7759462400,openarchives,adapt,1.636644,5.137899,-1.29257
curr_td_f20_g1_lr1.1e-4_20260612T191957Z,1875,7864320000,openarchives,adapt,1.633653,5.122552,-1.29557
curr_td_f20_g1_lr1.1e-4_20260612T191957Z,1900,7969177600,openarchives,adapt,1.632585,5.117084,-1.29663
curr_td_f20_g1_lr1.1e-4_20260612T191957Z,1925,8074035200,openarchives,adapt,1.630576,5.106814,-1.29864
curr_td_f20_g1_lr1.1e-4_20260612T191957Z,1950,8178892800,openarchives,adapt,1.630215,5.104973,-1.299
curr_td_f20_g1_lr1.1e-4_20260612T191957Z,1975,8283750400,openarchives,adapt,1.631123,5.109609,-1.2981
curr_td_f20_g1_lr1.1e-4_20260612T191957Z,2000,8388608000,openarchives,adapt,1.626938,5.08827,-1.30228
curr_td_f20_g1_lr1.1e-4_20260612T191957Z,2025,8493465600,openarchives,adapt,1.630258,5.105193,-1.29896
curr_td_f20_g1_lr1.1e-4_20260612T191957Z,2050,8598323200,openarchives,adapt,1.628918,5.098353,-1.3003
curr_td_f20_g1_lr1.1e-4_20260612T191957Z,2075,8703180800,openarchives,adapt,1.627788,5.092596,-1.30143
curr_td_f20_g1_lr1.1e-4_20260612T191957Z,2100,8808038400,openarchives,adapt,1.634063,5.124656,-1.29516
curr_td_f20_g1_lr1.1e-4_20260612T191957Z,2125,8912896000,openarchives,adapt,1.629277,5.100187,-1.29994
curr_td_f20_g1_lr1.1e-4_20260612T191957Z,2150,9017753600,openarchives,adapt,1.624758,5.077188,-1.30446
curr_td_f20_g1_lr1.1e-4_20260612T191957Z,2175,9122611200,openarchives,adapt,1.626168,5.084355,-1.30305
curr_td_f20_g1_lr1.1e-4_20260612T191957Z,2200,9227468800,openarchives,adapt,1.624804,5.077424,-1.30441
curr_td_f20_g1_lr1.1e-4_20260612T191957Z,2225,9332326400,openarchives,adapt,1.62582,5.082585,-1.3034
curr_td_f20_g1_lr1.1e-4_20260612T191957Z,2250,9437184000,openarchives,adapt,1.621785,5.062118,-1.30743
curr_td_f20_g1_lr1.1e-4_20260612T191957Z,2275,9542041600,openarchives,adapt,1.578784,4.849057,-1.35043
curr_td_f20_g1_lr1.1e-4_20260612T191957Z,2300,9646899200,openarchives,adapt,1.547206,4.698324,-1.38201
curr_td_f20_g1_lr1.1e-4_20260612T191957Z,2325,9751756800,openarchives,adapt,1.542369,4.675654,-1.38685
curr_td_f20_g1_lr1.1e-4_20260612T191957Z,2350,9856614400,openarchives,adapt,1.52962,4.616424,-1.3996
curr_td_f20_g1_lr1.1e-4_20260612T191957Z,2375,9961472000,openarchives,adapt,1.519408,4.569519,-1.40981
curr_td_f20_g1_lr1.1e-4_20260612T191957Z,2400,10066329600,openarchives,adapt,1.513486,4.542536,-1.41573
curr_td_f20_g1_lr1.1e-4_20260612T191957Z,2425,10171187200,openarchives,adapt,1.512294,4.537125,-1.41692
curr_td_f20_g1_lr1.1e-4_20260612T191957Z,2450,10276044800,openarchives,adapt,1.503697,4.498288,-1.42552
curr_td_f20_g1_lr1.1e-4_20260612T191957Z,2475,10380902400,openarchives,adapt,1.499897,4.48123,-1.42932
curr_td_f20_g1_lr1.1e-4_20260612T191957Z,2500,10485760000,openarchives,adapt,1.501901,4.490216,-1.42732
curr_td_f20_g1_lr1.1e-4_20260612T191957Z,2525,10590617600,openarchives,adapt,1.494275,4.456106,-1.43494
curr_td_f20_g1_lr1.1e-4_20260612T191957Z,2550,10695475200,openarchives,adapt,1.488152,4.428901,-1.44107
curr_td_f20_g1_lr1.1e-4_20260612T191957Z,2575,10800332800,openarchives,adapt,1.483316,4.407539,-1.4459
curr_td_f20_g1_lr1.1e-4_20260612T191957Z,2600,10905190400,openarchives,adapt,1.480952,4.39713,-1.44827
curr_td_f20_g1_lr1.1e-4_20260612T191957Z,2625,11010048000,openarchives,adapt,1.482536,4.404102,-1.44668
curr_td_f20_g1_lr1.1e-4_20260612T191957Z,2650,11114905600,openarchives,adapt,1.475045,4.371233,-1.45417
curr_td_f20_g1_lr1.1e-4_20260612T191957Z,2675,11219763200,openarchives,adapt,1.473739,4.365525,-1.45548
curr_td_f20_g1_lr1.1e-4_20260612T191957Z,2700,11324620800,openarchives,adapt,1.471667,4.356492,-1.45755
curr_td_f20_g1_lr1.1e-4_20260612T191957Z,2725,11429478400,openarchives,adapt,1.468045,4.340743,-1.46117
curr_td_f20_g1_lr1.1e-4_20260612T191957Z,2750,11534336000,openarchives,adapt,1.468073,4.340863,-1.46115
curr_td_f20_g1_lr1.1e-4_20260612T191957Z,2775,11639193600,openarchives,adapt,1.467068,4.336502,-1.46215
curr_td_f20_g1_lr1.1e-4_20260612T191957Z,2800,11744051200,openarchives,adapt,1.462492,4.316703,-1.46673
curr_td_f20_g1_lr1.1e-4_20260612T191957Z,2825,11848908800,openarchives,adapt,1.461265,4.31141,-1.46795
curr_td_f20_g1_lr1.1e-4_20260612T191957Z,2850,11953766400,openarchives,adapt,1.459445,4.303571,-1.46977
curr_td_f20_g1_lr1.1e-4_20260612T191957Z,2875,12058624000,openarchives,adapt,1.457932,4.297066,-1.47129
curr_td_f20_g1_lr1.1e-4_20260612T191957Z,2900,12163481600,openarchives,adapt,1.456431,4.290618,-1.47279
curr_td_f20_g1_lr1.1e-4_20260612T191957Z,2925,12268339200,openarchives,adapt,1.454199,4.281052,-1.47502
curr_td_f20_g1_lr1.1e-4_20260612T191957Z,2950,12373196800,openarchives,adapt,1.453378,4.277541,-1.47584
curr_td_f20_g1_lr1.1e-4_20260612T191957Z,2975,12478054400,openarchives,adapt,1.451645,4.270131,-1.47757
curr_td_f20_g1_lr1.1e-4_20260612T191957Z,3000,12582912000,openarchives,adapt,1.450849,4.266737,-1.47837
curr_td_f20_g1_lr1.1e-4_20260612T191957Z,3025,12687769600,openarchives,adapt,1.449772,4.262141,-1.47945
curr_td_f20_g1_lr1.1e-4_20260612T191957Z,3050,12792627200,openarchives,adapt,1.448674,4.257467,-1.48054
curr_td_f20_g1_lr1.1e-4_20260612T191957Z,3075,12897484800,openarchives,adapt,1.448331,4.256004,-1.48089
curr_td_f20_g1_lr1.1e-4_20260612T191957Z,3100,13002342400,openarchives,adapt,1.447613,4.252952,-1.48161
curr_td_f20_g1_lr1.1e-4_20260612T191957Z,3125,13107200000,openarchives,adapt,1.446446,4.247992,-1.48277
curr_td_f20_g1_lr1.1e-4_20260612T191957Z,3150,13212057600,openarchives,adapt,1.445728,4.24494,-1.48349
curr_td_f20_g1_lr1.1e-4_20260612T191957Z,3175,13316915200,openarchives,adapt,1.445019,4.241933,-1.4842
curr_td_f20_g1_lr1.1e-4_20260612T191957Z,3200,13421772800,openarchives,adapt,1.444571,4.240032,-1.48465
curr_td_f20_g1_lr1.1e-4_20260612T191957Z,25,104857600,ru,forget,1.651773,5.216221,0.0
curr_td_f20_g1_lr1.1e-4_20260612T191957Z,50,209715200,ru,forget,1.59963,4.9512,-0.05214
curr_td_f20_g1_lr1.1e-4_20260612T191957Z,75,314572800,ru,forget,1.576033,4.835736,-0.07574
curr_td_f20_g1_lr1.1e-4_20260612T191957Z,100,419430400,ru,forget,1.564421,4.779908,-0.08735
curr_td_f20_g1_lr1.1e-4_20260612T191957Z,125,524288000,ru,forget,1.560004,4.758841,-0.09177
curr_td_f20_g1_lr1.1e-4_20260612T191957Z,150,629145600,ru,forget,1.556537,4.742369,-0.09524
curr_td_f20_g1_lr1.1e-4_20260612T191957Z,175,734003200,ru,forget,1.560484,4.761126,-0.09129
curr_td_f20_g1_lr1.1e-4_20260612T191957Z,200,838860800,ru,forget,1.5559,4.739348,-0.09587
curr_td_f20_g1_lr1.1e-4_20260612T191957Z,225,943718400,ru,forget,1.565939,4.787167,-0.08583
curr_td_f20_g1_lr1.1e-4_20260612T191957Z,250,1048576000,ru,forget,1.557626,4.74754,-0.09415
curr_td_f20_g1_lr1.1e-4_20260612T191957Z,275,1153433600,ru,forget,1.557654,4.74767,-0.09412
curr_td_f20_g1_lr1.1e-4_20260612T191957Z,300,1258291200,ru,forget,1.558417,4.751294,-0.09336
curr_td_f20_g1_lr1.1e-4_20260612T191957Z,325,1363148800,ru,forget,1.562657,4.771484,-0.08912
curr_td_f20_g1_lr1.1e-4_20260612T191957Z,350,1468006400,ru,forget,1.56005,4.759059,-0.09172
curr_td_f20_g1_lr1.1e-4_20260612T191957Z,375,1572864000,ru,forget,1.563483,4.775424,-0.08829
curr_td_f20_g1_lr1.1e-4_20260612T191957Z,400,1677721600,ru,forget,1.563161,4.773887,-0.08861
curr_td_f20_g1_lr1.1e-4_20260612T191957Z,425,1782579200,ru,forget,1.569399,4.803759,-0.08237
curr_td_f20_g1_lr1.1e-4_20260612T191957Z,450,1887436800,ru,forget,1.567364,4.793993,-0.08441
curr_td_f20_g1_lr1.1e-4_20260612T191957Z,475,1992294400,ru,forget,1.571696,4.814806,-0.08008
curr_td_f20_g1_lr1.1e-4_20260612T191957Z,500,2097152000,ru,forget,1.57244,4.818392,-0.07933
curr_td_f20_g1_lr1.1e-4_20260612T191957Z,525,2202009600,ru,forget,1.571239,4.812609,-0.08053
curr_td_f20_g1_lr1.1e-4_20260612T191957Z,550,2306867200,ru,forget,1.57673,4.839106,-0.07504
curr_td_f20_g1_lr1.1e-4_20260612T191957Z,575,2411724800,ru,forget,1.575209,4.831751,-0.07656
curr_td_f20_g1_lr1.1e-4_20260612T191957Z,600,2516582400,ru,forget,1.576614,4.838547,-0.07516
curr_td_f20_g1_lr1.1e-4_20260612T191957Z,625,2621440000,ru,forget,1.574766,4.829611,-0.07701
curr_td_f20_g1_lr1.1e-4_20260612T191957Z,650,2726297600,ru,forget,1.57542,4.832769,-0.07635
curr_td_f20_g1_lr1.1e-4_20260612T191957Z,675,2831155200,ru,forget,1.581121,4.860403,-0.07065
curr_td_f20_g1_lr1.1e-4_20260612T191957Z,700,2936012800,ru,forget,1.577944,4.844982,-0.07383
curr_td_f20_g1_lr1.1e-4_20260612T191957Z,725,3040870400,ru,forget,1.582331,4.866288,-0.06944
curr_td_f20_g1_lr1.1e-4_20260612T191957Z,750,3145728000,ru,forget,1.57991,4.854518,-0.07186
curr_td_f20_g1_lr1.1e-4_20260612T191957Z,775,3250585600,ru,forget,1.585065,4.879607,-0.06671
curr_td_f20_g1_lr1.1e-4_20260612T191957Z,800,3355443200,ru,forget,1.583742,4.873155,-0.06803
curr_td_f20_g1_lr1.1e-4_20260612T191957Z,825,3460300800,ru,forget,1.582196,4.865627,-0.06958
curr_td_f20_g1_lr1.1e-4_20260612T191957Z,850,3565158400,ru,forget,1.583911,4.873981,-0.06786
curr_td_f20_g1_lr1.1e-4_20260612T191957Z,875,3670016000,ru,forget,1.585639,4.882411,-0.06613
curr_td_f20_g1_lr1.1e-4_20260612T191957Z,900,3774873600,ru,forget,1.584518,4.876942,-0.06725
curr_td_f20_g1_lr1.1e-4_20260612T191957Z,925,3879731200,ru,forget,1.585496,4.881711,-0.06628
curr_td_f20_g1_lr1.1e-4_20260612T191957Z,950,3984588800,ru,forget,1.589607,4.901821,-0.06217
curr_td_f20_g1_lr1.1e-4_20260612T191957Z,975,4089446400,ru,forget,1.590898,4.908155,-0.06088
curr_td_f20_g1_lr1.1e-4_20260612T191957Z,1000,4194304000,ru,forget,1.590345,4.905441,-0.06143
curr_td_f20_g1_lr1.1e-4_20260612T191957Z,1025,4299161600,ru,forget,1.591149,4.909388,-0.06062
curr_td_f20_g1_lr1.1e-4_20260612T191957Z,1050,4404019200,ru,forget,1.593013,4.918545,-0.05876
curr_td_f20_g1_lr1.1e-4_20260612T191957Z,1075,4508876800,ru,forget,1.597077,4.938574,-0.0547
curr_td_f20_g1_lr1.1e-4_20260612T191957Z,1100,4613734400,ru,forget,1.59713,4.93884,-0.05464
curr_td_f20_g1_lr1.1e-4_20260612T191957Z,1125,4718592000,ru,forget,1.599554,4.950824,-0.05222
curr_td_f20_g1_lr1.1e-4_20260612T191957Z,1150,4823449600,ru,forget,1.594965,4.928158,-0.05681
curr_td_f20_g1_lr1.1e-4_20260612T191957Z,1175,4928307200,ru,forget,1.599673,4.951412,-0.0521
curr_td_f20_g1_lr1.1e-4_20260612T191957Z,1200,5033164800,ru,forget,1.600584,4.955927,-0.05119
curr_td_f20_g1_lr1.1e-4_20260612T191957Z,1225,5138022400,ru,forget,1.606754,4.986599,-0.04502
curr_td_f20_g1_lr1.1e-4_20260612T191957Z,1250,5242880000,ru,forget,1.604727,4.976502,-0.04705
curr_td_f20_g1_lr1.1e-4_20260612T191957Z,1275,5347737600,ru,forget,1.605181,4.978761,-0.04659
curr_td_f20_g1_lr1.1e-4_20260612T191957Z,1300,5452595200,ru,forget,1.603418,4.969992,-0.04835
curr_td_f20_g1_lr1.1e-4_20260612T191957Z,1325,5557452800,ru,forget,1.605664,4.981165,-0.04611
curr_td_f20_g1_lr1.1e-4_20260612T191957Z,1350,5662310400,ru,forget,1.606163,4.98365,-0.04561
curr_td_f20_g1_lr1.1e-4_20260612T191957Z,1375,5767168000,ru,forget,1.608124,4.993437,-0.04365
curr_td_f20_g1_lr1.1e-4_20260612T191957Z,1400,5872025600,ru,forget,1.610496,5.005293,-0.04128
curr_td_f20_g1_lr1.1e-4_20260612T191957Z,1425,5976883200,ru,forget,1.608447,4.995047,-0.04333
curr_td_f20_g1_lr1.1e-4_20260612T191957Z,1450,6081740800,ru,forget,1.611621,5.010925,-0.04015
curr_td_f20_g1_lr1.1e-4_20260612T191957Z,1475,6186598400,ru,forget,1.610985,5.007741,-0.04079
curr_td_f20_g1_lr1.1e-4_20260612T191957Z,1500,6291456000,ru,forget,1.61416,5.023666,-0.03761
curr_td_f20_g1_lr1.1e-4_20260612T191957Z,1525,6396313600,ru,forget,1.613204,5.018868,-0.03857
curr_td_f20_g1_lr1.1e-4_20260612T191957Z,1550,6501171200,ru,forget,1.613756,5.021637,-0.03802
curr_td_f20_g1_lr1.1e-4_20260612T191957Z,1575,6606028800,ru,forget,1.615686,5.03134,-0.03609
curr_td_f20_g1_lr1.1e-4_20260612T191957Z,1600,6710886400,ru,forget,1.616809,5.036994,-0.03496
curr_td_f20_g1_lr1.1e-4_20260612T191957Z,1625,6815744000,ru,forget,1.619892,5.052544,-0.03188
curr_td_f20_g1_lr1.1e-4_20260612T191957Z,1650,6920601600,ru,forget,1.621014,5.058214,-0.03076
curr_td_f20_g1_lr1.1e-4_20260612T191957Z,1675,7025459200,ru,forget,1.61996,5.052887,-0.03181
curr_td_f20_g1_lr1.1e-4_20260612T191957Z,1700,7130316800,ru,forget,1.621544,5.060897,-0.03023
curr_td_f20_g1_lr1.1e-4_20260612T191957Z,1725,7235174400,ru,forget,1.622344,5.064949,-0.02943
curr_td_f20_g1_lr1.1e-4_20260612T191957Z,1750,7340032000,ru,forget,1.621388,5.06011,-0.03038
curr_td_f20_g1_lr1.1e-4_20260612T191957Z,1775,7444889600,ru,forget,1.624245,5.074588,-0.02753
curr_td_f20_g1_lr1.1e-4_20260612T191957Z,1800,7549747200,ru,forget,1.626503,5.086055,-0.02527
curr_td_f20_g1_lr1.1e-4_20260612T191957Z,1825,7654604800,ru,forget,1.625109,5.078972,-0.02666
curr_td_f20_g1_lr1.1e-4_20260612T191957Z,1850,7759462400,ru,forget,1.628206,5.094725,-0.02357
curr_td_f20_g1_lr1.1e-4_20260612T191957Z,1875,7864320000,ru,forget,1.628621,5.09684,-0.02315
curr_td_f20_g1_lr1.1e-4_20260612T191957Z,1900,7969177600,ru,forget,1.629159,5.099583,-0.02261
curr_td_f20_g1_lr1.1e-4_20260612T191957Z,1925,8074035200,ru,forget,1.628477,5.096105,-0.0233
curr_td_f20_g1_lr1.1e-4_20260612T191957Z,1950,8178892800,ru,forget,1.630665,5.107271,-0.02111
curr_td_f20_g1_lr1.1e-4_20260612T191957Z,1975,8283750400,ru,forget,1.632548,5.116898,-0.01922
curr_td_f20_g1_lr1.1e-4_20260612T191957Z,2000,8388608000,ru,forget,1.631629,5.112195,-0.02014
curr_td_f20_g1_lr1.1e-4_20260612T191957Z,2025,8493465600,ru,forget,1.635185,5.130407,-0.01659
curr_td_f20_g1_lr1.1e-4_20260612T191957Z,2050,8598323200,ru,forget,1.635785,5.133486,-0.01599
curr_td_f20_g1_lr1.1e-4_20260612T191957Z,2075,8703180800,ru,forget,1.637481,5.142202,-0.01429
curr_td_f20_g1_lr1.1e-4_20260612T191957Z,2100,8808038400,ru,forget,1.637223,5.140875,-0.01455
curr_td_f20_g1_lr1.1e-4_20260612T191957Z,2125,8912896000,ru,forget,1.64006,5.155479,-0.01171
curr_td_f20_g1_lr1.1e-4_20260612T191957Z,2150,9017753600,ru,forget,1.639686,5.15355,-0.01209
curr_td_f20_g1_lr1.1e-4_20260612T191957Z,2175,9122611200,ru,forget,1.642018,5.165581,-0.00975
curr_td_f20_g1_lr1.1e-4_20260612T191957Z,2200,9227468800,ru,forget,1.642906,5.17017,-0.00887
curr_td_f20_g1_lr1.1e-4_20260612T191957Z,2225,9332326400,ru,forget,1.644256,5.177157,-0.00752
curr_td_f20_g1_lr1.1e-4_20260612T191957Z,2250,9437184000,ru,forget,1.642711,5.169164,-0.00906
curr_td_f20_g1_lr1.1e-4_20260612T191957Z,2275,9542041600,ru,forget,1.652663,5.220866,0.00089
curr_td_f20_g1_lr1.1e-4_20260612T191957Z,2300,9646899200,ru,forget,1.648695,5.200189,-0.00308
curr_td_f20_g1_lr1.1e-4_20260612T191957Z,2325,9751756800,ru,forget,1.654065,5.228192,0.00229
curr_td_f20_g1_lr1.1e-4_20260612T191957Z,2350,9856614400,ru,forget,1.652937,5.222295,0.00116
curr_td_f20_g1_lr1.1e-4_20260612T191957Z,2375,9961472000,ru,forget,1.653975,5.227716,0.0022
curr_td_f20_g1_lr1.1e-4_20260612T191957Z,2400,10066329600,ru,forget,1.65488,5.232453,0.00311
curr_td_f20_g1_lr1.1e-4_20260612T191957Z,2425,10171187200,ru,forget,1.656505,5.240959,0.00473
curr_td_f20_g1_lr1.1e-4_20260612T191957Z,2450,10276044800,ru,forget,1.657967,5.248629,0.00619
curr_td_f20_g1_lr1.1e-4_20260612T191957Z,2475,10380902400,ru,forget,1.659192,5.255063,0.00742
curr_td_f20_g1_lr1.1e-4_20260612T191957Z,2500,10485760000,ru,forget,1.664037,5.280588,0.01226
curr_td_f20_g1_lr1.1e-4_20260612T191957Z,2525,10590617600,ru,forget,1.663049,5.275371,0.01128
curr_td_f20_g1_lr1.1e-4_20260612T191957Z,2550,10695475200,ru,forget,1.662235,5.271079,0.01046
curr_td_f20_g1_lr1.1e-4_20260612T191957Z,2575,10800332800,ru,forget,1.662701,5.273537,0.01093
curr_td_f20_g1_lr1.1e-4_20260612T191957Z,2600,10905190400,ru,forget,1.663622,5.278392,0.01185
curr_td_f20_g1_lr1.1e-4_20260612T191957Z,2625,11010048000,ru,forget,1.665488,5.288253,0.01372
curr_td_f20_g1_lr1.1e-4_20260612T191957Z,2650,11114905600,ru,forget,1.662974,5.274977,0.0112
curr_td_f20_g1_lr1.1e-4_20260612T191957Z,2675,11219763200,ru,forget,1.663642,5.2785,0.01187
curr_td_f20_g1_lr1.1e-4_20260612T191957Z,2700,11324620800,ru,forget,1.664151,5.281187,0.01238
curr_td_f20_g1_lr1.1e-4_20260612T191957Z,2725,11429478400,ru,forget,1.663126,5.275776,0.01135
curr_td_f20_g1_lr1.1e-4_20260612T191957Z,2750,11534336000,ru,forget,1.664334,5.282156,0.01256
curr_td_f20_g1_lr1.1e-4_20260612T191957Z,2775,11639193600,ru,forget,1.664408,5.282544,0.01264
curr_td_f20_g1_lr1.1e-4_20260612T191957Z,2800,11744051200,ru,forget,1.662489,5.272418,0.01072
curr_td_f20_g1_lr1.1e-4_20260612T191957Z,2825,11848908800,ru,forget,1.663041,5.275326,0.01127
curr_td_f20_g1_lr1.1e-4_20260612T191957Z,2850,11953766400,ru,forget,1.662025,5.269972,0.01025
curr_td_f20_g1_lr1.1e-4_20260612T191957Z,2875,12058624000,ru,forget,1.662558,5.272781,0.01079
curr_td_f20_g1_lr1.1e-4_20260612T191957Z,2900,12163481600,ru,forget,1.662908,5.274629,0.01114
curr_td_f20_g1_lr1.1e-4_20260612T191957Z,2925,12268339200,ru,forget,1.661175,5.265492,0.0094
curr_td_f20_g1_lr1.1e-4_20260612T191957Z,2950,12373196800,ru,forget,1.660343,5.261115,0.00857
curr_td_f20_g1_lr1.1e-4_20260612T191957Z,2975,12478054400,ru,forget,1.658292,5.250337,0.00652
curr_td_f20_g1_lr1.1e-4_20260612T191957Z,3000,12582912000,ru,forget,1.657677,5.247109,0.0059
curr_td_f20_g1_lr1.1e-4_20260612T191957Z,3025,12687769600,ru,forget,1.657612,5.246768,0.00584
curr_td_f20_g1_lr1.1e-4_20260612T191957Z,3050,12792627200,ru,forget,1.657163,5.244413,0.00539
curr_td_f20_g1_lr1.1e-4_20260612T191957Z,3075,12897484800,ru,forget,1.657681,5.247129,0.00591
curr_td_f20_g1_lr1.1e-4_20260612T191957Z,3100,13002342400,ru,forget,1.658193,5.249815,0.00642
curr_td_f20_g1_lr1.1e-4_20260612T191957Z,3125,13107200000,ru,forget,1.656726,5.242119,0.00495
curr_td_f20_g1_lr1.1e-4_20260612T191957Z,3150,13212057600,ru,forget,1.656645,5.241698,0.00487
curr_td_f20_g1_lr1.1e-4_20260612T191957Z,3175,13316915200,ru,forget,1.655845,5.237503,0.00407
curr_td_f20_g1_lr1.1e-4_20260612T191957Z,3200,13421772800,ru,forget,1.656067,5.238665,0.00429
curr_td_f20_g1_lr1.1e-4_20260612T191957Z,25,104857600,zh,forget,1.91165,6.764239,0.0
curr_td_f20_g1_lr1.1e-4_20260612T191957Z,50,209715200,zh,forget,1.840626,6.300484,-0.07102
curr_td_f20_g1_lr1.1e-4_20260612T191957Z,75,314572800,zh,forget,1.808555,6.101621,-0.1031
curr_td_f20_g1_lr1.1e-4_20260612T191957Z,100,419430400,zh,forget,1.789187,5.984585,-0.12246
curr_td_f20_g1_lr1.1e-4_20260612T191957Z,125,524288000,zh,forget,1.780255,5.931371,-0.1314
curr_td_f20_g1_lr1.1e-4_20260612T191957Z,150,629145600,zh,forget,1.774449,5.897032,-0.1372
curr_td_f20_g1_lr1.1e-4_20260612T191957Z,175,734003200,zh,forget,1.776803,5.910926,-0.13485
curr_td_f20_g1_lr1.1e-4_20260612T191957Z,200,838860800,zh,forget,1.769845,5.869942,-0.14181
curr_td_f20_g1_lr1.1e-4_20260612T191957Z,225,943718400,zh,forget,1.780437,5.93245,-0.13121
curr_td_f20_g1_lr1.1e-4_20260612T191957Z,250,1048576000,zh,forget,1.769744,5.869353,-0.14191
curr_td_f20_g1_lr1.1e-4_20260612T191957Z,275,1153433600,zh,forget,1.768362,5.861246,-0.14329
curr_td_f20_g1_lr1.1e-4_20260612T191957Z,300,1258291200,zh,forget,1.769323,5.866877,-0.14233
curr_td_f20_g1_lr1.1e-4_20260612T191957Z,325,1363148800,zh,forget,1.772641,5.886376,-0.13901
curr_td_f20_g1_lr1.1e-4_20260612T191957Z,350,1468006400,zh,forget,1.769961,5.870622,-0.14169
curr_td_f20_g1_lr1.1e-4_20260612T191957Z,375,1572864000,zh,forget,1.773593,5.891987,-0.13806
curr_td_f20_g1_lr1.1e-4_20260612T191957Z,400,1677721600,zh,forget,1.772396,5.884937,-0.13925
curr_td_f20_g1_lr1.1e-4_20260612T191957Z,425,1782579200,zh,forget,1.778463,5.920748,-0.13319
curr_td_f20_g1_lr1.1e-4_20260612T191957Z,450,1887436800,zh,forget,1.776258,5.90771,-0.13539
curr_td_f20_g1_lr1.1e-4_20260612T191957Z,475,1992294400,zh,forget,1.781281,5.937455,-0.13037
curr_td_f20_g1_lr1.1e-4_20260612T191957Z,500,2097152000,zh,forget,1.782616,5.945391,-0.12903
curr_td_f20_g1_lr1.1e-4_20260612T191957Z,525,2202009600,zh,forget,1.781287,5.937493,-0.13036
curr_td_f20_g1_lr1.1e-4_20260612T191957Z,550,2306867200,zh,forget,1.786234,5.966941,-0.12542
curr_td_f20_g1_lr1.1e-4_20260612T191957Z,575,2411724800,zh,forget,1.785347,5.961647,-0.1263
curr_td_f20_g1_lr1.1e-4_20260612T191957Z,600,2516582400,zh,forget,1.786985,5.971421,-0.12467
curr_td_f20_g1_lr1.1e-4_20260612T191957Z,625,2621440000,zh,forget,1.784683,5.957692,-0.12697
curr_td_f20_g1_lr1.1e-4_20260612T191957Z,650,2726297600,zh,forget,1.78582,5.964468,-0.12583
curr_td_f20_g1_lr1.1e-4_20260612T191957Z,675,2831155200,zh,forget,1.793804,6.012281,-0.11785
curr_td_f20_g1_lr1.1e-4_20260612T191957Z,700,2936012800,zh,forget,1.78815,5.978384,-0.1235
curr_td_f20_g1_lr1.1e-4_20260612T191957Z,725,3040870400,zh,forget,1.791904,6.000869,-0.11975
curr_td_f20_g1_lr1.1e-4_20260612T191957Z,750,3145728000,zh,forget,1.790235,5.990861,-0.12142
curr_td_f20_g1_lr1.1e-4_20260612T191957Z,775,3250585600,zh,forget,1.795958,6.025244,-0.11569
curr_td_f20_g1_lr1.1e-4_20260612T191957Z,800,3355443200,zh,forget,1.79472,6.017789,-0.11693
curr_td_f20_g1_lr1.1e-4_20260612T191957Z,825,3460300800,zh,forget,1.793327,6.009412,-0.11832
curr_td_f20_g1_lr1.1e-4_20260612T191957Z,850,3565158400,zh,forget,1.795503,6.022505,-0.11615
curr_td_f20_g1_lr1.1e-4_20260612T191957Z,875,3670016000,zh,forget,1.796201,6.026706,-0.11545
curr_td_f20_g1_lr1.1e-4_20260612T191957Z,900,3774873600,zh,forget,1.795723,6.023827,-0.11593
curr_td_f20_g1_lr1.1e-4_20260612T191957Z,925,3879731200,zh,forget,1.797001,6.031532,-0.11465
curr_td_f20_g1_lr1.1e-4_20260612T191957Z,950,3984588800,zh,forget,1.801188,6.056839,-0.11046
curr_td_f20_g1_lr1.1e-4_20260612T191957Z,975,4089446400,zh,forget,1.802473,6.064629,-0.10918
curr_td_f20_g1_lr1.1e-4_20260612T191957Z,1000,4194304000,zh,forget,1.80256,6.065152,-0.10909
curr_td_f20_g1_lr1.1e-4_20260612T191957Z,1025,4299161600,zh,forget,1.803798,6.07267,-0.10785
curr_td_f20_g1_lr1.1e-4_20260612T191957Z,1050,4404019200,zh,forget,1.805549,6.083311,-0.1061
curr_td_f20_g1_lr1.1e-4_20260612T191957Z,1075,4508876800,zh,forget,1.810872,6.11578,-0.10078
curr_td_f20_g1_lr1.1e-4_20260612T191957Z,1100,4613734400,zh,forget,1.810578,6.113982,-0.10107
curr_td_f20_g1_lr1.1e-4_20260612T191957Z,1125,4718592000,zh,forget,1.813378,6.131125,-0.09827
curr_td_f20_g1_lr1.1e-4_20260612T191957Z,1150,4823449600,zh,forget,1.809107,6.104993,-0.10254
curr_td_f20_g1_lr1.1e-4_20260612T191957Z,1175,4928307200,zh,forget,1.813625,6.13264,-0.09803
curr_td_f20_g1_lr1.1e-4_20260612T191957Z,1200,5033164800,zh,forget,1.815463,6.143918,-0.09619
curr_td_f20_g1_lr1.1e-4_20260612T191957Z,1225,5138022400,zh,forget,1.821707,6.182402,-0.08994
curr_td_f20_g1_lr1.1e-4_20260612T191957Z,1250,5242880000,zh,forget,1.818049,6.159826,-0.0936
curr_td_f20_g1_lr1.1e-4_20260612T191957Z,1275,5347737600,zh,forget,1.8203,6.173713,-0.09135
curr_td_f20_g1_lr1.1e-4_20260612T191957Z,1300,5452595200,zh,forget,1.819159,6.166669,-0.09249
curr_td_f20_g1_lr1.1e-4_20260612T191957Z,1325,5557452800,zh,forget,1.821002,6.178049,-0.09065
curr_td_f20_g1_lr1.1e-4_20260612T191957Z,1350,5662310400,zh,forget,1.822153,6.18516,-0.0895
curr_td_f20_g1_lr1.1e-4_20260612T191957Z,1375,5767168000,zh,forget,1.82431,6.198519,-0.08734
curr_td_f20_g1_lr1.1e-4_20260612T191957Z,1400,5872025600,zh,forget,1.827683,6.21946,-0.08397
curr_td_f20_g1_lr1.1e-4_20260612T191957Z,1425,5976883200,zh,forget,1.825161,6.203791,-0.08649
curr_td_f20_g1_lr1.1e-4_20260612T191957Z,1450,6081740800,zh,forget,1.828784,6.226313,-0.08287
curr_td_f20_g1_lr1.1e-4_20260612T191957Z,1475,6186598400,zh,forget,1.829303,6.229546,-0.08235
curr_td_f20_g1_lr1.1e-4_20260612T191957Z,1500,6291456000,zh,forget,1.832976,6.252464,-0.07867
curr_td_f20_g1_lr1.1e-4_20260612T191957Z,1525,6396313600,zh,forget,1.832711,6.25081,-0.07894
curr_td_f20_g1_lr1.1e-4_20260612T191957Z,1550,6501171200,zh,forget,1.831901,6.245751,-0.07975
curr_td_f20_g1_lr1.1e-4_20260612T191957Z,1575,6606028800,zh,forget,1.834371,6.261197,-0.07728
curr_td_f20_g1_lr1.1e-4_20260612T191957Z,1600,6710886400,zh,forget,1.836432,6.274111,-0.07522
curr_td_f20_g1_lr1.1e-4_20260612T191957Z,1625,6815744000,zh,forget,1.840332,6.298627,-0.07132
curr_td_f20_g1_lr1.1e-4_20260612T191957Z,1650,6920601600,zh,forget,1.840287,6.298343,-0.07136
curr_td_f20_g1_lr1.1e-4_20260612T191957Z,1675,7025459200,zh,forget,1.841172,6.303919,-0.07048
curr_td_f20_g1_lr1.1e-4_20260612T191957Z,1700,7130316800,zh,forget,1.842638,6.313173,-0.06901
curr_td_f20_g1_lr1.1e-4_20260612T191957Z,1725,7235174400,zh,forget,1.843217,6.316824,-0.06843
curr_td_f20_g1_lr1.1e-4_20260612T191957Z,1750,7340032000,zh,forget,1.842867,6.314618,-0.06878
curr_td_f20_g1_lr1.1e-4_20260612T191957Z,1775,7444889600,zh,forget,1.846812,6.339574,-0.06484
curr_td_f20_g1_lr1.1e-4_20260612T191957Z,1800,7549747200,zh,forget,1.84928,6.35524,-0.06237
curr_td_f20_g1_lr1.1e-4_20260612T191957Z,1825,7654604800,zh,forget,1.847653,6.344912,-0.064
curr_td_f20_g1_lr1.1e-4_20260612T191957Z,1850,7759462400,zh,forget,1.850661,6.364027,-0.06099
curr_td_f20_g1_lr1.1e-4_20260612T191957Z,1875,7864320000,zh,forget,1.852138,6.373431,-0.05951
curr_td_f20_g1_lr1.1e-4_20260612T191957Z,1900,7969177600,zh,forget,1.852327,6.374633,-0.05932
curr_td_f20_g1_lr1.1e-4_20260612T191957Z,1925,8074035200,zh,forget,1.852715,6.377109,-0.05894
curr_td_f20_g1_lr1.1e-4_20260612T191957Z,1950,8178892800,zh,forget,1.855296,6.393592,-0.05635
curr_td_f20_g1_lr1.1e-4_20260612T191957Z,1975,8283750400,zh,forget,1.856955,6.404207,-0.0547
curr_td_f20_g1_lr1.1e-4_20260612T191957Z,2000,8388608000,zh,forget,1.856515,6.401391,-0.05514
curr_td_f20_g1_lr1.1e-4_20260612T191957Z,2025,8493465600,zh,forget,1.861089,6.430733,-0.05056
curr_td_f20_g1_lr1.1e-4_20260612T191957Z,2050,8598323200,zh,forget,1.861307,6.432141,-0.05034
curr_td_f20_g1_lr1.1e-4_20260612T191957Z,2075,8703180800,zh,forget,1.864323,6.451567,-0.04733
curr_td_f20_g1_lr1.1e-4_20260612T191957Z,2100,8808038400,zh,forget,1.863715,6.447643,-0.04794
curr_td_f20_g1_lr1.1e-4_20260612T191957Z,2125,8912896000,zh,forget,1.867083,6.469397,-0.04457
curr_td_f20_g1_lr1.1e-4_20260612T191957Z,2150,9017753600,zh,forget,1.867348,6.471113,-0.0443
curr_td_f20_g1_lr1.1e-4_20260612T191957Z,2175,9122611200,zh,forget,1.869558,6.48543,-0.04209
curr_td_f20_g1_lr1.1e-4_20260612T191957Z,2200,9227468800,zh,forget,1.870546,6.491838,-0.0411
curr_td_f20_g1_lr1.1e-4_20260612T191957Z,2225,9332326400,zh,forget,1.871501,6.498045,-0.04015
curr_td_f20_g1_lr1.1e-4_20260612T191957Z,2250,9437184000,zh,forget,1.871006,6.494829,-0.04064
curr_td_f20_g1_lr1.1e-4_20260612T191957Z,2275,9542041600,zh,forget,1.884423,6.582554,-0.02723
curr_td_f20_g1_lr1.1e-4_20260612T191957Z,2300,9646899200,zh,forget,1.878292,6.542318,-0.03336
curr_td_f20_g1_lr1.1e-4_20260612T191957Z,2325,9751756800,zh,forget,1.884466,6.582839,-0.02718
curr_td_f20_g1_lr1.1e-4_20260612T191957Z,2350,9856614400,zh,forget,1.883345,6.575465,-0.02831
curr_td_f20_g1_lr1.1e-4_20260612T191957Z,2375,9961472000,zh,forget,1.883794,6.578416,-0.02786
curr_td_f20_g1_lr1.1e-4_20260612T191957Z,2400,10066329600,zh,forget,1.885934,6.592509,-0.02572
curr_td_f20_g1_lr1.1e-4_20260612T191957Z,2425,10171187200,zh,forget,1.886205,6.594297,-0.02545
curr_td_f20_g1_lr1.1e-4_20260612T191957Z,2450,10276044800,zh,forget,1.890044,6.619663,-0.02161
curr_td_f20_g1_lr1.1e-4_20260612T191957Z,2475,10380902400,zh,forget,1.891979,6.632478,-0.01967
curr_td_f20_g1_lr1.1e-4_20260612T191957Z,2500,10485760000,zh,forget,1.896422,6.662014,-0.01523
curr_td_f20_g1_lr1.1e-4_20260612T191957Z,2525,10590617600,zh,forget,1.896607,6.663245,-0.01504
curr_td_f20_g1_lr1.1e-4_20260612T191957Z,2550,10695475200,zh,forget,1.895913,6.658622,-0.01574
curr_td_f20_g1_lr1.1e-4_20260612T191957Z,2575,10800332800,zh,forget,1.89564,6.65681,-0.01601
curr_td_f20_g1_lr1.1e-4_20260612T191957Z,2600,10905190400,zh,forget,1.898139,6.67346,-0.01351
curr_td_f20_g1_lr1.1e-4_20260612T191957Z,2625,11010048000,zh,forget,1.89981,6.684623,-0.01184
curr_td_f20_g1_lr1.1e-4_20260612T191957Z,2650,11114905600,zh,forget,1.897324,6.66803,-0.01433
curr_td_f20_g1_lr1.1e-4_20260612T191957Z,2675,11219763200,zh,forget,1.897716,6.670643,-0.01393
curr_td_f20_g1_lr1.1e-4_20260612T191957Z,2700,11324620800,zh,forget,1.899182,6.680427,-0.01247
curr_td_f20_g1_lr1.1e-4_20260612T191957Z,2725,11429478400,zh,forget,1.897425,6.668702,-0.01423
curr_td_f20_g1_lr1.1e-4_20260612T191957Z,2750,11534336000,zh,forget,1.898712,6.67729,-0.01294
curr_td_f20_g1_lr1.1e-4_20260612T191957Z,2775,11639193600,zh,forget,1.898225,6.674035,-0.01343
curr_td_f20_g1_lr1.1e-4_20260612T191957Z,2800,11744051200,zh,forget,1.895311,6.654616,-0.01634
curr_td_f20_g1_lr1.1e-4_20260612T191957Z,2825,11848908800,zh,forget,1.89633,6.661399,-0.01532
curr_td_f20_g1_lr1.1e-4_20260612T191957Z,2850,11953766400,zh,forget,1.89582,6.658003,-0.01583
curr_td_f20_g1_lr1.1e-4_20260612T191957Z,2875,12058624000,zh,forget,1.896583,6.663087,-0.01507
curr_td_f20_g1_lr1.1e-4_20260612T191957Z,2900,12163481600,zh,forget,1.897611,6.669941,-0.01404
curr_td_f20_g1_lr1.1e-4_20260612T191957Z,2925,12268339200,zh,forget,1.895721,6.65735,-0.01593
curr_td_f20_g1_lr1.1e-4_20260612T191957Z,2950,12373196800,zh,forget,1.893927,6.645414,-0.01772
curr_td_f20_g1_lr1.1e-4_20260612T191957Z,2975,12478054400,zh,forget,1.890721,6.624141,-0.02093
curr_td_f20_g1_lr1.1e-4_20260612T191957Z,3000,12582912000,zh,forget,1.889692,6.61733,-0.02196
curr_td_f20_g1_lr1.1e-4_20260612T191957Z,3025,12687769600,zh,forget,1.889675,6.617219,-0.02198
curr_td_f20_g1_lr1.1e-4_20260612T191957Z,3050,12792627200,zh,forget,1.88939,6.615329,-0.02226
curr_td_f20_g1_lr1.1e-4_20260612T191957Z,3075,12897484800,zh,forget,1.890739,6.624261,-0.02091
curr_td_f20_g1_lr1.1e-4_20260612T191957Z,3100,13002342400,zh,forget,1.891466,6.629082,-0.02018
curr_td_f20_g1_lr1.1e-4_20260612T191957Z,3125,13107200000,zh,forget,1.889297,6.614715,-0.02235
curr_td_f20_g1_lr1.1e-4_20260612T191957Z,3150,13212057600,zh,forget,1.888958,6.612473,-0.02269
curr_td_f20_g1_lr1.1e-4_20260612T191957Z,3175,13316915200,zh,forget,1.887746,6.604467,-0.0239
curr_td_f20_g1_lr1.1e-4_20260612T191957Z,3200,13421772800,zh,forget,1.88845,6.609114,-0.0232
curr_td_f20_g1_lr2.75e-5_20260612T191957Z,25,104857600,code,forget,0.7849199,2.192231,0.0
curr_td_f20_g1_lr2.75e-5_20260612T191957Z,50,209715200,code,forget,0.7358615,2.087279,-0.04906
curr_td_f20_g1_lr2.75e-5_20260612T191957Z,75,314572800,code,forget,0.7179158,2.050156,-0.067
curr_td_f20_g1_lr2.75e-5_20260612T191957Z,100,419430400,code,forget,0.7027714,2.019341,-0.08215
curr_td_f20_g1_lr2.75e-5_20260612T191957Z,125,524288000,code,forget,0.6911295,1.995969,-0.09379
curr_td_f20_g1_lr2.75e-5_20260612T191957Z,150,629145600,code,forget,0.6853487,1.984464,-0.09957
curr_td_f20_g1_lr2.75e-5_20260612T191957Z,175,734003200,code,forget,0.6820241,1.977877,-0.1029
curr_td_f20_g1_lr2.75e-5_20260612T191957Z,200,838860800,code,forget,0.6795867,1.973062,-0.10533
curr_td_f20_g1_lr2.75e-5_20260612T191957Z,225,943718400,code,forget,0.6763274,1.966642,-0.10859
curr_td_f20_g1_lr2.75e-5_20260612T191957Z,250,1048576000,code,forget,0.6749931,1.964019,-0.10993
curr_td_f20_g1_lr2.75e-5_20260612T191957Z,275,1153433600,code,forget,0.6723434,1.958822,-0.11258
curr_td_f20_g1_lr2.75e-5_20260612T191957Z,300,1258291200,code,forget,0.6712528,1.956687,-0.11367
curr_td_f20_g1_lr2.75e-5_20260612T191957Z,325,1363148800,code,forget,0.6693855,1.953037,-0.11553
curr_td_f20_g1_lr2.75e-5_20260612T191957Z,350,1468006400,code,forget,0.6697778,1.953803,-0.11514
curr_td_f20_g1_lr2.75e-5_20260612T191957Z,375,1572864000,code,forget,0.6669642,1.948314,-0.11796
curr_td_f20_g1_lr2.75e-5_20260612T191957Z,400,1677721600,code,forget,0.6665384,1.947484,-0.11838
curr_td_f20_g1_lr2.75e-5_20260612T191957Z,425,1782579200,code,forget,0.6652059,1.944891,-0.11971
curr_td_f20_g1_lr2.75e-5_20260612T191957Z,450,1887436800,code,forget,0.6651767,1.944834,-0.11974
curr_td_f20_g1_lr2.75e-5_20260612T191957Z,475,1992294400,code,forget,0.6643645,1.943255,-0.12056
curr_td_f20_g1_lr2.75e-5_20260612T191957Z,500,2097152000,code,forget,0.6640329,1.942611,-0.12089
curr_td_f20_g1_lr2.75e-5_20260612T191957Z,525,2202009600,code,forget,0.66448,1.94348,-0.12044
curr_td_f20_g1_lr2.75e-5_20260612T191957Z,550,2306867200,code,forget,0.6646013,1.943715,-0.12032
curr_td_f20_g1_lr2.75e-5_20260612T191957Z,575,2411724800,code,forget,0.6637357,1.942034,-0.12118
curr_td_f20_g1_lr2.75e-5_20260612T191957Z,600,2516582400,code,forget,0.6633516,1.941288,-0.12157
curr_td_f20_g1_lr2.75e-5_20260612T191957Z,625,2621440000,code,forget,0.6632417,1.941074,-0.12168
curr_td_f20_g1_lr2.75e-5_20260612T191957Z,650,2726297600,code,forget,0.6632655,1.941121,-0.12165
curr_td_f20_g1_lr2.75e-5_20260612T191957Z,675,2831155200,code,forget,0.6629289,1.940467,-0.12199
curr_td_f20_g1_lr2.75e-5_20260612T191957Z,700,2936012800,code,forget,0.6626893,1.940003,-0.12223
curr_td_f20_g1_lr2.75e-5_20260612T191957Z,725,3040870400,code,forget,0.6612128,1.93714,-0.12371
curr_td_f20_g1_lr2.75e-5_20260612T191957Z,750,3145728000,code,forget,0.6609219,1.936577,-0.124
curr_td_f20_g1_lr2.75e-5_20260612T191957Z,775,3250585600,code,forget,0.660112,1.935009,-0.12481
curr_td_f20_g1_lr2.75e-5_20260612T191957Z,800,3355443200,code,forget,0.6596629,1.93414,-0.12526
curr_td_f20_g1_lr2.75e-5_20260612T191957Z,825,3460300800,code,forget,0.6603513,1.935472,-0.12457
curr_td_f20_g1_lr2.75e-5_20260612T191957Z,850,3565158400,code,forget,0.6602923,1.935358,-0.12463
curr_td_f20_g1_lr2.75e-5_20260612T191957Z,875,3670016000,code,forget,0.6601293,1.935043,-0.12479
curr_td_f20_g1_lr2.75e-5_20260612T191957Z,900,3774873600,code,forget,0.6602219,1.935222,-0.1247
curr_td_f20_g1_lr2.75e-5_20260612T191957Z,925,3879731200,code,forget,0.6601959,1.935171,-0.12472
curr_td_f20_g1_lr2.75e-5_20260612T191957Z,950,3984588800,code,forget,0.6598494,1.934501,-0.12507
curr_td_f20_g1_lr2.75e-5_20260612T191957Z,975,4089446400,code,forget,0.6602575,1.935291,-0.12466
curr_td_f20_g1_lr2.75e-5_20260612T191957Z,1000,4194304000,code,forget,0.661424,1.93755,-0.1235
curr_td_f20_g1_lr2.75e-5_20260612T191957Z,1025,4299161600,code,forget,0.6603254,1.935422,-0.12459
curr_td_f20_g1_lr2.75e-5_20260612T191957Z,1050,4404019200,code,forget,0.6599915,1.934776,-0.12493
curr_td_f20_g1_lr2.75e-5_20260612T191957Z,1075,4508876800,code,forget,0.6602538,1.935283,-0.12467
curr_td_f20_g1_lr2.75e-5_20260612T191957Z,1100,4613734400,code,forget,0.6605821,1.935919,-0.12434
curr_td_f20_g1_lr2.75e-5_20260612T191957Z,1125,4718592000,code,forget,0.660207,1.935193,-0.12471
curr_td_f20_g1_lr2.75e-5_20260612T191957Z,1150,4823449600,code,forget,0.6600965,1.934979,-0.12482
curr_td_f20_g1_lr2.75e-5_20260612T191957Z,1175,4928307200,code,forget,0.6602233,1.935224,-0.1247
curr_td_f20_g1_lr2.75e-5_20260612T191957Z,1200,5033164800,code,forget,0.6605002,1.93576,-0.12442
curr_td_f20_g1_lr2.75e-5_20260612T191957Z,1225,5138022400,code,forget,0.6600091,1.93481,-0.12491
curr_td_f20_g1_lr2.75e-5_20260612T191957Z,1250,5242880000,code,forget,0.6606556,1.936061,-0.12426
curr_td_f20_g1_lr2.75e-5_20260612T191957Z,1275,5347737600,code,forget,0.6602319,1.935241,-0.12469
curr_td_f20_g1_lr2.75e-5_20260612T191957Z,1300,5452595200,code,forget,0.6601321,1.935048,-0.12479
curr_td_f20_g1_lr2.75e-5_20260612T191957Z,1325,5557452800,code,forget,0.6605487,1.935854,-0.12437
curr_td_f20_g1_lr2.75e-5_20260612T191957Z,1350,5662310400,code,forget,0.660673,1.936095,-0.12425
curr_td_f20_g1_lr2.75e-5_20260612T191957Z,1375,5767168000,code,forget,0.6611218,1.936964,-0.1238
curr_td_f20_g1_lr2.75e-5_20260612T191957Z,1400,5872025600,code,forget,0.6611722,1.937062,-0.12375
curr_td_f20_g1_lr2.75e-5_20260612T191957Z,1425,5976883200,code,forget,0.661221,1.937156,-0.1237
curr_td_f20_g1_lr2.75e-5_20260612T191957Z,1450,6081740800,code,forget,0.6612517,1.937216,-0.12367
curr_td_f20_g1_lr2.75e-5_20260612T191957Z,1475,6186598400,code,forget,0.661204,1.937123,-0.12372
curr_td_f20_g1_lr2.75e-5_20260612T191957Z,1500,6291456000,code,forget,0.6608914,1.936518,-0.12403
curr_td_f20_g1_lr2.75e-5_20260612T191957Z,1525,6396313600,code,forget,0.6612079,1.937131,-0.12371
curr_td_f20_g1_lr2.75e-5_20260612T191957Z,1550,6501171200,code,forget,0.6610532,1.936831,-0.12387
curr_td_f20_g1_lr2.75e-5_20260612T191957Z,1575,6606028800,code,forget,0.6616246,1.937938,-0.1233
curr_td_f20_g1_lr2.75e-5_20260612T191957Z,1600,6710886400,code,forget,0.6613368,1.93738,-0.12358
curr_td_f20_g1_lr2.75e-5_20260612T191957Z,1625,6815744000,code,forget,0.6613621,1.937429,-0.12356
curr_td_f20_g1_lr2.75e-5_20260612T191957Z,1650,6920601600,code,forget,0.6613081,1.937325,-0.12361
curr_td_f20_g1_lr2.75e-5_20260612T191957Z,1675,7025459200,code,forget,0.661941,1.938551,-0.12298
curr_td_f20_g1_lr2.75e-5_20260612T191957Z,1700,7130316800,code,forget,0.6619347,1.938539,-0.12299
curr_td_f20_g1_lr2.75e-5_20260612T191957Z,1725,7235174400,code,forget,0.6622784,1.939206,-0.12264
curr_td_f20_g1_lr2.75e-5_20260612T191957Z,1750,7340032000,code,forget,0.66265,1.939926,-0.12227
curr_td_f20_g1_lr2.75e-5_20260612T191957Z,1775,7444889600,code,forget,0.6626416,1.93991,-0.12228
curr_td_f20_g1_lr2.75e-5_20260612T191957Z,1800,7549747200,code,forget,0.6630111,1.940627,-0.12191
curr_td_f20_g1_lr2.75e-5_20260612T191957Z,1825,7654604800,code,forget,0.6629166,1.940444,-0.122
curr_td_f20_g1_lr2.75e-5_20260612T191957Z,1850,7759462400,code,forget,0.6635199,1.941615,-0.1214
curr_td_f20_g1_lr2.75e-5_20260612T191957Z,1875,7864320000,code,forget,0.6629713,1.94055,-0.12195
curr_td_f20_g1_lr2.75e-5_20260612T191957Z,1900,7969177600,code,forget,0.6638167,1.942191,-0.1211
curr_td_f20_g1_lr2.75e-5_20260612T191957Z,1925,8074035200,code,forget,0.6632023,1.940998,-0.12172
curr_td_f20_g1_lr2.75e-5_20260612T191957Z,1950,8178892800,code,forget,0.6633792,1.941341,-0.12154
curr_td_f20_g1_lr2.75e-5_20260612T191957Z,1975,8283750400,code,forget,0.6634982,1.941573,-0.12142
curr_td_f20_g1_lr2.75e-5_20260612T191957Z,2000,8388608000,code,forget,0.6637138,1.941991,-0.12121
curr_td_f20_g1_lr2.75e-5_20260612T191957Z,2025,8493465600,code,forget,0.6640068,1.94256,-0.12091
curr_td_f20_g1_lr2.75e-5_20260612T191957Z,2050,8598323200,code,forget,0.6643792,1.943284,-0.12054
curr_td_f20_g1_lr2.75e-5_20260612T191957Z,2075,8703180800,code,forget,0.6645883,1.94369,-0.12033
curr_td_f20_g1_lr2.75e-5_20260612T191957Z,2100,8808038400,code,forget,0.6645604,1.943636,-0.12036
curr_td_f20_g1_lr2.75e-5_20260612T191957Z,2125,8912896000,code,forget,0.6648908,1.944278,-0.12003
curr_td_f20_g1_lr2.75e-5_20260612T191957Z,2150,9017753600,code,forget,0.6648203,1.944141,-0.1201
curr_td_f20_g1_lr2.75e-5_20260612T191957Z,2175,9122611200,code,forget,0.6651813,1.944843,-0.11974
curr_td_f20_g1_lr2.75e-5_20260612T191957Z,2200,9227468800,code,forget,0.6653576,1.945186,-0.11956
curr_td_f20_g1_lr2.75e-5_20260612T191957Z,2225,9332326400,code,forget,0.665611,1.945679,-0.11931
curr_td_f20_g1_lr2.75e-5_20260612T191957Z,2250,9437184000,code,forget,0.6658564,1.946156,-0.11906
curr_td_f20_g1_lr2.75e-5_20260612T191957Z,2275,9542041600,code,forget,0.671285,1.95675,-0.11363
curr_td_f20_g1_lr2.75e-5_20260612T191957Z,2300,9646899200,code,forget,0.6698721,1.953987,-0.11505
curr_td_f20_g1_lr2.75e-5_20260612T191957Z,2325,9751756800,code,forget,0.6699413,1.954123,-0.11498
curr_td_f20_g1_lr2.75e-5_20260612T191957Z,2350,9856614400,code,forget,0.6701185,1.954469,-0.1148
curr_td_f20_g1_lr2.75e-5_20260612T191957Z,2375,9961472000,code,forget,0.6703094,1.954842,-0.11461
curr_td_f20_g1_lr2.75e-5_20260612T191957Z,2400,10066329600,code,forget,0.6704169,1.955052,-0.1145
curr_td_f20_g1_lr2.75e-5_20260612T191957Z,2425,10171187200,code,forget,0.6709402,1.956075,-0.11398
curr_td_f20_g1_lr2.75e-5_20260612T191957Z,2450,10276044800,code,forget,0.6711816,1.956548,-0.11374
curr_td_f20_g1_lr2.75e-5_20260612T191957Z,2475,10380902400,code,forget,0.6709995,1.956192,-0.11392
curr_td_f20_g1_lr2.75e-5_20260612T191957Z,2500,10485760000,code,forget,0.6717239,1.957609,-0.1132
curr_td_f20_g1_lr2.75e-5_20260612T191957Z,2525,10590617600,code,forget,0.6724075,1.958948,-0.11251
curr_td_f20_g1_lr2.75e-5_20260612T191957Z,2550,10695475200,code,forget,0.6728222,1.95976,-0.1121
curr_td_f20_g1_lr2.75e-5_20260612T191957Z,2575,10800332800,code,forget,0.6732565,1.960612,-0.11166
curr_td_f20_g1_lr2.75e-5_20260612T191957Z,2600,10905190400,code,forget,0.6732433,1.960586,-0.11168
curr_td_f20_g1_lr2.75e-5_20260612T191957Z,2625,11010048000,code,forget,0.6737119,1.961505,-0.11121
curr_td_f20_g1_lr2.75e-5_20260612T191957Z,2650,11114905600,code,forget,0.673744,1.961568,-0.11118
curr_td_f20_g1_lr2.75e-5_20260612T191957Z,2675,11219763200,code,forget,0.6734554,1.961002,-0.11146
curr_td_f20_g1_lr2.75e-5_20260612T191957Z,2700,11324620800,code,forget,0.6738766,1.961828,-0.11104
curr_td_f20_g1_lr2.75e-5_20260612T191957Z,2725,11429478400,code,forget,0.6739733,1.962017,-0.11095
curr_td_f20_g1_lr2.75e-5_20260612T191957Z,2750,11534336000,code,forget,0.6744552,1.962963,-0.11046
curr_td_f20_g1_lr2.75e-5_20260612T191957Z,2775,11639193600,code,forget,0.6742685,1.962597,-0.11065
curr_td_f20_g1_lr2.75e-5_20260612T191957Z,2800,11744051200,code,forget,0.6739995,1.962069,-0.11092
curr_td_f20_g1_lr2.75e-5_20260612T191957Z,2825,11848908800,code,forget,0.6737068,1.961495,-0.11121
curr_td_f20_g1_lr2.75e-5_20260612T191957Z,2850,11953766400,code,forget,0.6736166,1.961318,-0.1113
curr_td_f20_g1_lr2.75e-5_20260612T191957Z,2875,12058624000,code,forget,0.6739811,1.962033,-0.11094
curr_td_f20_g1_lr2.75e-5_20260612T191957Z,2900,12163481600,code,forget,0.6741904,1.962444,-0.11073
curr_td_f20_g1_lr2.75e-5_20260612T191957Z,2925,12268339200,code,forget,0.6739492,1.96197,-0.11097
curr_td_f20_g1_lr2.75e-5_20260612T191957Z,2950,12373196800,code,forget,0.6739686,1.962008,-0.11095
curr_td_f20_g1_lr2.75e-5_20260612T191957Z,2975,12478054400,code,forget,0.6736017,1.961289,-0.11132
curr_td_f20_g1_lr2.75e-5_20260612T191957Z,3000,12582912000,code,forget,0.6741218,1.962309,-0.1108
curr_td_f20_g1_lr2.75e-5_20260612T191957Z,3025,12687769600,code,forget,0.6739563,1.961984,-0.11096
curr_td_f20_g1_lr2.75e-5_20260612T191957Z,3050,12792627200,code,forget,0.6741889,1.962441,-0.11073
curr_td_f20_g1_lr2.75e-5_20260612T191957Z,3075,12897484800,code,forget,0.6739553,1.961982,-0.11096
curr_td_f20_g1_lr2.75e-5_20260612T191957Z,3100,13002342400,code,forget,0.6741723,1.962408,-0.11075
curr_td_f20_g1_lr2.75e-5_20260612T191957Z,3125,13107200000,code,forget,0.6737343,1.961549,-0.11119
curr_td_f20_g1_lr2.75e-5_20260612T191957Z,3150,13212057600,code,forget,0.6734834,1.961057,-0.11144
curr_td_f20_g1_lr2.75e-5_20260612T191957Z,3175,13316915200,code,forget,0.6736965,1.961475,-0.11122
curr_td_f20_g1_lr2.75e-5_20260612T191957Z,3200,13421772800,code,forget,0.6738254,1.961727,-0.11109
curr_td_f20_g1_lr2.75e-5_20260612T191957Z,25,104857600,de,forget,1.944866,6.992692,0.0
curr_td_f20_g1_lr2.75e-5_20260612T191957Z,50,209715200,de,forget,1.919027,6.814328,-0.02584
curr_td_f20_g1_lr2.75e-5_20260612T191957Z,75,314572800,de,forget,1.89181,6.631363,-0.05306
curr_td_f20_g1_lr2.75e-5_20260612T191957Z,100,419430400,de,forget,1.875723,6.525535,-0.06914
curr_td_f20_g1_lr2.75e-5_20260612T191957Z,125,524288000,de,forget,1.866791,6.467507,-0.07807
curr_td_f20_g1_lr2.75e-5_20260612T191957Z,150,629145600,de,forget,1.861662,6.434422,-0.0832
curr_td_f20_g1_lr2.75e-5_20260612T191957Z,175,734003200,de,forget,1.858713,6.415476,-0.08615
curr_td_f20_g1_lr2.75e-5_20260612T191957Z,200,838860800,de,forget,1.85748,6.407569,-0.08739
curr_td_f20_g1_lr2.75e-5_20260612T191957Z,225,943718400,de,forget,1.855936,6.397684,-0.08893
curr_td_f20_g1_lr2.75e-5_20260612T191957Z,250,1048576000,de,forget,1.854884,6.390954,-0.08998
curr_td_f20_g1_lr2.75e-5_20260612T191957Z,275,1153433600,de,forget,1.854548,6.388811,-0.09032
curr_td_f20_g1_lr2.75e-5_20260612T191957Z,300,1258291200,de,forget,1.853648,6.383064,-0.09122
curr_td_f20_g1_lr2.75e-5_20260612T191957Z,325,1363148800,de,forget,1.853382,6.381366,-0.09148
curr_td_f20_g1_lr2.75e-5_20260612T191957Z,350,1468006400,de,forget,1.855943,6.397731,-0.08892
curr_td_f20_g1_lr2.75e-5_20260612T191957Z,375,1572864000,de,forget,1.853413,6.381566,-0.09145
curr_td_f20_g1_lr2.75e-5_20260612T191957Z,400,1677721600,de,forget,1.853613,6.382839,-0.09125
curr_td_f20_g1_lr2.75e-5_20260612T191957Z,425,1782579200,de,forget,1.853064,6.379334,-0.0918
curr_td_f20_g1_lr2.75e-5_20260612T191957Z,450,1887436800,de,forget,1.853498,6.382107,-0.09137
curr_td_f20_g1_lr2.75e-5_20260612T191957Z,475,1992294400,de,forget,1.852769,6.377455,-0.0921
curr_td_f20_g1_lr2.75e-5_20260612T191957Z,500,2097152000,de,forget,1.852934,6.378504,-0.09193
curr_td_f20_g1_lr2.75e-5_20260612T191957Z,525,2202009600,de,forget,1.852955,6.378641,-0.09191
curr_td_f20_g1_lr2.75e-5_20260612T191957Z,550,2306867200,de,forget,1.853513,6.382199,-0.09135
curr_td_f20_g1_lr2.75e-5_20260612T191957Z,575,2411724800,de,forget,1.853562,6.382512,-0.0913
curr_td_f20_g1_lr2.75e-5_20260612T191957Z,600,2516582400,de,forget,1.853332,6.381048,-0.09153
curr_td_f20_g1_lr2.75e-5_20260612T191957Z,625,2621440000,de,forget,1.853342,6.381111,-0.09152
curr_td_f20_g1_lr2.75e-5_20260612T191957Z,650,2726297600,de,forget,1.853721,6.383527,-0.09115
curr_td_f20_g1_lr2.75e-5_20260612T191957Z,675,2831155200,de,forget,1.853413,6.381562,-0.09145
curr_td_f20_g1_lr2.75e-5_20260612T191957Z,700,2936012800,de,forget,1.854583,6.389033,-0.09028
curr_td_f20_g1_lr2.75e-5_20260612T191957Z,725,3040870400,de,forget,1.854062,6.385705,-0.0908
curr_td_f20_g1_lr2.75e-5_20260612T191957Z,750,3145728000,de,forget,1.854585,6.389046,-0.09028
curr_td_f20_g1_lr2.75e-5_20260612T191957Z,775,3250585600,de,forget,1.854253,6.386927,-0.09061
curr_td_f20_g1_lr2.75e-5_20260612T191957Z,800,3355443200,de,forget,1.854553,6.388839,-0.09031
curr_td_f20_g1_lr2.75e-5_20260612T191957Z,825,3460300800,de,forget,1.854933,6.391272,-0.08993
curr_td_f20_g1_lr2.75e-5_20260612T191957Z,850,3565158400,de,forget,1.855263,6.393379,-0.0896
curr_td_f20_g1_lr2.75e-5_20260612T191957Z,875,3670016000,de,forget,1.85575,6.396493,-0.08912
curr_td_f20_g1_lr2.75e-5_20260612T191957Z,900,3774873600,de,forget,1.855363,6.394017,-0.0895
curr_td_f20_g1_lr2.75e-5_20260612T191957Z,925,3879731200,de,forget,1.855981,6.397968,-0.08888
curr_td_f20_g1_lr2.75e-5_20260612T191957Z,950,3984588800,de,forget,1.85625,6.399692,-0.08862
curr_td_f20_g1_lr2.75e-5_20260612T191957Z,975,4089446400,de,forget,1.85723,6.405968,-0.08764
curr_td_f20_g1_lr2.75e-5_20260612T191957Z,1000,4194304000,de,forget,1.86042,6.426438,-0.08445
curr_td_f20_g1_lr2.75e-5_20260612T191957Z,1025,4299161600,de,forget,1.85721,6.405837,-0.08766
curr_td_f20_g1_lr2.75e-5_20260612T191957Z,1050,4404019200,de,forget,1.85717,6.405581,-0.0877
curr_td_f20_g1_lr2.75e-5_20260612T191957Z,1075,4508876800,de,forget,1.857626,6.408508,-0.08724
curr_td_f20_g1_lr2.75e-5_20260612T191957Z,1100,4613734400,de,forget,1.858395,6.413436,-0.08647
curr_td_f20_g1_lr2.75e-5_20260612T191957Z,1125,4718592000,de,forget,1.858056,6.411262,-0.08681
curr_td_f20_g1_lr2.75e-5_20260612T191957Z,1150,4823449600,de,forget,1.857928,6.410439,-0.08694
curr_td_f20_g1_lr2.75e-5_20260612T191957Z,1175,4928307200,de,forget,1.858197,6.412166,-0.08667
curr_td_f20_g1_lr2.75e-5_20260612T191957Z,1200,5033164800,de,forget,1.85905,6.417638,-0.08582
curr_td_f20_g1_lr2.75e-5_20260612T191957Z,1225,5138022400,de,forget,1.859353,6.419581,-0.08551
curr_td_f20_g1_lr2.75e-5_20260612T191957Z,1250,5242880000,de,forget,1.859436,6.420115,-0.08543
curr_td_f20_g1_lr2.75e-5_20260612T191957Z,1275,5347737600,de,forget,1.85928,6.41911,-0.08559
curr_td_f20_g1_lr2.75e-5_20260612T191957Z,1300,5452595200,de,forget,1.859718,6.421927,-0.08515
curr_td_f20_g1_lr2.75e-5_20260612T191957Z,1325,5557452800,de,forget,1.859931,6.423292,-0.08493
curr_td_f20_g1_lr2.75e-5_20260612T191957Z,1350,5662310400,de,forget,1.860294,6.425625,-0.08457
curr_td_f20_g1_lr2.75e-5_20260612T191957Z,1375,5767168000,de,forget,1.860663,6.427995,-0.0842
curr_td_f20_g1_lr2.75e-5_20260612T191957Z,1400,5872025600,de,forget,1.861144,6.431092,-0.08372
curr_td_f20_g1_lr2.75e-5_20260612T191957Z,1425,5976883200,de,forget,1.861749,6.434984,-0.08312
curr_td_f20_g1_lr2.75e-5_20260612T191957Z,1450,6081740800,de,forget,1.861451,6.433062,-0.08342
curr_td_f20_g1_lr2.75e-5_20260612T191957Z,1475,6186598400,de,forget,1.861935,6.436177,-0.08293
curr_td_f20_g1_lr2.75e-5_20260612T191957Z,1500,6291456000,de,forget,1.861686,6.434575,-0.08318
curr_td_f20_g1_lr2.75e-5_20260612T191957Z,1525,6396313600,de,forget,1.862049,6.436912,-0.08282
curr_td_f20_g1_lr2.75e-5_20260612T191957Z,1550,6501171200,de,forget,1.861991,6.436539,-0.08288
curr_td_f20_g1_lr2.75e-5_20260612T191957Z,1575,6606028800,de,forget,1.8634,6.445612,-0.08147
curr_td_f20_g1_lr2.75e-5_20260612T191957Z,1600,6710886400,de,forget,1.86276,6.441492,-0.08211
curr_td_f20_g1_lr2.75e-5_20260612T191957Z,1625,6815744000,de,forget,1.863527,6.446433,-0.08134
curr_td_f20_g1_lr2.75e-5_20260612T191957Z,1650,6920601600,de,forget,1.863259,6.444706,-0.08161
curr_td_f20_g1_lr2.75e-5_20260612T191957Z,1675,7025459200,de,forget,1.863572,6.446724,-0.08129
curr_td_f20_g1_lr2.75e-5_20260612T191957Z,1700,7130316800,de,forget,1.863786,6.4481,-0.08108
curr_td_f20_g1_lr2.75e-5_20260612T191957Z,1725,7235174400,de,forget,1.864609,6.453412,-0.08026
curr_td_f20_g1_lr2.75e-5_20260612T191957Z,1750,7340032000,de,forget,1.865067,6.456365,-0.0798
curr_td_f20_g1_lr2.75e-5_20260612T191957Z,1775,7444889600,de,forget,1.864788,6.454567,-0.08008
curr_td_f20_g1_lr2.75e-5_20260612T191957Z,1800,7549747200,de,forget,1.865568,6.459604,-0.0793
curr_td_f20_g1_lr2.75e-5_20260612T191957Z,1825,7654604800,de,forget,1.865785,6.461003,-0.07908
curr_td_f20_g1_lr2.75e-5_20260612T191957Z,1850,7759462400,de,forget,1.866789,6.467495,-0.07808
curr_td_f20_g1_lr2.75e-5_20260612T191957Z,1875,7864320000,de,forget,1.866245,6.463978,-0.07862
curr_td_f20_g1_lr2.75e-5_20260612T191957Z,1900,7969177600,de,forget,1.867856,6.474397,-0.07701
curr_td_f20_g1_lr2.75e-5_20260612T191957Z,1925,8074035200,de,forget,1.866531,6.46583,-0.07834
curr_td_f20_g1_lr2.75e-5_20260612T191957Z,1950,8178892800,de,forget,1.866896,6.468188,-0.07797
curr_td_f20_g1_lr2.75e-5_20260612T191957Z,1975,8283750400,de,forget,1.866875,6.468052,-0.07799
curr_td_f20_g1_lr2.75e-5_20260612T191957Z,2000,8388608000,de,forget,1.867177,6.470003,-0.07769
curr_td_f20_g1_lr2.75e-5_20260612T191957Z,2025,8493465600,de,forget,1.86768,6.473259,-0.07719
curr_td_f20_g1_lr2.75e-5_20260612T191957Z,2050,8598323200,de,forget,1.868164,6.476394,-0.0767
curr_td_f20_g1_lr2.75e-5_20260612T191957Z,2075,8703180800,de,forget,1.86878,6.480383,-0.07609
curr_td_f20_g1_lr2.75e-5_20260612T191957Z,2100,8808038400,de,forget,1.868987,6.481725,-0.07588
curr_td_f20_g1_lr2.75e-5_20260612T191957Z,2125,8912896000,de,forget,1.869322,6.4839,-0.07554
curr_td_f20_g1_lr2.75e-5_20260612T191957Z,2150,9017753600,de,forget,1.86934,6.484017,-0.07553
curr_td_f20_g1_lr2.75e-5_20260612T191957Z,2175,9122611200,de,forget,1.869758,6.48673,-0.07511
curr_td_f20_g1_lr2.75e-5_20260612T191957Z,2200,9227468800,de,forget,1.870215,6.48969,-0.07465
curr_td_f20_g1_lr2.75e-5_20260612T191957Z,2225,9332326400,de,forget,1.871334,6.496955,-0.07353
curr_td_f20_g1_lr2.75e-5_20260612T191957Z,2250,9437184000,de,forget,1.871196,6.496058,-0.07367
curr_td_f20_g1_lr2.75e-5_20260612T191957Z,2275,9542041600,de,forget,1.874646,6.51851,-0.07022
curr_td_f20_g1_lr2.75e-5_20260612T191957Z,2300,9646899200,de,forget,1.873632,6.511902,-0.07123
curr_td_f20_g1_lr2.75e-5_20260612T191957Z,2325,9751756800,de,forget,1.873923,6.513801,-0.07094
curr_td_f20_g1_lr2.75e-5_20260612T191957Z,2350,9856614400,de,forget,1.874181,6.515478,-0.07068
curr_td_f20_g1_lr2.75e-5_20260612T191957Z,2375,9961472000,de,forget,1.874534,6.51778,-0.07033
curr_td_f20_g1_lr2.75e-5_20260612T191957Z,2400,10066329600,de,forget,1.874794,6.519478,-0.07007
curr_td_f20_g1_lr2.75e-5_20260612T191957Z,2425,10171187200,de,forget,1.875224,6.522279,-0.06964
curr_td_f20_g1_lr2.75e-5_20260612T191957Z,2450,10276044800,de,forget,1.875687,6.525299,-0.06918
curr_td_f20_g1_lr2.75e-5_20260612T191957Z,2475,10380902400,de,forget,1.875426,6.523595,-0.06944
curr_td_f20_g1_lr2.75e-5_20260612T191957Z,2500,10485760000,de,forget,1.876296,6.529274,-0.06857
curr_td_f20_g1_lr2.75e-5_20260612T191957Z,2525,10590617600,de,forget,1.876653,6.531604,-0.06821
curr_td_f20_g1_lr2.75e-5_20260612T191957Z,2550,10695475200,de,forget,1.877423,6.53664,-0.06744
curr_td_f20_g1_lr2.75e-5_20260612T191957Z,2575,10800332800,de,forget,1.877857,6.539476,-0.06701
curr_td_f20_g1_lr2.75e-5_20260612T191957Z,2600,10905190400,de,forget,1.877872,6.539571,-0.06699
curr_td_f20_g1_lr2.75e-5_20260612T191957Z,2625,11010048000,de,forget,1.878197,6.541698,-0.06667
curr_td_f20_g1_lr2.75e-5_20260612T191957Z,2650,11114905600,de,forget,1.878481,6.543556,-0.06638
curr_td_f20_g1_lr2.75e-5_20260612T191957Z,2675,11219763200,de,forget,1.878122,6.541211,-0.06674
curr_td_f20_g1_lr2.75e-5_20260612T191957Z,2700,11324620800,de,forget,1.878567,6.544123,-0.0663
curr_td_f20_g1_lr2.75e-5_20260612T191957Z,2725,11429478400,de,forget,1.878629,6.544524,-0.06624
curr_td_f20_g1_lr2.75e-5_20260612T191957Z,2750,11534336000,de,forget,1.879021,6.547093,-0.06584
curr_td_f20_g1_lr2.75e-5_20260612T191957Z,2775,11639193600,de,forget,1.878728,6.545171,-0.06614
curr_td_f20_g1_lr2.75e-5_20260612T191957Z,2800,11744051200,de,forget,1.87832,6.542503,-0.06655
curr_td_f20_g1_lr2.75e-5_20260612T191957Z,2825,11848908800,de,forget,1.877847,6.53941,-0.06702
curr_td_f20_g1_lr2.75e-5_20260612T191957Z,2850,11953766400,de,forget,1.878145,6.541362,-0.06672
curr_td_f20_g1_lr2.75e-5_20260612T191957Z,2875,12058624000,de,forget,1.878343,6.542652,-0.06652
curr_td_f20_g1_lr2.75e-5_20260612T191957Z,2900,12163481600,de,forget,1.878309,6.542435,-0.06656
curr_td_f20_g1_lr2.75e-5_20260612T191957Z,2925,12268339200,de,forget,1.877899,6.539752,-0.06697
curr_td_f20_g1_lr2.75e-5_20260612T191957Z,2950,12373196800,de,forget,1.877724,6.538608,-0.06714
curr_td_f20_g1_lr2.75e-5_20260612T191957Z,2975,12478054400,de,forget,1.877447,6.536797,-0.06742
curr_td_f20_g1_lr2.75e-5_20260612T191957Z,3000,12582912000,de,forget,1.877814,6.539193,-0.06705
curr_td_f20_g1_lr2.75e-5_20260612T191957Z,3025,12687769600,de,forget,1.877558,6.537521,-0.06731
curr_td_f20_g1_lr2.75e-5_20260612T191957Z,3050,12792627200,de,forget,1.877721,6.538588,-0.06715
curr_td_f20_g1_lr2.75e-5_20260612T191957Z,3075,12897484800,de,forget,1.877598,6.537784,-0.06727
curr_td_f20_g1_lr2.75e-5_20260612T191957Z,3100,13002342400,de,forget,1.877903,6.539778,-0.06696
curr_td_f20_g1_lr2.75e-5_20260612T191957Z,3125,13107200000,de,forget,1.877295,6.535804,-0.06757
curr_td_f20_g1_lr2.75e-5_20260612T191957Z,3150,13212057600,de,forget,1.87697,6.533677,-0.0679
curr_td_f20_g1_lr2.75e-5_20260612T191957Z,3175,13316915200,de,forget,1.877145,6.53482,-0.06772
curr_td_f20_g1_lr2.75e-5_20260612T191957Z,3200,13421772800,de,forget,1.877081,6.534403,-0.06778
curr_td_f20_g1_lr2.75e-5_20260612T191957Z,25,104857600,english,forget,2.07503,7.964784,0.0
curr_td_f20_g1_lr2.75e-5_20260612T191957Z,50,209715200,english,forget,2.024475,7.572132,-0.05056
curr_td_f20_g1_lr2.75e-5_20260612T191957Z,75,314572800,english,forget,1.996862,7.365903,-0.07817
curr_td_f20_g1_lr2.75e-5_20260612T191957Z,100,419430400,english,forget,1.980206,7.244235,-0.09482
curr_td_f20_g1_lr2.75e-5_20260612T191957Z,125,524288000,english,forget,1.970505,7.174297,-0.10452
curr_td_f20_g1_lr2.75e-5_20260612T191957Z,150,629145600,english,forget,1.964567,7.131826,-0.11046
curr_td_f20_g1_lr2.75e-5_20260612T191957Z,175,734003200,english,forget,1.960957,7.106124,-0.11407
curr_td_f20_g1_lr2.75e-5_20260612T191957Z,200,838860800,english,forget,1.959396,7.095044,-0.11563
curr_td_f20_g1_lr2.75e-5_20260612T191957Z,225,943718400,english,forget,1.957213,7.079566,-0.11782
curr_td_f20_g1_lr2.75e-5_20260612T191957Z,250,1048576000,english,forget,1.95587,7.070065,-0.11916
curr_td_f20_g1_lr2.75e-5_20260612T191957Z,275,1153433600,english,forget,1.954891,7.063152,-0.12014
curr_td_f20_g1_lr2.75e-5_20260612T191957Z,300,1258291200,english,forget,1.953382,7.0525,-0.12165
curr_td_f20_g1_lr2.75e-5_20260612T191957Z,325,1363148800,english,forget,1.952955,7.049488,-0.12207
curr_td_f20_g1_lr2.75e-5_20260612T191957Z,350,1468006400,english,forget,1.954907,7.063262,-0.12012
curr_td_f20_g1_lr2.75e-5_20260612T191957Z,375,1572864000,english,forget,1.951985,7.042651,-0.12304
curr_td_f20_g1_lr2.75e-5_20260612T191957Z,400,1677721600,english,forget,1.951814,7.041447,-0.12322
curr_td_f20_g1_lr2.75e-5_20260612T191957Z,425,1782579200,english,forget,1.951108,7.036483,-0.12392
curr_td_f20_g1_lr2.75e-5_20260612T191957Z,450,1887436800,english,forget,1.951192,7.037072,-0.12384
curr_td_f20_g1_lr2.75e-5_20260612T191957Z,475,1992294400,english,forget,1.95041,7.031568,-0.12462
curr_td_f20_g1_lr2.75e-5_20260612T191957Z,500,2097152000,english,forget,1.95062,7.03305,-0.12441
curr_td_f20_g1_lr2.75e-5_20260612T191957Z,525,2202009600,english,forget,1.950295,7.030764,-0.12474
curr_td_f20_g1_lr2.75e-5_20260612T191957Z,550,2306867200,english,forget,1.950665,7.03336,-0.12436
curr_td_f20_g1_lr2.75e-5_20260612T191957Z,575,2411724800,english,forget,1.950508,7.032261,-0.12452
curr_td_f20_g1_lr2.75e-5_20260612T191957Z,600,2516582400,english,forget,1.950012,7.028772,-0.12502
curr_td_f20_g1_lr2.75e-5_20260612T191957Z,625,2621440000,english,forget,1.950127,7.029584,-0.1249
curr_td_f20_g1_lr2.75e-5_20260612T191957Z,650,2726297600,english,forget,1.950492,7.032143,-0.12454
curr_td_f20_g1_lr2.75e-5_20260612T191957Z,675,2831155200,english,forget,1.9499,7.027986,-0.12513
curr_td_f20_g1_lr2.75e-5_20260612T191957Z,700,2936012800,english,forget,1.950948,7.035356,-0.12408
curr_td_f20_g1_lr2.75e-5_20260612T191957Z,725,3040870400,english,forget,1.950738,7.033879,-0.12429
curr_td_f20_g1_lr2.75e-5_20260612T191957Z,750,3145728000,english,forget,1.95093,7.035226,-0.1241
curr_td_f20_g1_lr2.75e-5_20260612T191957Z,775,3250585600,english,forget,1.950417,7.031617,-0.12461
curr_td_f20_g1_lr2.75e-5_20260612T191957Z,800,3355443200,english,forget,1.950499,7.032193,-0.12453
curr_td_f20_g1_lr2.75e-5_20260612T191957Z,825,3460300800,english,forget,1.950846,7.034636,-0.12418
curr_td_f20_g1_lr2.75e-5_20260612T191957Z,850,3565158400,english,forget,1.95115,7.036773,-0.12388
curr_td_f20_g1_lr2.75e-5_20260612T191957Z,875,3670016000,english,forget,1.951498,7.039223,-0.12353
curr_td_f20_g1_lr2.75e-5_20260612T191957Z,900,3774873600,english,forget,1.951133,7.036657,-0.1239
curr_td_f20_g1_lr2.75e-5_20260612T191957Z,925,3879731200,english,forget,1.951789,7.041271,-0.12324
curr_td_f20_g1_lr2.75e-5_20260612T191957Z,950,3984588800,english,forget,1.95203,7.04297,-0.123
curr_td_f20_g1_lr2.75e-5_20260612T191957Z,975,4089446400,english,forget,1.952829,7.048599,-0.1222
curr_td_f20_g1_lr2.75e-5_20260612T191957Z,1000,4194304000,english,forget,1.955401,7.066753,-0.11963
curr_td_f20_g1_lr2.75e-5_20260612T191957Z,1025,4299161600,english,forget,1.953144,7.050823,-0.12189
curr_td_f20_g1_lr2.75e-5_20260612T191957Z,1050,4404019200,english,forget,1.952819,7.048533,-0.12221
curr_td_f20_g1_lr2.75e-5_20260612T191957Z,1075,4508876800,english,forget,1.953278,7.051763,-0.12175
curr_td_f20_g1_lr2.75e-5_20260612T191957Z,1100,4613734400,english,forget,1.953676,7.054572,-0.12135
curr_td_f20_g1_lr2.75e-5_20260612T191957Z,1125,4718592000,english,forget,1.953416,7.052741,-0.12161
curr_td_f20_g1_lr2.75e-5_20260612T191957Z,1150,4823449600,english,forget,1.953619,7.05417,-0.12141
curr_td_f20_g1_lr2.75e-5_20260612T191957Z,1175,4928307200,english,forget,1.953672,7.054546,-0.12136
curr_td_f20_g1_lr2.75e-5_20260612T191957Z,1200,5033164800,english,forget,1.954682,7.061676,-0.12035
curr_td_f20_g1_lr2.75e-5_20260612T191957Z,1225,5138022400,english,forget,1.954834,7.062747,-0.1202
curr_td_f20_g1_lr2.75e-5_20260612T191957Z,1250,5242880000,english,forget,1.955534,7.067689,-0.1195
curr_td_f20_g1_lr2.75e-5_20260612T191957Z,1275,5347737600,english,forget,1.955103,7.064646,-0.11993
curr_td_f20_g1_lr2.75e-5_20260612T191957Z,1300,5452595200,english,forget,1.955232,7.065558,-0.1198
curr_td_f20_g1_lr2.75e-5_20260612T191957Z,1325,5557452800,english,forget,1.955649,7.068508,-0.11938
curr_td_f20_g1_lr2.75e-5_20260612T191957Z,1350,5662310400,english,forget,1.956362,7.073548,-0.11867
curr_td_f20_g1_lr2.75e-5_20260612T191957Z,1375,5767168000,english,forget,1.956707,7.075986,-0.11832
curr_td_f20_g1_lr2.75e-5_20260612T191957Z,1400,5872025600,english,forget,1.957282,7.080059,-0.11775
curr_td_f20_g1_lr2.75e-5_20260612T191957Z,1425,5976883200,english,forget,1.957699,7.083009,-0.11733
curr_td_f20_g1_lr2.75e-5_20260612T191957Z,1450,6081740800,english,forget,1.957562,7.082042,-0.11747
curr_td_f20_g1_lr2.75e-5_20260612T191957Z,1475,6186598400,english,forget,1.957987,7.085048,-0.11704
curr_td_f20_g1_lr2.75e-5_20260612T191957Z,1500,6291456000,english,forget,1.95828,7.087129,-0.11675
curr_td_f20_g1_lr2.75e-5_20260612T191957Z,1525,6396313600,english,forget,1.958838,7.091084,-0.11619
curr_td_f20_g1_lr2.75e-5_20260612T191957Z,1550,6501171200,english,forget,1.95875,7.09046,-0.11628
curr_td_f20_g1_lr2.75e-5_20260612T191957Z,1575,6606028800,english,forget,1.95981,7.097981,-0.11522
curr_td_f20_g1_lr2.75e-5_20260612T191957Z,1600,6710886400,english,forget,1.959582,7.096361,-0.11545
curr_td_f20_g1_lr2.75e-5_20260612T191957Z,1625,6815744000,english,forget,1.960249,7.101094,-0.11478
curr_td_f20_g1_lr2.75e-5_20260612T191957Z,1650,6920601600,english,forget,1.960327,7.101652,-0.1147
curr_td_f20_g1_lr2.75e-5_20260612T191957Z,1675,7025459200,english,forget,1.960825,7.105189,-0.1142
curr_td_f20_g1_lr2.75e-5_20260612T191957Z,1700,7130316800,english,forget,1.961106,7.107182,-0.11392
curr_td_f20_g1_lr2.75e-5_20260612T191957Z,1725,7235174400,english,forget,1.961558,7.110395,-0.11347
curr_td_f20_g1_lr2.75e-5_20260612T191957Z,1750,7340032000,english,forget,1.962273,7.115479,-0.11276
curr_td_f20_g1_lr2.75e-5_20260612T191957Z,1775,7444889600,english,forget,1.96244,7.116673,-0.11259
curr_td_f20_g1_lr2.75e-5_20260612T191957Z,1800,7549747200,english,forget,1.963158,7.121779,-0.11187
curr_td_f20_g1_lr2.75e-5_20260612T191957Z,1825,7654604800,english,forget,1.963109,7.121435,-0.11192
curr_td_f20_g1_lr2.75e-5_20260612T191957Z,1850,7759462400,english,forget,1.964645,7.132378,-0.11038
curr_td_f20_g1_lr2.75e-5_20260612T191957Z,1875,7864320000,english,forget,1.963972,7.12758,-0.11106
curr_td_f20_g1_lr2.75e-5_20260612T191957Z,1900,7969177600,english,forget,1.965245,7.136664,-0.10979
curr_td_f20_g1_lr2.75e-5_20260612T191957Z,1925,8074035200,english,forget,1.964171,7.129001,-0.11086
curr_td_f20_g1_lr2.75e-5_20260612T191957Z,1950,8178892800,english,forget,1.964778,7.133328,-0.11025
curr_td_f20_g1_lr2.75e-5_20260612T191957Z,1975,8283750400,english,forget,1.964845,7.133805,-0.11018
curr_td_f20_g1_lr2.75e-5_20260612T191957Z,2000,8388608000,english,forget,1.965224,7.136509,-0.10981
curr_td_f20_g1_lr2.75e-5_20260612T191957Z,2025,8493465600,english,forget,1.966092,7.142712,-0.10894
curr_td_f20_g1_lr2.75e-5_20260612T191957Z,2050,8598323200,english,forget,1.966436,7.145168,-0.10859
curr_td_f20_g1_lr2.75e-5_20260612T191957Z,2075,8703180800,english,forget,1.967029,7.149407,-0.108
curr_td_f20_g1_lr2.75e-5_20260612T191957Z,2100,8808038400,english,forget,1.967293,7.151293,-0.10774
curr_td_f20_g1_lr2.75e-5_20260612T191957Z,2125,8912896000,english,forget,1.967679,7.15405,-0.10735
curr_td_f20_g1_lr2.75e-5_20260612T191957Z,2150,9017753600,english,forget,1.968218,7.157909,-0.10681
curr_td_f20_g1_lr2.75e-5_20260612T191957Z,2175,9122611200,english,forget,1.968624,7.160815,-0.10641
curr_td_f20_g1_lr2.75e-5_20260612T191957Z,2200,9227468800,english,forget,1.969028,7.163712,-0.106
curr_td_f20_g1_lr2.75e-5_20260612T191957Z,2225,9332326400,english,forget,1.969993,7.17063,-0.10504
curr_td_f20_g1_lr2.75e-5_20260612T191957Z,2250,9437184000,english,forget,1.970159,7.171815,-0.10487
curr_td_f20_g1_lr2.75e-5_20260612T191957Z,2275,9542041600,english,forget,1.974848,7.205522,-0.10018
curr_td_f20_g1_lr2.75e-5_20260612T191957Z,2300,9646899200,english,forget,1.973482,7.195686,-0.10155
curr_td_f20_g1_lr2.75e-5_20260612T191957Z,2325,9751756800,english,forget,1.973744,7.197571,-0.10129
curr_td_f20_g1_lr2.75e-5_20260612T191957Z,2350,9856614400,english,forget,1.973905,7.198732,-0.10112
curr_td_f20_g1_lr2.75e-5_20260612T191957Z,2375,9961472000,english,forget,1.974566,7.203491,-0.10046
curr_td_f20_g1_lr2.75e-5_20260612T191957Z,2400,10066329600,english,forget,1.974658,7.204156,-0.10037
curr_td_f20_g1_lr2.75e-5_20260612T191957Z,2425,10171187200,english,forget,1.975332,7.209015,-0.0997
curr_td_f20_g1_lr2.75e-5_20260612T191957Z,2450,10276044800,english,forget,1.975772,7.212185,-0.09926
curr_td_f20_g1_lr2.75e-5_20260612T191957Z,2475,10380902400,english,forget,1.975502,7.210238,-0.09953
curr_td_f20_g1_lr2.75e-5_20260612T191957Z,2500,10485760000,english,forget,1.976683,7.218757,-0.09835
curr_td_f20_g1_lr2.75e-5_20260612T191957Z,2525,10590617600,english,forget,1.977124,7.221941,-0.09791
curr_td_f20_g1_lr2.75e-5_20260612T191957Z,2550,10695475200,english,forget,1.977984,7.228159,-0.09705
curr_td_f20_g1_lr2.75e-5_20260612T191957Z,2575,10800332800,english,forget,1.978475,7.231703,-0.09655
curr_td_f20_g1_lr2.75e-5_20260612T191957Z,2600,10905190400,english,forget,1.978469,7.231662,-0.09656
curr_td_f20_g1_lr2.75e-5_20260612T191957Z,2625,11010048000,english,forget,1.979099,7.236218,-0.09593
curr_td_f20_g1_lr2.75e-5_20260612T191957Z,2650,11114905600,english,forget,1.978877,7.234613,-0.09615
curr_td_f20_g1_lr2.75e-5_20260612T191957Z,2675,11219763200,english,forget,1.978735,7.233586,-0.0963
curr_td_f20_g1_lr2.75e-5_20260612T191957Z,2700,11324620800,english,forget,1.979505,7.239161,-0.09552
curr_td_f20_g1_lr2.75e-5_20260612T191957Z,2725,11429478400,english,forget,1.979354,7.238065,-0.09568
curr_td_f20_g1_lr2.75e-5_20260612T191957Z,2750,11534336000,english,forget,1.98023,7.244406,-0.0948
curr_td_f20_g1_lr2.75e-5_20260612T191957Z,2775,11639193600,english,forget,1.979862,7.241741,-0.09517
curr_td_f20_g1_lr2.75e-5_20260612T191957Z,2800,11744051200,english,forget,1.979365,7.238142,-0.09566
curr_td_f20_g1_lr2.75e-5_20260612T191957Z,2825,11848908800,english,forget,1.978936,7.235043,-0.09609
curr_td_f20_g1_lr2.75e-5_20260612T191957Z,2850,11953766400,english,forget,1.979282,7.237546,-0.09575
curr_td_f20_g1_lr2.75e-5_20260612T191957Z,2875,12058624000,english,forget,1.979732,7.240801,-0.0953
curr_td_f20_g1_lr2.75e-5_20260612T191957Z,2900,12163481600,english,forget,1.980071,7.243257,-0.09496
curr_td_f20_g1_lr2.75e-5_20260612T191957Z,2925,12268339200,english,forget,1.979559,7.239553,-0.09547
curr_td_f20_g1_lr2.75e-5_20260612T191957Z,2950,12373196800,english,forget,1.979201,7.236962,-0.09583
curr_td_f20_g1_lr2.75e-5_20260612T191957Z,2975,12478054400,english,forget,1.978887,7.234689,-0.09614
curr_td_f20_g1_lr2.75e-5_20260612T191957Z,3000,12582912000,english,forget,1.979458,7.238819,-0.09557
curr_td_f20_g1_lr2.75e-5_20260612T191957Z,3025,12687769600,english,forget,1.979366,7.238154,-0.09566
curr_td_f20_g1_lr2.75e-5_20260612T191957Z,3050,12792627200,english,forget,1.979594,7.2398,-0.09544
curr_td_f20_g1_lr2.75e-5_20260612T191957Z,3075,12897484800,english,forget,1.979689,7.240489,-0.09534
curr_td_f20_g1_lr2.75e-5_20260612T191957Z,3100,13002342400,english,forget,1.979645,7.240172,-0.09538
curr_td_f20_g1_lr2.75e-5_20260612T191957Z,3125,13107200000,english,forget,1.979037,7.235769,-0.09599
curr_td_f20_g1_lr2.75e-5_20260612T191957Z,3150,13212057600,english,forget,1.978862,7.234502,-0.09617
curr_td_f20_g1_lr2.75e-5_20260612T191957Z,3175,13316915200,english,forget,1.978954,7.235171,-0.09608
curr_td_f20_g1_lr2.75e-5_20260612T191957Z,3200,13421772800,english,forget,1.979077,7.236064,-0.09595
curr_td_f20_g1_lr2.75e-5_20260612T191957Z,25,104857600,greek_phd,adapt,3.009802,20.28339,0.0
curr_td_f20_g1_lr2.75e-5_20260612T191957Z,50,209715200,greek_phd,adapt,2.610148,13.60106,-0.39965
curr_td_f20_g1_lr2.75e-5_20260612T191957Z,75,314572800,greek_phd,adapt,2.376272,10.7647,-0.63353
curr_td_f20_g1_lr2.75e-5_20260612T191957Z,100,419430400,greek_phd,adapt,2.23729,9.367907,-0.77251
curr_td_f20_g1_lr2.75e-5_20260612T191957Z,125,524288000,greek_phd,adapt,2.161403,8.683313,-0.8484
curr_td_f20_g1_lr2.75e-5_20260612T191957Z,150,629145600,greek_phd,adapt,2.107394,8.226776,-0.90241
curr_td_f20_g1_lr2.75e-5_20260612T191957Z,175,734003200,greek_phd,adapt,2.073123,7.949613,-0.93668
curr_td_f20_g1_lr2.75e-5_20260612T191957Z,200,838860800,greek_phd,adapt,2.060344,7.848665,-0.94946
curr_td_f20_g1_lr2.75e-5_20260612T191957Z,225,943718400,greek_phd,adapt,2.030421,7.617291,-0.97938
curr_td_f20_g1_lr2.75e-5_20260612T191957Z,250,1048576000,greek_phd,adapt,2.013238,7.487526,-0.99656
curr_td_f20_g1_lr2.75e-5_20260612T191957Z,275,1153433600,greek_phd,adapt,1.994596,7.349232,-1.01521
curr_td_f20_g1_lr2.75e-5_20260612T191957Z,300,1258291200,greek_phd,adapt,1.981458,7.253308,-1.02834
curr_td_f20_g1_lr2.75e-5_20260612T191957Z,325,1363148800,greek_phd,adapt,1.967516,7.152887,-1.04229
curr_td_f20_g1_lr2.75e-5_20260612T191957Z,350,1468006400,greek_phd,adapt,1.963097,7.121345,-1.0467
curr_td_f20_g1_lr2.75e-5_20260612T191957Z,375,1572864000,greek_phd,adapt,1.94943,7.024686,-1.06037
curr_td_f20_g1_lr2.75e-5_20260612T191957Z,400,1677721600,greek_phd,adapt,1.939904,6.958085,-1.0699
curr_td_f20_g1_lr2.75e-5_20260612T191957Z,425,1782579200,greek_phd,adapt,1.929211,6.884076,-1.08059
curr_td_f20_g1_lr2.75e-5_20260612T191957Z,450,1887436800,greek_phd,adapt,1.921824,6.833414,-1.08798
curr_td_f20_g1_lr2.75e-5_20260612T191957Z,475,1992294400,greek_phd,adapt,1.91414,6.781101,-1.09566
curr_td_f20_g1_lr2.75e-5_20260612T191957Z,500,2097152000,greek_phd,adapt,1.906592,6.730113,-1.10321
curr_td_f20_g1_lr2.75e-5_20260612T191957Z,525,2202009600,greek_phd,adapt,1.900771,6.691051,-1.10903
curr_td_f20_g1_lr2.75e-5_20260612T191957Z,550,2306867200,greek_phd,adapt,1.894458,6.648944,-1.11534
curr_td_f20_g1_lr2.75e-5_20260612T191957Z,575,2411724800,greek_phd,adapt,1.891049,6.626315,-1.11875
curr_td_f20_g1_lr2.75e-5_20260612T191957Z,600,2516582400,greek_phd,adapt,1.885418,6.58911,-1.12438
curr_td_f20_g1_lr2.75e-5_20260612T191957Z,625,2621440000,greek_phd,adapt,1.881269,6.56183,-1.12853
curr_td_f20_g1_lr2.75e-5_20260612T191957Z,650,2726297600,greek_phd,adapt,1.877978,6.54027,-1.13182
curr_td_f20_g1_lr2.75e-5_20260612T191957Z,675,2831155200,greek_phd,adapt,1.873506,6.511082,-1.1363
curr_td_f20_g1_lr2.75e-5_20260612T191957Z,700,2936012800,greek_phd,adapt,1.872756,6.506201,-1.13705
curr_td_f20_g1_lr2.75e-5_20260612T191957Z,725,3040870400,greek_phd,adapt,1.867425,6.471609,-1.14238
curr_td_f20_g1_lr2.75e-5_20260612T191957Z,750,3145728000,greek_phd,adapt,1.865543,6.459445,-1.14426
curr_td_f20_g1_lr2.75e-5_20260612T191957Z,775,3250585600,greek_phd,adapt,1.861453,6.433079,-1.14835
curr_td_f20_g1_lr2.75e-5_20260612T191957Z,800,3355443200,greek_phd,adapt,1.854816,6.390525,-1.15499
curr_td_f20_g1_lr2.75e-5_20260612T191957Z,825,3460300800,greek_phd,adapt,1.850702,6.364287,-1.1591
curr_td_f20_g1_lr2.75e-5_20260612T191957Z,850,3565158400,greek_phd,adapt,1.848623,6.351068,-1.16118
curr_td_f20_g1_lr2.75e-5_20260612T191957Z,875,3670016000,greek_phd,adapt,1.846513,6.337683,-1.16329
curr_td_f20_g1_lr2.75e-5_20260612T191957Z,900,3774873600,greek_phd,adapt,1.84302,6.31558,-1.16678
curr_td_f20_g1_lr2.75e-5_20260612T191957Z,925,3879731200,greek_phd,adapt,1.841718,6.307366,-1.16808
curr_td_f20_g1_lr2.75e-5_20260612T191957Z,950,3984588800,greek_phd,adapt,1.838821,6.289116,-1.17098
curr_td_f20_g1_lr2.75e-5_20260612T191957Z,975,4089446400,greek_phd,adapt,1.841031,6.303036,-1.16877
curr_td_f20_g1_lr2.75e-5_20260612T191957Z,1000,4194304000,greek_phd,adapt,1.852368,6.374895,-1.15743
curr_td_f20_g1_lr2.75e-5_20260612T191957Z,1025,4299161600,greek_phd,adapt,1.834267,6.260544,-1.17553
curr_td_f20_g1_lr2.75e-5_20260612T191957Z,1050,4404019200,greek_phd,adapt,1.831358,6.242358,-1.17844
curr_td_f20_g1_lr2.75e-5_20260612T191957Z,1075,4508876800,greek_phd,adapt,1.829172,6.22873,-1.18063
curr_td_f20_g1_lr2.75e-5_20260612T191957Z,1100,4613734400,greek_phd,adapt,1.830079,6.23438,-1.17972
curr_td_f20_g1_lr2.75e-5_20260612T191957Z,1125,4718592000,greek_phd,adapt,1.826269,6.210674,-1.18353
curr_td_f20_g1_lr2.75e-5_20260612T191957Z,1150,4823449600,greek_phd,adapt,1.823267,6.192055,-1.18654
curr_td_f20_g1_lr2.75e-5_20260612T191957Z,1175,4928307200,greek_phd,adapt,1.820338,6.173947,-1.18946
curr_td_f20_g1_lr2.75e-5_20260612T191957Z,1200,5033164800,greek_phd,adapt,1.819842,6.170883,-1.18996
curr_td_f20_g1_lr2.75e-5_20260612T191957Z,1225,5138022400,greek_phd,adapt,1.818301,6.161384,-1.1915
curr_td_f20_g1_lr2.75e-5_20260612T191957Z,1250,5242880000,greek_phd,adapt,1.817792,6.158247,-1.19201
curr_td_f20_g1_lr2.75e-5_20260612T191957Z,1275,5347737600,greek_phd,adapt,1.814654,6.138951,-1.19515
curr_td_f20_g1_lr2.75e-5_20260612T191957Z,1300,5452595200,greek_phd,adapt,1.813389,6.131192,-1.19641
curr_td_f20_g1_lr2.75e-5_20260612T191957Z,1325,5557452800,greek_phd,adapt,1.811876,6.121919,-1.19793
curr_td_f20_g1_lr2.75e-5_20260612T191957Z,1350,5662310400,greek_phd,adapt,1.810444,6.11316,-1.19936
curr_td_f20_g1_lr2.75e-5_20260612T191957Z,1375,5767168000,greek_phd,adapt,1.808854,6.103447,-1.20095
curr_td_f20_g1_lr2.75e-5_20260612T191957Z,1400,5872025600,greek_phd,adapt,1.807808,6.097066,-1.20199
curr_td_f20_g1_lr2.75e-5_20260612T191957Z,1425,5976883200,greek_phd,adapt,1.807036,6.092364,-1.20277
curr_td_f20_g1_lr2.75e-5_20260612T191957Z,1450,6081740800,greek_phd,adapt,1.804918,6.079472,-1.20488
curr_td_f20_g1_lr2.75e-5_20260612T191957Z,1475,6186598400,greek_phd,adapt,1.803988,6.073819,-1.20581
curr_td_f20_g1_lr2.75e-5_20260612T191957Z,1500,6291456000,greek_phd,adapt,1.801668,6.059746,-1.20813
curr_td_f20_g1_lr2.75e-5_20260612T191957Z,1525,6396313600,greek_phd,adapt,1.800741,6.054129,-1.20906
curr_td_f20_g1_lr2.75e-5_20260612T191957Z,1550,6501171200,greek_phd,adapt,1.799271,6.04524,-1.21053
curr_td_f20_g1_lr2.75e-5_20260612T191957Z,1575,6606028800,greek_phd,adapt,1.800986,6.055618,-1.20882
curr_td_f20_g1_lr2.75e-5_20260612T191957Z,1600,6710886400,greek_phd,adapt,1.797129,6.032301,-1.21267
curr_td_f20_g1_lr2.75e-5_20260612T191957Z,1625,6815744000,greek_phd,adapt,1.796108,6.026148,-1.21369
curr_td_f20_g1_lr2.75e-5_20260612T191957Z,1650,6920601600,greek_phd,adapt,1.794316,6.015361,-1.21549
curr_td_f20_g1_lr2.75e-5_20260612T191957Z,1675,7025459200,greek_phd,adapt,1.793789,6.01219,-1.21601
curr_td_f20_g1_lr2.75e-5_20260612T191957Z,1700,7130316800,greek_phd,adapt,1.792897,6.006827,-1.21691
curr_td_f20_g1_lr2.75e-5_20260612T191957Z,1725,7235174400,greek_phd,adapt,1.792068,6.001851,-1.21773
curr_td_f20_g1_lr2.75e-5_20260612T191957Z,1750,7340032000,greek_phd,adapt,1.791181,5.996533,-1.21862
curr_td_f20_g1_lr2.75e-5_20260612T191957Z,1775,7444889600,greek_phd,adapt,1.789324,5.985405,-1.22048
curr_td_f20_g1_lr2.75e-5_20260612T191957Z,1800,7549747200,greek_phd,adapt,1.788513,5.980555,-1.22129
curr_td_f20_g1_lr2.75e-5_20260612T191957Z,1825,7654604800,greek_phd,adapt,1.787405,5.973933,-1.2224
curr_td_f20_g1_lr2.75e-5_20260612T191957Z,1850,7759462400,greek_phd,adapt,1.787195,5.972676,-1.22261
curr_td_f20_g1_lr2.75e-5_20260612T191957Z,1875,7864320000,greek_phd,adapt,1.78639,5.967868,-1.22341
curr_td_f20_g1_lr2.75e-5_20260612T191957Z,1900,7969177600,greek_phd,adapt,1.791028,5.995611,-1.21877
curr_td_f20_g1_lr2.75e-5_20260612T191957Z,1925,8074035200,greek_phd,adapt,1.783965,5.953415,-1.22584
curr_td_f20_g1_lr2.75e-5_20260612T191957Z,1950,8178892800,greek_phd,adapt,1.782538,5.944925,-1.22726
curr_td_f20_g1_lr2.75e-5_20260612T191957Z,1975,8283750400,greek_phd,adapt,1.781446,5.938436,-1.22836
curr_td_f20_g1_lr2.75e-5_20260612T191957Z,2000,8388608000,greek_phd,adapt,1.780109,5.930503,-1.22969
curr_td_f20_g1_lr2.75e-5_20260612T191957Z,2025,8493465600,greek_phd,adapt,1.779796,5.928647,-1.23001
curr_td_f20_g1_lr2.75e-5_20260612T191957Z,2050,8598323200,greek_phd,adapt,1.778671,5.921983,-1.23113
curr_td_f20_g1_lr2.75e-5_20260612T191957Z,2075,8703180800,greek_phd,adapt,1.778224,5.919335,-1.23158
curr_td_f20_g1_lr2.75e-5_20260612T191957Z,2100,8808038400,greek_phd,adapt,1.777116,5.91278,-1.23269
curr_td_f20_g1_lr2.75e-5_20260612T191957Z,2125,8912896000,greek_phd,adapt,1.77648,5.90902,-1.23332
curr_td_f20_g1_lr2.75e-5_20260612T191957Z,2150,9017753600,greek_phd,adapt,1.775433,5.902836,-1.23437
curr_td_f20_g1_lr2.75e-5_20260612T191957Z,2175,9122611200,greek_phd,adapt,1.774653,5.898232,-1.23515
curr_td_f20_g1_lr2.75e-5_20260612T191957Z,2200,9227468800,greek_phd,adapt,1.773979,5.894263,-1.23582
curr_td_f20_g1_lr2.75e-5_20260612T191957Z,2225,9332326400,greek_phd,adapt,1.77742,5.914577,-1.23238
curr_td_f20_g1_lr2.75e-5_20260612T191957Z,2250,9437184000,greek_phd,adapt,1.773755,5.89294,-1.23605
curr_td_f20_g1_lr2.75e-5_20260612T191957Z,2275,9542041600,greek_phd,adapt,1.733439,5.660085,-1.27636
curr_td_f20_g1_lr2.75e-5_20260612T191957Z,2300,9646899200,greek_phd,adapt,1.715307,5.558383,-1.2945
curr_td_f20_g1_lr2.75e-5_20260612T191957Z,2325,9751756800,greek_phd,adapt,1.708133,5.51865,-1.30167
curr_td_f20_g1_lr2.75e-5_20260612T191957Z,2350,9856614400,greek_phd,adapt,1.701907,5.484394,-1.3079
curr_td_f20_g1_lr2.75e-5_20260612T191957Z,2375,9961472000,greek_phd,adapt,1.695659,5.450238,-1.31414
curr_td_f20_g1_lr2.75e-5_20260612T191957Z,2400,10066329600,greek_phd,adapt,1.691555,5.427917,-1.31825
curr_td_f20_g1_lr2.75e-5_20260612T191957Z,2425,10171187200,greek_phd,adapt,1.688265,5.410086,-1.32154
curr_td_f20_g1_lr2.75e-5_20260612T191957Z,2450,10276044800,greek_phd,adapt,1.684853,5.391658,-1.32495
curr_td_f20_g1_lr2.75e-5_20260612T191957Z,2475,10380902400,greek_phd,adapt,1.680506,5.368273,-1.3293
curr_td_f20_g1_lr2.75e-5_20260612T191957Z,2500,10485760000,greek_phd,adapt,1.678056,5.355134,-1.33175
curr_td_f20_g1_lr2.75e-5_20260612T191957Z,2525,10590617600,greek_phd,adapt,1.675748,5.342791,-1.33405
curr_td_f20_g1_lr2.75e-5_20260612T191957Z,2550,10695475200,greek_phd,adapt,1.674554,5.336417,-1.33525
curr_td_f20_g1_lr2.75e-5_20260612T191957Z,2575,10800332800,greek_phd,adapt,1.67158,5.32057,-1.33822
curr_td_f20_g1_lr2.75e-5_20260612T191957Z,2600,10905190400,greek_phd,adapt,1.668588,5.304672,-1.34121
curr_td_f20_g1_lr2.75e-5_20260612T191957Z,2625,11010048000,greek_phd,adapt,1.66731,5.297896,-1.34249
curr_td_f20_g1_lr2.75e-5_20260612T191957Z,2650,11114905600,greek_phd,adapt,1.664691,5.284041,-1.34511
curr_td_f20_g1_lr2.75e-5_20260612T191957Z,2675,11219763200,greek_phd,adapt,1.662714,5.273602,-1.34709
curr_td_f20_g1_lr2.75e-5_20260612T191957Z,2700,11324620800,greek_phd,adapt,1.661988,5.269779,-1.34781
curr_td_f20_g1_lr2.75e-5_20260612T191957Z,2725,11429478400,greek_phd,adapt,1.659496,5.256659,-1.35031
curr_td_f20_g1_lr2.75e-5_20260612T191957Z,2750,11534336000,greek_phd,adapt,1.658458,5.251206,-1.35134
curr_td_f20_g1_lr2.75e-5_20260612T191957Z,2775,11639193600,greek_phd,adapt,1.65708,5.243977,-1.35272
curr_td_f20_g1_lr2.75e-5_20260612T191957Z,2800,11744051200,greek_phd,adapt,1.655383,5.235085,-1.35442
curr_td_f20_g1_lr2.75e-5_20260612T191957Z,2825,11848908800,greek_phd,adapt,1.653648,5.226007,-1.35615
curr_td_f20_g1_lr2.75e-5_20260612T191957Z,2850,11953766400,greek_phd,adapt,1.652723,5.22118,-1.35708
curr_td_f20_g1_lr2.75e-5_20260612T191957Z,2875,12058624000,greek_phd,adapt,1.651819,5.216462,-1.35798
curr_td_f20_g1_lr2.75e-5_20260612T191957Z,2900,12163481600,greek_phd,adapt,1.650936,5.211854,-1.35887
curr_td_f20_g1_lr2.75e-5_20260612T191957Z,2925,12268339200,greek_phd,adapt,1.649658,5.205201,-1.36014
curr_td_f20_g1_lr2.75e-5_20260612T191957Z,2950,12373196800,greek_phd,adapt,1.648495,5.199151,-1.36131
curr_td_f20_g1_lr2.75e-5_20260612T191957Z,2975,12478054400,greek_phd,adapt,1.647945,5.196291,-1.36186
curr_td_f20_g1_lr2.75e-5_20260612T191957Z,3000,12582912000,greek_phd,adapt,1.647001,5.191388,-1.3628
curr_td_f20_g1_lr2.75e-5_20260612T191957Z,3025,12687769600,greek_phd,adapt,1.646184,5.187148,-1.36362
curr_td_f20_g1_lr2.75e-5_20260612T191957Z,3050,12792627200,greek_phd,adapt,1.64542,5.183188,-1.36438
curr_td_f20_g1_lr2.75e-5_20260612T191957Z,3075,12897484800,greek_phd,adapt,1.644735,5.179636,-1.36507
curr_td_f20_g1_lr2.75e-5_20260612T191957Z,3100,13002342400,greek_phd,adapt,1.644023,5.17595,-1.36578
curr_td_f20_g1_lr2.75e-5_20260612T191957Z,3125,13107200000,greek_phd,adapt,1.64324,5.1719,-1.36656
curr_td_f20_g1_lr2.75e-5_20260612T191957Z,3150,13212057600,greek_phd,adapt,1.642688,5.169046,-1.36711
curr_td_f20_g1_lr2.75e-5_20260612T191957Z,3175,13316915200,greek_phd,adapt,1.642337,5.167232,-1.36747
curr_td_f20_g1_lr2.75e-5_20260612T191957Z,3200,13421772800,greek_phd,adapt,1.641599,5.16342,-1.3682
curr_td_f20_g1_lr2.75e-5_20260612T191957Z,25,104857600,hplt,adapt,4.349646,77.45105,0.0
curr_td_f20_g1_lr2.75e-5_20260612T191957Z,50,209715200,hplt,adapt,3.632462,37.80576,-0.71718
curr_td_f20_g1_lr2.75e-5_20260612T191957Z,75,314572800,hplt,adapt,3.180517,24.05919,-1.16913
curr_td_f20_g1_lr2.75e-5_20260612T191957Z,100,419430400,hplt,adapt,2.922753,18.59241,-1.42689
curr_td_f20_g1_lr2.75e-5_20260612T191957Z,125,524288000,hplt,adapt,2.78016,16.1216,-1.56949
curr_td_f20_g1_lr2.75e-5_20260612T191957Z,150,629145600,hplt,adapt,2.679731,14.58118,-1.66992
curr_td_f20_g1_lr2.75e-5_20260612T191957Z,175,734003200,hplt,adapt,2.618289,13.71224,-1.73136
curr_td_f20_g1_lr2.75e-5_20260612T191957Z,200,838860800,hplt,adapt,2.596349,13.41467,-1.7533
curr_td_f20_g1_lr2.75e-5_20260612T191957Z,225,943718400,hplt,adapt,2.540126,12.68126,-1.80952
curr_td_f20_g1_lr2.75e-5_20260612T191957Z,250,1048576000,hplt,adapt,2.50797,12.27997,-1.84168
curr_td_f20_g1_lr2.75e-5_20260612T191957Z,275,1153433600,hplt,adapt,2.474952,11.88114,-1.87469
curr_td_f20_g1_lr2.75e-5_20260612T191957Z,300,1258291200,hplt,adapt,2.450894,11.59872,-1.89875
curr_td_f20_g1_lr2.75e-5_20260612T191957Z,325,1363148800,hplt,adapt,2.426534,11.31959,-1.92311
curr_td_f20_g1_lr2.75e-5_20260612T191957Z,350,1468006400,hplt,adapt,2.416,11.20097,-1.93365
curr_td_f20_g1_lr2.75e-5_20260612T191957Z,375,1572864000,hplt,adapt,2.389469,10.9077,-1.96018
curr_td_f20_g1_lr2.75e-5_20260612T191957Z,400,1677721600,hplt,adapt,2.372177,10.72071,-1.97747
curr_td_f20_g1_lr2.75e-5_20260612T191957Z,425,1782579200,hplt,adapt,2.354632,10.53425,-1.99501
curr_td_f20_g1_lr2.75e-5_20260612T191957Z,450,1887436800,hplt,adapt,2.340176,10.38306,-2.00947
curr_td_f20_g1_lr2.75e-5_20260612T191957Z,475,1992294400,hplt,adapt,2.325517,10.23197,-2.02413
curr_td_f20_g1_lr2.75e-5_20260612T191957Z,500,2097152000,hplt,adapt,2.311937,10.09396,-2.03771
curr_td_f20_g1_lr2.75e-5_20260612T191957Z,525,2202009600,hplt,adapt,2.299686,9.971048,-2.04996
curr_td_f20_g1_lr2.75e-5_20260612T191957Z,550,2306867200,hplt,adapt,2.289215,9.867185,-2.06043
curr_td_f20_g1_lr2.75e-5_20260612T191957Z,575,2411724800,hplt,adapt,2.28139,9.790281,-2.06826
curr_td_f20_g1_lr2.75e-5_20260612T191957Z,600,2516582400,hplt,adapt,2.269906,9.678487,-2.07974
curr_td_f20_g1_lr2.75e-5_20260612T191957Z,625,2621440000,hplt,adapt,2.262546,9.607519,-2.0871
curr_td_f20_g1_lr2.75e-5_20260612T191957Z,650,2726297600,hplt,adapt,2.25341,9.520147,-2.09624
curr_td_f20_g1_lr2.75e-5_20260612T191957Z,675,2831155200,hplt,adapt,2.244135,9.432252,-2.10551
curr_td_f20_g1_lr2.75e-5_20260612T191957Z,700,2936012800,hplt,adapt,2.242695,9.418684,-2.10695
curr_td_f20_g1_lr2.75e-5_20260612T191957Z,725,3040870400,hplt,adapt,2.230982,9.308999,-2.11866
curr_td_f20_g1_lr2.75e-5_20260612T191957Z,750,3145728000,hplt,adapt,2.225101,9.254422,-2.12454
curr_td_f20_g1_lr2.75e-5_20260612T191957Z,775,3250585600,hplt,adapt,2.218808,9.196366,-2.13084
curr_td_f20_g1_lr2.75e-5_20260612T191957Z,800,3355443200,hplt,adapt,2.210272,9.118193,-2.13937
curr_td_f20_g1_lr2.75e-5_20260612T191957Z,825,3460300800,hplt,adapt,2.203989,9.061086,-2.14566
curr_td_f20_g1_lr2.75e-5_20260612T191957Z,850,3565158400,hplt,adapt,2.199102,9.016914,-2.15054
curr_td_f20_g1_lr2.75e-5_20260612T191957Z,875,3670016000,hplt,adapt,2.194687,8.977188,-2.15496
curr_td_f20_g1_lr2.75e-5_20260612T191957Z,900,3774873600,hplt,adapt,2.188343,8.92042,-2.1613
curr_td_f20_g1_lr2.75e-5_20260612T191957Z,925,3879731200,hplt,adapt,2.185986,8.899417,-2.16366
curr_td_f20_g1_lr2.75e-5_20260612T191957Z,950,3984588800,hplt,adapt,2.179061,8.838007,-2.17058
curr_td_f20_g1_lr2.75e-5_20260612T191957Z,975,4089446400,hplt,adapt,2.181664,8.861037,-2.16798
curr_td_f20_g1_lr2.75e-5_20260612T191957Z,1000,4194304000,hplt,adapt,2.200803,9.032262,-2.14884
curr_td_f20_g1_lr2.75e-5_20260612T191957Z,1025,4299161600,hplt,adapt,2.168548,8.745577,-2.1811
curr_td_f20_g1_lr2.75e-5_20260612T191957Z,1050,4404019200,hplt,adapt,2.161489,8.684061,-2.18816
curr_td_f20_g1_lr2.75e-5_20260612T191957Z,1075,4508876800,hplt,adapt,2.156849,8.643861,-2.1928
curr_td_f20_g1_lr2.75e-5_20260612T191957Z,1100,4613734400,hplt,adapt,2.157429,8.648873,-2.19222
curr_td_f20_g1_lr2.75e-5_20260612T191957Z,1125,4718592000,hplt,adapt,2.150479,8.588972,-2.19917
curr_td_f20_g1_lr2.75e-5_20260612T191957Z,1150,4823449600,hplt,adapt,2.145386,8.545335,-2.20426
curr_td_f20_g1_lr2.75e-5_20260612T191957Z,1175,4928307200,hplt,adapt,2.141397,8.51132,-2.20825
curr_td_f20_g1_lr2.75e-5_20260612T191957Z,1200,5033164800,hplt,adapt,2.138558,8.487192,-2.21109
curr_td_f20_g1_lr2.75e-5_20260612T191957Z,1225,5138022400,hplt,adapt,2.135669,8.46271,-2.21398
curr_td_f20_g1_lr2.75e-5_20260612T191957Z,1250,5242880000,hplt,adapt,2.134262,8.450808,-2.21538
curr_td_f20_g1_lr2.75e-5_20260612T191957Z,1275,5347737600,hplt,adapt,2.127602,8.394711,-2.22204
curr_td_f20_g1_lr2.75e-5_20260612T191957Z,1300,5452595200,hplt,adapt,2.124877,8.371865,-2.22477
curr_td_f20_g1_lr2.75e-5_20260612T191957Z,1325,5557452800,hplt,adapt,2.121063,8.339998,-2.22858
curr_td_f20_g1_lr2.75e-5_20260612T191957Z,1350,5662310400,hplt,adapt,2.118671,8.320072,-2.23097
curr_td_f20_g1_lr2.75e-5_20260612T191957Z,1375,5767168000,hplt,adapt,2.115008,8.289655,-2.23464
curr_td_f20_g1_lr2.75e-5_20260612T191957Z,1400,5872025600,hplt,adapt,2.111668,8.262014,-2.23798
curr_td_f20_g1_lr2.75e-5_20260612T191957Z,1425,5976883200,hplt,adapt,2.110424,8.251736,-2.23922
curr_td_f20_g1_lr2.75e-5_20260612T191957Z,1450,6081740800,hplt,adapt,2.106277,8.217586,-2.24337
curr_td_f20_g1_lr2.75e-5_20260612T191957Z,1475,6186598400,hplt,adapt,2.104792,8.205399,-2.24485
curr_td_f20_g1_lr2.75e-5_20260612T191957Z,1500,6291456000,hplt,adapt,2.099876,8.165159,-2.24977
curr_td_f20_g1_lr2.75e-5_20260612T191957Z,1525,6396313600,hplt,adapt,2.098649,8.155147,-2.251
curr_td_f20_g1_lr2.75e-5_20260612T191957Z,1550,6501171200,hplt,adapt,2.094568,8.121936,-2.25508
curr_td_f20_g1_lr2.75e-5_20260612T191957Z,1575,6606028800,hplt,adapt,2.096879,8.140725,-2.25277
curr_td_f20_g1_lr2.75e-5_20260612T191957Z,1600,6710886400,hplt,adapt,2.089003,8.076861,-2.26064
curr_td_f20_g1_lr2.75e-5_20260612T191957Z,1625,6815744000,hplt,adapt,2.08716,8.061989,-2.26249
curr_td_f20_g1_lr2.75e-5_20260612T191957Z,1650,6920601600,hplt,adapt,2.083434,8.032006,-2.26621
curr_td_f20_g1_lr2.75e-5_20260612T191957Z,1675,7025459200,hplt,adapt,2.081475,8.016281,-2.26817
curr_td_f20_g1_lr2.75e-5_20260612T191957Z,1700,7130316800,hplt,adapt,2.080176,8.005881,-2.26947
curr_td_f20_g1_lr2.75e-5_20260612T191957Z,1725,7235174400,hplt,adapt,2.077949,7.988069,-2.2717
curr_td_f20_g1_lr2.75e-5_20260612T191957Z,1750,7340032000,hplt,adapt,2.074746,7.962525,-2.2749
curr_td_f20_g1_lr2.75e-5_20260612T191957Z,1775,7444889600,hplt,adapt,2.071631,7.937762,-2.27801
curr_td_f20_g1_lr2.75e-5_20260612T191957Z,1800,7549747200,hplt,adapt,2.069438,7.920374,-2.28021
curr_td_f20_g1_lr2.75e-5_20260612T191957Z,1825,7654604800,hplt,adapt,2.066574,7.897722,-2.28307
curr_td_f20_g1_lr2.75e-5_20260612T191957Z,1850,7759462400,hplt,adapt,2.065995,7.893146,-2.28365
curr_td_f20_g1_lr2.75e-5_20260612T191957Z,1875,7864320000,hplt,adapt,2.063939,7.876937,-2.28571
curr_td_f20_g1_lr2.75e-5_20260612T191957Z,1900,7969177600,hplt,adapt,2.07262,7.945615,-2.27703
curr_td_f20_g1_lr2.75e-5_20260612T191957Z,1925,8074035200,hplt,adapt,2.059321,7.840644,-2.29032
curr_td_f20_g1_lr2.75e-5_20260612T191957Z,1950,8178892800,hplt,adapt,2.056256,7.816652,-2.29339
curr_td_f20_g1_lr2.75e-5_20260612T191957Z,1975,8283750400,hplt,adapt,2.05387,7.798019,-2.29578
curr_td_f20_g1_lr2.75e-5_20260612T191957Z,2000,8388608000,hplt,adapt,2.051929,7.7829,-2.29772
curr_td_f20_g1_lr2.75e-5_20260612T191957Z,2025,8493465600,hplt,adapt,2.050052,7.768304,-2.29959
curr_td_f20_g1_lr2.75e-5_20260612T191957Z,2050,8598323200,hplt,adapt,2.047523,7.748688,-2.30212
curr_td_f20_g1_lr2.75e-5_20260612T191957Z,2075,8703180800,hplt,adapt,2.04637,7.739753,-2.30328
curr_td_f20_g1_lr2.75e-5_20260612T191957Z,2100,8808038400,hplt,adapt,2.044576,7.72588,-2.30507
curr_td_f20_g1_lr2.75e-5_20260612T191957Z,2125,8912896000,hplt,adapt,2.042385,7.708976,-2.30726
curr_td_f20_g1_lr2.75e-5_20260612T191957Z,2150,9017753600,hplt,adapt,2.039966,7.690349,-2.30968
curr_td_f20_g1_lr2.75e-5_20260612T191957Z,2175,9122611200,hplt,adapt,2.038028,7.675455,-2.31162
curr_td_f20_g1_lr2.75e-5_20260612T191957Z,2200,9227468800,hplt,adapt,2.03707,7.668109,-2.31258
curr_td_f20_g1_lr2.75e-5_20260612T191957Z,2225,9332326400,hplt,adapt,2.044118,7.722348,-2.30553
curr_td_f20_g1_lr2.75e-5_20260612T191957Z,2250,9437184000,hplt,adapt,2.036354,7.662621,-2.31329
curr_td_f20_g1_lr2.75e-5_20260612T191957Z,2275,9542041600,hplt,adapt,2.041313,7.700713,-2.30833
curr_td_f20_g1_lr2.75e-5_20260612T191957Z,2300,9646899200,hplt,adapt,2.041858,7.704911,-2.30779
curr_td_f20_g1_lr2.75e-5_20260612T191957Z,2325,9751756800,hplt,adapt,2.042862,7.712651,-2.30678
curr_td_f20_g1_lr2.75e-5_20260612T191957Z,2350,9856614400,hplt,adapt,2.043058,7.714162,-2.30659
curr_td_f20_g1_lr2.75e-5_20260612T191957Z,2375,9961472000,hplt,adapt,2.042487,7.709759,-2.30716
curr_td_f20_g1_lr2.75e-5_20260612T191957Z,2400,10066329600,hplt,adapt,2.042456,7.709522,-2.30719
curr_td_f20_g1_lr2.75e-5_20260612T191957Z,2425,10171187200,hplt,adapt,2.042891,7.712877,-2.30675
curr_td_f20_g1_lr2.75e-5_20260612T191957Z,2450,10276044800,hplt,adapt,2.04371,7.719196,-2.30594
curr_td_f20_g1_lr2.75e-5_20260612T191957Z,2475,10380902400,hplt,adapt,2.042712,7.711492,-2.30693
curr_td_f20_g1_lr2.75e-5_20260612T191957Z,2500,10485760000,hplt,adapt,2.0432,7.715255,-2.30645
curr_td_f20_g1_lr2.75e-5_20260612T191957Z,2525,10590617600,hplt,adapt,2.044217,7.723106,-2.30543
curr_td_f20_g1_lr2.75e-5_20260612T191957Z,2550,10695475200,hplt,adapt,2.045958,7.736565,-2.30369
curr_td_f20_g1_lr2.75e-5_20260612T191957Z,2575,10800332800,hplt,adapt,2.046011,7.73698,-2.30363
curr_td_f20_g1_lr2.75e-5_20260612T191957Z,2600,10905190400,hplt,adapt,2.044684,7.726718,-2.30496
curr_td_f20_g1_lr2.75e-5_20260612T191957Z,2625,11010048000,hplt,adapt,2.045115,7.730044,-2.30453
curr_td_f20_g1_lr2.75e-5_20260612T191957Z,2650,11114905600,hplt,adapt,2.04504,7.729465,-2.30461
curr_td_f20_g1_lr2.75e-5_20260612T191957Z,2675,11219763200,hplt,adapt,2.044988,7.729069,-2.30466
curr_td_f20_g1_lr2.75e-5_20260612T191957Z,2700,11324620800,hplt,adapt,2.045178,7.730538,-2.30447
curr_td_f20_g1_lr2.75e-5_20260612T191957Z,2725,11429478400,hplt,adapt,2.044529,7.725522,-2.30512
curr_td_f20_g1_lr2.75e-5_20260612T191957Z,2750,11534336000,hplt,adapt,2.044862,7.728089,-2.30478
curr_td_f20_g1_lr2.75e-5_20260612T191957Z,2775,11639193600,hplt,adapt,2.044667,7.726583,-2.30498
curr_td_f20_g1_lr2.75e-5_20260612T191957Z,2800,11744051200,hplt,adapt,2.044055,7.721861,-2.30559
curr_td_f20_g1_lr2.75e-5_20260612T191957Z,2825,11848908800,hplt,adapt,2.043622,7.718519,-2.30602
curr_td_f20_g1_lr2.75e-5_20260612T191957Z,2850,11953766400,hplt,adapt,2.043688,7.719025,-2.30596
curr_td_f20_g1_lr2.75e-5_20260612T191957Z,2875,12058624000,hplt,adapt,2.043837,7.720172,-2.30581
curr_td_f20_g1_lr2.75e-5_20260612T191957Z,2900,12163481600,hplt,adapt,2.043845,7.720234,-2.3058
curr_td_f20_g1_lr2.75e-5_20260612T191957Z,2925,12268339200,hplt,adapt,2.043274,7.715833,-2.30637
curr_td_f20_g1_lr2.75e-5_20260612T191957Z,2950,12373196800,hplt,adapt,2.043007,7.713769,-2.30664
curr_td_f20_g1_lr2.75e-5_20260612T191957Z,2975,12478054400,hplt,adapt,2.043349,7.716405,-2.3063
curr_td_f20_g1_lr2.75e-5_20260612T191957Z,3000,12582912000,hplt,adapt,2.043093,7.714433,-2.30655
curr_td_f20_g1_lr2.75e-5_20260612T191957Z,3025,12687769600,hplt,adapt,2.042696,7.711375,-2.30695
curr_td_f20_g1_lr2.75e-5_20260612T191957Z,3050,12792627200,hplt,adapt,2.04265,7.711013,-2.307
curr_td_f20_g1_lr2.75e-5_20260612T191957Z,3075,12897484800,hplt,adapt,2.042465,7.709588,-2.30718
curr_td_f20_g1_lr2.75e-5_20260612T191957Z,3100,13002342400,hplt,adapt,2.042439,7.709391,-2.30721
curr_td_f20_g1_lr2.75e-5_20260612T191957Z,3125,13107200000,hplt,adapt,2.042419,7.709233,-2.30723
curr_td_f20_g1_lr2.75e-5_20260612T191957Z,3150,13212057600,hplt,adapt,2.042097,7.706756,-2.30755
curr_td_f20_g1_lr2.75e-5_20260612T191957Z,3175,13316915200,hplt,adapt,2.042032,7.706249,-2.30761
curr_td_f20_g1_lr2.75e-5_20260612T191957Z,3200,13421772800,hplt,adapt,2.041813,7.704562,-2.30783
curr_td_f20_g1_lr2.75e-5_20260612T191957Z,25,104857600,old_greek,forget,3.869503,47.91858,0.0
curr_td_f20_g1_lr2.75e-5_20260612T191957Z,50,209715200,old_greek,forget,3.192684,24.35372,-0.67682
curr_td_f20_g1_lr2.75e-5_20260612T191957Z,75,314572800,old_greek,forget,2.782896,16.16577,-1.08661
curr_td_f20_g1_lr2.75e-5_20260612T191957Z,100,419430400,old_greek,forget,2.560146,12.93771,-1.30936
curr_td_f20_g1_lr2.75e-5_20260612T191957Z,125,524288000,old_greek,forget,2.442693,11.50398,-1.42681
curr_td_f20_g1_lr2.75e-5_20260612T191957Z,150,629145600,old_greek,forget,2.363484,10.62791,-1.50602
curr_td_f20_g1_lr2.75e-5_20260612T191957Z,175,734003200,old_greek,forget,2.31568,10.13181,-1.55382
curr_td_f20_g1_lr2.75e-5_20260612T191957Z,200,838860800,old_greek,forget,2.302626,10.00041,-1.56688
curr_td_f20_g1_lr2.75e-5_20260612T191957Z,225,943718400,old_greek,forget,2.255906,9.543939,-1.6136
curr_td_f20_g1_lr2.75e-5_20260612T191957Z,250,1048576000,old_greek,forget,2.231784,9.316471,-1.63772
curr_td_f20_g1_lr2.75e-5_20260612T191957Z,275,1153433600,old_greek,forget,2.206849,9.087039,-1.66265
curr_td_f20_g1_lr2.75e-5_20260612T191957Z,300,1258291200,old_greek,forget,2.189194,8.928016,-1.68031
curr_td_f20_g1_lr2.75e-5_20260612T191957Z,325,1363148800,old_greek,forget,2.171684,8.773046,-1.69782
curr_td_f20_g1_lr2.75e-5_20260612T191957Z,350,1468006400,old_greek,forget,2.163746,8.70368,-1.70576
curr_td_f20_g1_lr2.75e-5_20260612T191957Z,375,1572864000,old_greek,forget,2.144964,8.541732,-1.72454
curr_td_f20_g1_lr2.75e-5_20260612T191957Z,400,1677721600,old_greek,forget,2.132176,8.433199,-1.73733
curr_td_f20_g1_lr2.75e-5_20260612T191957Z,425,1782579200,old_greek,forget,2.120102,8.331989,-1.7494
curr_td_f20_g1_lr2.75e-5_20260612T191957Z,450,1887436800,old_greek,forget,2.109821,8.246764,-1.75968
curr_td_f20_g1_lr2.75e-5_20260612T191957Z,475,1992294400,old_greek,forget,2.10014,8.167316,-1.76936
curr_td_f20_g1_lr2.75e-5_20260612T191957Z,500,2097152000,old_greek,forget,2.090763,8.091089,-1.77874
curr_td_f20_g1_lr2.75e-5_20260612T191957Z,525,2202009600,old_greek,forget,2.082991,8.028445,-1.78651
curr_td_f20_g1_lr2.75e-5_20260612T191957Z,550,2306867200,old_greek,forget,2.076365,7.975424,-1.79314
curr_td_f20_g1_lr2.75e-5_20260612T191957Z,575,2411724800,old_greek,forget,2.072457,7.944315,-1.79705
curr_td_f20_g1_lr2.75e-5_20260612T191957Z,600,2516582400,old_greek,forget,2.063669,7.874813,-1.80583
curr_td_f20_g1_lr2.75e-5_20260612T191957Z,625,2621440000,old_greek,forget,2.059007,7.838186,-1.8105
curr_td_f20_g1_lr2.75e-5_20260612T191957Z,650,2726297600,old_greek,forget,2.053556,7.795575,-1.81595
curr_td_f20_g1_lr2.75e-5_20260612T191957Z,675,2831155200,old_greek,forget,2.047547,7.748869,-1.82196
curr_td_f20_g1_lr2.75e-5_20260612T191957Z,700,2936012800,old_greek,forget,2.046944,7.744198,-1.82256
curr_td_f20_g1_lr2.75e-5_20260612T191957Z,725,3040870400,old_greek,forget,2.03991,7.68992,-1.82959
curr_td_f20_g1_lr2.75e-5_20260612T191957Z,750,3145728000,old_greek,forget,2.036569,7.664269,-1.83293
curr_td_f20_g1_lr2.75e-5_20260612T191957Z,775,3250585600,old_greek,forget,2.032488,7.633055,-1.83702
curr_td_f20_g1_lr2.75e-5_20260612T191957Z,800,3355443200,old_greek,forget,2.026356,7.586393,-1.84315
curr_td_f20_g1_lr2.75e-5_20260612T191957Z,825,3460300800,old_greek,forget,2.022725,7.558897,-1.84678
curr_td_f20_g1_lr2.75e-5_20260612T191957Z,850,3565158400,old_greek,forget,2.020225,7.540022,-1.84928
curr_td_f20_g1_lr2.75e-5_20260612T191957Z,875,3670016000,old_greek,forget,2.017388,7.51866,-1.85211
curr_td_f20_g1_lr2.75e-5_20260612T191957Z,900,3774873600,old_greek,forget,2.013692,7.490922,-1.85581
curr_td_f20_g1_lr2.75e-5_20260612T191957Z,925,3879731200,old_greek,forget,2.01253,7.482224,-1.85697
curr_td_f20_g1_lr2.75e-5_20260612T191957Z,950,3984588800,old_greek,forget,2.008221,7.450049,-1.86128
curr_td_f20_g1_lr2.75e-5_20260612T191957Z,975,4089446400,old_greek,forget,2.012581,7.482604,-1.85692
curr_td_f20_g1_lr2.75e-5_20260612T191957Z,1000,4194304000,old_greek,forget,2.028514,7.602783,-1.84099
curr_td_f20_g1_lr2.75e-5_20260612T191957Z,1025,4299161600,old_greek,forget,2.002894,7.41047,-1.86661
curr_td_f20_g1_lr2.75e-5_20260612T191957Z,1050,4404019200,old_greek,forget,1.997575,7.371156,-1.87193
curr_td_f20_g1_lr2.75e-5_20260612T191957Z,1075,4508876800,old_greek,forget,1.995228,7.353881,-1.87427
curr_td_f20_g1_lr2.75e-5_20260612T191957Z,1100,4613734400,old_greek,forget,1.996331,7.361993,-1.87317
curr_td_f20_g1_lr2.75e-5_20260612T191957Z,1125,4718592000,old_greek,forget,1.991272,7.324842,-1.87823
curr_td_f20_g1_lr2.75e-5_20260612T191957Z,1150,4823449600,old_greek,forget,1.987899,7.300182,-1.8816
curr_td_f20_g1_lr2.75e-5_20260612T191957Z,1175,4928307200,old_greek,forget,1.985574,7.283223,-1.88393
curr_td_f20_g1_lr2.75e-5_20260612T191957Z,1200,5033164800,old_greek,forget,1.984292,7.273898,-1.88521
curr_td_f20_g1_lr2.75e-5_20260612T191957Z,1225,5138022400,old_greek,forget,1.982589,7.26152,-1.88691
curr_td_f20_g1_lr2.75e-5_20260612T191957Z,1250,5242880000,old_greek,forget,1.982176,7.258523,-1.88733
curr_td_f20_g1_lr2.75e-5_20260612T191957Z,1275,5347737600,old_greek,forget,1.977367,7.223697,-1.89214
curr_td_f20_g1_lr2.75e-5_20260612T191957Z,1300,5452595200,old_greek,forget,1.976119,7.214691,-1.89338
curr_td_f20_g1_lr2.75e-5_20260612T191957Z,1325,5557452800,old_greek,forget,1.973809,7.19804,-1.89569
curr_td_f20_g1_lr2.75e-5_20260612T191957Z,1350,5662310400,old_greek,forget,1.972774,7.190592,-1.89673
curr_td_f20_g1_lr2.75e-5_20260612T191957Z,1375,5767168000,old_greek,forget,1.970669,7.175473,-1.89883
curr_td_f20_g1_lr2.75e-5_20260612T191957Z,1400,5872025600,old_greek,forget,1.969023,7.163674,-1.90048
curr_td_f20_g1_lr2.75e-5_20260612T191957Z,1425,5976883200,old_greek,forget,1.968301,7.158506,-1.9012
curr_td_f20_g1_lr2.75e-5_20260612T191957Z,1450,6081740800,old_greek,forget,1.964887,7.134105,-1.90462
curr_td_f20_g1_lr2.75e-5_20260612T191957Z,1475,6186598400,old_greek,forget,1.964756,7.133175,-1.90475
curr_td_f20_g1_lr2.75e-5_20260612T191957Z,1500,6291456000,old_greek,forget,1.961506,7.110026,-1.908
curr_td_f20_g1_lr2.75e-5_20260612T191957Z,1525,6396313600,old_greek,forget,1.961273,7.108368,-1.90823
curr_td_f20_g1_lr2.75e-5_20260612T191957Z,1550,6501171200,old_greek,forget,1.958555,7.089076,-1.91095
curr_td_f20_g1_lr2.75e-5_20260612T191957Z,1575,6606028800,old_greek,forget,1.96123,7.108067,-1.90827
curr_td_f20_g1_lr2.75e-5_20260612T191957Z,1600,6710886400,old_greek,forget,1.955291,7.065973,-1.91421
curr_td_f20_g1_lr2.75e-5_20260612T191957Z,1625,6815744000,old_greek,forget,1.954332,7.059198,-1.91517
curr_td_f20_g1_lr2.75e-5_20260612T191957Z,1650,6920601600,old_greek,forget,1.952209,7.044228,-1.91729
curr_td_f20_g1_lr2.75e-5_20260612T191957Z,1675,7025459200,old_greek,forget,1.951401,7.038539,-1.9181
curr_td_f20_g1_lr2.75e-5_20260612T191957Z,1700,7130316800,old_greek,forget,1.951188,7.037046,-1.91831
curr_td_f20_g1_lr2.75e-5_20260612T191957Z,1725,7235174400,old_greek,forget,1.949644,7.026188,-1.91986
curr_td_f20_g1_lr2.75e-5_20260612T191957Z,1750,7340032000,old_greek,forget,1.947623,7.011998,-1.92188
curr_td_f20_g1_lr2.75e-5_20260612T191957Z,1775,7444889600,old_greek,forget,1.94586,6.999651,-1.92364
curr_td_f20_g1_lr2.75e-5_20260612T191957Z,1800,7549747200,old_greek,forget,1.94457,6.990627,-1.92493
curr_td_f20_g1_lr2.75e-5_20260612T191957Z,1825,7654604800,old_greek,forget,1.942763,6.978005,-1.92674
curr_td_f20_g1_lr2.75e-5_20260612T191957Z,1850,7759462400,old_greek,forget,1.942911,6.97904,-1.92659
curr_td_f20_g1_lr2.75e-5_20260612T191957Z,1875,7864320000,old_greek,forget,1.94148,6.969057,-1.92802
curr_td_f20_g1_lr2.75e-5_20260612T191957Z,1900,7969177600,old_greek,forget,1.950976,7.035548,-1.91853
curr_td_f20_g1_lr2.75e-5_20260612T191957Z,1925,8074035200,old_greek,forget,1.939205,6.953223,-1.9303
curr_td_f20_g1_lr2.75e-5_20260612T191957Z,1950,8178892800,old_greek,forget,1.937144,6.938905,-1.93236
curr_td_f20_g1_lr2.75e-5_20260612T191957Z,1975,8283750400,old_greek,forget,1.936084,6.931551,-1.93342
curr_td_f20_g1_lr2.75e-5_20260612T191957Z,2000,8388608000,old_greek,forget,1.934629,6.921479,-1.93487
curr_td_f20_g1_lr2.75e-5_20260612T191957Z,2025,8493465600,old_greek,forget,1.934162,6.918241,-1.93534
curr_td_f20_g1_lr2.75e-5_20260612T191957Z,2050,8598323200,old_greek,forget,1.932535,6.907,-1.93697
curr_td_f20_g1_lr2.75e-5_20260612T191957Z,2075,8703180800,old_greek,forget,1.932586,6.907348,-1.93692
curr_td_f20_g1_lr2.75e-5_20260612T191957Z,2100,8808038400,old_greek,forget,1.930893,6.895665,-1.93861
curr_td_f20_g1_lr2.75e-5_20260612T191957Z,2125,8912896000,old_greek,forget,1.929676,6.88728,-1.93983
curr_td_f20_g1_lr2.75e-5_20260612T191957Z,2150,9017753600,old_greek,forget,1.928142,6.87672,-1.94136
curr_td_f20_g1_lr2.75e-5_20260612T191957Z,2175,9122611200,old_greek,forget,1.926979,6.86873,-1.94252
curr_td_f20_g1_lr2.75e-5_20260612T191957Z,2200,9227468800,old_greek,forget,1.926582,6.866003,-1.94292
curr_td_f20_g1_lr2.75e-5_20260612T191957Z,2225,9332326400,old_greek,forget,1.933071,6.910701,-1.93643
curr_td_f20_g1_lr2.75e-5_20260612T191957Z,2250,9437184000,old_greek,forget,1.92745,6.871962,-1.94205
curr_td_f20_g1_lr2.75e-5_20260612T191957Z,2275,9542041600,old_greek,forget,1.929546,6.886386,-1.93996
curr_td_f20_g1_lr2.75e-5_20260612T191957Z,2300,9646899200,old_greek,forget,1.928582,6.879748,-1.94092
curr_td_f20_g1_lr2.75e-5_20260612T191957Z,2325,9751756800,old_greek,forget,1.929479,6.885918,-1.94002
curr_td_f20_g1_lr2.75e-5_20260612T191957Z,2350,9856614400,old_greek,forget,1.929018,6.882749,-1.94049
curr_td_f20_g1_lr2.75e-5_20260612T191957Z,2375,9961472000,old_greek,forget,1.928262,6.877545,-1.94124
curr_td_f20_g1_lr2.75e-5_20260612T191957Z,2400,10066329600,old_greek,forget,1.928367,6.878269,-1.94114
curr_td_f20_g1_lr2.75e-5_20260612T191957Z,2425,10171187200,old_greek,forget,1.927853,6.874738,-1.94165
curr_td_f20_g1_lr2.75e-5_20260612T191957Z,2450,10276044800,old_greek,forget,1.928194,6.877076,-1.94131
curr_td_f20_g1_lr2.75e-5_20260612T191957Z,2475,10380902400,old_greek,forget,1.927013,6.868959,-1.94249
curr_td_f20_g1_lr2.75e-5_20260612T191957Z,2500,10485760000,old_greek,forget,1.92742,6.871761,-1.94208
curr_td_f20_g1_lr2.75e-5_20260612T191957Z,2525,10590617600,old_greek,forget,1.927694,6.873639,-1.94181
curr_td_f20_g1_lr2.75e-5_20260612T191957Z,2550,10695475200,old_greek,forget,1.929051,6.882972,-1.94045
curr_td_f20_g1_lr2.75e-5_20260612T191957Z,2575,10800332800,old_greek,forget,1.928282,6.877686,-1.94122
curr_td_f20_g1_lr2.75e-5_20260612T191957Z,2600,10905190400,old_greek,forget,1.927183,6.870132,-1.94232
curr_td_f20_g1_lr2.75e-5_20260612T191957Z,2625,11010048000,old_greek,forget,1.927529,6.872505,-1.94197
curr_td_f20_g1_lr2.75e-5_20260612T191957Z,2650,11114905600,old_greek,forget,1.926986,6.868777,-1.94252
curr_td_f20_g1_lr2.75e-5_20260612T191957Z,2675,11219763200,old_greek,forget,1.926543,6.865733,-1.94296
curr_td_f20_g1_lr2.75e-5_20260612T191957Z,2700,11324620800,old_greek,forget,1.926414,6.864848,-1.94309
curr_td_f20_g1_lr2.75e-5_20260612T191957Z,2725,11429478400,old_greek,forget,1.925894,6.861279,-1.94361
curr_td_f20_g1_lr2.75e-5_20260612T191957Z,2750,11534336000,old_greek,forget,1.926042,6.862294,-1.94346
curr_td_f20_g1_lr2.75e-5_20260612T191957Z,2775,11639193600,old_greek,forget,1.925857,6.861028,-1.94365
curr_td_f20_g1_lr2.75e-5_20260612T191957Z,2800,11744051200,old_greek,forget,1.924906,6.854508,-1.9446
curr_td_f20_g1_lr2.75e-5_20260612T191957Z,2825,11848908800,old_greek,forget,1.924287,6.850262,-1.94522
curr_td_f20_g1_lr2.75e-5_20260612T191957Z,2850,11953766400,old_greek,forget,1.924252,6.850024,-1.94525
curr_td_f20_g1_lr2.75e-5_20260612T191957Z,2875,12058624000,old_greek,forget,1.924246,6.849979,-1.94526
curr_td_f20_g1_lr2.75e-5_20260612T191957Z,2900,12163481600,old_greek,forget,1.924106,6.849026,-1.9454
curr_td_f20_g1_lr2.75e-5_20260612T191957Z,2925,12268339200,old_greek,forget,1.923446,6.844501,-1.94606
curr_td_f20_g1_lr2.75e-5_20260612T191957Z,2950,12373196800,old_greek,forget,1.923092,6.842082,-1.94641
curr_td_f20_g1_lr2.75e-5_20260612T191957Z,2975,12478054400,old_greek,forget,1.92311,6.842201,-1.94639
curr_td_f20_g1_lr2.75e-5_20260612T191957Z,3000,12582912000,old_greek,forget,1.922906,6.840807,-1.9466
curr_td_f20_g1_lr2.75e-5_20260612T191957Z,3025,12687769600,old_greek,forget,1.922321,6.836806,-1.94718
curr_td_f20_g1_lr2.75e-5_20260612T191957Z,3050,12792627200,old_greek,forget,1.922096,6.835269,-1.94741
curr_td_f20_g1_lr2.75e-5_20260612T191957Z,3075,12897484800,old_greek,forget,1.922031,6.834829,-1.94747
curr_td_f20_g1_lr2.75e-5_20260612T191957Z,3100,13002342400,old_greek,forget,1.921943,6.834222,-1.94756
curr_td_f20_g1_lr2.75e-5_20260612T191957Z,3125,13107200000,old_greek,forget,1.921533,6.831423,-1.94797
curr_td_f20_g1_lr2.75e-5_20260612T191957Z,3150,13212057600,old_greek,forget,1.921222,6.829299,-1.94828
curr_td_f20_g1_lr2.75e-5_20260612T191957Z,3175,13316915200,old_greek,forget,1.921176,6.828988,-1.94833
curr_td_f20_g1_lr2.75e-5_20260612T191957Z,3200,13421772800,old_greek,forget,1.920839,6.826684,-1.94866
curr_td_f20_g1_lr2.75e-5_20260612T191957Z,25,104857600,openarchives,adapt,3.020147,20.4943,0.0
curr_td_f20_g1_lr2.75e-5_20260612T191957Z,50,209715200,openarchives,adapt,2.577023,13.15791,-0.44312
curr_td_f20_g1_lr2.75e-5_20260612T191957Z,75,314572800,openarchives,adapt,2.319966,10.17533,-0.70018
curr_td_f20_g1_lr2.75e-5_20260612T191957Z,100,419430400,openarchives,adapt,2.175357,8.805327,-0.84479
curr_td_f20_g1_lr2.75e-5_20260612T191957Z,125,524288000,openarchives,adapt,2.094885,8.124509,-0.92526
curr_td_f20_g1_lr2.75e-5_20260612T191957Z,150,629145600,openarchives,adapt,2.037571,7.671951,-0.98258
curr_td_f20_g1_lr2.75e-5_20260612T191957Z,175,734003200,openarchives,adapt,2.001669,7.4014,-1.01848
curr_td_f20_g1_lr2.75e-5_20260612T191957Z,200,838860800,openarchives,adapt,1.989185,7.309576,-1.03096
curr_td_f20_g1_lr2.75e-5_20260612T191957Z,225,943718400,openarchives,adapt,1.957185,7.079373,-1.06296
curr_td_f20_g1_lr2.75e-5_20260612T191957Z,250,1048576000,openarchives,adapt,1.938357,6.947326,-1.08179
curr_td_f20_g1_lr2.75e-5_20260612T191957Z,275,1153433600,openarchives,adapt,1.918165,6.808454,-1.10198
curr_td_f20_g1_lr2.75e-5_20260612T191957Z,300,1258291200,openarchives,adapt,1.903644,6.710303,-1.1165
curr_td_f20_g1_lr2.75e-5_20260612T191957Z,325,1363148800,openarchives,adapt,1.888482,6.60933,-1.13167
curr_td_f20_g1_lr2.75e-5_20260612T191957Z,350,1468006400,openarchives,adapt,1.882975,6.573032,-1.13717
curr_td_f20_g1_lr2.75e-5_20260612T191957Z,375,1572864000,openarchives,adapt,1.867376,6.471292,-1.15277
curr_td_f20_g1_lr2.75e-5_20260612T191957Z,400,1677721600,openarchives,adapt,1.856872,6.403676,-1.16328
curr_td_f20_g1_lr2.75e-5_20260612T191957Z,425,1782579200,openarchives,adapt,1.844209,6.323097,-1.17594
curr_td_f20_g1_lr2.75e-5_20260612T191957Z,450,1887436800,openarchives,adapt,1.835245,6.266671,-1.1849
curr_td_f20_g1_lr2.75e-5_20260612T191957Z,475,1992294400,openarchives,adapt,1.82678,6.213845,-1.19337
curr_td_f20_g1_lr2.75e-5_20260612T191957Z,500,2097152000,openarchives,adapt,1.817805,6.158328,-1.20234
curr_td_f20_g1_lr2.75e-5_20260612T191957Z,525,2202009600,openarchives,adapt,1.810069,6.110867,-1.21008
curr_td_f20_g1_lr2.75e-5_20260612T191957Z,550,2306867200,openarchives,adapt,1.802614,6.065484,-1.21753
curr_td_f20_g1_lr2.75e-5_20260612T191957Z,575,2411724800,openarchives,adapt,1.798025,6.037711,-1.22212
curr_td_f20_g1_lr2.75e-5_20260612T191957Z,600,2516582400,openarchives,adapt,1.792039,6.001675,-1.22811
curr_td_f20_g1_lr2.75e-5_20260612T191957Z,625,2621440000,openarchives,adapt,1.786552,5.968839,-1.2336
curr_td_f20_g1_lr2.75e-5_20260612T191957Z,650,2726297600,openarchives,adapt,1.782454,5.944426,-1.23769
curr_td_f20_g1_lr2.75e-5_20260612T191957Z,675,2831155200,openarchives,adapt,1.776748,5.910605,-1.2434
curr_td_f20_g1_lr2.75e-5_20260612T191957Z,700,2936012800,openarchives,adapt,1.775125,5.901017,-1.24502
curr_td_f20_g1_lr2.75e-5_20260612T191957Z,725,3040870400,openarchives,adapt,1.768866,5.864199,-1.25128
curr_td_f20_g1_lr2.75e-5_20260612T191957Z,750,3145728000,openarchives,adapt,1.766078,5.847872,-1.25407
curr_td_f20_g1_lr2.75e-5_20260612T191957Z,775,3250585600,openarchives,adapt,1.762053,5.824383,-1.25809
curr_td_f20_g1_lr2.75e-5_20260612T191957Z,800,3355443200,openarchives,adapt,1.755674,5.787344,-1.26447
curr_td_f20_g1_lr2.75e-5_20260612T191957Z,825,3460300800,openarchives,adapt,1.751243,5.761763,-1.2689
curr_td_f20_g1_lr2.75e-5_20260612T191957Z,850,3565158400,openarchives,adapt,1.748554,5.746285,-1.27159
curr_td_f20_g1_lr2.75e-5_20260612T191957Z,875,3670016000,openarchives,adapt,1.745855,5.730798,-1.27429
curr_td_f20_g1_lr2.75e-5_20260612T191957Z,900,3774873600,openarchives,adapt,1.741515,5.705982,-1.27863
curr_td_f20_g1_lr2.75e-5_20260612T191957Z,925,3879731200,openarchives,adapt,1.739713,5.695708,-1.28043
curr_td_f20_g1_lr2.75e-5_20260612T191957Z,950,3984588800,openarchives,adapt,1.736191,5.675681,-1.28396
curr_td_f20_g1_lr2.75e-5_20260612T191957Z,975,4089446400,openarchives,adapt,1.738214,5.687179,-1.28193
curr_td_f20_g1_lr2.75e-5_20260612T191957Z,1000,4194304000,openarchives,adapt,1.751868,5.765362,-1.26828
curr_td_f20_g1_lr2.75e-5_20260612T191957Z,1025,4299161600,openarchives,adapt,1.73027,5.642175,-1.28988
curr_td_f20_g1_lr2.75e-5_20260612T191957Z,1050,4404019200,openarchives,adapt,1.726891,5.623147,-1.29326
curr_td_f20_g1_lr2.75e-5_20260612T191957Z,1075,4508876800,openarchives,adapt,1.724186,5.607955,-1.29596
curr_td_f20_g1_lr2.75e-5_20260612T191957Z,1100,4613734400,openarchives,adapt,1.725334,5.614396,-1.29481
curr_td_f20_g1_lr2.75e-5_20260612T191957Z,1125,4718592000,openarchives,adapt,1.720145,5.58534,-1.3
curr_td_f20_g1_lr2.75e-5_20260612T191957Z,1150,4823449600,openarchives,adapt,1.716853,5.566984,-1.30329
curr_td_f20_g1_lr2.75e-5_20260612T191957Z,1175,4928307200,openarchives,adapt,1.713633,5.549085,-1.30651
curr_td_f20_g1_lr2.75e-5_20260612T191957Z,1200,5033164800,openarchives,adapt,1.712957,5.545336,-1.30719
curr_td_f20_g1_lr2.75e-5_20260612T191957Z,1225,5138022400,openarchives,adapt,1.711335,5.53635,-1.30881
curr_td_f20_g1_lr2.75e-5_20260612T191957Z,1250,5242880000,openarchives,adapt,1.710596,5.532256,-1.30955
curr_td_f20_g1_lr2.75e-5_20260612T191957Z,1275,5347737600,openarchives,adapt,1.70648,5.509532,-1.31367
curr_td_f20_g1_lr2.75e-5_20260612T191957Z,1300,5452595200,openarchives,adapt,1.704738,5.499946,-1.31541
curr_td_f20_g1_lr2.75e-5_20260612T191957Z,1325,5557452800,openarchives,adapt,1.702906,5.489878,-1.31724
curr_td_f20_g1_lr2.75e-5_20260612T191957Z,1350,5662310400,openarchives,adapt,1.7011,5.47997,-1.31905
curr_td_f20_g1_lr2.75e-5_20260612T191957Z,1375,5767168000,openarchives,adapt,1.69904,5.468694,-1.32111
curr_td_f20_g1_lr2.75e-5_20260612T191957Z,1400,5872025600,openarchives,adapt,1.69758,5.460717,-1.32257
curr_td_f20_g1_lr2.75e-5_20260612T191957Z,1425,5976883200,openarchives,adapt,1.696705,5.45594,-1.32344
curr_td_f20_g1_lr2.75e-5_20260612T191957Z,1450,6081740800,openarchives,adapt,1.694371,5.443219,-1.32578
curr_td_f20_g1_lr2.75e-5_20260612T191957Z,1475,6186598400,openarchives,adapt,1.692549,5.43331,-1.3276
curr_td_f20_g1_lr2.75e-5_20260612T191957Z,1500,6291456000,openarchives,adapt,1.69062,5.422844,-1.32953
curr_td_f20_g1_lr2.75e-5_20260612T191957Z,1525,6396313600,openarchives,adapt,1.689238,5.415354,-1.33091
curr_td_f20_g1_lr2.75e-5_20260612T191957Z,1550,6501171200,openarchives,adapt,1.687793,5.407533,-1.33235
curr_td_f20_g1_lr2.75e-5_20260612T191957Z,1575,6606028800,openarchives,adapt,1.690033,5.419661,-1.33011
curr_td_f20_g1_lr2.75e-5_20260612T191957Z,1600,6710886400,openarchives,adapt,1.684703,5.390847,-1.33544
curr_td_f20_g1_lr2.75e-5_20260612T191957Z,1625,6815744000,openarchives,adapt,1.683822,5.386101,-1.33633
curr_td_f20_g1_lr2.75e-5_20260612T191957Z,1650,6920601600,openarchives,adapt,1.681605,5.374173,-1.33854
curr_td_f20_g1_lr2.75e-5_20260612T191957Z,1675,7025459200,openarchives,adapt,1.680925,5.370521,-1.33922
curr_td_f20_g1_lr2.75e-5_20260612T191957Z,1700,7130316800,openarchives,adapt,1.679421,5.362452,-1.34073
curr_td_f20_g1_lr2.75e-5_20260612T191957Z,1725,7235174400,openarchives,adapt,1.6788,5.359121,-1.34135
curr_td_f20_g1_lr2.75e-5_20260612T191957Z,1750,7340032000,openarchives,adapt,1.677653,5.352977,-1.34249
curr_td_f20_g1_lr2.75e-5_20260612T191957Z,1775,7444889600,openarchives,adapt,1.675413,5.341002,-1.34473
curr_td_f20_g1_lr2.75e-5_20260612T191957Z,1800,7549747200,openarchives,adapt,1.674367,5.335417,-1.34578
curr_td_f20_g1_lr2.75e-5_20260612T191957Z,1825,7654604800,openarchives,adapt,1.672901,5.327603,-1.34725
curr_td_f20_g1_lr2.75e-5_20260612T191957Z,1850,7759462400,openarchives,adapt,1.672888,5.327529,-1.34726
curr_td_f20_g1_lr2.75e-5_20260612T191957Z,1875,7864320000,openarchives,adapt,1.671721,5.321316,-1.34843
curr_td_f20_g1_lr2.75e-5_20260612T191957Z,1900,7969177600,openarchives,adapt,1.67694,5.349162,-1.34321
curr_td_f20_g1_lr2.75e-5_20260612T191957Z,1925,8074035200,openarchives,adapt,1.668926,5.306465,-1.35122
curr_td_f20_g1_lr2.75e-5_20260612T191957Z,1950,8178892800,openarchives,adapt,1.667191,5.297268,-1.35296
curr_td_f20_g1_lr2.75e-5_20260612T191957Z,1975,8283750400,openarchives,adapt,1.66582,5.290007,-1.35433
curr_td_f20_g1_lr2.75e-5_20260612T191957Z,2000,8388608000,openarchives,adapt,1.664048,5.280645,-1.3561
curr_td_f20_g1_lr2.75e-5_20260612T191957Z,2025,8493465600,openarchives,adapt,1.663803,5.279352,-1.35634
curr_td_f20_g1_lr2.75e-5_20260612T191957Z,2050,8598323200,openarchives,adapt,1.662953,5.274865,-1.35719
curr_td_f20_g1_lr2.75e-5_20260612T191957Z,2075,8703180800,openarchives,adapt,1.661269,5.265988,-1.35888
curr_td_f20_g1_lr2.75e-5_20260612T191957Z,2100,8808038400,openarchives,adapt,1.66031,5.260941,-1.35984
curr_td_f20_g1_lr2.75e-5_20260612T191957Z,2125,8912896000,openarchives,adapt,1.659474,5.256544,-1.36067
curr_td_f20_g1_lr2.75e-5_20260612T191957Z,2150,9017753600,openarchives,adapt,1.658104,5.249351,-1.36204
curr_td_f20_g1_lr2.75e-5_20260612T191957Z,2175,9122611200,openarchives,adapt,1.657262,5.244929,-1.36289
curr_td_f20_g1_lr2.75e-5_20260612T191957Z,2200,9227468800,openarchives,adapt,1.656385,5.240332,-1.36376
curr_td_f20_g1_lr2.75e-5_20260612T191957Z,2225,9332326400,openarchives,adapt,1.66005,5.259573,-1.3601
curr_td_f20_g1_lr2.75e-5_20260612T191957Z,2250,9437184000,openarchives,adapt,1.656114,5.238911,-1.36403
curr_td_f20_g1_lr2.75e-5_20260612T191957Z,2275,9542041600,openarchives,adapt,1.610574,5.005685,-1.40957
curr_td_f20_g1_lr2.75e-5_20260612T191957Z,2300,9646899200,openarchives,adapt,1.589372,4.900669,-1.43078
curr_td_f20_g1_lr2.75e-5_20260612T191957Z,2325,9751756800,openarchives,adapt,1.579643,4.853224,-1.4405
curr_td_f20_g1_lr2.75e-5_20260612T191957Z,2350,9856614400,openarchives,adapt,1.573681,4.824376,-1.44647
curr_td_f20_g1_lr2.75e-5_20260612T191957Z,2375,9961472000,openarchives,adapt,1.563462,4.775325,-1.45669
curr_td_f20_g1_lr2.75e-5_20260612T191957Z,2400,10066329600,openarchives,adapt,1.557435,4.746631,-1.46271
curr_td_f20_g1_lr2.75e-5_20260612T191957Z,2425,10171187200,openarchives,adapt,1.553667,4.728777,-1.46648
curr_td_f20_g1_lr2.75e-5_20260612T191957Z,2450,10276044800,openarchives,adapt,1.5483,4.703468,-1.47185
curr_td_f20_g1_lr2.75e-5_20260612T191957Z,2475,10380902400,openarchives,adapt,1.542546,4.676482,-1.4776
curr_td_f20_g1_lr2.75e-5_20260612T191957Z,2500,10485760000,openarchives,adapt,1.538738,4.65871,-1.48141
curr_td_f20_g1_lr2.75e-5_20260612T191957Z,2525,10590617600,openarchives,adapt,1.535458,4.64345,-1.48469
curr_td_f20_g1_lr2.75e-5_20260612T191957Z,2550,10695475200,openarchives,adapt,1.533409,4.633949,-1.48674
curr_td_f20_g1_lr2.75e-5_20260612T191957Z,2575,10800332800,openarchives,adapt,1.529502,4.615875,-1.49065
curr_td_f20_g1_lr2.75e-5_20260612T191957Z,2600,10905190400,openarchives,adapt,1.525478,4.59734,-1.49467
curr_td_f20_g1_lr2.75e-5_20260612T191957Z,2625,11010048000,openarchives,adapt,1.523667,4.58902,-1.49648
curr_td_f20_g1_lr2.75e-5_20260612T191957Z,2650,11114905600,openarchives,adapt,1.520097,4.57267,-1.50005
curr_td_f20_g1_lr2.75e-5_20260612T191957Z,2675,11219763200,openarchives,adapt,1.517621,4.56136,-1.50253
curr_td_f20_g1_lr2.75e-5_20260612T191957Z,2700,11324620800,openarchives,adapt,1.516006,4.553999,-1.50414
curr_td_f20_g1_lr2.75e-5_20260612T191957Z,2725,11429478400,openarchives,adapt,1.513093,4.540753,-1.50705
curr_td_f20_g1_lr2.75e-5_20260612T191957Z,2750,11534336000,openarchives,adapt,1.51164,4.534162,-1.50851
curr_td_f20_g1_lr2.75e-5_20260612T191957Z,2775,11639193600,openarchives,adapt,1.510069,4.527044,-1.51008
curr_td_f20_g1_lr2.75e-5_20260612T191957Z,2800,11744051200,openarchives,adapt,1.507598,4.515871,-1.51255
curr_td_f20_g1_lr2.75e-5_20260612T191957Z,2825,11848908800,openarchives,adapt,1.505599,4.506853,-1.51455
curr_td_f20_g1_lr2.75e-5_20260612T191957Z,2850,11953766400,openarchives,adapt,1.50428,4.500912,-1.51587
curr_td_f20_g1_lr2.75e-5_20260612T191957Z,2875,12058624000,openarchives,adapt,1.503098,4.495595,-1.51705
curr_td_f20_g1_lr2.75e-5_20260612T191957Z,2900,12163481600,openarchives,adapt,1.501864,4.490053,-1.51828
curr_td_f20_g1_lr2.75e-5_20260612T191957Z,2925,12268339200,openarchives,adapt,1.500163,4.48242,-1.51998
curr_td_f20_g1_lr2.75e-5_20260612T191957Z,2950,12373196800,openarchives,adapt,1.498773,4.476194,-1.52137
curr_td_f20_g1_lr2.75e-5_20260612T191957Z,2975,12478054400,openarchives,adapt,1.498083,4.473107,-1.52206
curr_td_f20_g1_lr2.75e-5_20260612T191957Z,3000,12582912000,openarchives,adapt,1.497002,4.468273,-1.52315
curr_td_f20_g1_lr2.75e-5_20260612T191957Z,3025,12687769600,openarchives,adapt,1.495742,4.462646,-1.52441
curr_td_f20_g1_lr2.75e-5_20260612T191957Z,3050,12792627200,openarchives,adapt,1.494792,4.458411,-1.52536
curr_td_f20_g1_lr2.75e-5_20260612T191957Z,3075,12897484800,openarchives,adapt,1.493977,4.454776,-1.52617
curr_td_f20_g1_lr2.75e-5_20260612T191957Z,3100,13002342400,openarchives,adapt,1.492986,4.450364,-1.52716
curr_td_f20_g1_lr2.75e-5_20260612T191957Z,3125,13107200000,openarchives,adapt,1.492226,4.446986,-1.52792
curr_td_f20_g1_lr2.75e-5_20260612T191957Z,3150,13212057600,openarchives,adapt,1.491424,4.44342,-1.52872
curr_td_f20_g1_lr2.75e-5_20260612T191957Z,3175,13316915200,openarchives,adapt,1.490817,4.440721,-1.52933
curr_td_f20_g1_lr2.75e-5_20260612T191957Z,3200,13421772800,openarchives,adapt,1.490027,4.437214,-1.53012
curr_td_f20_g1_lr2.75e-5_20260612T191957Z,25,104857600,ru,forget,1.643084,5.171093,0.0
curr_td_f20_g1_lr2.75e-5_20260612T191957Z,50,209715200,ru,forget,1.617622,5.041086,-0.02546
curr_td_f20_g1_lr2.75e-5_20260612T191957Z,75,314572800,ru,forget,1.590362,4.905524,-0.05272
curr_td_f20_g1_lr2.75e-5_20260612T191957Z,100,419430400,ru,forget,1.573742,4.824667,-0.06934
curr_td_f20_g1_lr2.75e-5_20260612T191957Z,125,524288000,ru,forget,1.565557,4.78534,-0.07753
curr_td_f20_g1_lr2.75e-5_20260612T191957Z,150,629145600,ru,forget,1.560168,4.759619,-0.08292
curr_td_f20_g1_lr2.75e-5_20260612T191957Z,175,734003200,ru,forget,1.556779,4.743518,-0.08631
curr_td_f20_g1_lr2.75e-5_20260612T191957Z,200,838860800,ru,forget,1.555597,4.737914,-0.08749
curr_td_f20_g1_lr2.75e-5_20260612T191957Z,225,943718400,ru,forget,1.554181,4.731211,-0.0889
curr_td_f20_g1_lr2.75e-5_20260612T191957Z,250,1048576000,ru,forget,1.55328,4.726948,-0.0898
curr_td_f20_g1_lr2.75e-5_20260612T191957Z,275,1153433600,ru,forget,1.552542,4.723463,-0.09054
curr_td_f20_g1_lr2.75e-5_20260612T191957Z,300,1258291200,ru,forget,1.551465,4.718378,-0.09162
curr_td_f20_g1_lr2.75e-5_20260612T191957Z,325,1363148800,ru,forget,1.55088,4.715619,-0.0922
curr_td_f20_g1_lr2.75e-5_20260612T191957Z,350,1468006400,ru,forget,1.553282,4.726958,-0.0898
curr_td_f20_g1_lr2.75e-5_20260612T191957Z,375,1572864000,ru,forget,1.550613,4.714358,-0.09247
curr_td_f20_g1_lr2.75e-5_20260612T191957Z,400,1677721600,ru,forget,1.550825,4.715358,-0.09226
curr_td_f20_g1_lr2.75e-5_20260612T191957Z,425,1782579200,ru,forget,1.550421,4.713455,-0.09266
curr_td_f20_g1_lr2.75e-5_20260612T191957Z,450,1887436800,ru,forget,1.550194,4.712385,-0.09289
curr_td_f20_g1_lr2.75e-5_20260612T191957Z,475,1992294400,ru,forget,1.550078,4.711836,-0.09301
curr_td_f20_g1_lr2.75e-5_20260612T191957Z,500,2097152000,ru,forget,1.550266,4.712721,-0.09282
curr_td_f20_g1_lr2.75e-5_20260612T191957Z,525,2202009600,ru,forget,1.550441,4.713546,-0.09264
curr_td_f20_g1_lr2.75e-5_20260612T191957Z,550,2306867200,ru,forget,1.55075,4.715006,-0.09233
curr_td_f20_g1_lr2.75e-5_20260612T191957Z,575,2411724800,ru,forget,1.550665,4.714603,-0.09242
curr_td_f20_g1_lr2.75e-5_20260612T191957Z,600,2516582400,ru,forget,1.550423,4.713465,-0.09266
curr_td_f20_g1_lr2.75e-5_20260612T191957Z,625,2621440000,ru,forget,1.550689,4.714715,-0.0924
curr_td_f20_g1_lr2.75e-5_20260612T191957Z,650,2726297600,ru,forget,1.550992,4.716146,-0.09209
curr_td_f20_g1_lr2.75e-5_20260612T191957Z,675,2831155200,ru,forget,1.550614,4.714362,-0.09247
curr_td_f20_g1_lr2.75e-5_20260612T191957Z,700,2936012800,ru,forget,1.55191,4.720476,-0.09117
curr_td_f20_g1_lr2.75e-5_20260612T191957Z,725,3040870400,ru,forget,1.55171,4.719535,-0.09137
curr_td_f20_g1_lr2.75e-5_20260612T191957Z,750,3145728000,ru,forget,1.551914,4.720498,-0.09117
curr_td_f20_g1_lr2.75e-5_20260612T191957Z,775,3250585600,ru,forget,1.551665,4.719323,-0.09142
curr_td_f20_g1_lr2.75e-5_20260612T191957Z,800,3355443200,ru,forget,1.551703,4.719502,-0.09138
curr_td_f20_g1_lr2.75e-5_20260612T191957Z,825,3460300800,ru,forget,1.552311,4.722371,-0.09077
curr_td_f20_g1_lr2.75e-5_20260612T191957Z,850,3565158400,ru,forget,1.552752,4.724452,-0.09033
curr_td_f20_g1_lr2.75e-5_20260612T191957Z,875,3670016000,ru,forget,1.553015,4.725695,-0.09007
curr_td_f20_g1_lr2.75e-5_20260612T191957Z,900,3774873600,ru,forget,1.5529,4.725151,-0.09018
curr_td_f20_g1_lr2.75e-5_20260612T191957Z,925,3879731200,ru,forget,1.553414,4.727583,-0.08967
curr_td_f20_g1_lr2.75e-5_20260612T191957Z,950,3984588800,ru,forget,1.55345,4.727751,-0.08963
curr_td_f20_g1_lr2.75e-5_20260612T191957Z,975,4089446400,ru,forget,1.554231,4.731446,-0.08885
curr_td_f20_g1_lr2.75e-5_20260612T191957Z,1000,4194304000,ru,forget,1.557332,4.746142,-0.08575
curr_td_f20_g1_lr2.75e-5_20260612T191957Z,1025,4299161600,ru,forget,1.554503,4.732734,-0.08858
curr_td_f20_g1_lr2.75e-5_20260612T191957Z,1050,4404019200,ru,forget,1.554696,4.733645,-0.08839
curr_td_f20_g1_lr2.75e-5_20260612T191957Z,1075,4508876800,ru,forget,1.554805,4.734163,-0.08828
curr_td_f20_g1_lr2.75e-5_20260612T191957Z,1100,4613734400,ru,forget,1.555738,4.738584,-0.08735
curr_td_f20_g1_lr2.75e-5_20260612T191957Z,1125,4718592000,ru,forget,1.555197,4.736019,-0.08789
curr_td_f20_g1_lr2.75e-5_20260612T191957Z,1150,4823449600,ru,forget,1.555014,4.735153,-0.08807
curr_td_f20_g1_lr2.75e-5_20260612T191957Z,1175,4928307200,ru,forget,1.555247,4.736256,-0.08784
curr_td_f20_g1_lr2.75e-5_20260612T191957Z,1200,5033164800,ru,forget,1.556002,4.739832,-0.08708
curr_td_f20_g1_lr2.75e-5_20260612T191957Z,1225,5138022400,ru,forget,1.556339,4.741429,-0.08675
curr_td_f20_g1_lr2.75e-5_20260612T191957Z,1250,5242880000,ru,forget,1.556874,4.743969,-0.08621
curr_td_f20_g1_lr2.75e-5_20260612T191957Z,1275,5347737600,ru,forget,1.556569,4.742523,-0.08651
curr_td_f20_g1_lr2.75e-5_20260612T191957Z,1300,5452595200,ru,forget,1.55685,4.743854,-0.08623
curr_td_f20_g1_lr2.75e-5_20260612T191957Z,1325,5557452800,ru,forget,1.557091,4.744999,-0.08599
curr_td_f20_g1_lr2.75e-5_20260612T191957Z,1350,5662310400,ru,forget,1.557746,4.748109,-0.08534
curr_td_f20_g1_lr2.75e-5_20260612T191957Z,1375,5767168000,ru,forget,1.557836,4.748532,-0.08525
curr_td_f20_g1_lr2.75e-5_20260612T191957Z,1400,5872025600,ru,forget,1.558191,4.750219,-0.08489
curr_td_f20_g1_lr2.75e-5_20260612T191957Z,1425,5976883200,ru,forget,1.558627,4.75229,-0.08446
curr_td_f20_g1_lr2.75e-5_20260612T191957Z,1450,6081740800,ru,forget,1.558765,4.752946,-0.08432
curr_td_f20_g1_lr2.75e-5_20260612T191957Z,1475,6186598400,ru,forget,1.559254,4.755274,-0.08383
curr_td_f20_g1_lr2.75e-5_20260612T191957Z,1500,6291456000,ru,forget,1.558868,4.753438,-0.08422
curr_td_f20_g1_lr2.75e-5_20260612T191957Z,1525,6396313600,ru,forget,1.559591,4.756877,-0.08349
curr_td_f20_g1_lr2.75e-5_20260612T191957Z,1550,6501171200,ru,forget,1.559416,4.756041,-0.08367
curr_td_f20_g1_lr2.75e-5_20260612T191957Z,1575,6606028800,ru,forget,1.56017,4.759632,-0.08291
curr_td_f20_g1_lr2.75e-5_20260612T191957Z,1600,6710886400,ru,forget,1.559907,4.758377,-0.08318
curr_td_f20_g1_lr2.75e-5_20260612T191957Z,1625,6815744000,ru,forget,1.560715,4.762227,-0.08237
curr_td_f20_g1_lr2.75e-5_20260612T191957Z,1650,6920601600,ru,forget,1.561592,4.766403,-0.08149
curr_td_f20_g1_lr2.75e-5_20260612T191957Z,1675,7025459200,ru,forget,1.56136,4.765296,-0.08172
curr_td_f20_g1_lr2.75e-5_20260612T191957Z,1700,7130316800,ru,forget,1.56146,4.765775,-0.08162
curr_td_f20_g1_lr2.75e-5_20260612T191957Z,1725,7235174400,ru,forget,1.561873,4.767744,-0.08121
curr_td_f20_g1_lr2.75e-5_20260612T191957Z,1750,7340032000,ru,forget,1.562269,4.76963,-0.08082
curr_td_f20_g1_lr2.75e-5_20260612T191957Z,1775,7444889600,ru,forget,1.56247,4.770591,-0.08061
curr_td_f20_g1_lr2.75e-5_20260612T191957Z,1800,7549747200,ru,forget,1.563044,4.77333,-0.08004
curr_td_f20_g1_lr2.75e-5_20260612T191957Z,1825,7654604800,ru,forget,1.563192,4.774035,-0.07989
curr_td_f20_g1_lr2.75e-5_20260612T191957Z,1850,7759462400,ru,forget,1.5644,4.779804,-0.07868
curr_td_f20_g1_lr2.75e-5_20260612T191957Z,1875,7864320000,ru,forget,1.563693,4.776427,-0.07939
curr_td_f20_g1_lr2.75e-5_20260612T191957Z,1900,7969177600,ru,forget,1.565148,4.783385,-0.07794
curr_td_f20_g1_lr2.75e-5_20260612T191957Z,1925,8074035200,ru,forget,1.564242,4.779053,-0.07884
curr_td_f20_g1_lr2.75e-5_20260612T191957Z,1950,8178892800,ru,forget,1.564652,4.781009,-0.07843
curr_td_f20_g1_lr2.75e-5_20260612T191957Z,1975,8283750400,ru,forget,1.564762,4.781534,-0.07832
curr_td_f20_g1_lr2.75e-5_20260612T191957Z,2000,8388608000,ru,forget,1.564974,4.782553,-0.07811
curr_td_f20_g1_lr2.75e-5_20260612T191957Z,2025,8493465600,ru,forget,1.565843,4.786708,-0.07724
curr_td_f20_g1_lr2.75e-5_20260612T191957Z,2050,8598323200,ru,forget,1.565884,4.786905,-0.0772
curr_td_f20_g1_lr2.75e-5_20260612T191957Z,2075,8703180800,ru,forget,1.566452,4.789622,-0.07663
curr_td_f20_g1_lr2.75e-5_20260612T191957Z,2100,8808038400,ru,forget,1.566771,4.791153,-0.07631
curr_td_f20_g1_lr2.75e-5_20260612T191957Z,2125,8912896000,ru,forget,1.566992,4.792212,-0.07609
curr_td_f20_g1_lr2.75e-5_20260612T191957Z,2150,9017753600,ru,forget,1.567047,4.792476,-0.07604
curr_td_f20_g1_lr2.75e-5_20260612T191957Z,2175,9122611200,ru,forget,1.567663,4.79543,-0.07542
curr_td_f20_g1_lr2.75e-5_20260612T191957Z,2200,9227468800,ru,forget,1.568322,4.798589,-0.07476
curr_td_f20_g1_lr2.75e-5_20260612T191957Z,2225,9332326400,ru,forget,1.569381,4.803674,-0.0737
curr_td_f20_g1_lr2.75e-5_20260612T191957Z,2250,9437184000,ru,forget,1.568996,4.801823,-0.07409
curr_td_f20_g1_lr2.75e-5_20260612T191957Z,2275,9542041600,ru,forget,1.572111,4.816806,-0.07097
curr_td_f20_g1_lr2.75e-5_20260612T191957Z,2300,9646899200,ru,forget,1.571135,4.812106,-0.07195
curr_td_f20_g1_lr2.75e-5_20260612T191957Z,2325,9751756800,ru,forget,1.571681,4.814737,-0.0714
curr_td_f20_g1_lr2.75e-5_20260612T191957Z,2350,9856614400,ru,forget,1.572111,4.816806,-0.07097
curr_td_f20_g1_lr2.75e-5_20260612T191957Z,2375,9961472000,ru,forget,1.572455,4.818462,-0.07063
curr_td_f20_g1_lr2.75e-5_20260612T191957Z,2400,10066329600,ru,forget,1.572686,4.819575,-0.0704
curr_td_f20_g1_lr2.75e-5_20260612T191957Z,2425,10171187200,ru,forget,1.573014,4.821155,-0.07007
curr_td_f20_g1_lr2.75e-5_20260612T191957Z,2450,10276044800,ru,forget,1.573436,4.823193,-0.06965
curr_td_f20_g1_lr2.75e-5_20260612T191957Z,2475,10380902400,ru,forget,1.573418,4.823107,-0.06967
curr_td_f20_g1_lr2.75e-5_20260612T191957Z,2500,10485760000,ru,forget,1.57419,4.82683,-0.06889
curr_td_f20_g1_lr2.75e-5_20260612T191957Z,2525,10590617600,ru,forget,1.57469,4.829245,-0.06839
curr_td_f20_g1_lr2.75e-5_20260612T191957Z,2550,10695475200,ru,forget,1.575182,4.83162,-0.0679
curr_td_f20_g1_lr2.75e-5_20260612T191957Z,2575,10800332800,ru,forget,1.575664,4.833952,-0.06742
curr_td_f20_g1_lr2.75e-5_20260612T191957Z,2600,10905190400,ru,forget,1.575625,4.83376,-0.06746
curr_td_f20_g1_lr2.75e-5_20260612T191957Z,2625,11010048000,ru,forget,1.575846,4.834831,-0.06724
curr_td_f20_g1_lr2.75e-5_20260612T191957Z,2650,11114905600,ru,forget,1.576031,4.835727,-0.06705
curr_td_f20_g1_lr2.75e-5_20260612T191957Z,2675,11219763200,ru,forget,1.575767,4.834447,-0.06732
curr_td_f20_g1_lr2.75e-5_20260612T191957Z,2700,11324620800,ru,forget,1.576359,4.837311,-0.06672
curr_td_f20_g1_lr2.75e-5_20260612T191957Z,2725,11429478400,ru,forget,1.576155,4.836326,-0.06693
curr_td_f20_g1_lr2.75e-5_20260612T191957Z,2750,11534336000,ru,forget,1.576481,4.837903,-0.0666
curr_td_f20_g1_lr2.75e-5_20260612T191957Z,2775,11639193600,ru,forget,1.576286,4.836959,-0.0668
curr_td_f20_g1_lr2.75e-5_20260612T191957Z,2800,11744051200,ru,forget,1.576227,4.836671,-0.06686
curr_td_f20_g1_lr2.75e-5_20260612T191957Z,2825,11848908800,ru,forget,1.57585,4.834851,-0.06723
curr_td_f20_g1_lr2.75e-5_20260612T191957Z,2850,11953766400,ru,forget,1.576056,4.835847,-0.06703
curr_td_f20_g1_lr2.75e-5_20260612T191957Z,2875,12058624000,ru,forget,1.576261,4.836839,-0.06682
curr_td_f20_g1_lr2.75e-5_20260612T191957Z,2900,12163481600,ru,forget,1.576395,4.837485,-0.06669
curr_td_f20_g1_lr2.75e-5_20260612T191957Z,2925,12268339200,ru,forget,1.575924,4.835205,-0.06716
curr_td_f20_g1_lr2.75e-5_20260612T191957Z,2950,12373196800,ru,forget,1.575842,4.834813,-0.06724
curr_td_f20_g1_lr2.75e-5_20260612T191957Z,2975,12478054400,ru,forget,1.575658,4.833922,-0.06743
curr_td_f20_g1_lr2.75e-5_20260612T191957Z,3000,12582912000,ru,forget,1.576066,4.835896,-0.06702
curr_td_f20_g1_lr2.75e-5_20260612T191957Z,3025,12687769600,ru,forget,1.575876,4.834973,-0.06721
curr_td_f20_g1_lr2.75e-5_20260612T191957Z,3050,12792627200,ru,forget,1.576026,4.835699,-0.06706
curr_td_f20_g1_lr2.75e-5_20260612T191957Z,3075,12897484800,ru,forget,1.575818,4.834694,-0.06727
curr_td_f20_g1_lr2.75e-5_20260612T191957Z,3100,13002342400,ru,forget,1.576154,4.836319,-0.06693
curr_td_f20_g1_lr2.75e-5_20260612T191957Z,3125,13107200000,ru,forget,1.57561,4.833687,-0.06747
curr_td_f20_g1_lr2.75e-5_20260612T191957Z,3150,13212057600,ru,forget,1.575506,4.833188,-0.06758
curr_td_f20_g1_lr2.75e-5_20260612T191957Z,3175,13316915200,ru,forget,1.575739,4.834311,-0.06734
curr_td_f20_g1_lr2.75e-5_20260612T191957Z,3200,13421772800,ru,forget,1.575575,4.833522,-0.06751
curr_td_f20_g1_lr2.75e-5_20260612T191957Z,25,104857600,zh,forget,1.912178,6.767813,0.0
curr_td_f20_g1_lr2.75e-5_20260612T191957Z,50,209715200,zh,forget,1.872275,6.503072,-0.0399
curr_td_f20_g1_lr2.75e-5_20260612T191957Z,75,314572800,zh,forget,1.830353,6.236091,-0.08183
curr_td_f20_g1_lr2.75e-5_20260612T191957Z,100,419430400,zh,forget,1.805422,6.08254,-0.10676
curr_td_f20_g1_lr2.75e-5_20260612T191957Z,125,524288000,zh,forget,1.79358,6.010931,-0.1186
curr_td_f20_g1_lr2.75e-5_20260612T191957Z,150,629145600,zh,forget,1.784489,5.956536,-0.12769
curr_td_f20_g1_lr2.75e-5_20260612T191957Z,175,734003200,zh,forget,1.778644,5.92182,-0.13353
curr_td_f20_g1_lr2.75e-5_20260612T191957Z,200,838860800,zh,forget,1.775465,5.903025,-0.13671
curr_td_f20_g1_lr2.75e-5_20260612T191957Z,225,943718400,zh,forget,1.771799,5.881425,-0.14038
curr_td_f20_g1_lr2.75e-5_20260612T191957Z,250,1048576000,zh,forget,1.769688,5.869019,-0.14249
curr_td_f20_g1_lr2.75e-5_20260612T191957Z,275,1153433600,zh,forget,1.768064,5.859496,-0.14411
curr_td_f20_g1_lr2.75e-5_20260612T191957Z,300,1258291200,zh,forget,1.766099,5.847996,-0.14608
curr_td_f20_g1_lr2.75e-5_20260612T191957Z,325,1363148800,zh,forget,1.764528,5.838813,-0.14765
curr_td_f20_g1_lr2.75e-5_20260612T191957Z,350,1468006400,zh,forget,1.766298,5.849159,-0.14588
curr_td_f20_g1_lr2.75e-5_20260612T191957Z,375,1572864000,zh,forget,1.763001,5.829904,-0.14918
curr_td_f20_g1_lr2.75e-5_20260612T191957Z,400,1677721600,zh,forget,1.762612,5.827639,-0.14957
curr_td_f20_g1_lr2.75e-5_20260612T191957Z,425,1782579200,zh,forget,1.761413,5.820657,-0.15077
curr_td_f20_g1_lr2.75e-5_20260612T191957Z,450,1887436800,zh,forget,1.761347,5.820272,-0.15083
curr_td_f20_g1_lr2.75e-5_20260612T191957Z,475,1992294400,zh,forget,1.759804,5.8113,-0.15237
curr_td_f20_g1_lr2.75e-5_20260612T191957Z,500,2097152000,zh,forget,1.759939,5.812083,-0.15224
curr_td_f20_g1_lr2.75e-5_20260612T191957Z,525,2202009600,zh,forget,1.759808,5.811324,-0.15237
curr_td_f20_g1_lr2.75e-5_20260612T191957Z,550,2306867200,zh,forget,1.759358,5.808709,-0.15282
curr_td_f20_g1_lr2.75e-5_20260612T191957Z,575,2411724800,zh,forget,1.759153,5.807516,-0.15302
curr_td_f20_g1_lr2.75e-5_20260612T191957Z,600,2516582400,zh,forget,1.758895,5.80602,-0.15328
curr_td_f20_g1_lr2.75e-5_20260612T191957Z,625,2621440000,zh,forget,1.758866,5.805849,-0.15331
curr_td_f20_g1_lr2.75e-5_20260612T191957Z,650,2726297600,zh,forget,1.759111,5.807271,-0.15307
curr_td_f20_g1_lr2.75e-5_20260612T191957Z,675,2831155200,zh,forget,1.758227,5.802141,-0.15395
curr_td_f20_g1_lr2.75e-5_20260612T191957Z,700,2936012800,zh,forget,1.759263,5.808153,-0.15291
curr_td_f20_g1_lr2.75e-5_20260612T191957Z,725,3040870400,zh,forget,1.758817,5.805565,-0.15336
curr_td_f20_g1_lr2.75e-5_20260612T191957Z,750,3145728000,zh,forget,1.759261,5.808145,-0.15292
curr_td_f20_g1_lr2.75e-5_20260612T191957Z,775,3250585600,zh,forget,1.758515,5.803814,-0.15366
curr_td_f20_g1_lr2.75e-5_20260612T191957Z,800,3355443200,zh,forget,1.758963,5.806412,-0.15321
curr_td_f20_g1_lr2.75e-5_20260612T191957Z,825,3460300800,zh,forget,1.758991,5.806578,-0.15319
curr_td_f20_g1_lr2.75e-5_20260612T191957Z,850,3565158400,zh,forget,1.759254,5.808101,-0.15292
curr_td_f20_g1_lr2.75e-5_20260612T191957Z,875,3670016000,zh,forget,1.759459,5.809291,-0.15272
curr_td_f20_g1_lr2.75e-5_20260612T191957Z,900,3774873600,zh,forget,1.759195,5.807758,-0.15298
curr_td_f20_g1_lr2.75e-5_20260612T191957Z,925,3879731200,zh,forget,1.759771,5.811104,-0.15241
curr_td_f20_g1_lr2.75e-5_20260612T191957Z,950,3984588800,zh,forget,1.759636,5.810323,-0.15254
curr_td_f20_g1_lr2.75e-5_20260612T191957Z,975,4089446400,zh,forget,1.76033,5.814358,-0.15185
curr_td_f20_g1_lr2.75e-5_20260612T191957Z,1000,4194304000,zh,forget,1.763403,5.832251,-0.14877
curr_td_f20_g1_lr2.75e-5_20260612T191957Z,1025,4299161600,zh,forget,1.760319,5.814291,-0.15186
curr_td_f20_g1_lr2.75e-5_20260612T191957Z,1050,4404019200,zh,forget,1.760395,5.814731,-0.15178
curr_td_f20_g1_lr2.75e-5_20260612T191957Z,1075,4508876800,zh,forget,1.761188,5.819345,-0.15099
curr_td_f20_g1_lr2.75e-5_20260612T191957Z,1100,4613734400,zh,forget,1.761248,5.819697,-0.15093
curr_td_f20_g1_lr2.75e-5_20260612T191957Z,1125,4718592000,zh,forget,1.761034,5.818453,-0.15114
curr_td_f20_g1_lr2.75e-5_20260612T191957Z,1150,4823449600,zh,forget,1.76115,5.819123,-0.15103
curr_td_f20_g1_lr2.75e-5_20260612T191957Z,1175,4928307200,zh,forget,1.761386,5.820499,-0.15079
curr_td_f20_g1_lr2.75e-5_20260612T191957Z,1200,5033164800,zh,forget,1.762142,5.824903,-0.15004
curr_td_f20_g1_lr2.75e-5_20260612T191957Z,1225,5138022400,zh,forget,1.762438,5.826624,-0.14974
curr_td_f20_g1_lr2.75e-5_20260612T191957Z,1250,5242880000,zh,forget,1.762905,5.829347,-0.14927
curr_td_f20_g1_lr2.75e-5_20260612T191957Z,1275,5347737600,zh,forget,1.762281,5.825711,-0.1499
curr_td_f20_g1_lr2.75e-5_20260612T191957Z,1300,5452595200,zh,forget,1.762865,5.829112,-0.14931
curr_td_f20_g1_lr2.75e-5_20260612T191957Z,1325,5557452800,zh,forget,1.762993,5.829859,-0.14918
curr_td_f20_g1_lr2.75e-5_20260612T191957Z,1350,5662310400,zh,forget,1.763525,5.832965,-0.14865
curr_td_f20_g1_lr2.75e-5_20260612T191957Z,1375,5767168000,zh,forget,1.764103,5.836333,-0.14807
curr_td_f20_g1_lr2.75e-5_20260612T191957Z,1400,5872025600,zh,forget,1.764526,5.838805,-0.14765
curr_td_f20_g1_lr2.75e-5_20260612T191957Z,1425,5976883200,zh,forget,1.764603,5.839252,-0.14758
curr_td_f20_g1_lr2.75e-5_20260612T191957Z,1450,6081740800,zh,forget,1.764519,5.838766,-0.14766
curr_td_f20_g1_lr2.75e-5_20260612T191957Z,1475,6186598400,zh,forget,1.765049,5.841861,-0.14713
curr_td_f20_g1_lr2.75e-5_20260612T191957Z,1500,6291456000,zh,forget,1.764971,5.841404,-0.14721
curr_td_f20_g1_lr2.75e-5_20260612T191957Z,1525,6396313600,zh,forget,1.765617,5.845176,-0.14656
curr_td_f20_g1_lr2.75e-5_20260612T191957Z,1550,6501171200,zh,forget,1.765363,5.843693,-0.14681
curr_td_f20_g1_lr2.75e-5_20260612T191957Z,1575,6606028800,zh,forget,1.76651,5.850399,-0.14567
curr_td_f20_g1_lr2.75e-5_20260612T191957Z,1600,6710886400,zh,forget,1.766062,5.847777,-0.14612
curr_td_f20_g1_lr2.75e-5_20260612T191957Z,1625,6815744000,zh,forget,1.766828,5.852261,-0.14535
curr_td_f20_g1_lr2.75e-5_20260612T191957Z,1650,6920601600,zh,forget,1.766999,5.853263,-0.14518
curr_td_f20_g1_lr2.75e-5_20260612T191957Z,1675,7025459200,zh,forget,1.767716,5.857461,-0.14446
curr_td_f20_g1_lr2.75e-5_20260612T191957Z,1700,7130316800,zh,forget,1.76781,5.858007,-0.14437
curr_td_f20_g1_lr2.75e-5_20260612T191957Z,1725,7235174400,zh,forget,1.768306,5.860918,-0.14387
curr_td_f20_g1_lr2.75e-5_20260612T191957Z,1750,7340032000,zh,forget,1.768641,5.862882,-0.14354
curr_td_f20_g1_lr2.75e-5_20260612T191957Z,1775,7444889600,zh,forget,1.768932,5.864589,-0.14325
curr_td_f20_g1_lr2.75e-5_20260612T191957Z,1800,7549747200,zh,forget,1.769618,5.868609,-0.14256
curr_td_f20_g1_lr2.75e-5_20260612T191957Z,1825,7654604800,zh,forget,1.769539,5.86815,-0.14264
curr_td_f20_g1_lr2.75e-5_20260612T191957Z,1850,7759462400,zh,forget,1.770684,5.874873,-0.14149
curr_td_f20_g1_lr2.75e-5_20260612T191957Z,1875,7864320000,zh,forget,1.770284,5.872519,-0.14189
curr_td_f20_g1_lr2.75e-5_20260612T191957Z,1900,7969177600,zh,forget,1.771747,5.881118,-0.14043
curr_td_f20_g1_lr2.75e-5_20260612T191957Z,1925,8074035200,zh,forget,1.770802,5.875562,-0.14138
curr_td_f20_g1_lr2.75e-5_20260612T191957Z,1950,8178892800,zh,forget,1.771024,5.876867,-0.14115
curr_td_f20_g1_lr2.75e-5_20260612T191957Z,1975,8283750400,zh,forget,1.771302,5.878501,-0.14088
curr_td_f20_g1_lr2.75e-5_20260612T191957Z,2000,8388608000,zh,forget,1.771543,5.879918,-0.14063
curr_td_f20_g1_lr2.75e-5_20260612T191957Z,2025,8493465600,zh,forget,1.772345,5.884637,-0.13983
curr_td_f20_g1_lr2.75e-5_20260612T191957Z,2050,8598323200,zh,forget,1.7726,5.88614,-0.13958
curr_td_f20_g1_lr2.75e-5_20260612T191957Z,2075,8703180800,zh,forget,1.773218,5.889776,-0.13896
curr_td_f20_g1_lr2.75e-5_20260612T191957Z,2100,8808038400,zh,forget,1.773532,5.891624,-0.13865
curr_td_f20_g1_lr2.75e-5_20260612T191957Z,2125,8912896000,zh,forget,1.773794,5.893171,-0.13838
curr_td_f20_g1_lr2.75e-5_20260612T191957Z,2150,9017753600,zh,forget,1.774161,5.895335,-0.13802
curr_td_f20_g1_lr2.75e-5_20260612T191957Z,2175,9122611200,zh,forget,1.774468,5.897141,-0.13771
curr_td_f20_g1_lr2.75e-5_20260612T191957Z,2200,9227468800,zh,forget,1.774871,5.899521,-0.13731
curr_td_f20_g1_lr2.75e-5_20260612T191957Z,2225,9332326400,zh,forget,1.775836,5.905216,-0.13634
curr_td_f20_g1_lr2.75e-5_20260612T191957Z,2250,9437184000,zh,forget,1.775925,5.905742,-0.13625
curr_td_f20_g1_lr2.75e-5_20260612T191957Z,2275,9542041600,zh,forget,1.779832,5.928859,-0.13235
curr_td_f20_g1_lr2.75e-5_20260612T191957Z,2300,9646899200,zh,forget,1.778846,5.923017,-0.13333
curr_td_f20_g1_lr2.75e-5_20260612T191957Z,2325,9751756800,zh,forget,1.77886,5.923101,-0.13332
curr_td_f20_g1_lr2.75e-5_20260612T191957Z,2350,9856614400,zh,forget,1.778928,5.923503,-0.13325
curr_td_f20_g1_lr2.75e-5_20260612T191957Z,2375,9961472000,zh,forget,1.779578,5.927356,-0.1326
curr_td_f20_g1_lr2.75e-5_20260612T191957Z,2400,10066329600,zh,forget,1.779952,5.929573,-0.13223
curr_td_f20_g1_lr2.75e-5_20260612T191957Z,2425,10171187200,zh,forget,1.780189,5.930976,-0.13199
curr_td_f20_g1_lr2.75e-5_20260612T191957Z,2450,10276044800,zh,forget,1.780955,5.935524,-0.13122
curr_td_f20_g1_lr2.75e-5_20260612T191957Z,2475,10380902400,zh,forget,1.780871,5.935022,-0.13131
curr_td_f20_g1_lr2.75e-5_20260612T191957Z,2500,10485760000,zh,forget,1.781782,5.940432,-0.1304
curr_td_f20_g1_lr2.75e-5_20260612T191957Z,2525,10590617600,zh,forget,1.78228,5.943392,-0.1299
curr_td_f20_g1_lr2.75e-5_20260612T191957Z,2550,10695475200,zh,forget,1.78277,5.946306,-0.12941
curr_td_f20_g1_lr2.75e-5_20260612T191957Z,2575,10800332800,zh,forget,1.783547,5.950928,-0.12863
curr_td_f20_g1_lr2.75e-5_20260612T191957Z,2600,10905190400,zh,forget,1.783789,5.952365,-0.12839
curr_td_f20_g1_lr2.75e-5_20260612T191957Z,2625,11010048000,zh,forget,1.784289,5.955341,-0.12789
curr_td_f20_g1_lr2.75e-5_20260612T191957Z,2650,11114905600,zh,forget,1.78416,5.954575,-0.12802
curr_td_f20_g1_lr2.75e-5_20260612T191957Z,2675,11219763200,zh,forget,1.784149,5.954509,-0.12803
curr_td_f20_g1_lr2.75e-5_20260612T191957Z,2700,11324620800,zh,forget,1.784583,5.957097,-0.12759
curr_td_f20_g1_lr2.75e-5_20260612T191957Z,2725,11429478400,zh,forget,1.784167,5.954618,-0.12801
curr_td_f20_g1_lr2.75e-5_20260612T191957Z,2750,11534336000,zh,forget,1.784857,5.958727,-0.12732
curr_td_f20_g1_lr2.75e-5_20260612T191957Z,2775,11639193600,zh,forget,1.784512,5.956675,-0.12767
curr_td_f20_g1_lr2.75e-5_20260612T191957Z,2800,11744051200,zh,forget,1.784261,5.955176,-0.12792
curr_td_f20_g1_lr2.75e-5_20260612T191957Z,2825,11848908800,zh,forget,1.783803,5.952448,-0.12837
curr_td_f20_g1_lr2.75e-5_20260612T191957Z,2850,11953766400,zh,forget,1.784111,5.954282,-0.12807
curr_td_f20_g1_lr2.75e-5_20260612T191957Z,2875,12058624000,zh,forget,1.784431,5.956193,-0.12775
curr_td_f20_g1_lr2.75e-5_20260612T191957Z,2900,12163481600,zh,forget,1.7846,5.957195,-0.12758
curr_td_f20_g1_lr2.75e-5_20260612T191957Z,2925,12268339200,zh,forget,1.784272,5.955244,-0.12791
curr_td_f20_g1_lr2.75e-5_20260612T191957Z,2950,12373196800,zh,forget,1.783959,5.95338,-0.12822
curr_td_f20_g1_lr2.75e-5_20260612T191957Z,2975,12478054400,zh,forget,1.783585,5.951154,-0.12859
curr_td_f20_g1_lr2.75e-5_20260612T191957Z,3000,12582912000,zh,forget,1.784301,5.955414,-0.12788
curr_td_f20_g1_lr2.75e-5_20260612T191957Z,3025,12687769600,zh,forget,1.784078,5.954087,-0.1281
curr_td_f20_g1_lr2.75e-5_20260612T191957Z,3050,12792627200,zh,forget,1.784226,5.954969,-0.12795
curr_td_f20_g1_lr2.75e-5_20260612T191957Z,3075,12897484800,zh,forget,1.78413,5.954394,-0.12805
curr_td_f20_g1_lr2.75e-5_20260612T191957Z,3100,13002342400,zh,forget,1.784488,5.956527,-0.12769
curr_td_f20_g1_lr2.75e-5_20260612T191957Z,3125,13107200000,zh,forget,1.783686,5.951752,-0.12849
curr_td_f20_g1_lr2.75e-5_20260612T191957Z,3150,13212057600,zh,forget,1.783521,5.950772,-0.12866
curr_td_f20_g1_lr2.75e-5_20260612T191957Z,3175,13316915200,zh,forget,1.783721,5.951962,-0.12846
curr_td_f20_g1_lr2.75e-5_20260612T191957Z,3200,13421772800,zh,forget,1.783516,5.95074,-0.12866
curr_td_f20_g1_lr5.5e-5_20260612T191957Z,25,104857600,code,forget,0.7780492,2.177221,0.0
curr_td_f20_g1_lr5.5e-5_20260612T191957Z,50,209715200,code,forget,0.7315578,2.078316,-0.04649
curr_td_f20_g1_lr5.5e-5_20260612T191957Z,75,314572800,code,forget,0.7112116,2.036457,-0.06684
curr_td_f20_g1_lr5.5e-5_20260612T191957Z,100,419430400,code,forget,0.6952096,2.004129,-0.08284
curr_td_f20_g1_lr5.5e-5_20260612T191957Z,125,524288000,code,forget,0.6854962,1.984756,-0.09255
curr_td_f20_g1_lr5.5e-5_20260612T191957Z,150,629145600,code,forget,0.6811962,1.97624,-0.09685
curr_td_f20_g1_lr5.5e-5_20260612T191957Z,175,734003200,code,forget,0.6786277,1.971171,-0.09942
curr_td_f20_g1_lr5.5e-5_20260612T191957Z,200,838860800,code,forget,0.6772697,1.968496,-0.10078
curr_td_f20_g1_lr5.5e-5_20260612T191957Z,225,943718400,code,forget,0.6722558,1.958651,-0.10579
curr_td_f20_g1_lr5.5e-5_20260612T191957Z,250,1048576000,code,forget,0.6705875,1.955386,-0.10746
curr_td_f20_g1_lr5.5e-5_20260612T191957Z,275,1153433600,code,forget,0.6692069,1.952688,-0.10884
curr_td_f20_g1_lr5.5e-5_20260612T191957Z,300,1258291200,code,forget,0.6689417,1.95217,-0.10911
curr_td_f20_g1_lr5.5e-5_20260612T191957Z,325,1363148800,code,forget,0.6666561,1.947713,-0.11139
curr_td_f20_g1_lr5.5e-5_20260612T191957Z,350,1468006400,code,forget,0.6675662,1.949487,-0.11048
curr_td_f20_g1_lr5.5e-5_20260612T191957Z,375,1572864000,code,forget,0.6654916,1.945447,-0.11256
curr_td_f20_g1_lr5.5e-5_20260612T191957Z,400,1677721600,code,forget,0.6665809,1.947567,-0.11147
curr_td_f20_g1_lr5.5e-5_20260612T191957Z,425,1782579200,code,forget,0.6651917,1.944863,-0.11286
curr_td_f20_g1_lr5.5e-5_20260612T191957Z,450,1887436800,code,forget,0.6653493,1.94517,-0.1127
curr_td_f20_g1_lr5.5e-5_20260612T191957Z,475,1992294400,code,forget,0.6642064,1.942948,-0.11384
curr_td_f20_g1_lr5.5e-5_20260612T191957Z,500,2097152000,code,forget,0.6646897,1.943887,-0.11336
curr_td_f20_g1_lr5.5e-5_20260612T191957Z,525,2202009600,code,forget,0.6663433,1.947104,-0.11171
curr_td_f20_g1_lr5.5e-5_20260612T191957Z,550,2306867200,code,forget,0.6654605,1.945386,-0.11259
curr_td_f20_g1_lr5.5e-5_20260612T191957Z,575,2411724800,code,forget,0.6657081,1.945868,-0.11234
curr_td_f20_g1_lr5.5e-5_20260612T191957Z,600,2516582400,code,forget,0.6645498,1.943615,-0.1135
curr_td_f20_g1_lr5.5e-5_20260612T191957Z,625,2621440000,code,forget,0.6646485,1.943807,-0.1134
curr_td_f20_g1_lr5.5e-5_20260612T191957Z,650,2726297600,code,forget,0.6646196,1.943751,-0.11343
curr_td_f20_g1_lr5.5e-5_20260612T191957Z,675,2831155200,code,forget,0.6638418,1.94224,-0.11421
curr_td_f20_g1_lr5.5e-5_20260612T191957Z,700,2936012800,code,forget,0.6639737,1.942496,-0.11408
curr_td_f20_g1_lr5.5e-5_20260612T191957Z,725,3040870400,code,forget,0.6655664,1.945592,-0.11248
curr_td_f20_g1_lr5.5e-5_20260612T191957Z,750,3145728000,code,forget,0.664862,1.944222,-0.11319
curr_td_f20_g1_lr5.5e-5_20260612T191957Z,775,3250585600,code,forget,0.6650443,1.944577,-0.113
curr_td_f20_g1_lr5.5e-5_20260612T191957Z,800,3355443200,code,forget,0.6655892,1.945636,-0.11246
curr_td_f20_g1_lr5.5e-5_20260612T191957Z,825,3460300800,code,forget,0.6649117,1.944319,-0.11314
curr_td_f20_g1_lr5.5e-5_20260612T191957Z,850,3565158400,code,forget,0.6655995,1.945657,-0.11245
curr_td_f20_g1_lr5.5e-5_20260612T191957Z,875,3670016000,code,forget,0.6662725,1.946967,-0.11178
curr_td_f20_g1_lr5.5e-5_20260612T191957Z,900,3774873600,code,forget,0.6661505,1.946729,-0.1119
curr_td_f20_g1_lr5.5e-5_20260612T191957Z,925,3879731200,code,forget,0.6664414,1.947295,-0.11161
curr_td_f20_g1_lr5.5e-5_20260612T191957Z,950,3984588800,code,forget,0.6656644,1.945783,-0.11238
curr_td_f20_g1_lr5.5e-5_20260612T191957Z,975,4089446400,code,forget,0.6667549,1.947906,-0.11129
curr_td_f20_g1_lr5.5e-5_20260612T191957Z,1000,4194304000,code,forget,0.666613,1.947629,-0.11144
curr_td_f20_g1_lr5.5e-5_20260612T191957Z,1025,4299161600,code,forget,0.6668588,1.948108,-0.11119
curr_td_f20_g1_lr5.5e-5_20260612T191957Z,1050,4404019200,code,forget,0.6665431,1.947493,-0.11151
curr_td_f20_g1_lr5.5e-5_20260612T191957Z,1075,4508876800,code,forget,0.6669118,1.948212,-0.11114
curr_td_f20_g1_lr5.5e-5_20260612T191957Z,1100,4613734400,code,forget,0.667918,1.950173,-0.11013
curr_td_f20_g1_lr5.5e-5_20260612T191957Z,1125,4718592000,code,forget,0.668147,1.950619,-0.1099
curr_td_f20_g1_lr5.5e-5_20260612T191957Z,1150,4823449600,code,forget,0.6680826,1.950494,-0.10997
curr_td_f20_g1_lr5.5e-5_20260612T191957Z,1175,4928307200,code,forget,0.667821,1.949984,-0.11023
curr_td_f20_g1_lr5.5e-5_20260612T191957Z,1200,5033164800,code,forget,0.6681194,1.950566,-0.10993
curr_td_f20_g1_lr5.5e-5_20260612T191957Z,1225,5138022400,code,forget,0.6698395,1.953924,-0.10821
curr_td_f20_g1_lr5.5e-5_20260612T191957Z,1250,5242880000,code,forget,0.6690614,1.952404,-0.10899
curr_td_f20_g1_lr5.5e-5_20260612T191957Z,1275,5347737600,code,forget,0.6695929,1.953442,-0.10846
curr_td_f20_g1_lr5.5e-5_20260612T191957Z,1300,5452595200,code,forget,0.6695988,1.953453,-0.10845
curr_td_f20_g1_lr5.5e-5_20260612T191957Z,1325,5557452800,code,forget,0.6700871,1.954408,-0.10796
curr_td_f20_g1_lr5.5e-5_20260612T191957Z,1350,5662310400,code,forget,0.6716817,1.957527,-0.10637
curr_td_f20_g1_lr5.5e-5_20260612T191957Z,1375,5767168000,code,forget,0.6708538,1.955907,-0.1072
curr_td_f20_g1_lr5.5e-5_20260612T191957Z,1400,5872025600,code,forget,0.6712027,1.956589,-0.10685
curr_td_f20_g1_lr5.5e-5_20260612T191957Z,1425,5976883200,code,forget,0.6716626,1.957489,-0.10639
curr_td_f20_g1_lr5.5e-5_20260612T191957Z,1450,6081740800,code,forget,0.6723195,1.958775,-0.10573
curr_td_f20_g1_lr5.5e-5_20260612T191957Z,1475,6186598400,code,forget,0.6717244,1.95761,-0.10632
curr_td_f20_g1_lr5.5e-5_20260612T191957Z,1500,6291456000,code,forget,0.6718971,1.957948,-0.10615
curr_td_f20_g1_lr5.5e-5_20260612T191957Z,1525,6396313600,code,forget,0.6722271,1.958594,-0.10582
curr_td_f20_g1_lr5.5e-5_20260612T191957Z,1550,6501171200,code,forget,0.6733311,1.960758,-0.10472
curr_td_f20_g1_lr5.5e-5_20260612T191957Z,1575,6606028800,code,forget,0.6730523,1.960211,-0.105
curr_td_f20_g1_lr5.5e-5_20260612T191957Z,1600,6710886400,code,forget,0.6734002,1.960893,-0.10465
curr_td_f20_g1_lr5.5e-5_20260612T191957Z,1625,6815744000,code,forget,0.6744115,1.962878,-0.10364
curr_td_f20_g1_lr5.5e-5_20260612T191957Z,1650,6920601600,code,forget,0.6749628,1.96396,-0.10309
curr_td_f20_g1_lr5.5e-5_20260612T191957Z,1675,7025459200,code,forget,0.6762589,1.966507,-0.10179
curr_td_f20_g1_lr5.5e-5_20260612T191957Z,1700,7130316800,code,forget,0.6770209,1.968006,-0.10103
curr_td_f20_g1_lr5.5e-5_20260612T191957Z,1725,7235174400,code,forget,0.67681,1.967591,-0.10124
curr_td_f20_g1_lr5.5e-5_20260612T191957Z,1750,7340032000,code,forget,0.6772052,1.968369,-0.10084
curr_td_f20_g1_lr5.5e-5_20260612T191957Z,1775,7444889600,code,forget,0.6769168,1.967801,-0.10113
curr_td_f20_g1_lr5.5e-5_20260612T191957Z,1800,7549747200,code,forget,0.6777316,1.969405,-0.10032
curr_td_f20_g1_lr5.5e-5_20260612T191957Z,1825,7654604800,code,forget,0.67723,1.968418,-0.10082
curr_td_f20_g1_lr5.5e-5_20260612T191957Z,1850,7759462400,code,forget,0.6778597,1.969658,-0.10019
curr_td_f20_g1_lr5.5e-5_20260612T191957Z,1875,7864320000,code,forget,0.6777993,1.969539,-0.10025
curr_td_f20_g1_lr5.5e-5_20260612T191957Z,1900,7969177600,code,forget,0.6793433,1.972582,-0.09871
curr_td_f20_g1_lr5.5e-5_20260612T191957Z,1925,8074035200,code,forget,0.6792443,1.972387,-0.0988
curr_td_f20_g1_lr5.5e-5_20260612T191957Z,1950,8178892800,code,forget,0.6789649,1.971836,-0.09908
curr_td_f20_g1_lr5.5e-5_20260612T191957Z,1975,8283750400,code,forget,0.6797507,1.973386,-0.0983
curr_td_f20_g1_lr5.5e-5_20260612T191957Z,2000,8388608000,code,forget,0.6806757,1.975212,-0.09737
curr_td_f20_g1_lr5.5e-5_20260612T191957Z,2025,8493465600,code,forget,0.6812418,1.97633,-0.09681
curr_td_f20_g1_lr5.5e-5_20260612T191957Z,2050,8598323200,code,forget,0.6816142,1.977066,-0.09644
curr_td_f20_g1_lr5.5e-5_20260612T191957Z,2075,8703180800,code,forget,0.6822842,1.978392,-0.09576
curr_td_f20_g1_lr5.5e-5_20260612T191957Z,2100,8808038400,code,forget,0.6816413,1.97712,-0.09641
curr_td_f20_g1_lr5.5e-5_20260612T191957Z,2125,8912896000,code,forget,0.6828085,1.979429,-0.09524
curr_td_f20_g1_lr5.5e-5_20260612T191957Z,2150,9017753600,code,forget,0.6824796,1.978778,-0.09557
curr_td_f20_g1_lr5.5e-5_20260612T191957Z,2175,9122611200,code,forget,0.6840028,1.981795,-0.09405
curr_td_f20_g1_lr5.5e-5_20260612T191957Z,2200,9227468800,code,forget,0.6838896,1.98157,-0.09416
curr_td_f20_g1_lr5.5e-5_20260612T191957Z,2225,9332326400,code,forget,0.6844364,1.982654,-0.09361
curr_td_f20_g1_lr5.5e-5_20260612T191957Z,2250,9437184000,code,forget,0.6844123,1.982606,-0.09364
curr_td_f20_g1_lr5.5e-5_20260612T191957Z,2275,9542041600,code,forget,0.6927992,1.999304,-0.08525
curr_td_f20_g1_lr5.5e-5_20260612T191957Z,2300,9646899200,code,forget,0.6911046,1.995919,-0.08694
curr_td_f20_g1_lr5.5e-5_20260612T191957Z,2325,9751756800,code,forget,0.690627,1.994966,-0.08742
curr_td_f20_g1_lr5.5e-5_20260612T191957Z,2350,9856614400,code,forget,0.6911628,1.996035,-0.08689
curr_td_f20_g1_lr5.5e-5_20260612T191957Z,2375,9961472000,code,forget,0.6910159,1.995742,-0.08703
curr_td_f20_g1_lr5.5e-5_20260612T191957Z,2400,10066329600,code,forget,0.6918022,1.997312,-0.08625
curr_td_f20_g1_lr5.5e-5_20260612T191957Z,2425,10171187200,code,forget,0.6925116,1.998729,-0.08554
curr_td_f20_g1_lr5.5e-5_20260612T191957Z,2450,10276044800,code,forget,0.692668,1.999042,-0.08538
curr_td_f20_g1_lr5.5e-5_20260612T191957Z,2475,10380902400,code,forget,0.6942476,2.002202,-0.0838
curr_td_f20_g1_lr5.5e-5_20260612T191957Z,2500,10485760000,code,forget,0.6946807,2.003069,-0.08337
curr_td_f20_g1_lr5.5e-5_20260612T191957Z,2525,10590617600,code,forget,0.6950312,2.003772,-0.08302
curr_td_f20_g1_lr5.5e-5_20260612T191957Z,2550,10695475200,code,forget,0.6973079,2.008339,-0.08074
curr_td_f20_g1_lr5.5e-5_20260612T191957Z,2575,10800332800,code,forget,0.6961868,2.006089,-0.08186
curr_td_f20_g1_lr5.5e-5_20260612T191957Z,2600,10905190400,code,forget,0.6966653,2.007049,-0.08138
curr_td_f20_g1_lr5.5e-5_20260612T191957Z,2625,11010048000,code,forget,0.6969736,2.007667,-0.08108
curr_td_f20_g1_lr5.5e-5_20260612T191957Z,2650,11114905600,code,forget,0.6977434,2.009214,-0.08031
curr_td_f20_g1_lr5.5e-5_20260612T191957Z,2675,11219763200,code,forget,0.6973965,2.008517,-0.08065
curr_td_f20_g1_lr5.5e-5_20260612T191957Z,2700,11324620800,code,forget,0.696736,2.00719,-0.08131
curr_td_f20_g1_lr5.5e-5_20260612T191957Z,2725,11429478400,code,forget,0.6968378,2.007395,-0.08121
curr_td_f20_g1_lr5.5e-5_20260612T191957Z,2750,11534336000,code,forget,0.6966116,2.006941,-0.08144
curr_td_f20_g1_lr5.5e-5_20260612T191957Z,2775,11639193600,code,forget,0.6972118,2.008146,-0.08084
curr_td_f20_g1_lr5.5e-5_20260612T191957Z,2800,11744051200,code,forget,0.697211,2.008144,-0.08084
curr_td_f20_g1_lr5.5e-5_20260612T191957Z,2825,11848908800,code,forget,0.6968091,2.007337,-0.08124
curr_td_f20_g1_lr5.5e-5_20260612T191957Z,2850,11953766400,code,forget,0.697359,2.008441,-0.08069
curr_td_f20_g1_lr5.5e-5_20260612T191957Z,2875,12058624000,code,forget,0.6971833,2.008088,-0.08087
curr_td_f20_g1_lr5.5e-5_20260612T191957Z,2900,12163481600,code,forget,0.6966992,2.007117,-0.08135
curr_td_f20_g1_lr5.5e-5_20260612T191957Z,2925,12268339200,code,forget,0.6961979,2.006111,-0.08185
curr_td_f20_g1_lr5.5e-5_20260612T191957Z,2950,12373196800,code,forget,0.6964656,2.006648,-0.08158
curr_td_f20_g1_lr5.5e-5_20260612T191957Z,2975,12478054400,code,forget,0.6962044,2.006124,-0.08184
curr_td_f20_g1_lr5.5e-5_20260612T191957Z,3000,12582912000,code,forget,0.6964014,2.006519,-0.08165
curr_td_f20_g1_lr5.5e-5_20260612T191957Z,3025,12687769600,code,forget,0.6961562,2.006027,-0.08189
curr_td_f20_g1_lr5.5e-5_20260612T191957Z,3050,12792627200,code,forget,0.6961612,2.006037,-0.08189
curr_td_f20_g1_lr5.5e-5_20260612T191957Z,3075,12897484800,code,forget,0.6964431,2.006603,-0.08161
curr_td_f20_g1_lr5.5e-5_20260612T191957Z,3100,13002342400,code,forget,0.6960039,2.005722,-0.08205
curr_td_f20_g1_lr5.5e-5_20260612T191957Z,3125,13107200000,code,forget,0.6958331,2.005379,-0.08222
curr_td_f20_g1_lr5.5e-5_20260612T191957Z,3150,13212057600,code,forget,0.6956564,2.005025,-0.08239
curr_td_f20_g1_lr5.5e-5_20260612T191957Z,3175,13316915200,code,forget,0.6955009,2.004713,-0.08255
curr_td_f20_g1_lr5.5e-5_20260612T191957Z,3200,13421772800,code,forget,0.6956242,2.00496,-0.08242
curr_td_f20_g1_lr5.5e-5_20260612T191957Z,25,104857600,de,forget,1.949589,7.0258,0.0
curr_td_f20_g1_lr5.5e-5_20260612T191957Z,50,209715200,de,forget,1.914477,6.783389,-0.03511
curr_td_f20_g1_lr5.5e-5_20260612T191957Z,75,314572800,de,forget,1.883967,6.579555,-0.06562
curr_td_f20_g1_lr5.5e-5_20260612T191957Z,100,419430400,de,forget,1.869358,6.484133,-0.08023
curr_td_f20_g1_lr5.5e-5_20260612T191957Z,125,524288000,de,forget,1.862389,6.439104,-0.0872
curr_td_f20_g1_lr5.5e-5_20260612T191957Z,150,629145600,de,forget,1.859266,6.419025,-0.09032
curr_td_f20_g1_lr5.5e-5_20260612T191957Z,175,734003200,de,forget,1.858004,6.410926,-0.09159
curr_td_f20_g1_lr5.5e-5_20260612T191957Z,200,838860800,de,forget,1.857151,6.40546,-0.09244
curr_td_f20_g1_lr5.5e-5_20260612T191957Z,225,943718400,de,forget,1.856584,6.401828,-0.09301
curr_td_f20_g1_lr5.5e-5_20260612T191957Z,250,1048576000,de,forget,1.855116,6.392443,-0.09447
curr_td_f20_g1_lr5.5e-5_20260612T191957Z,275,1153433600,de,forget,1.855493,6.394848,-0.0941
curr_td_f20_g1_lr5.5e-5_20260612T191957Z,300,1258291200,de,forget,1.857385,6.406959,-0.0922
curr_td_f20_g1_lr5.5e-5_20260612T191957Z,325,1363148800,de,forget,1.855402,6.39427,-0.09419
curr_td_f20_g1_lr5.5e-5_20260612T191957Z,350,1468006400,de,forget,1.862911,6.442464,-0.08668
curr_td_f20_g1_lr5.5e-5_20260612T191957Z,375,1572864000,de,forget,1.856874,6.403691,-0.09272
curr_td_f20_g1_lr5.5e-5_20260612T191957Z,400,1677721600,de,forget,1.859949,6.423406,-0.08964
curr_td_f20_g1_lr5.5e-5_20260612T191957Z,425,1782579200,de,forget,1.857685,6.408886,-0.0919
curr_td_f20_g1_lr5.5e-5_20260612T191957Z,450,1887436800,de,forget,1.858301,6.412834,-0.09129
curr_td_f20_g1_lr5.5e-5_20260612T191957Z,475,1992294400,de,forget,1.859264,6.419011,-0.09032
curr_td_f20_g1_lr5.5e-5_20260612T191957Z,500,2097152000,de,forget,1.859077,6.41781,-0.09051
curr_td_f20_g1_lr5.5e-5_20260612T191957Z,525,2202009600,de,forget,1.863627,6.447078,-0.08596
curr_td_f20_g1_lr5.5e-5_20260612T191957Z,550,2306867200,de,forget,1.861716,6.434769,-0.08787
curr_td_f20_g1_lr5.5e-5_20260612T191957Z,575,2411724800,de,forget,1.863363,6.445379,-0.08623
curr_td_f20_g1_lr5.5e-5_20260612T191957Z,600,2516582400,de,forget,1.862098,6.437231,-0.08749
curr_td_f20_g1_lr5.5e-5_20260612T191957Z,625,2621440000,de,forget,1.862883,6.442285,-0.08671
curr_td_f20_g1_lr5.5e-5_20260612T191957Z,650,2726297600,de,forget,1.863053,6.443381,-0.08654
curr_td_f20_g1_lr5.5e-5_20260612T191957Z,675,2831155200,de,forget,1.862534,6.440034,-0.08706
curr_td_f20_g1_lr5.5e-5_20260612T191957Z,700,2936012800,de,forget,1.862472,6.439637,-0.08712
curr_td_f20_g1_lr5.5e-5_20260612T191957Z,725,3040870400,de,forget,1.865619,6.459935,-0.08397
curr_td_f20_g1_lr5.5e-5_20260612T191957Z,750,3145728000,de,forget,1.864136,6.450361,-0.08545
curr_td_f20_g1_lr5.5e-5_20260612T191957Z,775,3250585600,de,forget,1.865243,6.457507,-0.08435
curr_td_f20_g1_lr5.5e-5_20260612T191957Z,800,3355443200,de,forget,1.865637,6.460048,-0.08395
curr_td_f20_g1_lr5.5e-5_20260612T191957Z,825,3460300800,de,forget,1.865748,6.460765,-0.08384
curr_td_f20_g1_lr5.5e-5_20260612T191957Z,850,3565158400,de,forget,1.865943,6.462026,-0.08365
curr_td_f20_g1_lr5.5e-5_20260612T191957Z,875,3670016000,de,forget,1.867837,6.474276,-0.08175
curr_td_f20_g1_lr5.5e-5_20260612T191957Z,900,3774873600,de,forget,1.867061,6.469258,-0.08253
curr_td_f20_g1_lr5.5e-5_20260612T191957Z,925,3879731200,de,forget,1.86879,6.480447,-0.0808
curr_td_f20_g1_lr5.5e-5_20260612T191957Z,950,3984588800,de,forget,1.867961,6.475082,-0.08163
curr_td_f20_g1_lr5.5e-5_20260612T191957Z,975,4089446400,de,forget,1.869913,6.487733,-0.07968
curr_td_f20_g1_lr5.5e-5_20260612T191957Z,1000,4194304000,de,forget,1.869269,6.483556,-0.08032
curr_td_f20_g1_lr5.5e-5_20260612T191957Z,1025,4299161600,de,forget,1.869325,6.483918,-0.08026
curr_td_f20_g1_lr5.5e-5_20260612T191957Z,1050,4404019200,de,forget,1.869444,6.484688,-0.08014
curr_td_f20_g1_lr5.5e-5_20260612T191957Z,1075,4508876800,de,forget,1.86992,6.487778,-0.07967
curr_td_f20_g1_lr5.5e-5_20260612T191957Z,1100,4613734400,de,forget,1.871495,6.498006,-0.07809
curr_td_f20_g1_lr5.5e-5_20260612T191957Z,1125,4718592000,de,forget,1.872586,6.505096,-0.077
curr_td_f20_g1_lr5.5e-5_20260612T191957Z,1150,4823449600,de,forget,1.872847,6.506796,-0.07674
curr_td_f20_g1_lr5.5e-5_20260612T191957Z,1175,4928307200,de,forget,1.872446,6.504183,-0.07714
curr_td_f20_g1_lr5.5e-5_20260612T191957Z,1200,5033164800,de,forget,1.873142,6.508718,-0.07645
curr_td_f20_g1_lr5.5e-5_20260612T191957Z,1225,5138022400,de,forget,1.87502,6.520952,-0.07457
curr_td_f20_g1_lr5.5e-5_20260612T191957Z,1250,5242880000,de,forget,1.873563,6.511454,-0.07603
curr_td_f20_g1_lr5.5e-5_20260612T191957Z,1275,5347737600,de,forget,1.874982,6.520699,-0.07461
curr_td_f20_g1_lr5.5e-5_20260612T191957Z,1300,5452595200,de,forget,1.875486,6.523989,-0.0741
curr_td_f20_g1_lr5.5e-5_20260612T191957Z,1325,5557452800,de,forget,1.875936,6.526923,-0.07365
curr_td_f20_g1_lr5.5e-5_20260612T191957Z,1350,5662310400,de,forget,1.879116,6.547711,-0.07047
curr_td_f20_g1_lr5.5e-5_20260612T191957Z,1375,5767168000,de,forget,1.877403,6.536506,-0.07219
curr_td_f20_g1_lr5.5e-5_20260612T191957Z,1400,5872025600,de,forget,1.876988,6.533793,-0.0726
curr_td_f20_g1_lr5.5e-5_20260612T191957Z,1425,5976883200,de,forget,1.877574,6.537627,-0.07201
curr_td_f20_g1_lr5.5e-5_20260612T191957Z,1450,6081740800,de,forget,1.87876,6.545385,-0.07083
curr_td_f20_g1_lr5.5e-5_20260612T191957Z,1475,6186598400,de,forget,1.878771,6.545458,-0.07082
curr_td_f20_g1_lr5.5e-5_20260612T191957Z,1500,6291456000,de,forget,1.879146,6.547907,-0.07044
curr_td_f20_g1_lr5.5e-5_20260612T191957Z,1525,6396313600,de,forget,1.879842,6.552472,-0.06975
curr_td_f20_g1_lr5.5e-5_20260612T191957Z,1550,6501171200,de,forget,1.882065,6.567055,-0.06752
curr_td_f20_g1_lr5.5e-5_20260612T191957Z,1575,6606028800,de,forget,1.880378,6.555981,-0.06921
curr_td_f20_g1_lr5.5e-5_20260612T191957Z,1600,6710886400,de,forget,1.881963,6.566383,-0.06763
curr_td_f20_g1_lr5.5e-5_20260612T191957Z,1625,6815744000,de,forget,1.883876,6.578955,-0.06571
curr_td_f20_g1_lr5.5e-5_20260612T191957Z,1650,6920601600,de,forget,1.883863,6.578871,-0.06573
curr_td_f20_g1_lr5.5e-5_20260612T191957Z,1675,7025459200,de,forget,1.884269,6.581541,-0.06532
curr_td_f20_g1_lr5.5e-5_20260612T191957Z,1700,7130316800,de,forget,1.885053,6.586703,-0.06454
curr_td_f20_g1_lr5.5e-5_20260612T191957Z,1725,7235174400,de,forget,1.885899,6.592279,-0.06369
curr_td_f20_g1_lr5.5e-5_20260612T191957Z,1750,7340032000,de,forget,1.88591,6.592349,-0.06368
curr_td_f20_g1_lr5.5e-5_20260612T191957Z,1775,7444889600,de,forget,1.88546,6.589388,-0.06413
curr_td_f20_g1_lr5.5e-5_20260612T191957Z,1800,7549747200,de,forget,1.887191,6.600801,-0.0624
curr_td_f20_g1_lr5.5e-5_20260612T191957Z,1825,7654604800,de,forget,1.887128,6.600387,-0.06246
curr_td_f20_g1_lr5.5e-5_20260612T191957Z,1850,7759462400,de,forget,1.88754,6.603104,-0.06205
curr_td_f20_g1_lr5.5e-5_20260612T191957Z,1875,7864320000,de,forget,1.887278,6.601373,-0.06231
curr_td_f20_g1_lr5.5e-5_20260612T191957Z,1900,7969177600,de,forget,1.888549,6.609772,-0.06104
curr_td_f20_g1_lr5.5e-5_20260612T191957Z,1925,8074035200,de,forget,1.889268,6.614523,-0.06032
curr_td_f20_g1_lr5.5e-5_20260612T191957Z,1950,8178892800,de,forget,1.89008,6.619899,-0.05951
curr_td_f20_g1_lr5.5e-5_20260612T191957Z,1975,8283750400,de,forget,1.889873,6.618529,-0.05972
curr_td_f20_g1_lr5.5e-5_20260612T191957Z,2000,8388608000,de,forget,1.891042,6.626268,-0.05855
curr_td_f20_g1_lr5.5e-5_20260612T191957Z,2025,8493465600,de,forget,1.891918,6.632078,-0.05767
curr_td_f20_g1_lr5.5e-5_20260612T191957Z,2050,8598323200,de,forget,1.892291,6.634552,-0.0573
curr_td_f20_g1_lr5.5e-5_20260612T191957Z,2075,8703180800,de,forget,1.893164,6.640343,-0.05642
curr_td_f20_g1_lr5.5e-5_20260612T191957Z,2100,8808038400,de,forget,1.89278,6.637797,-0.05681
curr_td_f20_g1_lr5.5e-5_20260612T191957Z,2125,8912896000,de,forget,1.893917,6.645347,-0.05567
curr_td_f20_g1_lr5.5e-5_20260612T191957Z,2150,9017753600,de,forget,1.893835,6.6448,-0.05575
curr_td_f20_g1_lr5.5e-5_20260612T191957Z,2175,9122611200,de,forget,1.895542,6.656158,-0.05405
curr_td_f20_g1_lr5.5e-5_20260612T191957Z,2200,9227468800,de,forget,1.895424,6.655373,-0.05417
curr_td_f20_g1_lr5.5e-5_20260612T191957Z,2225,9332326400,de,forget,1.896487,6.66245,-0.0531
curr_td_f20_g1_lr5.5e-5_20260612T191957Z,2250,9437184000,de,forget,1.896207,6.660584,-0.05338
curr_td_f20_g1_lr5.5e-5_20260612T191957Z,2275,9542041600,de,forget,1.901967,6.69906,-0.04762
curr_td_f20_g1_lr5.5e-5_20260612T191957Z,2300,9646899200,de,forget,1.900896,6.691885,-0.04869
curr_td_f20_g1_lr5.5e-5_20260612T191957Z,2325,9751756800,de,forget,1.90109,6.693184,-0.0485
curr_td_f20_g1_lr5.5e-5_20260612T191957Z,2350,9856614400,de,forget,1.902138,6.700205,-0.04745
curr_td_f20_g1_lr5.5e-5_20260612T191957Z,2375,9961472000,de,forget,1.901535,6.696165,-0.04805
curr_td_f20_g1_lr5.5e-5_20260612T191957Z,2400,10066329600,de,forget,1.902925,6.705479,-0.04666
curr_td_f20_g1_lr5.5e-5_20260612T191957Z,2425,10171187200,de,forget,1.90358,6.70987,-0.04601
curr_td_f20_g1_lr5.5e-5_20260612T191957Z,2450,10276044800,de,forget,1.904136,6.713602,-0.04545
curr_td_f20_g1_lr5.5e-5_20260612T191957Z,2475,10380902400,de,forget,1.906386,6.728724,-0.0432
curr_td_f20_g1_lr5.5e-5_20260612T191957Z,2500,10485760000,de,forget,1.906528,6.729685,-0.04306
curr_td_f20_g1_lr5.5e-5_20260612T191957Z,2525,10590617600,de,forget,1.907037,6.733112,-0.04255
curr_td_f20_g1_lr5.5e-5_20260612T191957Z,2550,10695475200,de,forget,1.911884,6.765826,-0.03771
curr_td_f20_g1_lr5.5e-5_20260612T191957Z,2575,10800332800,de,forget,1.909289,6.748287,-0.0403
curr_td_f20_g1_lr5.5e-5_20260612T191957Z,2600,10905190400,de,forget,1.909163,6.74744,-0.04043
curr_td_f20_g1_lr5.5e-5_20260612T191957Z,2625,11010048000,de,forget,1.908849,6.745321,-0.04074
curr_td_f20_g1_lr5.5e-5_20260612T191957Z,2650,11114905600,de,forget,1.910322,6.755263,-0.03927
curr_td_f20_g1_lr5.5e-5_20260612T191957Z,2675,11219763200,de,forget,1.910419,6.755917,-0.03917
curr_td_f20_g1_lr5.5e-5_20260612T191957Z,2700,11324620800,de,forget,1.908832,6.745203,-0.04076
curr_td_f20_g1_lr5.5e-5_20260612T191957Z,2725,11429478400,de,forget,1.908737,6.744567,-0.04085
curr_td_f20_g1_lr5.5e-5_20260612T191957Z,2750,11534336000,de,forget,1.908828,6.745177,-0.04076
curr_td_f20_g1_lr5.5e-5_20260612T191957Z,2775,11639193600,de,forget,1.909096,6.746985,-0.04049
curr_td_f20_g1_lr5.5e-5_20260612T191957Z,2800,11744051200,de,forget,1.908875,6.745493,-0.04071
curr_td_f20_g1_lr5.5e-5_20260612T191957Z,2825,11848908800,de,forget,1.90792,6.739054,-0.04167
curr_td_f20_g1_lr5.5e-5_20260612T191957Z,2850,11953766400,de,forget,1.908275,6.741447,-0.04131
curr_td_f20_g1_lr5.5e-5_20260612T191957Z,2875,12058624000,de,forget,1.907892,6.738866,-0.0417
curr_td_f20_g1_lr5.5e-5_20260612T191957Z,2900,12163481600,de,forget,1.907461,6.735966,-0.04213
curr_td_f20_g1_lr5.5e-5_20260612T191957Z,2925,12268339200,de,forget,1.906397,6.728798,-0.04319
curr_td_f20_g1_lr5.5e-5_20260612T191957Z,2950,12373196800,de,forget,1.906981,6.732732,-0.04261
curr_td_f20_g1_lr5.5e-5_20260612T191957Z,2975,12478054400,de,forget,1.906531,6.729701,-0.04306
curr_td_f20_g1_lr5.5e-5_20260612T191957Z,3000,12582912000,de,forget,1.906502,6.729509,-0.04309
curr_td_f20_g1_lr5.5e-5_20260612T191957Z,3025,12687769600,de,forget,1.906354,6.72851,-0.04323
curr_td_f20_g1_lr5.5e-5_20260612T191957Z,3050,12792627200,de,forget,1.90606,6.726535,-0.04353
curr_td_f20_g1_lr5.5e-5_20260612T191957Z,3075,12897484800,de,forget,1.906792,6.731458,-0.0428
curr_td_f20_g1_lr5.5e-5_20260612T191957Z,3100,13002342400,de,forget,1.905502,6.722782,-0.04409
curr_td_f20_g1_lr5.5e-5_20260612T191957Z,3125,13107200000,de,forget,1.905412,6.722176,-0.04418
curr_td_f20_g1_lr5.5e-5_20260612T191957Z,3150,13212057600,de,forget,1.905074,6.719902,-0.04452
curr_td_f20_g1_lr5.5e-5_20260612T191957Z,3175,13316915200,de,forget,1.904661,6.717131,-0.04493
curr_td_f20_g1_lr5.5e-5_20260612T191957Z,3200,13421772800,de,forget,1.904788,6.717982,-0.0448
curr_td_f20_g1_lr5.5e-5_20260612T191957Z,25,104857600,english,forget,2.069102,7.91771,0.0
curr_td_f20_g1_lr5.5e-5_20260612T191957Z,50,209715200,english,forget,2.019148,7.531908,-0.04995
curr_td_f20_g1_lr5.5e-5_20260612T191957Z,75,314572800,english,forget,1.988242,7.302683,-0.08086
curr_td_f20_g1_lr5.5e-5_20260612T191957Z,100,419430400,english,forget,1.972979,7.192069,-0.09612
curr_td_f20_g1_lr5.5e-5_20260612T191957Z,125,524288000,english,forget,1.965202,7.136356,-0.1039
curr_td_f20_g1_lr5.5e-5_20260612T191957Z,150,629145600,english,forget,1.96128,7.108418,-0.10782
curr_td_f20_g1_lr5.5e-5_20260612T191957Z,175,734003200,english,forget,1.959486,7.095679,-0.10962
curr_td_f20_g1_lr5.5e-5_20260612T191957Z,200,838860800,english,forget,1.9588,7.090815,-0.1103
curr_td_f20_g1_lr5.5e-5_20260612T191957Z,225,943718400,english,forget,1.956727,7.076129,-0.11237
curr_td_f20_g1_lr5.5e-5_20260612T191957Z,250,1048576000,english,forget,1.95465,7.06145,-0.11445
curr_td_f20_g1_lr5.5e-5_20260612T191957Z,275,1153433600,english,forget,1.95473,7.062011,-0.11437
curr_td_f20_g1_lr5.5e-5_20260612T191957Z,300,1258291200,english,forget,1.956653,7.075605,-0.11245
curr_td_f20_g1_lr5.5e-5_20260612T191957Z,325,1363148800,english,forget,1.953747,7.055072,-0.11536
curr_td_f20_g1_lr5.5e-5_20260612T191957Z,350,1468006400,english,forget,1.958792,7.090754,-0.11031
curr_td_f20_g1_lr5.5e-5_20260612T191957Z,375,1572864000,english,forget,1.954685,7.061693,-0.11442
curr_td_f20_g1_lr5.5e-5_20260612T191957Z,400,1677721600,english,forget,1.956861,7.07708,-0.11224
curr_td_f20_g1_lr5.5e-5_20260612T191957Z,425,1782579200,english,forget,1.954692,7.061747,-0.11441
curr_td_f20_g1_lr5.5e-5_20260612T191957Z,450,1887436800,english,forget,1.955137,7.064886,-0.11397
curr_td_f20_g1_lr5.5e-5_20260612T191957Z,475,1992294400,english,forget,1.955459,7.06716,-0.11364
curr_td_f20_g1_lr5.5e-5_20260612T191957Z,500,2097152000,english,forget,1.956371,7.073611,-0.11273
curr_td_f20_g1_lr5.5e-5_20260612T191957Z,525,2202009600,english,forget,1.960143,7.100346,-0.10896
curr_td_f20_g1_lr5.5e-5_20260612T191957Z,550,2306867200,english,forget,1.957868,7.084207,-0.11123
curr_td_f20_g1_lr5.5e-5_20260612T191957Z,575,2411724800,english,forget,1.959455,7.095457,-0.10965
curr_td_f20_g1_lr5.5e-5_20260612T191957Z,600,2516582400,english,forget,1.958511,7.088764,-0.11059
curr_td_f20_g1_lr5.5e-5_20260612T191957Z,625,2621440000,english,forget,1.958964,7.091974,-0.11014
curr_td_f20_g1_lr5.5e-5_20260612T191957Z,650,2726297600,english,forget,1.959315,7.094469,-0.10979
curr_td_f20_g1_lr5.5e-5_20260612T191957Z,675,2831155200,english,forget,1.958369,7.087755,-0.11073
curr_td_f20_g1_lr5.5e-5_20260612T191957Z,700,2936012800,english,forget,1.958754,7.090486,-0.11035
curr_td_f20_g1_lr5.5e-5_20260612T191957Z,725,3040870400,english,forget,1.962223,7.115129,-0.10688
curr_td_f20_g1_lr5.5e-5_20260612T191957Z,750,3145728000,english,forget,1.960559,7.103299,-0.10854
curr_td_f20_g1_lr5.5e-5_20260612T191957Z,775,3250585600,english,forget,1.961582,7.110565,-0.10752
curr_td_f20_g1_lr5.5e-5_20260612T191957Z,800,3355443200,english,forget,1.96211,7.114322,-0.10699
curr_td_f20_g1_lr5.5e-5_20260612T191957Z,825,3460300800,english,forget,1.962073,7.114056,-0.10703
curr_td_f20_g1_lr5.5e-5_20260612T191957Z,850,3565158400,english,forget,1.96276,7.118951,-0.10634
curr_td_f20_g1_lr5.5e-5_20260612T191957Z,875,3670016000,english,forget,1.964373,7.13044,-0.10473
curr_td_f20_g1_lr5.5e-5_20260612T191957Z,900,3774873600,english,forget,1.964132,7.12872,-0.10497
curr_td_f20_g1_lr5.5e-5_20260612T191957Z,925,3879731200,english,forget,1.965721,7.14006,-0.10338
curr_td_f20_g1_lr5.5e-5_20260612T191957Z,950,3984588800,english,forget,1.964964,7.134655,-0.10414
curr_td_f20_g1_lr5.5e-5_20260612T191957Z,975,4089446400,english,forget,1.966979,7.149045,-0.10212
curr_td_f20_g1_lr5.5e-5_20260612T191957Z,1000,4194304000,english,forget,1.966522,7.145778,-0.10258
curr_td_f20_g1_lr5.5e-5_20260612T191957Z,1025,4299161600,english,forget,1.966526,7.145809,-0.10258
curr_td_f20_g1_lr5.5e-5_20260612T191957Z,1050,4404019200,english,forget,1.966513,7.145714,-0.10259
curr_td_f20_g1_lr5.5e-5_20260612T191957Z,1075,4508876800,english,forget,1.967094,7.149869,-0.10201
curr_td_f20_g1_lr5.5e-5_20260612T191957Z,1100,4613734400,english,forget,1.969168,7.16471,-0.09993
curr_td_f20_g1_lr5.5e-5_20260612T191957Z,1125,4718592000,english,forget,1.970379,7.173395,-0.09872
curr_td_f20_g1_lr5.5e-5_20260612T191957Z,1150,4823449600,english,forget,1.970495,7.174226,-0.09861
curr_td_f20_g1_lr5.5e-5_20260612T191957Z,1175,4928307200,english,forget,1.970401,7.173549,-0.0987
curr_td_f20_g1_lr5.5e-5_20260612T191957Z,1200,5033164800,english,forget,1.971389,7.180643,-0.09771
curr_td_f20_g1_lr5.5e-5_20260612T191957Z,1225,5138022400,english,forget,1.973354,7.194768,-0.09575
curr_td_f20_g1_lr5.5e-5_20260612T191957Z,1250,5242880000,english,forget,1.972294,7.187146,-0.09681
curr_td_f20_g1_lr5.5e-5_20260612T191957Z,1275,5347737600,english,forget,1.973622,7.196697,-0.09548
curr_td_f20_g1_lr5.5e-5_20260612T191957Z,1300,5452595200,english,forget,1.974226,7.20104,-0.09488
curr_td_f20_g1_lr5.5e-5_20260612T191957Z,1325,5557452800,english,forget,1.974612,7.203827,-0.09449
curr_td_f20_g1_lr5.5e-5_20260612T191957Z,1350,5662310400,english,forget,1.977282,7.223087,-0.09182
curr_td_f20_g1_lr5.5e-5_20260612T191957Z,1375,5767168000,english,forget,1.976441,7.217009,-0.09266
curr_td_f20_g1_lr5.5e-5_20260612T191957Z,1400,5872025600,english,forget,1.976574,7.217975,-0.09253
curr_td_f20_g1_lr5.5e-5_20260612T191957Z,1425,5976883200,english,forget,1.977313,7.223311,-0.09179
curr_td_f20_g1_lr5.5e-5_20260612T191957Z,1450,6081740800,english,forget,1.978674,7.233145,-0.09043
curr_td_f20_g1_lr5.5e-5_20260612T191957Z,1475,6186598400,english,forget,1.978575,7.232428,-0.09053
curr_td_f20_g1_lr5.5e-5_20260612T191957Z,1500,6291456000,english,forget,1.979411,7.238475,-0.08969
curr_td_f20_g1_lr5.5e-5_20260612T191957Z,1525,6396313600,english,forget,1.980277,7.244752,-0.08882
curr_td_f20_g1_lr5.5e-5_20260612T191957Z,1550,6501171200,english,forget,1.982208,7.258753,-0.08689
curr_td_f20_g1_lr5.5e-5_20260612T191957Z,1575,6606028800,english,forget,1.981606,7.254381,-0.0875
curr_td_f20_g1_lr5.5e-5_20260612T191957Z,1600,6710886400,english,forget,1.982546,7.261204,-0.08656
curr_td_f20_g1_lr5.5e-5_20260612T191957Z,1625,6815744000,english,forget,1.984349,7.274311,-0.08475
curr_td_f20_g1_lr5.5e-5_20260612T191957Z,1650,6920601600,english,forget,1.985062,7.279498,-0.08404
curr_td_f20_g1_lr5.5e-5_20260612T191957Z,1675,7025459200,english,forget,1.985675,7.28396,-0.08343
curr_td_f20_g1_lr5.5e-5_20260612T191957Z,1700,7130316800,english,forget,1.986884,7.292777,-0.08222
curr_td_f20_g1_lr5.5e-5_20260612T191957Z,1725,7235174400,english,forget,1.987485,7.29716,-0.08162
curr_td_f20_g1_lr5.5e-5_20260612T191957Z,1750,7340032000,english,forget,1.987631,7.298224,-0.08147
curr_td_f20_g1_lr5.5e-5_20260612T191957Z,1775,7444889600,english,forget,1.987817,7.299583,-0.08129
curr_td_f20_g1_lr5.5e-5_20260612T191957Z,1800,7549747200,english,forget,1.988816,7.306877,-0.08029
curr_td_f20_g1_lr5.5e-5_20260612T191957Z,1825,7654604800,english,forget,1.989039,7.308507,-0.08006
curr_td_f20_g1_lr5.5e-5_20260612T191957Z,1850,7759462400,english,forget,1.989863,7.314528,-0.07924
curr_td_f20_g1_lr5.5e-5_20260612T191957Z,1875,7864320000,english,forget,1.990002,7.315551,-0.0791
curr_td_f20_g1_lr5.5e-5_20260612T191957Z,1900,7969177600,english,forget,1.991544,7.326839,-0.07756
curr_td_f20_g1_lr5.5e-5_20260612T191957Z,1925,8074035200,english,forget,1.992062,7.330636,-0.07704
curr_td_f20_g1_lr5.5e-5_20260612T191957Z,1950,8178892800,english,forget,1.992358,7.332804,-0.07674
curr_td_f20_g1_lr5.5e-5_20260612T191957Z,1975,8283750400,english,forget,1.992709,7.335376,-0.07639
curr_td_f20_g1_lr5.5e-5_20260612T191957Z,2000,8388608000,english,forget,1.994461,7.348244,-0.07464
curr_td_f20_g1_lr5.5e-5_20260612T191957Z,2025,8493465600,english,forget,1.995548,7.356237,-0.07355
curr_td_f20_g1_lr5.5e-5_20260612T191957Z,2050,8598323200,english,forget,1.995993,7.359507,-0.07311
curr_td_f20_g1_lr5.5e-5_20260612T191957Z,2075,8703180800,english,forget,1.996839,7.365739,-0.07226
curr_td_f20_g1_lr5.5e-5_20260612T191957Z,2100,8808038400,english,forget,1.996882,7.366053,-0.07222
curr_td_f20_g1_lr5.5e-5_20260612T191957Z,2125,8912896000,english,forget,1.998369,7.377016,-0.07073
curr_td_f20_g1_lr5.5e-5_20260612T191957Z,2150,9017753600,english,forget,1.998724,7.379637,-0.07038
curr_td_f20_g1_lr5.5e-5_20260612T191957Z,2175,9122611200,english,forget,2.000437,7.392282,-0.06867
curr_td_f20_g1_lr5.5e-5_20260612T191957Z,2200,9227468800,english,forget,2.000559,7.39319,-0.06854
curr_td_f20_g1_lr5.5e-5_20260612T191957Z,2225,9332326400,english,forget,2.001632,7.401123,-0.06747
curr_td_f20_g1_lr5.5e-5_20260612T191957Z,2250,9437184000,english,forget,2.001754,7.402025,-0.06735
curr_td_f20_g1_lr5.5e-5_20260612T191957Z,2275,9542041600,english,forget,2.008531,7.452361,-0.06057
curr_td_f20_g1_lr5.5e-5_20260612T191957Z,2300,9646899200,english,forget,2.006953,7.440613,-0.06215
curr_td_f20_g1_lr5.5e-5_20260612T191957Z,2325,9751756800,english,forget,2.00725,7.442818,-0.06185
curr_td_f20_g1_lr5.5e-5_20260612T191957Z,2350,9856614400,english,forget,2.008315,7.450749,-0.06079
curr_td_f20_g1_lr5.5e-5_20260612T191957Z,2375,9961472000,english,forget,2.007666,7.445916,-0.06144
curr_td_f20_g1_lr5.5e-5_20260612T191957Z,2400,10066329600,english,forget,2.009012,7.455945,-0.06009
curr_td_f20_g1_lr5.5e-5_20260612T191957Z,2425,10171187200,english,forget,2.00956,7.460033,-0.05954
curr_td_f20_g1_lr5.5e-5_20260612T191957Z,2450,10276044800,english,forget,2.010488,7.466961,-0.05861
curr_td_f20_g1_lr5.5e-5_20260612T191957Z,2475,10380902400,english,forget,2.012967,7.485495,-0.05613
curr_td_f20_g1_lr5.5e-5_20260612T191957Z,2500,10485760000,english,forget,2.013256,7.48766,-0.05585
curr_td_f20_g1_lr5.5e-5_20260612T191957Z,2525,10590617600,english,forget,2.013582,7.490102,-0.05552
curr_td_f20_g1_lr5.5e-5_20260612T191957Z,2550,10695475200,english,forget,2.017837,7.522036,-0.05126
curr_td_f20_g1_lr5.5e-5_20260612T191957Z,2575,10800332800,english,forget,2.015924,7.507658,-0.05318
curr_td_f20_g1_lr5.5e-5_20260612T191957Z,2600,10905190400,english,forget,2.016088,7.508893,-0.05301
curr_td_f20_g1_lr5.5e-5_20260612T191957Z,2625,11010048000,english,forget,2.016545,7.512327,-0.05256
curr_td_f20_g1_lr5.5e-5_20260612T191957Z,2650,11114905600,english,forget,2.017727,7.521211,-0.05138
curr_td_f20_g1_lr5.5e-5_20260612T191957Z,2675,11219763200,english,forget,2.017699,7.521001,-0.0514
curr_td_f20_g1_lr5.5e-5_20260612T191957Z,2700,11324620800,english,forget,2.016675,7.513303,-0.05243
curr_td_f20_g1_lr5.5e-5_20260612T191957Z,2725,11429478400,english,forget,2.016265,7.510225,-0.05284
curr_td_f20_g1_lr5.5e-5_20260612T191957Z,2750,11534336000,english,forget,2.017105,7.516534,-0.052
curr_td_f20_g1_lr5.5e-5_20260612T191957Z,2775,11639193600,english,forget,2.017104,7.516528,-0.052
curr_td_f20_g1_lr5.5e-5_20260612T191957Z,2800,11744051200,english,forget,2.017113,7.516593,-0.05199
curr_td_f20_g1_lr5.5e-5_20260612T191957Z,2825,11848908800,english,forget,2.016087,7.508884,-0.05301
curr_td_f20_g1_lr5.5e-5_20260612T191957Z,2850,11953766400,english,forget,2.016691,7.51342,-0.05241
curr_td_f20_g1_lr5.5e-5_20260612T191957Z,2875,12058624000,english,forget,2.016451,7.51162,-0.05265
curr_td_f20_g1_lr5.5e-5_20260612T191957Z,2900,12163481600,english,forget,2.016758,7.513927,-0.05234
curr_td_f20_g1_lr5.5e-5_20260612T191957Z,2925,12268339200,english,forget,2.015477,7.504304,-0.05362
curr_td_f20_g1_lr5.5e-5_20260612T191957Z,2950,12373196800,english,forget,2.016132,7.50922,-0.05297
curr_td_f20_g1_lr5.5e-5_20260612T191957Z,2975,12478054400,english,forget,2.015623,7.505399,-0.05348
curr_td_f20_g1_lr5.5e-5_20260612T191957Z,3000,12582912000,english,forget,2.015685,7.505868,-0.05342
curr_td_f20_g1_lr5.5e-5_20260612T191957Z,3025,12687769600,english,forget,2.015622,7.505394,-0.05348
curr_td_f20_g1_lr5.5e-5_20260612T191957Z,3050,12792627200,english,forget,2.015468,7.504239,-0.05363
curr_td_f20_g1_lr5.5e-5_20260612T191957Z,3075,12897484800,english,forget,2.01632,7.510637,-0.05278
curr_td_f20_g1_lr5.5e-5_20260612T191957Z,3100,13002342400,english,forget,2.015306,7.503021,-0.0538
curr_td_f20_g1_lr5.5e-5_20260612T191957Z,3125,13107200000,english,forget,2.014871,7.499757,-0.05423
curr_td_f20_g1_lr5.5e-5_20260612T191957Z,3150,13212057600,english,forget,2.014708,7.498534,-0.05439
curr_td_f20_g1_lr5.5e-5_20260612T191957Z,3175,13316915200,english,forget,2.014147,7.494334,-0.05496
curr_td_f20_g1_lr5.5e-5_20260612T191957Z,3200,13421772800,english,forget,2.014548,7.497337,-0.05455
curr_td_f20_g1_lr5.5e-5_20260612T191957Z,25,104857600,greek_phd,adapt,2.99454,19.97617,0.0
curr_td_f20_g1_lr5.5e-5_20260612T191957Z,50,209715200,greek_phd,adapt,2.539428,12.67242,-0.45511
curr_td_f20_g1_lr5.5e-5_20260612T191957Z,75,314572800,greek_phd,adapt,2.29183,9.893021,-0.70271
curr_td_f20_g1_lr5.5e-5_20260612T191957Z,100,419430400,greek_phd,adapt,2.173236,8.786669,-0.8213
curr_td_f20_g1_lr5.5e-5_20260612T191957Z,125,524288000,greek_phd,adapt,2.103761,8.196942,-0.89078
curr_td_f20_g1_lr5.5e-5_20260612T191957Z,150,629145600,greek_phd,adapt,2.06532,7.887818,-0.92922
curr_td_f20_g1_lr5.5e-5_20260612T191957Z,175,734003200,greek_phd,adapt,2.032464,7.632873,-0.96208
curr_td_f20_g1_lr5.5e-5_20260612T191957Z,200,838860800,greek_phd,adapt,2.008442,7.4517,-0.9861
curr_td_f20_g1_lr5.5e-5_20260612T191957Z,225,943718400,greek_phd,adapt,1.990727,7.320854,-1.00381
curr_td_f20_g1_lr5.5e-5_20260612T191957Z,250,1048576000,greek_phd,adapt,1.971114,7.178669,-1.02343
curr_td_f20_g1_lr5.5e-5_20260612T191957Z,275,1153433600,greek_phd,adapt,1.953586,7.053936,-1.04095
curr_td_f20_g1_lr5.5e-5_20260612T191957Z,300,1258291200,greek_phd,adapt,1.943244,6.98136,-1.0513
curr_td_f20_g1_lr5.5e-5_20260612T191957Z,325,1363148800,greek_phd,adapt,1.931271,6.898271,-1.06327
curr_td_f20_g1_lr5.5e-5_20260612T191957Z,350,1468006400,greek_phd,adapt,1.943876,6.985778,-1.05066
curr_td_f20_g1_lr5.5e-5_20260612T191957Z,375,1572864000,greek_phd,adapt,1.914843,6.785876,-1.0797
curr_td_f20_g1_lr5.5e-5_20260612T191957Z,400,1677721600,greek_phd,adapt,1.911776,6.765094,-1.08276
curr_td_f20_g1_lr5.5e-5_20260612T191957Z,425,1782579200,greek_phd,adapt,1.895798,6.65786,-1.09874
curr_td_f20_g1_lr5.5e-5_20260612T191957Z,450,1887436800,greek_phd,adapt,1.887997,6.606126,-1.10654
curr_td_f20_g1_lr5.5e-5_20260612T191957Z,475,1992294400,greek_phd,adapt,1.887461,6.602581,-1.10708
curr_td_f20_g1_lr5.5e-5_20260612T191957Z,500,2097152000,greek_phd,adapt,1.877217,6.53529,-1.11732
curr_td_f20_g1_lr5.5e-5_20260612T191957Z,525,2202009600,greek_phd,adapt,1.879168,6.548056,-1.11537
curr_td_f20_g1_lr5.5e-5_20260612T191957Z,550,2306867200,greek_phd,adapt,1.871983,6.501176,-1.12256
curr_td_f20_g1_lr5.5e-5_20260612T191957Z,575,2411724800,greek_phd,adapt,1.871981,6.501165,-1.12256
curr_td_f20_g1_lr5.5e-5_20260612T191957Z,600,2516582400,greek_phd,adapt,1.861778,6.435168,-1.13276
curr_td_f20_g1_lr5.5e-5_20260612T191957Z,625,2621440000,greek_phd,adapt,1.858428,6.413644,-1.13611
curr_td_f20_g1_lr5.5e-5_20260612T191957Z,650,2726297600,greek_phd,adapt,1.854946,6.391352,-1.13959
curr_td_f20_g1_lr5.5e-5_20260612T191957Z,675,2831155200,greek_phd,adapt,1.850561,6.363389,-1.14398
curr_td_f20_g1_lr5.5e-5_20260612T191957Z,700,2936012800,greek_phd,adapt,1.845581,6.331779,-1.14896
curr_td_f20_g1_lr5.5e-5_20260612T191957Z,725,3040870400,greek_phd,adapt,1.845953,6.33413,-1.14859
curr_td_f20_g1_lr5.5e-5_20260612T191957Z,750,3145728000,greek_phd,adapt,1.83925,6.291817,-1.15529
curr_td_f20_g1_lr5.5e-5_20260612T191957Z,775,3250585600,greek_phd,adapt,1.836712,6.275869,-1.15783
curr_td_f20_g1_lr5.5e-5_20260612T191957Z,800,3355443200,greek_phd,adapt,1.833,6.252618,-1.16154
curr_td_f20_g1_lr5.5e-5_20260612T191957Z,825,3460300800,greek_phd,adapt,1.828743,6.226056,-1.1658
curr_td_f20_g1_lr5.5e-5_20260612T191957Z,850,3565158400,greek_phd,adapt,1.827656,6.219291,-1.16688
curr_td_f20_g1_lr5.5e-5_20260612T191957Z,875,3670016000,greek_phd,adapt,1.82541,6.20534,-1.16913
curr_td_f20_g1_lr5.5e-5_20260612T191957Z,900,3774873600,greek_phd,adapt,1.822191,6.185393,-1.17235
curr_td_f20_g1_lr5.5e-5_20260612T191957Z,925,3879731200,greek_phd,adapt,1.821832,6.183178,-1.17271
curr_td_f20_g1_lr5.5e-5_20260612T191957Z,950,3984588800,greek_phd,adapt,1.816581,6.150793,-1.17796
curr_td_f20_g1_lr5.5e-5_20260612T191957Z,975,4089446400,greek_phd,adapt,1.818637,6.163452,-1.1759
curr_td_f20_g1_lr5.5e-5_20260612T191957Z,1000,4194304000,greek_phd,adapt,1.812711,6.127037,-1.18183
curr_td_f20_g1_lr5.5e-5_20260612T191957Z,1025,4299161600,greek_phd,adapt,1.809852,6.109546,-1.18469
curr_td_f20_g1_lr5.5e-5_20260612T191957Z,1050,4404019200,greek_phd,adapt,1.808701,6.102518,-1.18584
curr_td_f20_g1_lr5.5e-5_20260612T191957Z,1075,4508876800,greek_phd,adapt,1.80705,6.092447,-1.18749
curr_td_f20_g1_lr5.5e-5_20260612T191957Z,1100,4613734400,greek_phd,adapt,1.807183,6.09326,-1.18736
curr_td_f20_g1_lr5.5e-5_20260612T191957Z,1125,4718592000,greek_phd,adapt,1.805205,6.081219,-1.18934
curr_td_f20_g1_lr5.5e-5_20260612T191957Z,1150,4823449600,greek_phd,adapt,1.802338,6.06381,-1.1922
curr_td_f20_g1_lr5.5e-5_20260612T191957Z,1175,4928307200,greek_phd,adapt,1.7992,6.044809,-1.19534
curr_td_f20_g1_lr5.5e-5_20260612T191957Z,1200,5033164800,greek_phd,adapt,1.797662,6.035521,-1.19688
curr_td_f20_g1_lr5.5e-5_20260612T191957Z,1225,5138022400,greek_phd,adapt,1.797357,6.033678,-1.19718
curr_td_f20_g1_lr5.5e-5_20260612T191957Z,1250,5242880000,greek_phd,adapt,1.79377,6.012075,-1.20077
curr_td_f20_g1_lr5.5e-5_20260612T191957Z,1275,5347737600,greek_phd,adapt,1.793613,6.01113,-1.20093
curr_td_f20_g1_lr5.5e-5_20260612T191957Z,1300,5452595200,greek_phd,adapt,1.792373,6.003681,-1.20217
curr_td_f20_g1_lr5.5e-5_20260612T191957Z,1325,5557452800,greek_phd,adapt,1.790296,5.991227,-1.20424
curr_td_f20_g1_lr5.5e-5_20260612T191957Z,1350,5662310400,greek_phd,adapt,1.794505,6.016494,-1.20004
curr_td_f20_g1_lr5.5e-5_20260612T191957Z,1375,5767168000,greek_phd,adapt,1.790403,5.991867,-1.20414
curr_td_f20_g1_lr5.5e-5_20260612T191957Z,1400,5872025600,greek_phd,adapt,1.786475,5.968377,-1.20807
curr_td_f20_g1_lr5.5e-5_20260612T191957Z,1425,5976883200,greek_phd,adapt,1.784561,5.956962,-1.20998
curr_td_f20_g1_lr5.5e-5_20260612T191957Z,1450,6081740800,greek_phd,adapt,1.784241,5.955057,-1.2103
curr_td_f20_g1_lr5.5e-5_20260612T191957Z,1475,6186598400,greek_phd,adapt,1.781844,5.940803,-1.2127
curr_td_f20_g1_lr5.5e-5_20260612T191957Z,1500,6291456000,greek_phd,adapt,1.781437,5.938382,-1.2131
curr_td_f20_g1_lr5.5e-5_20260612T191957Z,1525,6396313600,greek_phd,adapt,1.780662,5.933784,-1.21388
curr_td_f20_g1_lr5.5e-5_20260612T191957Z,1550,6501171200,greek_phd,adapt,1.7823,5.943514,-1.21224
curr_td_f20_g1_lr5.5e-5_20260612T191957Z,1575,6606028800,greek_phd,adapt,1.777256,5.913604,-1.21728
curr_td_f20_g1_lr5.5e-5_20260612T191957Z,1600,6710886400,greek_phd,adapt,1.777035,5.9123,-1.21751
curr_td_f20_g1_lr5.5e-5_20260612T191957Z,1625,6815744000,greek_phd,adapt,1.778591,5.921507,-1.21595
curr_td_f20_g1_lr5.5e-5_20260612T191957Z,1650,6920601600,greek_phd,adapt,1.776175,5.907221,-1.21837
curr_td_f20_g1_lr5.5e-5_20260612T191957Z,1675,7025459200,greek_phd,adapt,1.775607,5.903862,-1.21893
curr_td_f20_g1_lr5.5e-5_20260612T191957Z,1700,7130316800,greek_phd,adapt,1.773581,5.891915,-1.22096
curr_td_f20_g1_lr5.5e-5_20260612T191957Z,1725,7235174400,greek_phd,adapt,1.772651,5.88644,-1.22189
curr_td_f20_g1_lr5.5e-5_20260612T191957Z,1750,7340032000,greek_phd,adapt,1.7735,5.891436,-1.22104
curr_td_f20_g1_lr5.5e-5_20260612T191957Z,1775,7444889600,greek_phd,adapt,1.769569,5.868322,-1.22497
curr_td_f20_g1_lr5.5e-5_20260612T191957Z,1800,7549747200,greek_phd,adapt,1.770249,5.872313,-1.22429
curr_td_f20_g1_lr5.5e-5_20260612T191957Z,1825,7654604800,greek_phd,adapt,1.768374,5.861315,-1.22617
curr_td_f20_g1_lr5.5e-5_20260612T191957Z,1850,7759462400,greek_phd,adapt,1.768411,5.861532,-1.22613
curr_td_f20_g1_lr5.5e-5_20260612T191957Z,1875,7864320000,greek_phd,adapt,1.766024,5.847554,-1.22852
curr_td_f20_g1_lr5.5e-5_20260612T191957Z,1900,7969177600,greek_phd,adapt,1.765875,5.846689,-1.22867
curr_td_f20_g1_lr5.5e-5_20260612T191957Z,1925,8074035200,greek_phd,adapt,1.76471,5.83988,-1.22983
curr_td_f20_g1_lr5.5e-5_20260612T191957Z,1950,8178892800,greek_phd,adapt,1.764194,5.836868,-1.23035
curr_td_f20_g1_lr5.5e-5_20260612T191957Z,1975,8283750400,greek_phd,adapt,1.762614,5.82765,-1.23193
curr_td_f20_g1_lr5.5e-5_20260612T191957Z,2000,8388608000,greek_phd,adapt,1.76231,5.825882,-1.23223
curr_td_f20_g1_lr5.5e-5_20260612T191957Z,2025,8493465600,greek_phd,adapt,1.761889,5.823429,-1.23265
curr_td_f20_g1_lr5.5e-5_20260612T191957Z,2050,8598323200,greek_phd,adapt,1.761814,5.822991,-1.23273
curr_td_f20_g1_lr5.5e-5_20260612T191957Z,2075,8703180800,greek_phd,adapt,1.760079,5.812898,-1.23446
curr_td_f20_g1_lr5.5e-5_20260612T191957Z,2100,8808038400,greek_phd,adapt,1.758966,5.80643,-1.23557
curr_td_f20_g1_lr5.5e-5_20260612T191957Z,2125,8912896000,greek_phd,adapt,1.759345,5.808631,-1.2352
curr_td_f20_g1_lr5.5e-5_20260612T191957Z,2150,9017753600,greek_phd,adapt,1.757624,5.798641,-1.23692
curr_td_f20_g1_lr5.5e-5_20260612T191957Z,2175,9122611200,greek_phd,adapt,1.757514,5.798004,-1.23703
curr_td_f20_g1_lr5.5e-5_20260612T191957Z,2200,9227468800,greek_phd,adapt,1.757324,5.796902,-1.23722
curr_td_f20_g1_lr5.5e-5_20260612T191957Z,2225,9332326400,greek_phd,adapt,1.757041,5.795262,-1.2375
curr_td_f20_g1_lr5.5e-5_20260612T191957Z,2250,9437184000,greek_phd,adapt,1.754989,5.783386,-1.23955
curr_td_f20_g1_lr5.5e-5_20260612T191957Z,2275,9542041600,greek_phd,adapt,1.712734,5.544101,-1.28181
curr_td_f20_g1_lr5.5e-5_20260612T191957Z,2300,9646899200,greek_phd,adapt,1.696129,5.452801,-1.29841
curr_td_f20_g1_lr5.5e-5_20260612T191957Z,2325,9751756800,greek_phd,adapt,1.688156,5.409494,-1.30638
curr_td_f20_g1_lr5.5e-5_20260612T191957Z,2350,9856614400,greek_phd,adapt,1.682751,5.380339,-1.31179
curr_td_f20_g1_lr5.5e-5_20260612T191957Z,2375,9961472000,greek_phd,adapt,1.675342,5.340622,-1.3192
curr_td_f20_g1_lr5.5e-5_20260612T191957Z,2400,10066329600,greek_phd,adapt,1.671167,5.318368,-1.32337
curr_td_f20_g1_lr5.5e-5_20260612T191957Z,2425,10171187200,greek_phd,adapt,1.667307,5.297881,-1.32723
curr_td_f20_g1_lr5.5e-5_20260612T191957Z,2450,10276044800,greek_phd,adapt,1.664299,5.281971,-1.33024
curr_td_f20_g1_lr5.5e-5_20260612T191957Z,2475,10380902400,greek_phd,adapt,1.663316,5.276781,-1.33122
curr_td_f20_g1_lr5.5e-5_20260612T191957Z,2500,10485760000,greek_phd,adapt,1.659808,5.258301,-1.33473
curr_td_f20_g1_lr5.5e-5_20260612T191957Z,2525,10590617600,greek_phd,adapt,1.655693,5.236707,-1.33885
curr_td_f20_g1_lr5.5e-5_20260612T191957Z,2550,10695475200,greek_phd,adapt,1.662181,5.270794,-1.33236
curr_td_f20_g1_lr5.5e-5_20260612T191957Z,2575,10800332800,greek_phd,adapt,1.65155,5.215057,-1.34299
curr_td_f20_g1_lr5.5e-5_20260612T191957Z,2600,10905190400,greek_phd,adapt,1.648528,5.19932,-1.34601
curr_td_f20_g1_lr5.5e-5_20260612T191957Z,2625,11010048000,greek_phd,adapt,1.646228,5.187378,-1.34831
curr_td_f20_g1_lr5.5e-5_20260612T191957Z,2650,11114905600,greek_phd,adapt,1.646645,5.189538,-1.3479
curr_td_f20_g1_lr5.5e-5_20260612T191957Z,2675,11219763200,greek_phd,adapt,1.643743,5.1745,-1.3508
curr_td_f20_g1_lr5.5e-5_20260612T191957Z,2700,11324620800,greek_phd,adapt,1.640051,5.155431,-1.35449
curr_td_f20_g1_lr5.5e-5_20260612T191957Z,2725,11429478400,greek_phd,adapt,1.63832,5.146515,-1.35622
curr_td_f20_g1_lr5.5e-5_20260612T191957Z,2750,11534336000,greek_phd,adapt,1.637111,5.140299,-1.35743
curr_td_f20_g1_lr5.5e-5_20260612T191957Z,2775,11639193600,greek_phd,adapt,1.635154,5.130246,-1.35939
curr_td_f20_g1_lr5.5e-5_20260612T191957Z,2800,11744051200,greek_phd,adapt,1.634244,5.125582,-1.3603
curr_td_f20_g1_lr5.5e-5_20260612T191957Z,2825,11848908800,greek_phd,adapt,1.632911,5.118754,-1.36163
curr_td_f20_g1_lr5.5e-5_20260612T191957Z,2850,11953766400,greek_phd,adapt,1.63191,5.113632,-1.36263
curr_td_f20_g1_lr5.5e-5_20260612T191957Z,2875,12058624000,greek_phd,adapt,1.630646,5.107174,-1.36389
curr_td_f20_g1_lr5.5e-5_20260612T191957Z,2900,12163481600,greek_phd,adapt,1.62952,5.101424,-1.36502
curr_td_f20_g1_lr5.5e-5_20260612T191957Z,2925,12268339200,greek_phd,adapt,1.627838,5.09285,-1.3667
curr_td_f20_g1_lr5.5e-5_20260612T191957Z,2950,12373196800,greek_phd,adapt,1.627558,5.091427,-1.36698
curr_td_f20_g1_lr5.5e-5_20260612T191957Z,2975,12478054400,greek_phd,adapt,1.626082,5.083916,-1.36846
curr_td_f20_g1_lr5.5e-5_20260612T191957Z,3000,12582912000,greek_phd,adapt,1.62511,5.07898,-1.36943
curr_td_f20_g1_lr5.5e-5_20260612T191957Z,3025,12687769600,greek_phd,adapt,1.624426,5.075503,-1.37011
curr_td_f20_g1_lr5.5e-5_20260612T191957Z,3050,12792627200,greek_phd,adapt,1.623969,5.073186,-1.37057
curr_td_f20_g1_lr5.5e-5_20260612T191957Z,3075,12897484800,greek_phd,adapt,1.623402,5.07031,-1.37114
curr_td_f20_g1_lr5.5e-5_20260612T191957Z,3100,13002342400,greek_phd,adapt,1.622352,5.06499,-1.37219
curr_td_f20_g1_lr5.5e-5_20260612T191957Z,3125,13107200000,greek_phd,adapt,1.621575,5.061057,-1.37297
curr_td_f20_g1_lr5.5e-5_20260612T191957Z,3150,13212057600,greek_phd,adapt,1.621271,5.059517,-1.37327
curr_td_f20_g1_lr5.5e-5_20260612T191957Z,3175,13316915200,greek_phd,adapt,1.620627,5.05626,-1.37391
curr_td_f20_g1_lr5.5e-5_20260612T191957Z,3200,13421772800,greek_phd,adapt,1.619914,5.052654,-1.37463
curr_td_f20_g1_lr5.5e-5_20260612T191957Z,25,104857600,hplt,adapt,4.314957,74.81038,0.0
curr_td_f20_g1_lr5.5e-5_20260612T191957Z,50,209715200,hplt,adapt,3.495692,32.97308,-0.81926
curr_td_f20_g1_lr5.5e-5_20260612T191957Z,75,314572800,hplt,adapt,3.018655,20.46376,-1.2963
curr_td_f20_g1_lr5.5e-5_20260612T191957Z,100,419430400,hplt,adapt,2.803884,16.50865,-1.51107
curr_td_f20_g1_lr5.5e-5_20260612T191957Z,125,524288000,hplt,adapt,2.673786,14.49474,-1.64117
curr_td_f20_g1_lr5.5e-5_20260612T191957Z,150,629145600,hplt,adapt,2.60369,13.51352,-1.71127
curr_td_f20_g1_lr5.5e-5_20260612T191957Z,175,734003200,hplt,adapt,2.543925,12.72954,-1.77103
curr_td_f20_g1_lr5.5e-5_20260612T191957Z,200,838860800,hplt,adapt,2.498521,12.16449,-1.81644
curr_td_f20_g1_lr5.5e-5_20260612T191957Z,225,943718400,hplt,adapt,2.46966,11.81843,-1.8453
curr_td_f20_g1_lr5.5e-5_20260612T191957Z,250,1048576000,hplt,adapt,2.431304,11.37371,-1.88365
curr_td_f20_g1_lr5.5e-5_20260612T191957Z,275,1153433600,hplt,adapt,2.398986,11.01201,-1.91597
curr_td_f20_g1_lr5.5e-5_20260612T191957Z,300,1258291200,hplt,adapt,2.378243,10.78593,-1.93671
curr_td_f20_g1_lr5.5e-5_20260612T191957Z,325,1363148800,hplt,adapt,2.3567,10.55606,-1.95826
curr_td_f20_g1_lr5.5e-5_20260612T191957Z,350,1468006400,hplt,adapt,2.384676,10.85555,-1.93028
curr_td_f20_g1_lr5.5e-5_20260612T191957Z,375,1572864000,hplt,adapt,2.322569,10.20185,-1.99239
curr_td_f20_g1_lr5.5e-5_20260612T191957Z,400,1677721600,hplt,adapt,2.32017,10.1774,-1.99479
curr_td_f20_g1_lr5.5e-5_20260612T191957Z,425,1782579200,hplt,adapt,2.291891,9.893632,-2.02307
curr_td_f20_g1_lr5.5e-5_20260612T191957Z,450,1887436800,hplt,adapt,2.27718,9.749153,-2.03778
curr_td_f20_g1_lr5.5e-5_20260612T191957Z,475,1992294400,hplt,adapt,2.274055,9.718728,-2.0409
curr_td_f20_g1_lr5.5e-5_20260612T191957Z,500,2097152000,hplt,adapt,2.254123,9.526939,-2.06083
curr_td_f20_g1_lr5.5e-5_20260612T191957Z,525,2202009600,hplt,adapt,2.253381,9.519868,-2.06158
curr_td_f20_g1_lr5.5e-5_20260612T191957Z,550,2306867200,hplt,adapt,2.237882,9.373459,-2.07707
curr_td_f20_g1_lr5.5e-5_20260612T191957Z,575,2411724800,hplt,adapt,2.236783,9.363162,-2.07817
curr_td_f20_g1_lr5.5e-5_20260612T191957Z,600,2516582400,hplt,adapt,2.216603,9.176109,-2.09835
curr_td_f20_g1_lr5.5e-5_20260612T191957Z,625,2621440000,hplt,adapt,2.208356,9.100739,-2.1066
curr_td_f20_g1_lr5.5e-5_20260612T191957Z,650,2726297600,hplt,adapt,2.201969,9.042805,-2.11299
curr_td_f20_g1_lr5.5e-5_20260612T191957Z,675,2831155200,hplt,adapt,2.192104,8.954034,-2.12285
curr_td_f20_g1_lr5.5e-5_20260612T191957Z,700,2936012800,hplt,adapt,2.185103,8.891566,-2.12985
curr_td_f20_g1_lr5.5e-5_20260612T191957Z,725,3040870400,hplt,adapt,2.1858,8.89776,-2.12916
curr_td_f20_g1_lr5.5e-5_20260612T191957Z,750,3145728000,hplt,adapt,2.170768,8.765009,-2.14419
curr_td_f20_g1_lr5.5e-5_20260612T191957Z,775,3250585600,hplt,adapt,2.165508,8.71903,-2.14945
curr_td_f20_g1_lr5.5e-5_20260612T191957Z,800,3355443200,hplt,adapt,2.160973,8.679579,-2.15398
curr_td_f20_g1_lr5.5e-5_20260612T191957Z,825,3460300800,hplt,adapt,2.152605,8.607252,-2.16235
curr_td_f20_g1_lr5.5e-5_20260612T191957Z,850,3565158400,hplt,adapt,2.148552,8.57244,-2.1664
curr_td_f20_g1_lr5.5e-5_20260612T191957Z,875,3670016000,hplt,adapt,2.145048,8.542455,-2.16991
curr_td_f20_g1_lr5.5e-5_20260612T191957Z,900,3774873600,hplt,adapt,2.138289,8.484905,-2.17667
curr_td_f20_g1_lr5.5e-5_20260612T191957Z,925,3879731200,hplt,adapt,2.137219,8.475835,-2.17774
curr_td_f20_g1_lr5.5e-5_20260612T191957Z,950,3984588800,hplt,adapt,2.127177,8.391149,-2.18778
curr_td_f20_g1_lr5.5e-5_20260612T191957Z,975,4089446400,hplt,adapt,2.130997,8.423262,-2.18396
curr_td_f20_g1_lr5.5e-5_20260612T191957Z,1000,4194304000,hplt,adapt,2.118656,8.319951,-2.1963
curr_td_f20_g1_lr5.5e-5_20260612T191957Z,1025,4299161600,hplt,adapt,2.114038,8.281617,-2.20092
curr_td_f20_g1_lr5.5e-5_20260612T191957Z,1050,4404019200,hplt,adapt,2.110347,8.251102,-2.20461
curr_td_f20_g1_lr5.5e-5_20260612T191957Z,1075,4508876800,hplt,adapt,2.104067,8.199452,-2.21089
curr_td_f20_g1_lr5.5e-5_20260612T191957Z,1100,4613734400,hplt,adapt,2.103992,8.19883,-2.21096
curr_td_f20_g1_lr5.5e-5_20260612T191957Z,1125,4718592000,hplt,adapt,2.099947,8.165741,-2.21501
curr_td_f20_g1_lr5.5e-5_20260612T191957Z,1150,4823449600,hplt,adapt,2.095346,8.128251,-2.21961
curr_td_f20_g1_lr5.5e-5_20260612T191957Z,1175,4928307200,hplt,adapt,2.089846,8.083667,-2.22511
curr_td_f20_g1_lr5.5e-5_20260612T191957Z,1200,5033164800,hplt,adapt,2.085386,8.0477,-2.22957
curr_td_f20_g1_lr5.5e-5_20260612T191957Z,1225,5138022400,hplt,adapt,2.084854,8.04342,-2.2301
curr_td_f20_g1_lr5.5e-5_20260612T191957Z,1250,5242880000,hplt,adapt,2.077897,7.987652,-2.23706
curr_td_f20_g1_lr5.5e-5_20260612T191957Z,1275,5347737600,hplt,adapt,2.075467,7.96827,-2.23949
curr_td_f20_g1_lr5.5e-5_20260612T191957Z,1300,5452595200,hplt,adapt,2.072857,7.947494,-2.2421
curr_td_f20_g1_lr5.5e-5_20260612T191957Z,1325,5557452800,hplt,adapt,2.067654,7.906251,-2.2473
curr_td_f20_g1_lr5.5e-5_20260612T191957Z,1350,5662310400,hplt,adapt,2.07691,7.97977,-2.23805
curr_td_f20_g1_lr5.5e-5_20260612T191957Z,1375,5767168000,hplt,adapt,2.066107,7.894028,-2.24885
curr_td_f20_g1_lr5.5e-5_20260612T191957Z,1400,5872025600,hplt,adapt,2.058512,7.834307,-2.25644
curr_td_f20_g1_lr5.5e-5_20260612T191957Z,1425,5976883200,hplt,adapt,2.056053,7.81506,-2.2589
curr_td_f20_g1_lr5.5e-5_20260612T191957Z,1450,6081740800,hplt,adapt,2.054362,7.801861,-2.26059
curr_td_f20_g1_lr5.5e-5_20260612T191957Z,1475,6186598400,hplt,adapt,2.049722,7.765743,-2.26523
curr_td_f20_g1_lr5.5e-5_20260612T191957Z,1500,6291456000,hplt,adapt,2.048084,7.753029,-2.26687
curr_td_f20_g1_lr5.5e-5_20260612T191957Z,1525,6396313600,hplt,adapt,2.046942,7.744183,-2.26801
curr_td_f20_g1_lr5.5e-5_20260612T191957Z,1550,6501171200,hplt,adapt,2.04727,7.746724,-2.26769
curr_td_f20_g1_lr5.5e-5_20260612T191957Z,1575,6606028800,hplt,adapt,2.038451,7.678704,-2.27651
curr_td_f20_g1_lr5.5e-5_20260612T191957Z,1600,6710886400,hplt,adapt,2.037677,7.672763,-2.27728
curr_td_f20_g1_lr5.5e-5_20260612T191957Z,1625,6815744000,hplt,adapt,2.04061,7.695301,-2.27435
curr_td_f20_g1_lr5.5e-5_20260612T191957Z,1650,6920601600,hplt,adapt,2.033989,7.644519,-2.28097
curr_td_f20_g1_lr5.5e-5_20260612T191957Z,1675,7025459200,hplt,adapt,2.03192,7.628721,-2.28304
curr_td_f20_g1_lr5.5e-5_20260612T191957Z,1700,7130316800,hplt,adapt,2.027963,7.598592,-2.28699
curr_td_f20_g1_lr5.5e-5_20260612T191957Z,1725,7235174400,hplt,adapt,2.025446,7.579492,-2.28951
curr_td_f20_g1_lr5.5e-5_20260612T191957Z,1750,7340032000,hplt,adapt,2.024374,7.571373,-2.29058
curr_td_f20_g1_lr5.5e-5_20260612T191957Z,1775,7444889600,hplt,adapt,2.018813,7.529381,-2.29614
curr_td_f20_g1_lr5.5e-5_20260612T191957Z,1800,7549747200,hplt,adapt,2.020097,7.539055,-2.29486
curr_td_f20_g1_lr5.5e-5_20260612T191957Z,1825,7654604800,hplt,adapt,2.014866,7.49972,-2.30009
curr_td_f20_g1_lr5.5e-5_20260612T191957Z,1850,7759462400,hplt,adapt,2.013963,7.492957,-2.30099
curr_td_f20_g1_lr5.5e-5_20260612T191957Z,1875,7864320000,hplt,adapt,2.010116,7.464182,-2.30484
curr_td_f20_g1_lr5.5e-5_20260612T191957Z,1900,7969177600,hplt,adapt,2.00867,7.453397,-2.30629
curr_td_f20_g1_lr5.5e-5_20260612T191957Z,1925,8074035200,hplt,adapt,2.006018,7.43366,-2.30894
curr_td_f20_g1_lr5.5e-5_20260612T191957Z,1950,8178892800,hplt,adapt,2.005139,7.427123,-2.30982
curr_td_f20_g1_lr5.5e-5_20260612T191957Z,1975,8283750400,hplt,adapt,2.000585,7.393379,-2.31437
curr_td_f20_g1_lr5.5e-5_20260612T191957Z,2000,8388608000,hplt,adapt,2.00033,7.391496,-2.31463
curr_td_f20_g1_lr5.5e-5_20260612T191957Z,2025,8493465600,hplt,adapt,1.9982,7.375767,-2.31676
curr_td_f20_g1_lr5.5e-5_20260612T191957Z,2050,8598323200,hplt,adapt,1.996154,7.360692,-2.3188
curr_td_f20_g1_lr5.5e-5_20260612T191957Z,2075,8703180800,hplt,adapt,1.994006,7.344896,-2.32095
curr_td_f20_g1_lr5.5e-5_20260612T191957Z,2100,8808038400,hplt,adapt,1.990942,7.322431,-2.32401
curr_td_f20_g1_lr5.5e-5_20260612T191957Z,2125,8912896000,hplt,adapt,1.99029,7.317654,-2.32467
curr_td_f20_g1_lr5.5e-5_20260612T191957Z,2150,9017753600,hplt,adapt,1.987386,7.296436,-2.32757
curr_td_f20_g1_lr5.5e-5_20260612T191957Z,2175,9122611200,hplt,adapt,1.987114,7.294452,-2.32784
curr_td_f20_g1_lr5.5e-5_20260612T191957Z,2200,9227468800,hplt,adapt,1.984775,7.277411,-2.33018
curr_td_f20_g1_lr5.5e-5_20260612T191957Z,2225,9332326400,hplt,adapt,1.983925,7.271226,-2.33103
curr_td_f20_g1_lr5.5e-5_20260612T191957Z,2250,9437184000,hplt,adapt,1.980307,7.24497,-2.33465
curr_td_f20_g1_lr5.5e-5_20260612T191957Z,2275,9542041600,hplt,adapt,1.99199,7.330109,-2.32297
curr_td_f20_g1_lr5.5e-5_20260612T191957Z,2300,9646899200,hplt,adapt,1.991668,7.327743,-2.32329
curr_td_f20_g1_lr5.5e-5_20260612T191957Z,2325,9751756800,hplt,adapt,1.991878,7.329286,-2.32308
curr_td_f20_g1_lr5.5e-5_20260612T191957Z,2350,9856614400,hplt,adapt,1.994633,7.349505,-2.32032
curr_td_f20_g1_lr5.5e-5_20260612T191957Z,2375,9961472000,hplt,adapt,1.992434,7.333359,-2.32252
curr_td_f20_g1_lr5.5e-5_20260612T191957Z,2400,10066329600,hplt,adapt,1.993322,7.339875,-2.32163
curr_td_f20_g1_lr5.5e-5_20260612T191957Z,2425,10171187200,hplt,adapt,1.993975,7.344672,-2.32098
curr_td_f20_g1_lr5.5e-5_20260612T191957Z,2450,10276044800,hplt,adapt,1.995225,7.353854,-2.31973
curr_td_f20_g1_lr5.5e-5_20260612T191957Z,2475,10380902400,hplt,adapt,1.998074,7.374838,-2.31688
curr_td_f20_g1_lr5.5e-5_20260612T191957Z,2500,10485760000,hplt,adapt,1.998763,7.379919,-2.31619
curr_td_f20_g1_lr5.5e-5_20260612T191957Z,2525,10590617600,hplt,adapt,1.998819,7.380333,-2.31614
curr_td_f20_g1_lr5.5e-5_20260612T191957Z,2550,10695475200,hplt,adapt,2.008832,7.454609,-2.30612
curr_td_f20_g1_lr5.5e-5_20260612T191957Z,2575,10800332800,hplt,adapt,2.001404,7.399438,-2.31355
curr_td_f20_g1_lr5.5e-5_20260612T191957Z,2600,10905190400,hplt,adapt,2.001107,7.397238,-2.31385
curr_td_f20_g1_lr5.5e-5_20260612T191957Z,2625,11010048000,hplt,adapt,2.001854,7.402766,-2.3131
curr_td_f20_g1_lr5.5e-5_20260612T191957Z,2650,11114905600,hplt,adapt,2.004247,7.420502,-2.31071
curr_td_f20_g1_lr5.5e-5_20260612T191957Z,2675,11219763200,hplt,adapt,2.003633,7.415948,-2.31132
curr_td_f20_g1_lr5.5e-5_20260612T191957Z,2700,11324620800,hplt,adapt,2.001146,7.397528,-2.31381
curr_td_f20_g1_lr5.5e-5_20260612T191957Z,2725,11429478400,hplt,adapt,2.001306,7.398713,-2.31365
curr_td_f20_g1_lr5.5e-5_20260612T191957Z,2750,11534336000,hplt,adapt,2.001449,7.399773,-2.31351
curr_td_f20_g1_lr5.5e-5_20260612T191957Z,2775,11639193600,hplt,adapt,2.000883,7.395581,-2.31407
curr_td_f20_g1_lr5.5e-5_20260612T191957Z,2800,11744051200,hplt,adapt,2.00115,7.397561,-2.31381
curr_td_f20_g1_lr5.5e-5_20260612T191957Z,2825,11848908800,hplt,adapt,2.001174,7.397734,-2.31378
curr_td_f20_g1_lr5.5e-5_20260612T191957Z,2850,11953766400,hplt,adapt,2.001477,7.399978,-2.31348
curr_td_f20_g1_lr5.5e-5_20260612T191957Z,2875,12058624000,hplt,adapt,2.001276,7.398489,-2.31368
curr_td_f20_g1_lr5.5e-5_20260612T191957Z,2900,12163481600,hplt,adapt,2.000933,7.395956,-2.31402
curr_td_f20_g1_lr5.5e-5_20260612T191957Z,2925,12268339200,hplt,adapt,1.999824,7.387753,-2.31513
curr_td_f20_g1_lr5.5e-5_20260612T191957Z,2950,12373196800,hplt,adapt,2.000294,7.391227,-2.31466
curr_td_f20_g1_lr5.5e-5_20260612T191957Z,2975,12478054400,hplt,adapt,2.000005,7.389093,-2.31495
curr_td_f20_g1_lr5.5e-5_20260612T191957Z,3000,12582912000,hplt,adapt,1.999509,7.385432,-2.31545
curr_td_f20_g1_lr5.5e-5_20260612T191957Z,3025,12687769600,hplt,adapt,1.999408,7.384683,-2.31555
curr_td_f20_g1_lr5.5e-5_20260612T191957Z,3050,12792627200,hplt,adapt,1.999428,7.38483,-2.31553
curr_td_f20_g1_lr5.5e-5_20260612T191957Z,3075,12897484800,hplt,adapt,1.999156,7.382821,-2.3158
curr_td_f20_g1_lr5.5e-5_20260612T191957Z,3100,13002342400,hplt,adapt,1.998695,7.379416,-2.31626
curr_td_f20_g1_lr5.5e-5_20260612T191957Z,3125,13107200000,hplt,adapt,1.998706,7.379502,-2.31625
curr_td_f20_g1_lr5.5e-5_20260612T191957Z,3150,13212057600,hplt,adapt,1.998416,7.377363,-2.31654
curr_td_f20_g1_lr5.5e-5_20260612T191957Z,3175,13316915200,hplt,adapt,1.998038,7.374574,-2.31692
curr_td_f20_g1_lr5.5e-5_20260612T191957Z,3200,13421772800,hplt,adapt,1.99769,7.372007,-2.31727
curr_td_f20_g1_lr5.5e-5_20260612T191957Z,25,104857600,old_greek,forget,3.830634,46.09175,0.0
curr_td_f20_g1_lr5.5e-5_20260612T191957Z,50,209715200,old_greek,forget,3.064521,21.4242,-0.76611
curr_td_f20_g1_lr5.5e-5_20260612T191957Z,75,314572800,old_greek,forget,2.641079,14.02833,-1.18955
curr_td_f20_g1_lr5.5e-5_20260612T191957Z,100,419430400,old_greek,forget,2.462624,11.73556,-1.36801
curr_td_f20_g1_lr5.5e-5_20260612T191957Z,125,524288000,old_greek,forget,2.358807,10.57832,-1.47183
curr_td_f20_g1_lr5.5e-5_20260612T191957Z,150,629145600,old_greek,forget,2.304383,10.018,-1.52625
curr_td_f20_g1_lr5.5e-5_20260612T191957Z,175,734003200,old_greek,forget,2.257423,9.558427,-1.57321
curr_td_f20_g1_lr5.5e-5_20260612T191957Z,200,838860800,old_greek,forget,2.224478,9.248656,-1.60616
curr_td_f20_g1_lr5.5e-5_20260612T191957Z,225,943718400,old_greek,forget,2.20343,9.05602,-1.6272
curr_td_f20_g1_lr5.5e-5_20260612T191957Z,250,1048576000,old_greek,forget,2.174144,8.79465,-1.65649
curr_td_f20_g1_lr5.5e-5_20260612T191957Z,275,1153433600,old_greek,forget,2.151125,8.594521,-1.67951
curr_td_f20_g1_lr5.5e-5_20260612T191957Z,300,1258291200,old_greek,forget,2.138835,8.489541,-1.6918
curr_td_f20_g1_lr5.5e-5_20260612T191957Z,325,1363148800,old_greek,forget,2.122998,8.35615,-1.70764
curr_td_f20_g1_lr5.5e-5_20260612T191957Z,350,1468006400,old_greek,forget,2.151599,8.5986,-1.67903
curr_td_f20_g1_lr5.5e-5_20260612T191957Z,375,1572864000,old_greek,forget,2.098279,8.152126,-1.73236
curr_td_f20_g1_lr5.5e-5_20260612T191957Z,400,1677721600,old_greek,forget,2.099361,8.160953,-1.73127
curr_td_f20_g1_lr5.5e-5_20260612T191957Z,425,1782579200,old_greek,forget,2.078082,7.989132,-1.75255
curr_td_f20_g1_lr5.5e-5_20260612T191957Z,450,1887436800,old_greek,forget,2.06917,7.91825,-1.76146
curr_td_f20_g1_lr5.5e-5_20260612T191957Z,475,1992294400,old_greek,forget,2.069072,7.917474,-1.76156
curr_td_f20_g1_lr5.5e-5_20260612T191957Z,500,2097152000,old_greek,forget,2.055435,7.810236,-1.7752
curr_td_f20_g1_lr5.5e-5_20260612T191957Z,525,2202009600,old_greek,forget,2.057833,7.828986,-1.7728
curr_td_f20_g1_lr5.5e-5_20260612T191957Z,550,2306867200,old_greek,forget,2.047863,7.751321,-1.78277
curr_td_f20_g1_lr5.5e-5_20260612T191957Z,575,2411724800,old_greek,forget,2.048851,7.758977,-1.78178
curr_td_f20_g1_lr5.5e-5_20260612T191957Z,600,2516582400,old_greek,forget,2.033103,7.637749,-1.79753
curr_td_f20_g1_lr5.5e-5_20260612T191957Z,625,2621440000,old_greek,forget,2.02972,7.611953,-1.80091
curr_td_f20_g1_lr5.5e-5_20260612T191957Z,650,2726297600,old_greek,forget,2.024653,7.57348,-1.80598
curr_td_f20_g1_lr5.5e-5_20260612T191957Z,675,2831155200,old_greek,forget,2.018764,7.529017,-1.81187
curr_td_f20_g1_lr5.5e-5_20260612T191957Z,700,2936012800,old_greek,forget,2.014632,7.497969,-1.816
curr_td_f20_g1_lr5.5e-5_20260612T191957Z,725,3040870400,old_greek,forget,2.017294,7.517957,-1.81334
curr_td_f20_g1_lr5.5e-5_20260612T191957Z,750,3145728000,old_greek,forget,2.006908,7.44028,-1.82373
curr_td_f20_g1_lr5.5e-5_20260612T191957Z,775,3250585600,old_greek,forget,2.00285,7.410147,-1.82778
curr_td_f20_g1_lr5.5e-5_20260612T191957Z,800,3355443200,old_greek,forget,2.000628,7.393701,-1.83001
curr_td_f20_g1_lr5.5e-5_20260612T191957Z,825,3460300800,old_greek,forget,1.995976,7.35938,-1.83466
curr_td_f20_g1_lr5.5e-5_20260612T191957Z,850,3565158400,old_greek,forget,1.992352,7.332762,-1.83828
curr_td_f20_g1_lr5.5e-5_20260612T191957Z,875,3670016000,old_greek,forget,1.991986,7.330074,-1.83865
curr_td_f20_g1_lr5.5e-5_20260612T191957Z,900,3774873600,old_greek,forget,1.988176,7.302204,-1.84246
curr_td_f20_g1_lr5.5e-5_20260612T191957Z,925,3879731200,old_greek,forget,1.987125,7.294529,-1.84351
curr_td_f20_g1_lr5.5e-5_20260612T191957Z,950,3984588800,old_greek,forget,1.980336,7.245175,-1.8503
curr_td_f20_g1_lr5.5e-5_20260612T191957Z,975,4089446400,old_greek,forget,1.985536,7.282953,-1.8451
curr_td_f20_g1_lr5.5e-5_20260612T191957Z,1000,4194304000,old_greek,forget,1.975899,7.213101,-1.85473
curr_td_f20_g1_lr5.5e-5_20260612T191957Z,1025,4299161600,old_greek,forget,1.972613,7.189437,-1.85802
curr_td_f20_g1_lr5.5e-5_20260612T191957Z,1050,4404019200,old_greek,forget,1.970667,7.175459,-1.85997
curr_td_f20_g1_lr5.5e-5_20260612T191957Z,1075,4508876800,old_greek,forget,1.966878,7.148322,-1.86376
curr_td_f20_g1_lr5.5e-5_20260612T191957Z,1100,4613734400,old_greek,forget,1.968459,7.159636,-1.86217
curr_td_f20_g1_lr5.5e-5_20260612T191957Z,1125,4718592000,old_greek,forget,1.968238,7.158052,-1.8624
curr_td_f20_g1_lr5.5e-5_20260612T191957Z,1150,4823449600,old_greek,forget,1.963586,7.124832,-1.86705
curr_td_f20_g1_lr5.5e-5_20260612T191957Z,1175,4928307200,old_greek,forget,1.959776,7.097734,-1.87086
curr_td_f20_g1_lr5.5e-5_20260612T191957Z,1200,5033164800,old_greek,forget,1.957438,7.08116,-1.8732
curr_td_f20_g1_lr5.5e-5_20260612T191957Z,1225,5138022400,old_greek,forget,1.958462,7.088418,-1.87217
curr_td_f20_g1_lr5.5e-5_20260612T191957Z,1250,5242880000,old_greek,forget,1.953191,7.051154,-1.87744
curr_td_f20_g1_lr5.5e-5_20260612T191957Z,1275,5347737600,old_greek,forget,1.951424,7.038704,-1.87921
curr_td_f20_g1_lr5.5e-5_20260612T191957Z,1300,5452595200,old_greek,forget,1.949769,7.027062,-1.88086
curr_td_f20_g1_lr5.5e-5_20260612T191957Z,1325,5557452800,old_greek,forget,1.94708,7.008191,-1.88355
curr_td_f20_g1_lr5.5e-5_20260612T191957Z,1350,5662310400,old_greek,forget,1.956908,7.077411,-1.87373
curr_td_f20_g1_lr5.5e-5_20260612T191957Z,1375,5767168000,old_greek,forget,1.946898,7.006916,-1.88374
curr_td_f20_g1_lr5.5e-5_20260612T191957Z,1400,5872025600,old_greek,forget,1.941824,6.971457,-1.88881
curr_td_f20_g1_lr5.5e-5_20260612T191957Z,1425,5976883200,old_greek,forget,1.940661,6.963353,-1.88997
curr_td_f20_g1_lr5.5e-5_20260612T191957Z,1450,6081740800,old_greek,forget,1.940098,6.959436,-1.89054
curr_td_f20_g1_lr5.5e-5_20260612T191957Z,1475,6186598400,old_greek,forget,1.936729,6.936028,-1.8939
curr_td_f20_g1_lr5.5e-5_20260612T191957Z,1500,6291456000,old_greek,forget,1.936605,6.935166,-1.89403
curr_td_f20_g1_lr5.5e-5_20260612T191957Z,1525,6396313600,old_greek,forget,1.93657,6.934921,-1.89406
curr_td_f20_g1_lr5.5e-5_20260612T191957Z,1550,6501171200,old_greek,forget,1.936607,6.935177,-1.89403
curr_td_f20_g1_lr5.5e-5_20260612T191957Z,1575,6606028800,old_greek,forget,1.930199,6.890884,-1.90043
curr_td_f20_g1_lr5.5e-5_20260612T191957Z,1600,6710886400,old_greek,forget,1.930156,6.890587,-1.90048
curr_td_f20_g1_lr5.5e-5_20260612T191957Z,1625,6815744000,old_greek,forget,1.933895,6.916394,-1.89674
curr_td_f20_g1_lr5.5e-5_20260612T191957Z,1650,6920601600,old_greek,forget,1.929237,6.884253,-1.9014
curr_td_f20_g1_lr5.5e-5_20260612T191957Z,1675,7025459200,old_greek,forget,1.928325,6.877982,-1.90231
curr_td_f20_g1_lr5.5e-5_20260612T191957Z,1700,7130316800,old_greek,forget,1.92594,6.861596,-1.90469
curr_td_f20_g1_lr5.5e-5_20260612T191957Z,1725,7235174400,old_greek,forget,1.924834,6.854012,-1.9058
curr_td_f20_g1_lr5.5e-5_20260612T191957Z,1750,7340032000,old_greek,forget,1.924258,6.850065,-1.90638
curr_td_f20_g1_lr5.5e-5_20260612T191957Z,1775,7444889600,old_greek,forget,1.920545,6.82468,-1.91009
curr_td_f20_g1_lr5.5e-5_20260612T191957Z,1800,7549747200,old_greek,forget,1.921467,6.830969,-1.90917
curr_td_f20_g1_lr5.5e-5_20260612T191957Z,1825,7654604800,old_greek,forget,1.918378,6.809902,-1.91226
curr_td_f20_g1_lr5.5e-5_20260612T191957Z,1850,7759462400,old_greek,forget,1.918851,6.813124,-1.91178
curr_td_f20_g1_lr5.5e-5_20260612T191957Z,1875,7864320000,old_greek,forget,1.915602,6.791029,-1.91503
curr_td_f20_g1_lr5.5e-5_20260612T191957Z,1900,7969177600,old_greek,forget,1.91517,6.788091,-1.91546
curr_td_f20_g1_lr5.5e-5_20260612T191957Z,1925,8074035200,old_greek,forget,1.913538,6.777026,-1.9171
curr_td_f20_g1_lr5.5e-5_20260612T191957Z,1950,8178892800,old_greek,forget,1.912899,6.772692,-1.91773
curr_td_f20_g1_lr5.5e-5_20260612T191957Z,1975,8283750400,old_greek,forget,1.910197,6.754416,-1.92044
curr_td_f20_g1_lr5.5e-5_20260612T191957Z,2000,8388608000,old_greek,forget,1.910553,6.756824,-1.92008
curr_td_f20_g1_lr5.5e-5_20260612T191957Z,2025,8493465600,old_greek,forget,1.909874,6.752236,-1.92076
curr_td_f20_g1_lr5.5e-5_20260612T191957Z,2050,8598323200,old_greek,forget,1.908793,6.744943,-1.92184
curr_td_f20_g1_lr5.5e-5_20260612T191957Z,2075,8703180800,old_greek,forget,1.907135,6.73377,-1.9235
curr_td_f20_g1_lr5.5e-5_20260612T191957Z,2100,8808038400,old_greek,forget,1.904934,6.718962,-1.9257
curr_td_f20_g1_lr5.5e-5_20260612T191957Z,2125,8912896000,old_greek,forget,1.90517,6.720547,-1.92546
curr_td_f20_g1_lr5.5e-5_20260612T191957Z,2150,9017753600,old_greek,forget,1.903337,6.708242,-1.9273
curr_td_f20_g1_lr5.5e-5_20260612T191957Z,2175,9122611200,old_greek,forget,1.903976,6.712533,-1.92666
curr_td_f20_g1_lr5.5e-5_20260612T191957Z,2200,9227468800,old_greek,forget,1.902649,6.703632,-1.92798
curr_td_f20_g1_lr5.5e-5_20260612T191957Z,2225,9332326400,old_greek,forget,1.902532,6.702843,-1.9281
curr_td_f20_g1_lr5.5e-5_20260612T191957Z,2250,9437184000,old_greek,forget,1.900133,6.686785,-1.9305
curr_td_f20_g1_lr5.5e-5_20260612T191957Z,2275,9542041600,old_greek,forget,1.908437,6.742541,-1.9222
curr_td_f20_g1_lr5.5e-5_20260612T191957Z,2300,9646899200,old_greek,forget,1.906352,6.728499,-1.92428
curr_td_f20_g1_lr5.5e-5_20260612T191957Z,2325,9751756800,old_greek,forget,1.906381,6.728693,-1.92425
curr_td_f20_g1_lr5.5e-5_20260612T191957Z,2350,9856614400,old_greek,forget,1.908239,6.741206,-1.92239
curr_td_f20_g1_lr5.5e-5_20260612T191957Z,2375,9961472000,old_greek,forget,1.905971,6.725938,-1.92466
curr_td_f20_g1_lr5.5e-5_20260612T191957Z,2400,10066329600,old_greek,forget,1.906556,6.729874,-1.92408
curr_td_f20_g1_lr5.5e-5_20260612T191957Z,2425,10171187200,old_greek,forget,1.906484,6.729389,-1.92415
curr_td_f20_g1_lr5.5e-5_20260612T191957Z,2450,10276044800,old_greek,forget,1.906925,6.732354,-1.92371
curr_td_f20_g1_lr5.5e-5_20260612T191957Z,2475,10380902400,old_greek,forget,1.908733,6.744536,-1.9219
curr_td_f20_g1_lr5.5e-5_20260612T191957Z,2500,10485760000,old_greek,forget,1.90915,6.747352,-1.92148
curr_td_f20_g1_lr5.5e-5_20260612T191957Z,2525,10590617600,old_greek,forget,1.908499,6.742958,-1.92213
curr_td_f20_g1_lr5.5e-5_20260612T191957Z,2550,10695475200,old_greek,forget,1.917175,6.801715,-1.91346
curr_td_f20_g1_lr5.5e-5_20260612T191957Z,2575,10800332800,old_greek,forget,1.910218,6.754561,-1.92042
curr_td_f20_g1_lr5.5e-5_20260612T191957Z,2600,10905190400,old_greek,forget,1.909113,6.747103,-1.92152
curr_td_f20_g1_lr5.5e-5_20260612T191957Z,2625,11010048000,old_greek,forget,1.908903,6.745682,-1.92173
curr_td_f20_g1_lr5.5e-5_20260612T191957Z,2650,11114905600,old_greek,forget,1.911198,6.761183,-1.91944
curr_td_f20_g1_lr5.5e-5_20260612T191957Z,2675,11219763200,old_greek,forget,1.909883,6.752301,-1.92075
curr_td_f20_g1_lr5.5e-5_20260612T191957Z,2700,11324620800,old_greek,forget,1.90727,6.734676,-1.92336
curr_td_f20_g1_lr5.5e-5_20260612T191957Z,2725,11429478400,old_greek,forget,1.907279,6.734742,-1.92335
curr_td_f20_g1_lr5.5e-5_20260612T191957Z,2750,11534336000,old_greek,forget,1.907291,6.734818,-1.92334
curr_td_f20_g1_lr5.5e-5_20260612T191957Z,2775,11639193600,old_greek,forget,1.906674,6.730667,-1.92396
curr_td_f20_g1_lr5.5e-5_20260612T191957Z,2800,11744051200,old_greek,forget,1.906803,6.731533,-1.92383
curr_td_f20_g1_lr5.5e-5_20260612T191957Z,2825,11848908800,old_greek,forget,1.906282,6.728025,-1.92435
curr_td_f20_g1_lr5.5e-5_20260612T191957Z,2850,11953766400,old_greek,forget,1.906478,6.729343,-1.92416
curr_td_f20_g1_lr5.5e-5_20260612T191957Z,2875,12058624000,old_greek,forget,1.906096,6.726778,-1.92454
curr_td_f20_g1_lr5.5e-5_20260612T191957Z,2900,12163481600,old_greek,forget,1.905493,6.722724,-1.92514
curr_td_f20_g1_lr5.5e-5_20260612T191957Z,2925,12268339200,old_greek,forget,1.904443,6.715669,-1.92619
curr_td_f20_g1_lr5.5e-5_20260612T191957Z,2950,12373196800,old_greek,forget,1.904723,6.717546,-1.92591
curr_td_f20_g1_lr5.5e-5_20260612T191957Z,2975,12478054400,old_greek,forget,1.90428,6.714573,-1.92635
curr_td_f20_g1_lr5.5e-5_20260612T191957Z,3000,12582912000,old_greek,forget,1.903802,6.711365,-1.92683
curr_td_f20_g1_lr5.5e-5_20260612T191957Z,3025,12687769600,old_greek,forget,1.903489,6.709261,-1.92714
curr_td_f20_g1_lr5.5e-5_20260612T191957Z,3050,12792627200,old_greek,forget,1.90318,6.70719,-1.92745
curr_td_f20_g1_lr5.5e-5_20260612T191957Z,3075,12897484800,old_greek,forget,1.90301,6.70605,-1.92762
curr_td_f20_g1_lr5.5e-5_20260612T191957Z,3100,13002342400,old_greek,forget,1.902272,6.701104,-1.92836
curr_td_f20_g1_lr5.5e-5_20260612T191957Z,3125,13107200000,old_greek,forget,1.902112,6.700033,-1.92852
curr_td_f20_g1_lr5.5e-5_20260612T191957Z,3150,13212057600,old_greek,forget,1.901785,6.697843,-1.92885
curr_td_f20_g1_lr5.5e-5_20260612T191957Z,3175,13316915200,old_greek,forget,1.901443,6.695546,-1.92919
curr_td_f20_g1_lr5.5e-5_20260612T191957Z,3200,13421772800,old_greek,forget,1.901078,6.693102,-1.92956
curr_td_f20_g1_lr5.5e-5_20260612T191957Z,25,104857600,openarchives,adapt,3.00445,20.17512,0.0
curr_td_f20_g1_lr5.5e-5_20260612T191957Z,50,209715200,openarchives,adapt,2.499525,12.1767,-0.50492
curr_td_f20_g1_lr5.5e-5_20260612T191957Z,75,314572800,openarchives,adapt,2.232173,9.320096,-0.77228
curr_td_f20_g1_lr5.5e-5_20260612T191957Z,100,419430400,openarchives,adapt,2.108574,8.236491,-0.89588
curr_td_f20_g1_lr5.5e-5_20260612T191957Z,125,524288000,openarchives,adapt,2.035162,7.653492,-0.96929
curr_td_f20_g1_lr5.5e-5_20260612T191957Z,150,629145600,openarchives,adapt,1.993832,7.343624,-1.01062
curr_td_f20_g1_lr5.5e-5_20260612T191957Z,175,734003200,openarchives,adapt,1.95869,7.090033,-1.04576
curr_td_f20_g1_lr5.5e-5_20260612T191957Z,200,838860800,openarchives,adapt,1.933552,6.914022,-1.0709
curr_td_f20_g1_lr5.5e-5_20260612T191957Z,225,943718400,openarchives,adapt,1.914524,6.78371,-1.08993
curr_td_f20_g1_lr5.5e-5_20260612T191957Z,250,1048576000,openarchives,adapt,1.89303,6.639453,-1.11142
curr_td_f20_g1_lr5.5e-5_20260612T191957Z,275,1153433600,openarchives,adapt,1.873274,6.509575,-1.13118
curr_td_f20_g1_lr5.5e-5_20260612T191957Z,300,1258291200,openarchives,adapt,1.860691,6.428178,-1.14376
curr_td_f20_g1_lr5.5e-5_20260612T191957Z,325,1363148800,openarchives,adapt,1.847541,6.344201,-1.15691
curr_td_f20_g1_lr5.5e-5_20260612T191957Z,350,1468006400,openarchives,adapt,1.860617,6.427704,-1.14383
curr_td_f20_g1_lr5.5e-5_20260612T191957Z,375,1572864000,openarchives,adapt,1.827294,6.217043,-1.17716
curr_td_f20_g1_lr5.5e-5_20260612T191957Z,400,1677721600,openarchives,adapt,1.824361,6.198833,-1.18009
curr_td_f20_g1_lr5.5e-5_20260612T191957Z,425,1782579200,openarchives,adapt,1.804156,6.074843,-1.20029
curr_td_f20_g1_lr5.5e-5_20260612T191957Z,450,1887436800,openarchives,adapt,1.793574,6.010895,-1.21088
curr_td_f20_g1_lr5.5e-5_20260612T191957Z,475,1992294400,openarchives,adapt,1.79318,6.008529,-1.21127
curr_td_f20_g1_lr5.5e-5_20260612T191957Z,500,2097152000,openarchives,adapt,1.781909,5.941187,-1.22254
curr_td_f20_g1_lr5.5e-5_20260612T191957Z,525,2202009600,openarchives,adapt,1.782545,5.944969,-1.2219
curr_td_f20_g1_lr5.5e-5_20260612T191957Z,550,2306867200,openarchives,adapt,1.773026,5.888645,-1.23142
curr_td_f20_g1_lr5.5e-5_20260612T191957Z,575,2411724800,openarchives,adapt,1.77136,5.878845,-1.23309
curr_td_f20_g1_lr5.5e-5_20260612T191957Z,600,2516582400,openarchives,adapt,1.761809,5.82296,-1.24264
curr_td_f20_g1_lr5.5e-5_20260612T191957Z,625,2621440000,openarchives,adapt,1.756425,5.791692,-1.24802
curr_td_f20_g1_lr5.5e-5_20260612T191957Z,650,2726297600,openarchives,adapt,1.752469,5.768829,-1.25198
curr_td_f20_g1_lr5.5e-5_20260612T191957Z,675,2831155200,openarchives,adapt,1.746166,5.73258,-1.25828
curr_td_f20_g1_lr5.5e-5_20260612T191957Z,700,2936012800,openarchives,adapt,1.741194,5.704151,-1.26326
curr_td_f20_g1_lr5.5e-5_20260612T191957Z,725,3040870400,openarchives,adapt,1.741389,5.705263,-1.26306
curr_td_f20_g1_lr5.5e-5_20260612T191957Z,750,3145728000,openarchives,adapt,1.733516,5.660521,-1.27093
curr_td_f20_g1_lr5.5e-5_20260612T191957Z,775,3250585600,openarchives,adapt,1.730519,5.643584,-1.27393
curr_td_f20_g1_lr5.5e-5_20260612T191957Z,800,3355443200,openarchives,adapt,1.72766,5.627469,-1.27679
curr_td_f20_g1_lr5.5e-5_20260612T191957Z,825,3460300800,openarchives,adapt,1.721989,5.595649,-1.28246
curr_td_f20_g1_lr5.5e-5_20260612T191957Z,850,3565158400,openarchives,adapt,1.720736,5.58864,-1.28371
curr_td_f20_g1_lr5.5e-5_20260612T191957Z,875,3670016000,openarchives,adapt,1.718005,5.573398,-1.28644
curr_td_f20_g1_lr5.5e-5_20260612T191957Z,900,3774873600,openarchives,adapt,1.714295,5.552762,-1.29015
curr_td_f20_g1_lr5.5e-5_20260612T191957Z,925,3879731200,openarchives,adapt,1.71352,5.548457,-1.29093
curr_td_f20_g1_lr5.5e-5_20260612T191957Z,950,3984588800,openarchives,adapt,1.707321,5.514168,-1.29713
curr_td_f20_g1_lr5.5e-5_20260612T191957Z,975,4089446400,openarchives,adapt,1.709732,5.527479,-1.29472
curr_td_f20_g1_lr5.5e-5_20260612T191957Z,1000,4194304000,openarchives,adapt,1.702953,5.490136,-1.3015
curr_td_f20_g1_lr5.5e-5_20260612T191957Z,1025,4299161600,openarchives,adapt,1.69907,5.468858,-1.30538
curr_td_f20_g1_lr5.5e-5_20260612T191957Z,1050,4404019200,openarchives,adapt,1.697721,5.461486,-1.30673
curr_td_f20_g1_lr5.5e-5_20260612T191957Z,1075,4508876800,openarchives,adapt,1.69552,5.449477,-1.30893
curr_td_f20_g1_lr5.5e-5_20260612T191957Z,1100,4613734400,openarchives,adapt,1.695962,5.451889,-1.30849
curr_td_f20_g1_lr5.5e-5_20260612T191957Z,1125,4718592000,openarchives,adapt,1.69323,5.437012,-1.31122
curr_td_f20_g1_lr5.5e-5_20260612T191957Z,1150,4823449600,openarchives,adapt,1.6894,5.416232,-1.31505
curr_td_f20_g1_lr5.5e-5_20260612T191957Z,1175,4928307200,openarchives,adapt,1.686451,5.40028,-1.318
curr_td_f20_g1_lr5.5e-5_20260612T191957Z,1200,5033164800,openarchives,adapt,1.684016,5.387149,-1.32043
curr_td_f20_g1_lr5.5e-5_20260612T191957Z,1225,5138022400,openarchives,adapt,1.684429,5.389371,-1.32002
curr_td_f20_g1_lr5.5e-5_20260612T191957Z,1250,5242880000,openarchives,adapt,1.679504,5.362896,-1.32495
curr_td_f20_g1_lr5.5e-5_20260612T191957Z,1275,5347737600,openarchives,adapt,1.678832,5.359294,-1.32562
curr_td_f20_g1_lr5.5e-5_20260612T191957Z,1300,5452595200,openarchives,adapt,1.677078,5.349901,-1.32737
curr_td_f20_g1_lr5.5e-5_20260612T191957Z,1325,5557452800,openarchives,adapt,1.67457,5.336498,-1.32988
curr_td_f20_g1_lr5.5e-5_20260612T191957Z,1350,5662310400,openarchives,adapt,1.67827,5.356284,-1.32618
curr_td_f20_g1_lr5.5e-5_20260612T191957Z,1375,5767168000,openarchives,adapt,1.674468,5.335958,-1.32998
curr_td_f20_g1_lr5.5e-5_20260612T191957Z,1400,5872025600,openarchives,adapt,1.669574,5.309904,-1.33488
curr_td_f20_g1_lr5.5e-5_20260612T191957Z,1425,5976883200,openarchives,adapt,1.667748,5.300219,-1.3367
curr_td_f20_g1_lr5.5e-5_20260612T191957Z,1450,6081740800,openarchives,adapt,1.667158,5.297093,-1.33729
curr_td_f20_g1_lr5.5e-5_20260612T191957Z,1475,6186598400,openarchives,adapt,1.66384,5.279543,-1.34061
curr_td_f20_g1_lr5.5e-5_20260612T191957Z,1500,6291456000,openarchives,adapt,1.66349,5.277697,-1.34096
curr_td_f20_g1_lr5.5e-5_20260612T191957Z,1525,6396313600,openarchives,adapt,1.662418,5.272045,-1.34203
curr_td_f20_g1_lr5.5e-5_20260612T191957Z,1550,6501171200,openarchives,adapt,1.664676,5.283961,-1.33977
curr_td_f20_g1_lr5.5e-5_20260612T191957Z,1575,6606028800,openarchives,adapt,1.658621,5.252063,-1.34583
curr_td_f20_g1_lr5.5e-5_20260612T191957Z,1600,6710886400,openarchives,adapt,1.658132,5.249498,-1.34632
curr_td_f20_g1_lr5.5e-5_20260612T191957Z,1625,6815744000,openarchives,adapt,1.660053,5.259588,-1.3444
curr_td_f20_g1_lr5.5e-5_20260612T191957Z,1650,6920601600,openarchives,adapt,1.65669,5.241932,-1.34776
curr_td_f20_g1_lr5.5e-5_20260612T191957Z,1675,7025459200,openarchives,adapt,1.655892,5.237747,-1.34856
curr_td_f20_g1_lr5.5e-5_20260612T191957Z,1700,7130316800,openarchives,adapt,1.653172,5.223522,-1.35128
curr_td_f20_g1_lr5.5e-5_20260612T191957Z,1725,7235174400,openarchives,adapt,1.652223,5.218568,-1.35223
curr_td_f20_g1_lr5.5e-5_20260612T191957Z,1750,7340032000,openarchives,adapt,1.653497,5.225219,-1.35095
curr_td_f20_g1_lr5.5e-5_20260612T191957Z,1775,7444889600,openarchives,adapt,1.648993,5.201741,-1.35546
curr_td_f20_g1_lr5.5e-5_20260612T191957Z,1800,7549747200,openarchives,adapt,1.649104,5.202315,-1.35535
curr_td_f20_g1_lr5.5e-5_20260612T191957Z,1825,7654604800,openarchives,adapt,1.646985,5.191305,-1.35746
curr_td_f20_g1_lr5.5e-5_20260612T191957Z,1850,7759462400,openarchives,adapt,1.647038,5.191578,-1.35741
curr_td_f20_g1_lr5.5e-5_20260612T191957Z,1875,7864320000,openarchives,adapt,1.64404,5.176039,-1.36041
curr_td_f20_g1_lr5.5e-5_20260612T191957Z,1900,7969177600,openarchives,adapt,1.644144,5.176575,-1.36031
curr_td_f20_g1_lr5.5e-5_20260612T191957Z,1925,8074035200,openarchives,adapt,1.642651,5.168853,-1.3618
curr_td_f20_g1_lr5.5e-5_20260612T191957Z,1950,8178892800,openarchives,adapt,1.641262,5.161682,-1.36319
curr_td_f20_g1_lr5.5e-5_20260612T191957Z,1975,8283750400,openarchives,adapt,1.639661,5.153423,-1.36479
curr_td_f20_g1_lr5.5e-5_20260612T191957Z,2000,8388608000,openarchives,adapt,1.63915,5.150788,-1.3653
curr_td_f20_g1_lr5.5e-5_20260612T191957Z,2025,8493465600,openarchives,adapt,1.638639,5.148157,-1.36581
curr_td_f20_g1_lr5.5e-5_20260612T191957Z,2050,8598323200,openarchives,adapt,1.638196,5.145878,-1.36625
curr_td_f20_g1_lr5.5e-5_20260612T191957Z,2075,8703180800,openarchives,adapt,1.635676,5.132926,-1.36877
curr_td_f20_g1_lr5.5e-5_20260612T191957Z,2100,8808038400,openarchives,adapt,1.634577,5.127286,-1.36987
curr_td_f20_g1_lr5.5e-5_20260612T191957Z,2125,8912896000,openarchives,adapt,1.63473,5.128073,-1.36972
curr_td_f20_g1_lr5.5e-5_20260612T191957Z,2150,9017753600,openarchives,adapt,1.632698,5.117663,-1.37175
curr_td_f20_g1_lr5.5e-5_20260612T191957Z,2175,9122611200,openarchives,adapt,1.633054,5.119487,-1.3714
curr_td_f20_g1_lr5.5e-5_20260612T191957Z,2200,9227468800,openarchives,adapt,1.63243,5.116291,-1.37202
curr_td_f20_g1_lr5.5e-5_20260612T191957Z,2225,9332326400,openarchives,adapt,1.631165,5.109822,-1.37328
curr_td_f20_g1_lr5.5e-5_20260612T191957Z,2250,9437184000,openarchives,adapt,1.629415,5.100892,-1.37503
curr_td_f20_g1_lr5.5e-5_20260612T191957Z,2275,9542041600,openarchives,adapt,1.581107,4.860332,-1.42334
curr_td_f20_g1_lr5.5e-5_20260612T191957Z,2300,9646899200,openarchives,adapt,1.56091,4.763154,-1.44354
curr_td_f20_g1_lr5.5e-5_20260612T191957Z,2325,9751756800,openarchives,adapt,1.549379,4.708545,-1.45507
curr_td_f20_g1_lr5.5e-5_20260612T191957Z,2350,9856614400,openarchives,adapt,1.541912,4.673519,-1.46254
curr_td_f20_g1_lr5.5e-5_20260612T191957Z,2375,9961472000,openarchives,adapt,1.532664,4.630496,-1.47179
curr_td_f20_g1_lr5.5e-5_20260612T191957Z,2400,10066329600,openarchives,adapt,1.52652,4.602136,-1.47793
curr_td_f20_g1_lr5.5e-5_20260612T191957Z,2425,10171187200,openarchives,adapt,1.52222,4.582389,-1.48223
curr_td_f20_g1_lr5.5e-5_20260612T191957Z,2450,10276044800,openarchives,adapt,1.517035,4.55869,-1.48741
curr_td_f20_g1_lr5.5e-5_20260612T191957Z,2475,10380902400,openarchives,adapt,1.515198,4.55032,-1.48925
curr_td_f20_g1_lr5.5e-5_20260612T191957Z,2500,10485760000,openarchives,adapt,1.510859,4.53062,-1.49359
curr_td_f20_g1_lr5.5e-5_20260612T191957Z,2525,10590617600,openarchives,adapt,1.505565,4.506698,-1.49888
curr_td_f20_g1_lr5.5e-5_20260612T191957Z,2550,10695475200,openarchives,adapt,1.512245,4.536904,-1.4922
curr_td_f20_g1_lr5.5e-5_20260612T191957Z,2575,10800332800,openarchives,adapt,1.499427,4.479122,-1.50502
curr_td_f20_g1_lr5.5e-5_20260612T191957Z,2600,10905190400,openarchives,adapt,1.49569,4.462412,-1.50876
curr_td_f20_g1_lr5.5e-5_20260612T191957Z,2625,11010048000,openarchives,adapt,1.49317,4.451185,-1.51128
curr_td_f20_g1_lr5.5e-5_20260612T191957Z,2650,11114905600,openarchives,adapt,1.493121,4.450967,-1.51133
curr_td_f20_g1_lr5.5e-5_20260612T191957Z,2675,11219763200,openarchives,adapt,1.489548,4.43509,-1.5149
curr_td_f20_g1_lr5.5e-5_20260612T191957Z,2700,11324620800,openarchives,adapt,1.485093,4.415378,-1.51936
curr_td_f20_g1_lr5.5e-5_20260612T191957Z,2725,11429478400,openarchives,adapt,1.483182,4.406945,-1.52127
curr_td_f20_g1_lr5.5e-5_20260612T191957Z,2750,11534336000,openarchives,adapt,1.48175,4.40064,-1.5227
curr_td_f20_g1_lr5.5e-5_20260612T191957Z,2775,11639193600,openarchives,adapt,1.479296,4.389856,-1.52515
curr_td_f20_g1_lr5.5e-5_20260612T191957Z,2800,11744051200,openarchives,adapt,1.478,4.384169,-1.52645
curr_td_f20_g1_lr5.5e-5_20260612T191957Z,2825,11848908800,openarchives,adapt,1.476465,4.377442,-1.52798
curr_td_f20_g1_lr5.5e-5_20260612T191957Z,2850,11953766400,openarchives,adapt,1.475541,4.3734,-1.52891
curr_td_f20_g1_lr5.5e-5_20260612T191957Z,2875,12058624000,openarchives,adapt,1.473784,4.365723,-1.53067
curr_td_f20_g1_lr5.5e-5_20260612T191957Z,2900,12163481600,openarchives,adapt,1.472402,4.359693,-1.53205
curr_td_f20_g1_lr5.5e-5_20260612T191957Z,2925,12268339200,openarchives,adapt,1.470424,4.351078,-1.53403
curr_td_f20_g1_lr5.5e-5_20260612T191957Z,2950,12373196800,openarchives,adapt,1.469981,4.349152,-1.53447
curr_td_f20_g1_lr5.5e-5_20260612T191957Z,2975,12478054400,openarchives,adapt,1.468649,4.343365,-1.5358
curr_td_f20_g1_lr5.5e-5_20260612T191957Z,3000,12582912000,openarchives,adapt,1.467601,4.338815,-1.53685
curr_td_f20_g1_lr5.5e-5_20260612T191957Z,3025,12687769600,openarchives,adapt,1.466747,4.335108,-1.5377
curr_td_f20_g1_lr5.5e-5_20260612T191957Z,3050,12792627200,openarchives,adapt,1.466213,4.332794,-1.53824
curr_td_f20_g1_lr5.5e-5_20260612T191957Z,3075,12897484800,openarchives,adapt,1.465462,4.329542,-1.53899
curr_td_f20_g1_lr5.5e-5_20260612T191957Z,3100,13002342400,openarchives,adapt,1.464355,4.324754,-1.54009
curr_td_f20_g1_lr5.5e-5_20260612T191957Z,3125,13107200000,openarchives,adapt,1.463712,4.321974,-1.54074
curr_td_f20_g1_lr5.5e-5_20260612T191957Z,3150,13212057600,openarchives,adapt,1.463182,4.319683,-1.54127
curr_td_f20_g1_lr5.5e-5_20260612T191957Z,3175,13316915200,openarchives,adapt,1.462497,4.316725,-1.54195
curr_td_f20_g1_lr5.5e-5_20260612T191957Z,3200,13421772800,openarchives,adapt,1.461841,4.313896,-1.54261
curr_td_f20_g1_lr5.5e-5_20260612T191957Z,25,104857600,ru,forget,1.646603,5.18932,0.0
curr_td_f20_g1_lr5.5e-5_20260612T191957Z,50,209715200,ru,forget,1.611638,5.011015,-0.03497
curr_td_f20_g1_lr5.5e-5_20260612T191957Z,75,314572800,ru,forget,1.582054,4.864936,-0.06455
curr_td_f20_g1_lr5.5e-5_20260612T191957Z,100,419430400,ru,forget,1.567272,4.793553,-0.07933
curr_td_f20_g1_lr5.5e-5_20260612T191957Z,125,524288000,ru,forget,1.560595,4.761655,-0.08601
curr_td_f20_g1_lr5.5e-5_20260612T191957Z,150,629145600,ru,forget,1.557717,4.747968,-0.08889
curr_td_f20_g1_lr5.5e-5_20260612T191957Z,175,734003200,ru,forget,1.555515,4.737527,-0.09109
curr_td_f20_g1_lr5.5e-5_20260612T191957Z,200,838860800,ru,forget,1.555022,4.735191,-0.09158
curr_td_f20_g1_lr5.5e-5_20260612T191957Z,225,943718400,ru,forget,1.554394,4.73222,-0.09221
curr_td_f20_g1_lr5.5e-5_20260612T191957Z,250,1048576000,ru,forget,1.553134,4.726259,-0.09347
curr_td_f20_g1_lr5.5e-5_20260612T191957Z,275,1153433600,ru,forget,1.552963,4.725453,-0.09364
curr_td_f20_g1_lr5.5e-5_20260612T191957Z,300,1258291200,ru,forget,1.554089,4.730777,-0.09251
curr_td_f20_g1_lr5.5e-5_20260612T191957Z,325,1363148800,ru,forget,1.552356,4.722586,-0.09425
curr_td_f20_g1_lr5.5e-5_20260612T191957Z,350,1468006400,ru,forget,1.558768,4.752964,-0.08784
curr_td_f20_g1_lr5.5e-5_20260612T191957Z,375,1572864000,ru,forget,1.553634,4.728623,-0.09297
curr_td_f20_g1_lr5.5e-5_20260612T191957Z,400,1677721600,ru,forget,1.556497,4.742181,-0.09011
curr_td_f20_g1_lr5.5e-5_20260612T191957Z,425,1782579200,ru,forget,1.554263,4.731599,-0.09234
curr_td_f20_g1_lr5.5e-5_20260612T191957Z,450,1887436800,ru,forget,1.554789,4.734088,-0.09181
curr_td_f20_g1_lr5.5e-5_20260612T191957Z,475,1992294400,ru,forget,1.555175,4.735917,-0.09143
curr_td_f20_g1_lr5.5e-5_20260612T191957Z,500,2097152000,ru,forget,1.555616,4.738003,-0.09099
curr_td_f20_g1_lr5.5e-5_20260612T191957Z,525,2202009600,ru,forget,1.559607,4.756953,-0.087
curr_td_f20_g1_lr5.5e-5_20260612T191957Z,550,2306867200,ru,forget,1.557316,4.746068,-0.08929
curr_td_f20_g1_lr5.5e-5_20260612T191957Z,575,2411724800,ru,forget,1.559506,4.756471,-0.0871
curr_td_f20_g1_lr5.5e-5_20260612T191957Z,600,2516582400,ru,forget,1.558128,4.749923,-0.08848
curr_td_f20_g1_lr5.5e-5_20260612T191957Z,625,2621440000,ru,forget,1.558343,4.75094,-0.08826
curr_td_f20_g1_lr5.5e-5_20260612T191957Z,650,2726297600,ru,forget,1.558627,4.75229,-0.08798
curr_td_f20_g1_lr5.5e-5_20260612T191957Z,675,2831155200,ru,forget,1.5582,4.750263,-0.0884
curr_td_f20_g1_lr5.5e-5_20260612T191957Z,700,2936012800,ru,forget,1.558959,4.753869,-0.08764
curr_td_f20_g1_lr5.5e-5_20260612T191957Z,725,3040870400,ru,forget,1.561714,4.766986,-0.08489
curr_td_f20_g1_lr5.5e-5_20260612T191957Z,750,3145728000,ru,forget,1.559885,4.758272,-0.08672
curr_td_f20_g1_lr5.5e-5_20260612T191957Z,775,3250585600,ru,forget,1.561195,4.764514,-0.08541
curr_td_f20_g1_lr5.5e-5_20260612T191957Z,800,3355443200,ru,forget,1.561425,4.76561,-0.08518
curr_td_f20_g1_lr5.5e-5_20260612T191957Z,825,3460300800,ru,forget,1.561439,4.765672,-0.08516
curr_td_f20_g1_lr5.5e-5_20260612T191957Z,850,3565158400,ru,forget,1.562362,4.770077,-0.08424
curr_td_f20_g1_lr5.5e-5_20260612T191957Z,875,3670016000,ru,forget,1.563518,4.775594,-0.08309
curr_td_f20_g1_lr5.5e-5_20260612T191957Z,900,3774873600,ru,forget,1.563359,4.774831,-0.08324
curr_td_f20_g1_lr5.5e-5_20260612T191957Z,925,3879731200,ru,forget,1.564987,4.782614,-0.08162
curr_td_f20_g1_lr5.5e-5_20260612T191957Z,950,3984588800,ru,forget,1.5638,4.77694,-0.0828
curr_td_f20_g1_lr5.5e-5_20260612T191957Z,975,4089446400,ru,forget,1.565935,4.787147,-0.08067
curr_td_f20_g1_lr5.5e-5_20260612T191957Z,1000,4194304000,ru,forget,1.565588,4.78549,-0.08102
curr_td_f20_g1_lr5.5e-5_20260612T191957Z,1025,4299161600,ru,forget,1.565358,4.784389,-0.08125
curr_td_f20_g1_lr5.5e-5_20260612T191957Z,1050,4404019200,ru,forget,1.56561,4.785592,-0.08099
curr_td_f20_g1_lr5.5e-5_20260612T191957Z,1075,4508876800,ru,forget,1.565648,4.785773,-0.08096
curr_td_f20_g1_lr5.5e-5_20260612T191957Z,1100,4613734400,ru,forget,1.567264,4.793515,-0.07934
curr_td_f20_g1_lr5.5e-5_20260612T191957Z,1125,4718592000,ru,forget,1.568254,4.798264,-0.07835
curr_td_f20_g1_lr5.5e-5_20260612T191957Z,1150,4823449600,ru,forget,1.568334,4.798648,-0.07827
curr_td_f20_g1_lr5.5e-5_20260612T191957Z,1175,4928307200,ru,forget,1.567663,4.795427,-0.07894
curr_td_f20_g1_lr5.5e-5_20260612T191957Z,1200,5033164800,ru,forget,1.568799,4.800877,-0.0778
curr_td_f20_g1_lr5.5e-5_20260612T191957Z,1225,5138022400,ru,forget,1.570627,4.809665,-0.07598
curr_td_f20_g1_lr5.5e-5_20260612T191957Z,1250,5242880000,ru,forget,1.569697,4.805194,-0.07691
curr_td_f20_g1_lr5.5e-5_20260612T191957Z,1275,5347737600,ru,forget,1.570913,4.811041,-0.07569
curr_td_f20_g1_lr5.5e-5_20260612T191957Z,1300,5452595200,ru,forget,1.571569,4.814197,-0.07503
curr_td_f20_g1_lr5.5e-5_20260612T191957Z,1325,5557452800,ru,forget,1.571423,4.813494,-0.07518
curr_td_f20_g1_lr5.5e-5_20260612T191957Z,1350,5662310400,ru,forget,1.574499,4.828324,-0.0721
curr_td_f20_g1_lr5.5e-5_20260612T191957Z,1375,5767168000,ru,forget,1.573002,4.821097,-0.0736
curr_td_f20_g1_lr5.5e-5_20260612T191957Z,1400,5872025600,ru,forget,1.572889,4.820555,-0.07371
curr_td_f20_g1_lr5.5e-5_20260612T191957Z,1425,5976883200,ru,forget,1.573358,4.822817,-0.07325
curr_td_f20_g1_lr5.5e-5_20260612T191957Z,1450,6081740800,ru,forget,1.574419,4.827934,-0.07218
curr_td_f20_g1_lr5.5e-5_20260612T191957Z,1475,6186598400,ru,forget,1.574475,4.828206,-0.07213
curr_td_f20_g1_lr5.5e-5_20260612T191957Z,1500,6291456000,ru,forget,1.575075,4.831104,-0.07153
curr_td_f20_g1_lr5.5e-5_20260612T191957Z,1525,6396313600,ru,forget,1.575734,4.834289,-0.07087
curr_td_f20_g1_lr5.5e-5_20260612T191957Z,1550,6501171200,ru,forget,1.577827,4.844417,-0.06878
curr_td_f20_g1_lr5.5e-5_20260612T191957Z,1575,6606028800,ru,forget,1.576391,4.837468,-0.07021
curr_td_f20_g1_lr5.5e-5_20260612T191957Z,1600,6710886400,ru,forget,1.577376,4.842234,-0.06923
curr_td_f20_g1_lr5.5e-5_20260612T191957Z,1625,6815744000,ru,forget,1.579852,4.854235,-0.06675
curr_td_f20_g1_lr5.5e-5_20260612T191957Z,1650,6920601600,ru,forget,1.581288,4.861212,-0.06532
curr_td_f20_g1_lr5.5e-5_20260612T191957Z,1675,7025459200,ru,forget,1.580494,4.857354,-0.06611
curr_td_f20_g1_lr5.5e-5_20260612T191957Z,1700,7130316800,ru,forget,1.580803,4.858856,-0.0658
curr_td_f20_g1_lr5.5e-5_20260612T191957Z,1725,7235174400,ru,forget,1.58147,4.8621,-0.06513
curr_td_f20_g1_lr5.5e-5_20260612T191957Z,1750,7340032000,ru,forget,1.581834,4.86387,-0.06477
curr_td_f20_g1_lr5.5e-5_20260612T191957Z,1775,7444889600,ru,forget,1.581634,4.862895,-0.06497
curr_td_f20_g1_lr5.5e-5_20260612T191957Z,1800,7549747200,ru,forget,1.582707,4.868114,-0.0639
curr_td_f20_g1_lr5.5e-5_20260612T191957Z,1825,7654604800,ru,forget,1.582916,4.869135,-0.06369
curr_td_f20_g1_lr5.5e-5_20260612T191957Z,1850,7759462400,ru,forget,1.583428,4.871629,-0.06317
curr_td_f20_g1_lr5.5e-5_20260612T191957Z,1875,7864320000,ru,forget,1.583616,4.872546,-0.06299
curr_td_f20_g1_lr5.5e-5_20260612T191957Z,1900,7969177600,ru,forget,1.585034,4.879457,-0.06157
curr_td_f20_g1_lr5.5e-5_20260612T191957Z,1925,8074035200,ru,forget,1.585199,4.880264,-0.0614
curr_td_f20_g1_lr5.5e-5_20260612T191957Z,1950,8178892800,ru,forget,1.585849,4.883438,-0.06075
curr_td_f20_g1_lr5.5e-5_20260612T191957Z,1975,8283750400,ru,forget,1.585922,4.883793,-0.06068
curr_td_f20_g1_lr5.5e-5_20260612T191957Z,2000,8388608000,ru,forget,1.587018,4.889146,-0.05958
curr_td_f20_g1_lr5.5e-5_20260612T191957Z,2025,8493465600,ru,forget,1.588228,4.895069,-0.05838
curr_td_f20_g1_lr5.5e-5_20260612T191957Z,2050,8598323200,ru,forget,1.588325,4.895541,-0.05828
curr_td_f20_g1_lr5.5e-5_20260612T191957Z,2075,8703180800,ru,forget,1.589369,4.900655,-0.05723
curr_td_f20_g1_lr5.5e-5_20260612T191957Z,2100,8808038400,ru,forget,1.589116,4.899418,-0.05749
curr_td_f20_g1_lr5.5e-5_20260612T191957Z,2125,8912896000,ru,forget,1.590086,4.904172,-0.05652
curr_td_f20_g1_lr5.5e-5_20260612T191957Z,2150,9017753600,ru,forget,1.590232,4.904886,-0.05637
curr_td_f20_g1_lr5.5e-5_20260612T191957Z,2175,9122611200,ru,forget,1.591937,4.913256,-0.05467
curr_td_f20_g1_lr5.5e-5_20260612T191957Z,2200,9227468800,ru,forget,1.592093,4.914026,-0.05451
curr_td_f20_g1_lr5.5e-5_20260612T191957Z,2225,9332326400,ru,forget,1.593287,4.919896,-0.05332
curr_td_f20_g1_lr5.5e-5_20260612T191957Z,2250,9437184000,ru,forget,1.592705,4.917033,-0.0539
curr_td_f20_g1_lr5.5e-5_20260612T191957Z,2275,9542041600,ru,forget,1.597865,4.942469,-0.04874
curr_td_f20_g1_lr5.5e-5_20260612T191957Z,2300,9646899200,ru,forget,1.597308,4.939719,-0.0493
curr_td_f20_g1_lr5.5e-5_20260612T191957Z,2325,9751756800,ru,forget,1.597751,4.941907,-0.04885
curr_td_f20_g1_lr5.5e-5_20260612T191957Z,2350,9856614400,ru,forget,1.598842,4.9473,-0.04776
curr_td_f20_g1_lr5.5e-5_20260612T191957Z,2375,9961472000,ru,forget,1.598156,4.943909,-0.04845
curr_td_f20_g1_lr5.5e-5_20260612T191957Z,2400,10066329600,ru,forget,1.59938,4.949963,-0.04722
curr_td_f20_g1_lr5.5e-5_20260612T191957Z,2425,10171187200,ru,forget,1.599724,4.951665,-0.04688
curr_td_f20_g1_lr5.5e-5_20260612T191957Z,2450,10276044800,ru,forget,1.600596,4.955984,-0.04601
curr_td_f20_g1_lr5.5e-5_20260612T191957Z,2475,10380902400,ru,forget,1.602587,4.96586,-0.04402
curr_td_f20_g1_lr5.5e-5_20260612T191957Z,2500,10485760000,ru,forget,1.602572,4.965787,-0.04403
curr_td_f20_g1_lr5.5e-5_20260612T191957Z,2525,10590617600,ru,forget,1.602973,4.967781,-0.04363
curr_td_f20_g1_lr5.5e-5_20260612T191957Z,2550,10695475200,ru,forget,1.607561,4.990624,-0.03904
curr_td_f20_g1_lr5.5e-5_20260612T191957Z,2575,10800332800,ru,forget,1.60527,4.979204,-0.04133
curr_td_f20_g1_lr5.5e-5_20260612T191957Z,2600,10905190400,ru,forget,1.605458,4.980141,-0.04114
curr_td_f20_g1_lr5.5e-5_20260612T191957Z,2625,11010048000,ru,forget,1.605171,4.978712,-0.04143
curr_td_f20_g1_lr5.5e-5_20260612T191957Z,2650,11114905600,ru,forget,1.606515,4.985406,-0.04009
curr_td_f20_g1_lr5.5e-5_20260612T191957Z,2675,11219763200,ru,forget,1.60648,4.98523,-0.04012
curr_td_f20_g1_lr5.5e-5_20260612T191957Z,2700,11324620800,ru,forget,1.605466,4.980181,-0.04114
curr_td_f20_g1_lr5.5e-5_20260612T191957Z,2725,11429478400,ru,forget,1.605259,4.979149,-0.04134
curr_td_f20_g1_lr5.5e-5_20260612T191957Z,2750,11534336000,ru,forget,1.605508,4.980388,-0.0411
curr_td_f20_g1_lr5.5e-5_20260612T191957Z,2775,11639193600,ru,forget,1.605568,4.980689,-0.04103
curr_td_f20_g1_lr5.5e-5_20260612T191957Z,2800,11744051200,ru,forget,1.605776,4.981725,-0.04083
curr_td_f20_g1_lr5.5e-5_20260612T191957Z,2825,11848908800,ru,forget,1.605194,4.978826,-0.04141
curr_td_f20_g1_lr5.5e-5_20260612T191957Z,2850,11953766400,ru,forget,1.605605,4.980871,-0.041
curr_td_f20_g1_lr5.5e-5_20260612T191957Z,2875,12058624000,ru,forget,1.605115,4.978432,-0.04149
curr_td_f20_g1_lr5.5e-5_20260612T191957Z,2900,12163481600,ru,forget,1.605195,4.978829,-0.04141
curr_td_f20_g1_lr5.5e-5_20260612T191957Z,2925,12268339200,ru,forget,1.604166,4.973708,-0.04244
curr_td_f20_g1_lr5.5e-5_20260612T191957Z,2950,12373196800,ru,forget,1.604608,4.97591,-0.042
curr_td_f20_g1_lr5.5e-5_20260612T191957Z,2975,12478054400,ru,forget,1.604243,4.974091,-0.04236
curr_td_f20_g1_lr5.5e-5_20260612T191957Z,3000,12582912000,ru,forget,1.604353,4.974639,-0.04225
curr_td_f20_g1_lr5.5e-5_20260612T191957Z,3025,12687769600,ru,forget,1.60408,4.973282,-0.04252
curr_td_f20_g1_lr5.5e-5_20260612T191957Z,3050,12792627200,ru,forget,1.604111,4.973435,-0.04249
curr_td_f20_g1_lr5.5e-5_20260612T191957Z,3075,12897484800,ru,forget,1.604389,4.974821,-0.04221
curr_td_f20_g1_lr5.5e-5_20260612T191957Z,3100,13002342400,ru,forget,1.60376,4.971693,-0.04284
curr_td_f20_g1_lr5.5e-5_20260612T191957Z,3125,13107200000,ru,forget,1.603566,4.970728,-0.04304
curr_td_f20_g1_lr5.5e-5_20260612T191957Z,3150,13212057600,ru,forget,1.603456,4.970181,-0.04315
curr_td_f20_g1_lr5.5e-5_20260612T191957Z,3175,13316915200,ru,forget,1.603145,4.968637,-0.04346
curr_td_f20_g1_lr5.5e-5_20260612T191957Z,3200,13421772800,ru,forget,1.603103,4.968425,-0.0435
curr_td_f20_g1_lr5.5e-5_20260612T191957Z,25,104857600,zh,forget,1.907199,6.734198,0.0
curr_td_f20_g1_lr5.5e-5_20260612T191957Z,50,209715200,zh,forget,1.861122,6.43095,-0.04608
curr_td_f20_g1_lr5.5e-5_20260612T191957Z,75,314572800,zh,forget,1.816137,6.148064,-0.09106
curr_td_f20_g1_lr5.5e-5_20260612T191957Z,100,419430400,zh,forget,1.794941,6.019118,-0.11226
curr_td_f20_g1_lr5.5e-5_20260612T191957Z,125,524288000,zh,forget,1.78494,5.959222,-0.12226
curr_td_f20_g1_lr5.5e-5_20260612T191957Z,150,629145600,zh,forget,1.778406,5.920409,-0.12879
curr_td_f20_g1_lr5.5e-5_20260612T191957Z,175,734003200,zh,forget,1.774028,5.894551,-0.13317
curr_td_f20_g1_lr5.5e-5_20260612T191957Z,200,838860800,zh,forget,1.771496,5.879642,-0.1357
curr_td_f20_g1_lr5.5e-5_20260612T191957Z,225,943718400,zh,forget,1.768905,5.864426,-0.13829
curr_td_f20_g1_lr5.5e-5_20260612T191957Z,250,1048576000,zh,forget,1.766462,5.85012,-0.14074
curr_td_f20_g1_lr5.5e-5_20260612T191957Z,275,1153433600,zh,forget,1.765724,5.845806,-0.14148
curr_td_f20_g1_lr5.5e-5_20260612T191957Z,300,1258291200,zh,forget,1.766787,5.852022,-0.14041
curr_td_f20_g1_lr5.5e-5_20260612T191957Z,325,1363148800,zh,forget,1.763384,5.832139,-0.14382
curr_td_f20_g1_lr5.5e-5_20260612T191957Z,350,1468006400,zh,forget,1.768088,5.85964,-0.13911
curr_td_f20_g1_lr5.5e-5_20260612T191957Z,375,1572864000,zh,forget,1.763983,5.835633,-0.14322
curr_td_f20_g1_lr5.5e-5_20260612T191957Z,400,1677721600,zh,forget,1.76554,5.844727,-0.14166
curr_td_f20_g1_lr5.5e-5_20260612T191957Z,425,1782579200,zh,forget,1.763761,5.834339,-0.14344
curr_td_f20_g1_lr5.5e-5_20260612T191957Z,450,1887436800,zh,forget,1.764112,5.836385,-0.14309
curr_td_f20_g1_lr5.5e-5_20260612T191957Z,475,1992294400,zh,forget,1.763899,5.835146,-0.1433
curr_td_f20_g1_lr5.5e-5_20260612T191957Z,500,2097152000,zh,forget,1.764028,5.835896,-0.14317
curr_td_f20_g1_lr5.5e-5_20260612T191957Z,525,2202009600,zh,forget,1.768587,5.862566,-0.13861
curr_td_f20_g1_lr5.5e-5_20260612T191957Z,550,2306867200,zh,forget,1.765094,5.842122,-0.14211
curr_td_f20_g1_lr5.5e-5_20260612T191957Z,575,2411724800,zh,forget,1.767143,5.854104,-0.14006
curr_td_f20_g1_lr5.5e-5_20260612T191957Z,600,2516582400,zh,forget,1.766179,5.848461,-0.14102
curr_td_f20_g1_lr5.5e-5_20260612T191957Z,625,2621440000,zh,forget,1.766266,5.84897,-0.14093
curr_td_f20_g1_lr5.5e-5_20260612T191957Z,650,2726297600,zh,forget,1.766765,5.851889,-0.14043
curr_td_f20_g1_lr5.5e-5_20260612T191957Z,675,2831155200,zh,forget,1.7658,5.846246,-0.1414
curr_td_f20_g1_lr5.5e-5_20260612T191957Z,700,2936012800,zh,forget,1.766024,5.847558,-0.14118
curr_td_f20_g1_lr5.5e-5_20260612T191957Z,725,3040870400,zh,forget,1.769036,5.865194,-0.13816
curr_td_f20_g1_lr5.5e-5_20260612T191957Z,750,3145728000,zh,forget,1.767408,5.855653,-0.13979
curr_td_f20_g1_lr5.5e-5_20260612T191957Z,775,3250585600,zh,forget,1.7687,5.863226,-0.1385
curr_td_f20_g1_lr5.5e-5_20260612T191957Z,800,3355443200,zh,forget,1.769395,5.867304,-0.1378
curr_td_f20_g1_lr5.5e-5_20260612T191957Z,825,3460300800,zh,forget,1.768835,5.864017,-0.13836
curr_td_f20_g1_lr5.5e-5_20260612T191957Z,850,3565158400,zh,forget,1.769997,5.870837,-0.1372
curr_td_f20_g1_lr5.5e-5_20260612T191957Z,875,3670016000,zh,forget,1.770458,5.873541,-0.13674
curr_td_f20_g1_lr5.5e-5_20260612T191957Z,900,3774873600,zh,forget,1.770402,5.873212,-0.1368
curr_td_f20_g1_lr5.5e-5_20260612T191957Z,925,3879731200,zh,forget,1.772265,5.884164,-0.13493
curr_td_f20_g1_lr5.5e-5_20260612T191957Z,950,3984588800,zh,forget,1.771152,5.877618,-0.13605
curr_td_f20_g1_lr5.5e-5_20260612T191957Z,975,4089446400,zh,forget,1.773,5.888491,-0.1342
curr_td_f20_g1_lr5.5e-5_20260612T191957Z,1000,4194304000,zh,forget,1.772381,5.88485,-0.13482
curr_td_f20_g1_lr5.5e-5_20260612T191957Z,1025,4299161600,zh,forget,1.772498,5.885538,-0.1347
curr_td_f20_g1_lr5.5e-5_20260612T191957Z,1050,4404019200,zh,forget,1.772346,5.884642,-0.13485
curr_td_f20_g1_lr5.5e-5_20260612T191957Z,1075,4508876800,zh,forget,1.77335,5.890552,-0.13385
curr_td_f20_g1_lr5.5e-5_20260612T191957Z,1100,4613734400,zh,forget,1.775129,5.901045,-0.13207
curr_td_f20_g1_lr5.5e-5_20260612T191957Z,1125,4718592000,zh,forget,1.775838,5.905226,-0.13136
curr_td_f20_g1_lr5.5e-5_20260612T191957Z,1150,4823449600,zh,forget,1.776101,5.906782,-0.1311
curr_td_f20_g1_lr5.5e-5_20260612T191957Z,1175,4928307200,zh,forget,1.775695,5.904382,-0.1315
curr_td_f20_g1_lr5.5e-5_20260612T191957Z,1200,5033164800,zh,forget,1.776805,5.910943,-0.13039
curr_td_f20_g1_lr5.5e-5_20260612T191957Z,1225,5138022400,zh,forget,1.778604,5.921584,-0.1286
curr_td_f20_g1_lr5.5e-5_20260612T191957Z,1250,5242880000,zh,forget,1.777676,5.916091,-0.12952
curr_td_f20_g1_lr5.5e-5_20260612T191957Z,1275,5347737600,zh,forget,1.779276,5.925566,-0.12792
curr_td_f20_g1_lr5.5e-5_20260612T191957Z,1300,5452595200,zh,forget,1.780112,5.93052,-0.12709
curr_td_f20_g1_lr5.5e-5_20260612T191957Z,1325,5557452800,zh,forget,1.779882,5.929156,-0.12732
curr_td_f20_g1_lr5.5e-5_20260612T191957Z,1350,5662310400,zh,forget,1.782731,5.946075,-0.12447
curr_td_f20_g1_lr5.5e-5_20260612T191957Z,1375,5767168000,zh,forget,1.780895,5.935164,-0.1263
curr_td_f20_g1_lr5.5e-5_20260612T191957Z,1400,5872025600,zh,forget,1.781684,5.939852,-0.12552
curr_td_f20_g1_lr5.5e-5_20260612T191957Z,1425,5976883200,zh,forget,1.781994,5.941692,-0.12521
curr_td_f20_g1_lr5.5e-5_20260612T191957Z,1450,6081740800,zh,forget,1.783602,5.951253,-0.1236
curr_td_f20_g1_lr5.5e-5_20260612T191957Z,1475,6186598400,zh,forget,1.78341,5.950113,-0.12379
curr_td_f20_g1_lr5.5e-5_20260612T191957Z,1500,6291456000,zh,forget,1.784164,5.954598,-0.12304
curr_td_f20_g1_lr5.5e-5_20260612T191957Z,1525,6396313600,zh,forget,1.78522,5.96089,-0.12198
curr_td_f20_g1_lr5.5e-5_20260612T191957Z,1550,6501171200,zh,forget,1.786986,5.971425,-0.12021
curr_td_f20_g1_lr5.5e-5_20260612T191957Z,1575,6606028800,zh,forget,1.786141,5.966383,-0.12106
curr_td_f20_g1_lr5.5e-5_20260612T191957Z,1600,6710886400,zh,forget,1.787337,5.973521,-0.11986
curr_td_f20_g1_lr5.5e-5_20260612T191957Z,1625,6815744000,zh,forget,1.789239,5.984895,-0.11796
curr_td_f20_g1_lr5.5e-5_20260612T191957Z,1650,6920601600,zh,forget,1.789779,5.988131,-0.11742
curr_td_f20_g1_lr5.5e-5_20260612T191957Z,1675,7025459200,zh,forget,1.790227,5.990815,-0.11697
curr_td_f20_g1_lr5.5e-5_20260612T191957Z,1700,7130316800,zh,forget,1.790944,5.99511,-0.11625
curr_td_f20_g1_lr5.5e-5_20260612T191957Z,1725,7235174400,zh,forget,1.791421,5.997971,-0.11578
curr_td_f20_g1_lr5.5e-5_20260612T191957Z,1750,7340032000,zh,forget,1.791825,6.000394,-0.11537
curr_td_f20_g1_lr5.5e-5_20260612T191957Z,1775,7444889600,zh,forget,1.792211,6.002712,-0.11499
curr_td_f20_g1_lr5.5e-5_20260612T191957Z,1800,7549747200,zh,forget,1.79329,6.009189,-0.11391
curr_td_f20_g1_lr5.5e-5_20260612T191957Z,1825,7654604800,zh,forget,1.79338,6.009733,-0.11382
curr_td_f20_g1_lr5.5e-5_20260612T191957Z,1850,7759462400,zh,forget,1.793808,6.012302,-0.11339
curr_td_f20_g1_lr5.5e-5_20260612T191957Z,1875,7864320000,zh,forget,1.794112,6.014132,-0.11309
curr_td_f20_g1_lr5.5e-5_20260612T191957Z,1900,7969177600,zh,forget,1.795783,6.02419,-0.11142
curr_td_f20_g1_lr5.5e-5_20260612T191957Z,1925,8074035200,zh,forget,1.796521,6.028636,-0.11068
curr_td_f20_g1_lr5.5e-5_20260612T191957Z,1950,8178892800,zh,forget,1.7974,6.033941,-0.1098
curr_td_f20_g1_lr5.5e-5_20260612T191957Z,1975,8283750400,zh,forget,1.797385,6.033848,-0.10981
curr_td_f20_g1_lr5.5e-5_20260612T191957Z,2000,8388608000,zh,forget,1.7988,6.042394,-0.1084
curr_td_f20_g1_lr5.5e-5_20260612T191957Z,2025,8493465600,zh,forget,1.800406,6.052107,-0.10679
curr_td_f20_g1_lr5.5e-5_20260612T191957Z,2050,8598323200,zh,forget,1.800379,6.051942,-0.10682
curr_td_f20_g1_lr5.5e-5_20260612T191957Z,2075,8703180800,zh,forget,1.801349,6.057812,-0.10585
curr_td_f20_g1_lr5.5e-5_20260612T191957Z,2100,8808038400,zh,forget,1.801444,6.058389,-0.10576
curr_td_f20_g1_lr5.5e-5_20260612T191957Z,2125,8912896000,zh,forget,1.802419,6.064301,-0.10478
curr_td_f20_g1_lr5.5e-5_20260612T191957Z,2150,9017753600,zh,forget,1.803043,6.068088,-0.10416
curr_td_f20_g1_lr5.5e-5_20260612T191957Z,2175,9122611200,zh,forget,1.80465,6.077844,-0.10255
curr_td_f20_g1_lr5.5e-5_20260612T191957Z,2200,9227468800,zh,forget,1.804551,6.07724,-0.10265
curr_td_f20_g1_lr5.5e-5_20260612T191957Z,2225,9332326400,zh,forget,1.805736,6.08445,-0.10146
curr_td_f20_g1_lr5.5e-5_20260612T191957Z,2250,9437184000,zh,forget,1.805655,6.083957,-0.10154
curr_td_f20_g1_lr5.5e-5_20260612T191957Z,2275,9542041600,zh,forget,1.812131,6.123484,-0.09507
curr_td_f20_g1_lr5.5e-5_20260612T191957Z,2300,9646899200,zh,forget,1.811311,6.118461,-0.09589
curr_td_f20_g1_lr5.5e-5_20260612T191957Z,2325,9751756800,zh,forget,1.811079,6.117042,-0.09612
curr_td_f20_g1_lr5.5e-5_20260612T191957Z,2350,9856614400,zh,forget,1.811918,6.122182,-0.09528
curr_td_f20_g1_lr5.5e-5_20260612T191957Z,2375,9961472000,zh,forget,1.811795,6.121426,-0.0954
curr_td_f20_g1_lr5.5e-5_20260612T191957Z,2400,10066329600,zh,forget,1.813384,6.13116,-0.09381
curr_td_f20_g1_lr5.5e-5_20260612T191957Z,2425,10171187200,zh,forget,1.813978,6.134801,-0.09322
curr_td_f20_g1_lr5.5e-5_20260612T191957Z,2450,10276044800,zh,forget,1.81516,6.142059,-0.09204
curr_td_f20_g1_lr5.5e-5_20260612T191957Z,2475,10380902400,zh,forget,1.817658,6.15742,-0.08954
curr_td_f20_g1_lr5.5e-5_20260612T191957Z,2500,10485760000,zh,forget,1.8182,6.160759,-0.089
curr_td_f20_g1_lr5.5e-5_20260612T191957Z,2525,10590617600,zh,forget,1.81882,6.164582,-0.08838
curr_td_f20_g1_lr5.5e-5_20260612T191957Z,2550,10695475200,zh,forget,1.82228,6.185944,-0.08492
curr_td_f20_g1_lr5.5e-5_20260612T191957Z,2575,10800332800,zh,forget,1.820677,6.176038,-0.08652
curr_td_f20_g1_lr5.5e-5_20260612T191957Z,2600,10905190400,zh,forget,1.821096,6.178626,-0.0861
curr_td_f20_g1_lr5.5e-5_20260612T191957Z,2625,11010048000,zh,forget,1.821144,6.178922,-0.08605
curr_td_f20_g1_lr5.5e-5_20260612T191957Z,2650,11114905600,zh,forget,1.822572,6.187752,-0.08463
curr_td_f20_g1_lr5.5e-5_20260612T191957Z,2675,11219763200,zh,forget,1.822773,6.189,-0.08443
curr_td_f20_g1_lr5.5e-5_20260612T191957Z,2700,11324620800,zh,forget,1.821448,6.1808,-0.08575
curr_td_f20_g1_lr5.5e-5_20260612T191957Z,2725,11429478400,zh,forget,1.820783,6.176694,-0.08642
curr_td_f20_g1_lr5.5e-5_20260612T191957Z,2750,11534336000,zh,forget,1.821326,6.180045,-0.08587
curr_td_f20_g1_lr5.5e-5_20260612T191957Z,2775,11639193600,zh,forget,1.821631,6.181931,-0.08557
curr_td_f20_g1_lr5.5e-5_20260612T191957Z,2800,11744051200,zh,forget,1.821481,6.181004,-0.08572
curr_td_f20_g1_lr5.5e-5_20260612T191957Z,2825,11848908800,zh,forget,1.820639,6.175807,-0.08656
curr_td_f20_g1_lr5.5e-5_20260612T191957Z,2850,11953766400,zh,forget,1.821303,6.179907,-0.0859
curr_td_f20_g1_lr5.5e-5_20260612T191957Z,2875,12058624000,zh,forget,1.820753,6.17651,-0.08645
curr_td_f20_g1_lr5.5e-5_20260612T191957Z,2900,12163481600,zh,forget,1.820931,6.17761,-0.08627
curr_td_f20_g1_lr5.5e-5_20260612T191957Z,2925,12268339200,zh,forget,1.819853,6.170951,-0.08735
curr_td_f20_g1_lr5.5e-5_20260612T191957Z,2950,12373196800,zh,forget,1.820397,6.174312,-0.0868
curr_td_f20_g1_lr5.5e-5_20260612T191957Z,2975,12478054400,zh,forget,1.820118,6.172585,-0.08708
curr_td_f20_g1_lr5.5e-5_20260612T191957Z,3000,12582912000,zh,forget,1.820263,6.173479,-0.08694
curr_td_f20_g1_lr5.5e-5_20260612T191957Z,3025,12687769600,zh,forget,1.820034,6.172066,-0.08717
curr_td_f20_g1_lr5.5e-5_20260612T191957Z,3050,12792627200,zh,forget,1.819901,6.171247,-0.0873
curr_td_f20_g1_lr5.5e-5_20260612T191957Z,3075,12897484800,zh,forget,1.820996,6.178011,-0.0862
curr_td_f20_g1_lr5.5e-5_20260612T191957Z,3100,13002342400,zh,forget,1.819264,6.167319,-0.08794
curr_td_f20_g1_lr5.5e-5_20260612T191957Z,3125,13107200000,zh,forget,1.819109,6.166363,-0.08809
curr_td_f20_g1_lr5.5e-5_20260612T191957Z,3150,13212057600,zh,forget,1.818856,6.164804,-0.08834
curr_td_f20_g1_lr5.5e-5_20260612T191957Z,3175,13316915200,zh,forget,1.8182,6.16076,-0.089
curr_td_f20_g1_lr5.5e-5_20260612T191957Z,3200,13421772800,zh,forget,1.818382,6.161882,-0.08882
curr_td_f20_g1_lr8.25e-5_20260612T191957Z,25,104857600,code,forget,0.7743213,2.169119,0.0
curr_td_f20_g1_lr8.25e-5_20260612T191957Z,50,209715200,code,forget,0.7273148,2.069516,-0.04701
curr_td_f20_g1_lr8.25e-5_20260612T191957Z,75,314572800,code,forget,0.7076877,2.029293,-0.06663
curr_td_f20_g1_lr8.25e-5_20260612T191957Z,100,419430400,code,forget,0.6936889,2.001084,-0.08063
curr_td_f20_g1_lr8.25e-5_20260612T191957Z,125,524288000,code,forget,0.6844802,1.982741,-0.08984
curr_td_f20_g1_lr8.25e-5_20260612T191957Z,150,629145600,code,forget,0.6788099,1.97153,-0.09551
curr_td_f20_g1_lr8.25e-5_20260612T191957Z,175,734003200,code,forget,0.6775324,1.969013,-0.09679
curr_td_f20_g1_lr8.25e-5_20260612T191957Z,200,838860800,code,forget,0.6761944,1.96638,-0.09813
curr_td_f20_g1_lr8.25e-5_20260612T191957Z,225,943718400,code,forget,0.6689546,1.952195,-0.10537
curr_td_f20_g1_lr8.25e-5_20260612T191957Z,250,1048576000,code,forget,0.6697052,1.953661,-0.10462
curr_td_f20_g1_lr8.25e-5_20260612T191957Z,275,1153433600,code,forget,0.6701677,1.954565,-0.10415
curr_td_f20_g1_lr8.25e-5_20260612T191957Z,300,1258291200,code,forget,0.6671978,1.948769,-0.10712
curr_td_f20_g1_lr8.25e-5_20260612T191957Z,325,1363148800,code,forget,0.6666981,1.947795,-0.10762
curr_td_f20_g1_lr8.25e-5_20260612T191957Z,350,1468006400,code,forget,0.6666479,1.947698,-0.10767
curr_td_f20_g1_lr8.25e-5_20260612T191957Z,375,1572864000,code,forget,0.6659028,1.946247,-0.10842
curr_td_f20_g1_lr8.25e-5_20260612T191957Z,400,1677721600,code,forget,0.6670008,1.948385,-0.10732
curr_td_f20_g1_lr8.25e-5_20260612T191957Z,425,1782579200,code,forget,0.6664142,1.947242,-0.10791
curr_td_f20_g1_lr8.25e-5_20260612T191957Z,450,1887436800,code,forget,0.6677687,1.949882,-0.10655
curr_td_f20_g1_lr8.25e-5_20260612T191957Z,475,1992294400,code,forget,0.6674422,1.949245,-0.10688
curr_td_f20_g1_lr8.25e-5_20260612T191957Z,500,2097152000,code,forget,0.6665775,1.94756,-0.10774
curr_td_f20_g1_lr8.25e-5_20260612T191957Z,525,2202009600,code,forget,0.6662287,1.946881,-0.10809
curr_td_f20_g1_lr8.25e-5_20260612T191957Z,550,2306867200,code,forget,0.6671759,1.948726,-0.10715
curr_td_f20_g1_lr8.25e-5_20260612T191957Z,575,2411724800,code,forget,0.6679651,1.950265,-0.10636
curr_td_f20_g1_lr8.25e-5_20260612T191957Z,600,2516582400,code,forget,0.6674383,1.949238,-0.10688
curr_td_f20_g1_lr8.25e-5_20260612T191957Z,625,2621440000,code,forget,0.6704264,1.955071,-0.10389
curr_td_f20_g1_lr8.25e-5_20260612T191957Z,650,2726297600,code,forget,0.6680536,1.950437,-0.10627
curr_td_f20_g1_lr8.25e-5_20260612T191957Z,675,2831155200,code,forget,0.6679896,1.950312,-0.10633
curr_td_f20_g1_lr8.25e-5_20260612T191957Z,700,2936012800,code,forget,0.6710765,1.956342,-0.10324
curr_td_f20_g1_lr8.25e-5_20260612T191957Z,725,3040870400,code,forget,0.6709871,1.956167,-0.10333
curr_td_f20_g1_lr8.25e-5_20260612T191957Z,750,3145728000,code,forget,0.6703886,1.954997,-0.10393
curr_td_f20_g1_lr8.25e-5_20260612T191957Z,775,3250585600,code,forget,0.669652,1.953557,-0.10467
curr_td_f20_g1_lr8.25e-5_20260612T191957Z,800,3355443200,code,forget,0.6703501,1.954922,-0.10397
curr_td_f20_g1_lr8.25e-5_20260612T191957Z,825,3460300800,code,forget,0.6711215,1.95643,-0.1032
curr_td_f20_g1_lr8.25e-5_20260612T191957Z,850,3565158400,code,forget,0.6713136,1.956806,-0.10301
curr_td_f20_g1_lr8.25e-5_20260612T191957Z,875,3670016000,code,forget,0.6724333,1.958998,-0.10189
curr_td_f20_g1_lr8.25e-5_20260612T191957Z,900,3774873600,code,forget,0.673963,1.961997,-0.10036
curr_td_f20_g1_lr8.25e-5_20260612T191957Z,925,3879731200,code,forget,0.6730601,1.960227,-0.10126
curr_td_f20_g1_lr8.25e-5_20260612T191957Z,950,3984588800,code,forget,0.6730177,1.960144,-0.1013
curr_td_f20_g1_lr8.25e-5_20260612T191957Z,975,4089446400,code,forget,0.6810334,1.975919,-0.09329
curr_td_f20_g1_lr8.25e-5_20260612T191957Z,1000,4194304000,code,forget,0.6748467,1.963732,-0.09947
curr_td_f20_g1_lr8.25e-5_20260612T191957Z,1025,4299161600,code,forget,0.6761112,1.966217,-0.09821
curr_td_f20_g1_lr8.25e-5_20260612T191957Z,1050,4404019200,code,forget,0.6757125,1.965433,-0.09861
curr_td_f20_g1_lr8.25e-5_20260612T191957Z,1075,4508876800,code,forget,0.6763152,1.966618,-0.09801
curr_td_f20_g1_lr8.25e-5_20260612T191957Z,1100,4613734400,code,forget,0.6768643,1.967698,-0.09746
curr_td_f20_g1_lr8.25e-5_20260612T191957Z,1125,4718592000,code,forget,0.677527,1.969002,-0.09679
curr_td_f20_g1_lr8.25e-5_20260612T191957Z,1150,4823449600,code,forget,0.6775403,1.969029,-0.09678
curr_td_f20_g1_lr8.25e-5_20260612T191957Z,1175,4928307200,code,forget,0.677422,1.968796,-0.0969
curr_td_f20_g1_lr8.25e-5_20260612T191957Z,1200,5033164800,code,forget,0.6798223,1.973527,-0.0945
curr_td_f20_g1_lr8.25e-5_20260612T191957Z,1225,5138022400,code,forget,0.6785275,1.970973,-0.09579
curr_td_f20_g1_lr8.25e-5_20260612T191957Z,1250,5242880000,code,forget,0.6820833,1.977994,-0.09224
curr_td_f20_g1_lr8.25e-5_20260612T191957Z,1275,5347737600,code,forget,0.6811043,1.976059,-0.09322
curr_td_f20_g1_lr8.25e-5_20260612T191957Z,1300,5452595200,code,forget,0.6827689,1.979351,-0.09155
curr_td_f20_g1_lr8.25e-5_20260612T191957Z,1325,5557452800,code,forget,0.6810468,1.975945,-0.09327
curr_td_f20_g1_lr8.25e-5_20260612T191957Z,1350,5662310400,code,forget,0.682808,1.979428,-0.09151
curr_td_f20_g1_lr8.25e-5_20260612T191957Z,1375,5767168000,code,forget,0.6873127,1.988365,-0.08701
curr_td_f20_g1_lr8.25e-5_20260612T191957Z,1400,5872025600,code,forget,0.6861215,1.985998,-0.0882
curr_td_f20_g1_lr8.25e-5_20260612T191957Z,1425,5976883200,code,forget,0.6843365,1.982456,-0.08998
curr_td_f20_g1_lr8.25e-5_20260612T191957Z,1450,6081740800,code,forget,0.6847996,1.983374,-0.08952
curr_td_f20_g1_lr8.25e-5_20260612T191957Z,1475,6186598400,code,forget,0.6853614,1.984489,-0.08896
curr_td_f20_g1_lr8.25e-5_20260612T191957Z,1500,6291456000,code,forget,0.6874309,1.9886,-0.08689
curr_td_f20_g1_lr8.25e-5_20260612T191957Z,1525,6396313600,code,forget,0.6880286,1.989789,-0.08629
curr_td_f20_g1_lr8.25e-5_20260612T191957Z,1550,6501171200,code,forget,0.6870929,1.987928,-0.08723
curr_td_f20_g1_lr8.25e-5_20260612T191957Z,1575,6606028800,code,forget,0.6875537,1.988844,-0.08677
curr_td_f20_g1_lr8.25e-5_20260612T191957Z,1600,6710886400,code,forget,0.687814,1.989362,-0.08651
curr_td_f20_g1_lr8.25e-5_20260612T191957Z,1625,6815744000,code,forget,0.6896166,1.992951,-0.0847
curr_td_f20_g1_lr8.25e-5_20260612T191957Z,1650,6920601600,code,forget,0.6947064,2.003121,-0.07961
curr_td_f20_g1_lr8.25e-5_20260612T191957Z,1675,7025459200,code,forget,0.6901546,1.994024,-0.08417
curr_td_f20_g1_lr8.25e-5_20260612T191957Z,1700,7130316800,code,forget,0.6923943,1.998495,-0.08193
curr_td_f20_g1_lr8.25e-5_20260612T191957Z,1725,7235174400,code,forget,0.6916938,1.997095,-0.08263
curr_td_f20_g1_lr8.25e-5_20260612T191957Z,1750,7340032000,code,forget,0.6927941,1.999294,-0.08153
curr_td_f20_g1_lr8.25e-5_20260612T191957Z,1775,7444889600,code,forget,0.6936997,2.001105,-0.08062
curr_td_f20_g1_lr8.25e-5_20260612T191957Z,1800,7549747200,code,forget,0.6950724,2.003854,-0.07925
curr_td_f20_g1_lr8.25e-5_20260612T191957Z,1825,7654604800,code,forget,0.6942689,2.002245,-0.08005
curr_td_f20_g1_lr8.25e-5_20260612T191957Z,1850,7759462400,code,forget,0.6941512,2.002009,-0.08017
curr_td_f20_g1_lr8.25e-5_20260612T191957Z,1875,7864320000,code,forget,0.6961397,2.005994,-0.07818
curr_td_f20_g1_lr8.25e-5_20260612T191957Z,1900,7969177600,code,forget,0.6985465,2.010828,-0.07577
curr_td_f20_g1_lr8.25e-5_20260612T191957Z,1925,8074035200,code,forget,0.6980717,2.009873,-0.07625
curr_td_f20_g1_lr8.25e-5_20260612T191957Z,1950,8178892800,code,forget,0.6975527,2.00883,-0.07677
curr_td_f20_g1_lr8.25e-5_20260612T191957Z,1975,8283750400,code,forget,0.6983981,2.010529,-0.07592
curr_td_f20_g1_lr8.25e-5_20260612T191957Z,2000,8388608000,code,forget,0.6987308,2.011198,-0.07559
curr_td_f20_g1_lr8.25e-5_20260612T191957Z,2025,8493465600,code,forget,0.6997393,2.013228,-0.07458
curr_td_f20_g1_lr8.25e-5_20260612T191957Z,2050,8598323200,code,forget,0.7006445,2.015051,-0.07368
curr_td_f20_g1_lr8.25e-5_20260612T191957Z,2075,8703180800,code,forget,0.7014111,2.016596,-0.07291
curr_td_f20_g1_lr8.25e-5_20260612T191957Z,2100,8808038400,code,forget,0.7032844,2.020378,-0.07104
curr_td_f20_g1_lr8.25e-5_20260612T191957Z,2125,8912896000,code,forget,0.702565,2.018925,-0.07176
curr_td_f20_g1_lr8.25e-5_20260612T191957Z,2150,9017753600,code,forget,0.7027068,2.019211,-0.07161
curr_td_f20_g1_lr8.25e-5_20260612T191957Z,2175,9122611200,code,forget,0.7037101,2.021238,-0.07061
curr_td_f20_g1_lr8.25e-5_20260612T191957Z,2200,9227468800,code,forget,0.7046871,2.023213,-0.06963
curr_td_f20_g1_lr8.25e-5_20260612T191957Z,2225,9332326400,code,forget,0.7044921,2.022819,-0.06983
curr_td_f20_g1_lr8.25e-5_20260612T191957Z,2250,9437184000,code,forget,0.7063102,2.0265,-0.06801
curr_td_f20_g1_lr8.25e-5_20260612T191957Z,2275,9542041600,code,forget,0.7149406,2.044065,-0.05938
curr_td_f20_g1_lr8.25e-5_20260612T191957Z,2300,9646899200,code,forget,0.7134643,2.04105,-0.06086
curr_td_f20_g1_lr8.25e-5_20260612T191957Z,2325,9751756800,code,forget,0.7131723,2.040454,-0.06115
curr_td_f20_g1_lr8.25e-5_20260612T191957Z,2350,9856614400,code,forget,0.7130445,2.040193,-0.06128
curr_td_f20_g1_lr8.25e-5_20260612T191957Z,2375,9961472000,code,forget,0.7150484,2.044286,-0.05927
curr_td_f20_g1_lr8.25e-5_20260612T191957Z,2400,10066329600,code,forget,0.7148725,2.043926,-0.05945
curr_td_f20_g1_lr8.25e-5_20260612T191957Z,2425,10171187200,code,forget,0.7155474,2.045306,-0.05877
curr_td_f20_g1_lr8.25e-5_20260612T191957Z,2450,10276044800,code,forget,0.7167522,2.047772,-0.05757
curr_td_f20_g1_lr8.25e-5_20260612T191957Z,2475,10380902400,code,forget,0.7163022,2.04685,-0.05802
curr_td_f20_g1_lr8.25e-5_20260612T191957Z,2500,10485760000,code,forget,0.7179421,2.05021,-0.05638
curr_td_f20_g1_lr8.25e-5_20260612T191957Z,2525,10590617600,code,forget,0.7194771,2.053359,-0.05484
curr_td_f20_g1_lr8.25e-5_20260612T191957Z,2550,10695475200,code,forget,0.7186419,2.051645,-0.05568
curr_td_f20_g1_lr8.25e-5_20260612T191957Z,2575,10800332800,code,forget,0.7193621,2.053123,-0.05496
curr_td_f20_g1_lr8.25e-5_20260612T191957Z,2600,10905190400,code,forget,0.7211974,2.056895,-0.05312
curr_td_f20_g1_lr8.25e-5_20260612T191957Z,2625,11010048000,code,forget,0.7217304,2.057991,-0.05259
curr_td_f20_g1_lr8.25e-5_20260612T191957Z,2650,11114905600,code,forget,0.7202007,2.054846,-0.05412
curr_td_f20_g1_lr8.25e-5_20260612T191957Z,2675,11219763200,code,forget,0.7201658,2.054774,-0.05416
curr_td_f20_g1_lr8.25e-5_20260612T191957Z,2700,11324620800,code,forget,0.7205635,2.055591,-0.05376
curr_td_f20_g1_lr8.25e-5_20260612T191957Z,2725,11429478400,code,forget,0.7217617,2.058056,-0.05256
curr_td_f20_g1_lr8.25e-5_20260612T191957Z,2750,11534336000,code,forget,0.7199757,2.054383,-0.05435
curr_td_f20_g1_lr8.25e-5_20260612T191957Z,2775,11639193600,code,forget,0.720988,2.056464,-0.05333
curr_td_f20_g1_lr8.25e-5_20260612T191957Z,2800,11744051200,code,forget,0.7199488,2.054328,-0.05437
curr_td_f20_g1_lr8.25e-5_20260612T191957Z,2825,11848908800,code,forget,0.7202673,2.054982,-0.05405
curr_td_f20_g1_lr8.25e-5_20260612T191957Z,2850,11953766400,code,forget,0.7213776,2.057265,-0.05294
curr_td_f20_g1_lr8.25e-5_20260612T191957Z,2875,12058624000,code,forget,0.7193406,2.053079,-0.05498
curr_td_f20_g1_lr8.25e-5_20260612T191957Z,2900,12163481600,code,forget,0.7191464,2.05268,-0.05517
curr_td_f20_g1_lr8.25e-5_20260612T191957Z,2925,12268339200,code,forget,0.7187795,2.051927,-0.05554
curr_td_f20_g1_lr8.25e-5_20260612T191957Z,2950,12373196800,code,forget,0.7187522,2.051871,-0.05557
curr_td_f20_g1_lr8.25e-5_20260612T191957Z,2975,12478054400,code,forget,0.7182516,2.050844,-0.05607
curr_td_f20_g1_lr8.25e-5_20260612T191957Z,3000,12582912000,code,forget,0.7182352,2.050811,-0.05609
curr_td_f20_g1_lr8.25e-5_20260612T191957Z,3025,12687769600,code,forget,0.7177436,2.049803,-0.05658
curr_td_f20_g1_lr8.25e-5_20260612T191957Z,3050,12792627200,code,forget,0.7177637,2.049844,-0.05656
curr_td_f20_g1_lr8.25e-5_20260612T191957Z,3075,12897484800,code,forget,0.7174359,2.049172,-0.05689
curr_td_f20_g1_lr8.25e-5_20260612T191957Z,3100,13002342400,code,forget,0.7184651,2.051282,-0.05586
curr_td_f20_g1_lr8.25e-5_20260612T191957Z,3125,13107200000,code,forget,0.7177814,2.04988,-0.05654
curr_td_f20_g1_lr8.25e-5_20260612T191957Z,3150,13212057600,code,forget,0.7171863,2.048661,-0.05713
curr_td_f20_g1_lr8.25e-5_20260612T191957Z,3175,13316915200,code,forget,0.7169408,2.048158,-0.05738
curr_td_f20_g1_lr8.25e-5_20260612T191957Z,3200,13421772800,code,forget,0.7179483,2.050222,-0.05637
curr_td_f20_g1_lr8.25e-5_20260612T191957Z,25,104857600,de,forget,1.951622,7.040101,0.0
curr_td_f20_g1_lr8.25e-5_20260612T191957Z,50,209715200,de,forget,1.906904,6.732215,-0.04472
curr_td_f20_g1_lr8.25e-5_20260612T191957Z,75,314572800,de,forget,1.87944,6.549836,-0.07218
curr_td_f20_g1_lr8.25e-5_20260612T191957Z,100,419430400,de,forget,1.86692,6.468342,-0.0847
curr_td_f20_g1_lr8.25e-5_20260612T191957Z,125,524288000,de,forget,1.861352,6.432427,-0.09027
curr_td_f20_g1_lr8.25e-5_20260612T191957Z,150,629145600,de,forget,1.859306,6.419278,-0.09232
curr_td_f20_g1_lr8.25e-5_20260612T191957Z,175,734003200,de,forget,1.858572,6.414567,-0.09305
curr_td_f20_g1_lr8.25e-5_20260612T191957Z,200,838860800,de,forget,1.858328,6.413007,-0.09329
curr_td_f20_g1_lr8.25e-5_20260612T191957Z,225,943718400,de,forget,1.856152,6.399066,-0.09547
curr_td_f20_g1_lr8.25e-5_20260612T191957Z,250,1048576000,de,forget,1.858466,6.413887,-0.09316
curr_td_f20_g1_lr8.25e-5_20260612T191957Z,275,1153433600,de,forget,1.862351,6.438856,-0.08927
curr_td_f20_g1_lr8.25e-5_20260612T191957Z,300,1258291200,de,forget,1.858348,6.413136,-0.09327
curr_td_f20_g1_lr8.25e-5_20260612T191957Z,325,1363148800,de,forget,1.861015,6.430261,-0.09061
curr_td_f20_g1_lr8.25e-5_20260612T191957Z,350,1468006400,de,forget,1.861156,6.431164,-0.09047
curr_td_f20_g1_lr8.25e-5_20260612T191957Z,375,1572864000,de,forget,1.861762,6.435065,-0.08986
curr_td_f20_g1_lr8.25e-5_20260612T191957Z,400,1677721600,de,forget,1.865695,6.460424,-0.08593
curr_td_f20_g1_lr8.25e-5_20260612T191957Z,425,1782579200,de,forget,1.864757,6.454369,-0.08686
curr_td_f20_g1_lr8.25e-5_20260612T191957Z,450,1887436800,de,forget,1.866938,6.468461,-0.08468
curr_td_f20_g1_lr8.25e-5_20260612T191957Z,475,1992294400,de,forget,1.867723,6.473541,-0.0839
curr_td_f20_g1_lr8.25e-5_20260612T191957Z,500,2097152000,de,forget,1.869641,6.485966,-0.08198
curr_td_f20_g1_lr8.25e-5_20260612T191957Z,525,2202009600,de,forget,1.865629,6.459995,-0.08599
curr_td_f20_g1_lr8.25e-5_20260612T191957Z,550,2306867200,de,forget,1.866521,6.465764,-0.0851
curr_td_f20_g1_lr8.25e-5_20260612T191957Z,575,2411724800,de,forget,1.869818,6.487118,-0.0818
curr_td_f20_g1_lr8.25e-5_20260612T191957Z,600,2516582400,de,forget,1.869228,6.483289,-0.08239
curr_td_f20_g1_lr8.25e-5_20260612T191957Z,625,2621440000,de,forget,1.874847,6.519823,-0.07678
curr_td_f20_g1_lr8.25e-5_20260612T191957Z,650,2726297600,de,forget,1.870101,6.488951,-0.08152
curr_td_f20_g1_lr8.25e-5_20260612T191957Z,675,2831155200,de,forget,1.869926,6.487814,-0.0817
curr_td_f20_g1_lr8.25e-5_20260612T191957Z,700,2936012800,de,forget,1.878225,6.541883,-0.0734
curr_td_f20_g1_lr8.25e-5_20260612T191957Z,725,3040870400,de,forget,1.875745,6.525679,-0.07588
curr_td_f20_g1_lr8.25e-5_20260612T191957Z,750,3145728000,de,forget,1.875094,6.521432,-0.07653
curr_td_f20_g1_lr8.25e-5_20260612T191957Z,775,3250585600,de,forget,1.873856,6.513365,-0.07777
curr_td_f20_g1_lr8.25e-5_20260612T191957Z,800,3355443200,de,forget,1.875523,6.524229,-0.0761
curr_td_f20_g1_lr8.25e-5_20260612T191957Z,825,3460300800,de,forget,1.87566,6.525127,-0.07596
curr_td_f20_g1_lr8.25e-5_20260612T191957Z,850,3565158400,de,forget,1.876398,6.529941,-0.07522
curr_td_f20_g1_lr8.25e-5_20260612T191957Z,875,3670016000,de,forget,1.878293,6.542327,-0.07333
curr_td_f20_g1_lr8.25e-5_20260612T191957Z,900,3774873600,de,forget,1.881287,6.561946,-0.07034
curr_td_f20_g1_lr8.25e-5_20260612T191957Z,925,3879731200,de,forget,1.879693,6.551496,-0.07193
curr_td_f20_g1_lr8.25e-5_20260612T191957Z,950,3984588800,de,forget,1.881355,6.562393,-0.07027
curr_td_f20_g1_lr8.25e-5_20260612T191957Z,975,4089446400,de,forget,1.90359,6.709943,-0.04803
curr_td_f20_g1_lr8.25e-5_20260612T191957Z,1000,4194304000,de,forget,1.884242,6.581364,-0.06738
curr_td_f20_g1_lr8.25e-5_20260612T191957Z,1025,4299161600,de,forget,1.886339,6.595179,-0.06528
curr_td_f20_g1_lr8.25e-5_20260612T191957Z,1050,4404019200,de,forget,1.885284,6.588228,-0.06634
curr_td_f20_g1_lr8.25e-5_20260612T191957Z,1075,4508876800,de,forget,1.8861,6.593603,-0.06552
curr_td_f20_g1_lr8.25e-5_20260612T191957Z,1100,4613734400,de,forget,1.8876,6.6035,-0.06402
curr_td_f20_g1_lr8.25e-5_20260612T191957Z,1125,4718592000,de,forget,1.888447,6.609096,-0.06317
curr_td_f20_g1_lr8.25e-5_20260612T191957Z,1150,4823449600,de,forget,1.887914,6.605578,-0.06371
curr_td_f20_g1_lr8.25e-5_20260612T191957Z,1175,4928307200,de,forget,1.887768,6.60461,-0.06385
curr_td_f20_g1_lr8.25e-5_20260612T191957Z,1200,5033164800,de,forget,1.894125,6.646731,-0.0575
curr_td_f20_g1_lr8.25e-5_20260612T191957Z,1225,5138022400,de,forget,1.889955,6.619072,-0.06167
curr_td_f20_g1_lr8.25e-5_20260612T191957Z,1250,5242880000,de,forget,1.892412,6.635351,-0.05921
curr_td_f20_g1_lr8.25e-5_20260612T191957Z,1275,5347737600,de,forget,1.891581,6.629845,-0.06004
curr_td_f20_g1_lr8.25e-5_20260612T191957Z,1300,5452595200,de,forget,1.89583,6.658075,-0.05579
curr_td_f20_g1_lr8.25e-5_20260612T191957Z,1325,5557452800,de,forget,1.891704,6.630656,-0.05992
curr_td_f20_g1_lr8.25e-5_20260612T191957Z,1350,5662310400,de,forget,1.894677,6.650399,-0.05695
curr_td_f20_g1_lr8.25e-5_20260612T191957Z,1375,5767168000,de,forget,1.90041,6.688633,-0.05121
curr_td_f20_g1_lr8.25e-5_20260612T191957Z,1400,5872025600,de,forget,1.899358,6.681605,-0.05226
curr_td_f20_g1_lr8.25e-5_20260612T191957Z,1425,5976883200,de,forget,1.895828,6.658061,-0.05579
curr_td_f20_g1_lr8.25e-5_20260612T191957Z,1450,6081740800,de,forget,1.896576,6.663044,-0.05505
curr_td_f20_g1_lr8.25e-5_20260612T191957Z,1475,6186598400,de,forget,1.897837,6.671448,-0.05378
curr_td_f20_g1_lr8.25e-5_20260612T191957Z,1500,6291456000,de,forget,1.902843,6.704929,-0.04878
curr_td_f20_g1_lr8.25e-5_20260612T191957Z,1525,6396313600,de,forget,1.900957,6.692293,-0.05066
curr_td_f20_g1_lr8.25e-5_20260612T191957Z,1550,6501171200,de,forget,1.899701,6.683892,-0.05192
curr_td_f20_g1_lr8.25e-5_20260612T191957Z,1575,6606028800,de,forget,1.899985,6.685796,-0.05164
curr_td_f20_g1_lr8.25e-5_20260612T191957Z,1600,6710886400,de,forget,1.9015,6.695928,-0.05012
curr_td_f20_g1_lr8.25e-5_20260612T191957Z,1625,6815744000,de,forget,1.904766,6.717838,-0.04686
curr_td_f20_g1_lr8.25e-5_20260612T191957Z,1650,6920601600,de,forget,1.913754,6.778484,-0.03787
curr_td_f20_g1_lr8.25e-5_20260612T191957Z,1675,7025459200,de,forget,1.903055,6.706352,-0.04857
curr_td_f20_g1_lr8.25e-5_20260612T191957Z,1700,7130316800,de,forget,1.906198,6.72746,-0.04542
curr_td_f20_g1_lr8.25e-5_20260612T191957Z,1725,7235174400,de,forget,1.906336,6.728393,-0.04529
curr_td_f20_g1_lr8.25e-5_20260612T191957Z,1750,7340032000,de,forget,1.907269,6.734674,-0.04435
curr_td_f20_g1_lr8.25e-5_20260612T191957Z,1775,7444889600,de,forget,1.908308,6.741675,-0.04331
curr_td_f20_g1_lr8.25e-5_20260612T191957Z,1800,7549747200,de,forget,1.90921,6.747753,-0.04241
curr_td_f20_g1_lr8.25e-5_20260612T191957Z,1825,7654604800,de,forget,1.909006,6.746377,-0.04262
curr_td_f20_g1_lr8.25e-5_20260612T191957Z,1850,7759462400,de,forget,1.909071,6.746819,-0.04255
curr_td_f20_g1_lr8.25e-5_20260612T191957Z,1875,7864320000,de,forget,1.912291,6.768575,-0.03933
curr_td_f20_g1_lr8.25e-5_20260612T191957Z,1900,7969177600,de,forget,1.914568,6.784007,-0.03705
curr_td_f20_g1_lr8.25e-5_20260612T191957Z,1925,8074035200,de,forget,1.915253,6.788653,-0.03637
curr_td_f20_g1_lr8.25e-5_20260612T191957Z,1950,8178892800,de,forget,1.913429,6.776287,-0.03819
curr_td_f20_g1_lr8.25e-5_20260612T191957Z,1975,8283750400,de,forget,1.915442,6.789939,-0.03618
curr_td_f20_g1_lr8.25e-5_20260612T191957Z,2000,8388608000,de,forget,1.915167,6.788074,-0.03645
curr_td_f20_g1_lr8.25e-5_20260612T191957Z,2025,8493465600,de,forget,1.915813,6.792461,-0.03581
curr_td_f20_g1_lr8.25e-5_20260612T191957Z,2050,8598323200,de,forget,1.916964,6.800279,-0.03466
curr_td_f20_g1_lr8.25e-5_20260612T191957Z,2075,8703180800,de,forget,1.918873,6.813277,-0.03275
curr_td_f20_g1_lr8.25e-5_20260612T191957Z,2100,8808038400,de,forget,1.921725,6.832733,-0.0299
curr_td_f20_g1_lr8.25e-5_20260612T191957Z,2125,8912896000,de,forget,1.918797,6.812755,-0.03282
curr_td_f20_g1_lr8.25e-5_20260612T191957Z,2150,9017753600,de,forget,1.919226,6.815681,-0.0324
curr_td_f20_g1_lr8.25e-5_20260612T191957Z,2175,9122611200,de,forget,1.921295,6.829799,-0.03033
curr_td_f20_g1_lr8.25e-5_20260612T191957Z,2200,9227468800,de,forget,1.922181,6.835848,-0.02944
curr_td_f20_g1_lr8.25e-5_20260612T191957Z,2225,9332326400,de,forget,1.921775,6.833075,-0.02985
curr_td_f20_g1_lr8.25e-5_20260612T191957Z,2250,9437184000,de,forget,1.923726,6.84642,-0.0279
curr_td_f20_g1_lr8.25e-5_20260612T191957Z,2275,9542041600,de,forget,1.92946,6.885791,-0.02216
curr_td_f20_g1_lr8.25e-5_20260612T191957Z,2300,9646899200,de,forget,1.928676,6.880392,-0.02295
curr_td_f20_g1_lr8.25e-5_20260612T191957Z,2325,9751756800,de,forget,1.928557,6.879576,-0.02306
curr_td_f20_g1_lr8.25e-5_20260612T191957Z,2350,9856614400,de,forget,1.928535,6.879427,-0.02309
curr_td_f20_g1_lr8.25e-5_20260612T191957Z,2375,9961472000,de,forget,1.931963,6.903047,-0.01966
curr_td_f20_g1_lr8.25e-5_20260612T191957Z,2400,10066329600,de,forget,1.932904,6.909547,-0.01872
curr_td_f20_g1_lr8.25e-5_20260612T191957Z,2425,10171187200,de,forget,1.933543,6.913961,-0.01808
curr_td_f20_g1_lr8.25e-5_20260612T191957Z,2450,10276044800,de,forget,1.934302,6.919213,-0.01732
curr_td_f20_g1_lr8.25e-5_20260612T191957Z,2475,10380902400,de,forget,1.933717,6.915165,-0.01791
curr_td_f20_g1_lr8.25e-5_20260612T191957Z,2500,10485760000,de,forget,1.936032,6.931192,-0.01559
curr_td_f20_g1_lr8.25e-5_20260612T191957Z,2525,10590617600,de,forget,1.938237,6.946492,-0.01338
curr_td_f20_g1_lr8.25e-5_20260612T191957Z,2550,10695475200,de,forget,1.938029,6.945048,-0.01359
curr_td_f20_g1_lr8.25e-5_20260612T191957Z,2575,10800332800,de,forget,1.939162,6.952923,-0.01246
curr_td_f20_g1_lr8.25e-5_20260612T191957Z,2600,10905190400,de,forget,1.940948,6.965352,-0.01067
curr_td_f20_g1_lr8.25e-5_20260612T191957Z,2625,11010048000,de,forget,1.940166,6.959903,-0.01146
curr_td_f20_g1_lr8.25e-5_20260612T191957Z,2650,11114905600,de,forget,1.938212,6.946319,-0.01341
curr_td_f20_g1_lr8.25e-5_20260612T191957Z,2675,11219763200,de,forget,1.938169,6.946023,-0.01345
curr_td_f20_g1_lr8.25e-5_20260612T191957Z,2700,11324620800,de,forget,1.938531,6.948537,-0.01309
curr_td_f20_g1_lr8.25e-5_20260612T191957Z,2725,11429478400,de,forget,1.939695,6.956632,-0.01193
curr_td_f20_g1_lr8.25e-5_20260612T191957Z,2750,11534336000,de,forget,1.937629,6.942275,-0.01399
curr_td_f20_g1_lr8.25e-5_20260612T191957Z,2775,11639193600,de,forget,1.938687,6.94962,-0.01293
curr_td_f20_g1_lr8.25e-5_20260612T191957Z,2800,11744051200,de,forget,1.937342,6.940276,-0.01428
curr_td_f20_g1_lr8.25e-5_20260612T191957Z,2825,11848908800,de,forget,1.938081,6.945412,-0.01354
curr_td_f20_g1_lr8.25e-5_20260612T191957Z,2850,11953766400,de,forget,1.938606,6.949059,-0.01302
curr_td_f20_g1_lr8.25e-5_20260612T191957Z,2875,12058624000,de,forget,1.93598,6.93083,-0.01564
curr_td_f20_g1_lr8.25e-5_20260612T191957Z,2900,12163481600,de,forget,1.935033,6.924271,-0.01659
curr_td_f20_g1_lr8.25e-5_20260612T191957Z,2925,12268339200,de,forget,1.934508,6.920641,-0.01711
curr_td_f20_g1_lr8.25e-5_20260612T191957Z,2950,12373196800,de,forget,1.93467,6.921762,-0.01695
curr_td_f20_g1_lr8.25e-5_20260612T191957Z,2975,12478054400,de,forget,1.933802,6.915757,-0.01782
curr_td_f20_g1_lr8.25e-5_20260612T191957Z,3000,12582912000,de,forget,1.933771,6.91554,-0.01785
curr_td_f20_g1_lr8.25e-5_20260612T191957Z,3025,12687769600,de,forget,1.932878,6.90937,-0.01874
curr_td_f20_g1_lr8.25e-5_20260612T191957Z,3050,12792627200,de,forget,1.932142,6.904283,-0.01948
curr_td_f20_g1_lr8.25e-5_20260612T191957Z,3075,12897484800,de,forget,1.931904,6.902638,-0.01972
curr_td_f20_g1_lr8.25e-5_20260612T191957Z,3100,13002342400,de,forget,1.932889,6.909445,-0.01873
curr_td_f20_g1_lr8.25e-5_20260612T191957Z,3125,13107200000,de,forget,1.932585,6.907339,-0.01904
curr_td_f20_g1_lr8.25e-5_20260612T191957Z,3150,13212057600,de,forget,1.931649,6.900882,-0.01997
curr_td_f20_g1_lr8.25e-5_20260612T191957Z,3175,13316915200,de,forget,1.931014,6.8965,-0.02061
curr_td_f20_g1_lr8.25e-5_20260612T191957Z,3200,13421772800,de,forget,1.93204,6.903578,-0.01958
curr_td_f20_g1_lr8.25e-5_20260612T191957Z,25,104857600,english,forget,2.065045,7.885656,0.0
curr_td_f20_g1_lr8.25e-5_20260612T191957Z,50,209715200,english,forget,2.012206,7.479802,-0.05284
curr_td_f20_g1_lr8.25e-5_20260612T191957Z,75,314572800,english,forget,1.983673,7.269398,-0.08137
curr_td_f20_g1_lr8.25e-5_20260612T191957Z,100,419430400,english,forget,1.970099,7.171384,-0.09495
curr_td_f20_g1_lr8.25e-5_20260612T191957Z,125,524288000,english,forget,1.96378,7.126213,-0.10126
curr_td_f20_g1_lr8.25e-5_20260612T191957Z,150,629145600,english,forget,1.960762,7.104736,-0.10428
curr_td_f20_g1_lr8.25e-5_20260612T191957Z,175,734003200,english,forget,1.959597,7.09647,-0.10545
curr_td_f20_g1_lr8.25e-5_20260612T191957Z,200,838860800,english,forget,1.958758,7.090519,-0.10629
curr_td_f20_g1_lr8.25e-5_20260612T191957Z,225,943718400,english,forget,1.955735,7.069114,-0.10931
curr_td_f20_g1_lr8.25e-5_20260612T191957Z,250,1048576000,english,forget,1.95764,7.082589,-0.1074
curr_td_f20_g1_lr8.25e-5_20260612T191957Z,275,1153433600,english,forget,1.96256,7.117525,-0.10248
curr_td_f20_g1_lr8.25e-5_20260612T191957Z,300,1258291200,english,forget,1.957401,7.080898,-0.10764
curr_td_f20_g1_lr8.25e-5_20260612T191957Z,325,1363148800,english,forget,1.959582,7.096357,-0.10546
curr_td_f20_g1_lr8.25e-5_20260612T191957Z,350,1468006400,english,forget,1.959149,7.093286,-0.1059
curr_td_f20_g1_lr8.25e-5_20260612T191957Z,375,1572864000,english,forget,1.959257,7.094053,-0.10579
curr_td_f20_g1_lr8.25e-5_20260612T191957Z,400,1677721600,english,forget,1.963003,7.120678,-0.10204
curr_td_f20_g1_lr8.25e-5_20260612T191957Z,425,1782579200,english,forget,1.962005,7.113575,-0.10304
curr_td_f20_g1_lr8.25e-5_20260612T191957Z,450,1887436800,english,forget,1.963314,7.122895,-0.10173
curr_td_f20_g1_lr8.25e-5_20260612T191957Z,475,1992294400,english,forget,1.964573,7.131866,-0.10047
curr_td_f20_g1_lr8.25e-5_20260612T191957Z,500,2097152000,english,forget,1.965768,7.140397,-0.09928
curr_td_f20_g1_lr8.25e-5_20260612T191957Z,525,2202009600,english,forget,1.96246,7.11681,-0.10258
curr_td_f20_g1_lr8.25e-5_20260612T191957Z,550,2306867200,english,forget,1.963276,7.122624,-0.10177
curr_td_f20_g1_lr8.25e-5_20260612T191957Z,575,2411724800,english,forget,1.966282,7.144066,-0.09876
curr_td_f20_g1_lr8.25e-5_20260612T191957Z,600,2516582400,english,forget,1.966153,7.143143,-0.09889
curr_td_f20_g1_lr8.25e-5_20260612T191957Z,625,2621440000,english,forget,1.971042,7.178151,-0.094
curr_td_f20_g1_lr8.25e-5_20260612T191957Z,650,2726297600,english,forget,1.967359,7.151766,-0.09769
curr_td_f20_g1_lr8.25e-5_20260612T191957Z,675,2831155200,english,forget,1.967184,7.150514,-0.09786
curr_td_f20_g1_lr8.25e-5_20260612T191957Z,700,2936012800,english,forget,1.974221,7.20101,-0.09082
curr_td_f20_g1_lr8.25e-5_20260612T191957Z,725,3040870400,english,forget,1.972851,7.191149,-0.09219
curr_td_f20_g1_lr8.25e-5_20260612T191957Z,750,3145728000,english,forget,1.971677,7.18271,-0.09337
curr_td_f20_g1_lr8.25e-5_20260612T191957Z,775,3250585600,english,forget,1.971533,7.181675,-0.09351
curr_td_f20_g1_lr8.25e-5_20260612T191957Z,800,3355443200,english,forget,1.972958,7.191919,-0.09209
curr_td_f20_g1_lr8.25e-5_20260612T191957Z,825,3460300800,english,forget,1.97383,7.198194,-0.09122
curr_td_f20_g1_lr8.25e-5_20260612T191957Z,850,3565158400,english,forget,1.975007,7.20667,-0.09004
curr_td_f20_g1_lr8.25e-5_20260612T191957Z,875,3670016000,english,forget,1.97682,7.219744,-0.08822
curr_td_f20_g1_lr8.25e-5_20260612T191957Z,900,3774873600,english,forget,1.980232,7.24442,-0.08481
curr_td_f20_g1_lr8.25e-5_20260612T191957Z,925,3879731200,english,forget,1.97927,7.23746,-0.08577
curr_td_f20_g1_lr8.25e-5_20260612T191957Z,950,3984588800,english,forget,1.980682,7.247684,-0.08436
curr_td_f20_g1_lr8.25e-5_20260612T191957Z,975,4089446400,english,forget,1.998531,7.378207,-0.06651
curr_td_f20_g1_lr8.25e-5_20260612T191957Z,1000,4194304000,english,forget,1.983466,7.267889,-0.08158
curr_td_f20_g1_lr8.25e-5_20260612T191957Z,1025,4299161600,english,forget,1.985665,7.283892,-0.07938
curr_td_f20_g1_lr8.25e-5_20260612T191957Z,1050,4404019200,english,forget,1.984247,7.27357,-0.0808
curr_td_f20_g1_lr8.25e-5_20260612T191957Z,1075,4508876800,english,forget,1.985309,7.281298,-0.07974
curr_td_f20_g1_lr8.25e-5_20260612T191957Z,1100,4613734400,english,forget,1.987098,7.294333,-0.07795
curr_td_f20_g1_lr8.25e-5_20260612T191957Z,1125,4718592000,english,forget,1.987996,7.300888,-0.07705
curr_td_f20_g1_lr8.25e-5_20260612T191957Z,1150,4823449600,english,forget,1.987812,7.299548,-0.07723
curr_td_f20_g1_lr8.25e-5_20260612T191957Z,1175,4928307200,english,forget,1.988552,7.304947,-0.07649
curr_td_f20_g1_lr8.25e-5_20260612T191957Z,1200,5033164800,english,forget,1.993245,7.339309,-0.0718
curr_td_f20_g1_lr8.25e-5_20260612T191957Z,1225,5138022400,english,forget,1.990228,7.317202,-0.07482
curr_td_f20_g1_lr8.25e-5_20260612T191957Z,1250,5242880000,english,forget,1.993694,7.342609,-0.07135
curr_td_f20_g1_lr8.25e-5_20260612T191957Z,1275,5347737600,english,forget,1.992955,7.337185,-0.07209
curr_td_f20_g1_lr8.25e-5_20260612T191957Z,1300,5452595200,english,forget,1.995999,7.359549,-0.06905
curr_td_f20_g1_lr8.25e-5_20260612T191957Z,1325,5557452800,english,forget,1.992921,7.336932,-0.07212
curr_td_f20_g1_lr8.25e-5_20260612T191957Z,1350,5662310400,english,forget,1.996027,7.359761,-0.06902
curr_td_f20_g1_lr8.25e-5_20260612T191957Z,1375,5767168000,english,forget,2.002187,7.40523,-0.06286
curr_td_f20_g1_lr8.25e-5_20260612T191957Z,1400,5872025600,english,forget,2.001593,7.400834,-0.06345
curr_td_f20_g1_lr8.25e-5_20260612T191957Z,1425,5976883200,english,forget,1.998889,7.380849,-0.06616
curr_td_f20_g1_lr8.25e-5_20260612T191957Z,1450,6081740800,english,forget,1.99967,7.386618,-0.06537
curr_td_f20_g1_lr8.25e-5_20260612T191957Z,1475,6186598400,english,forget,2.00102,7.396598,-0.06402
curr_td_f20_g1_lr8.25e-5_20260612T191957Z,1500,6291456000,english,forget,2.006815,7.439588,-0.05823
curr_td_f20_g1_lr8.25e-5_20260612T191957Z,1525,6396313600,english,forget,2.005674,7.431103,-0.05937
curr_td_f20_g1_lr8.25e-5_20260612T191957Z,1550,6501171200,english,forget,2.004014,7.418774,-0.06103
curr_td_f20_g1_lr8.25e-5_20260612T191957Z,1575,6606028800,english,forget,2.004914,7.425457,-0.06013
curr_td_f20_g1_lr8.25e-5_20260612T191957Z,1600,6710886400,english,forget,2.005759,7.431731,-0.05929
curr_td_f20_g1_lr8.25e-5_20260612T191957Z,1625,6815744000,english,forget,2.00827,7.450417,-0.05678
curr_td_f20_g1_lr8.25e-5_20260612T191957Z,1650,6920601600,english,forget,2.020403,7.541361,-0.04464
curr_td_f20_g1_lr8.25e-5_20260612T191957Z,1675,7025459200,english,forget,2.008523,7.452299,-0.05652
curr_td_f20_g1_lr8.25e-5_20260612T191957Z,1700,7130316800,english,forget,2.011885,7.4774,-0.05316
curr_td_f20_g1_lr8.25e-5_20260612T191957Z,1725,7235174400,english,forget,2.011671,7.475796,-0.05337
curr_td_f20_g1_lr8.25e-5_20260612T191957Z,1750,7340032000,english,forget,2.012765,7.483983,-0.05228
curr_td_f20_g1_lr8.25e-5_20260612T191957Z,1775,7444889600,english,forget,2.014527,7.497181,-0.05052
curr_td_f20_g1_lr8.25e-5_20260612T191957Z,1800,7549747200,english,forget,2.015345,7.503315,-0.0497
curr_td_f20_g1_lr8.25e-5_20260612T191957Z,1825,7654604800,english,forget,2.014922,7.500143,-0.05012
curr_td_f20_g1_lr8.25e-5_20260612T191957Z,1850,7759462400,english,forget,2.015455,7.504137,-0.04959
curr_td_f20_g1_lr8.25e-5_20260612T191957Z,1875,7864320000,english,forget,2.019252,7.532687,-0.04579
curr_td_f20_g1_lr8.25e-5_20260612T191957Z,1900,7969177600,english,forget,2.02199,7.553342,-0.04305
curr_td_f20_g1_lr8.25e-5_20260612T191957Z,1925,8074035200,english,forget,2.021581,7.55025,-0.04346
curr_td_f20_g1_lr8.25e-5_20260612T191957Z,1950,8178892800,english,forget,2.020927,7.545318,-0.04412
curr_td_f20_g1_lr8.25e-5_20260612T191957Z,1975,8283750400,english,forget,2.022112,7.554262,-0.04293
curr_td_f20_g1_lr8.25e-5_20260612T191957Z,2000,8388608000,english,forget,2.022521,7.557355,-0.04252
curr_td_f20_g1_lr8.25e-5_20260612T191957Z,2025,8493465600,english,forget,2.023648,7.565877,-0.0414
curr_td_f20_g1_lr8.25e-5_20260612T191957Z,2050,8598323200,english,forget,2.025171,7.577403,-0.03987
curr_td_f20_g1_lr8.25e-5_20260612T191957Z,2075,8703180800,english,forget,2.026412,7.586814,-0.03863
curr_td_f20_g1_lr8.25e-5_20260612T191957Z,2100,8808038400,english,forget,2.029585,7.610924,-0.03546
curr_td_f20_g1_lr8.25e-5_20260612T191957Z,2125,8912896000,english,forget,2.027605,7.595871,-0.03744
curr_td_f20_g1_lr8.25e-5_20260612T191957Z,2150,9017753600,english,forget,2.028883,7.605586,-0.03616
curr_td_f20_g1_lr8.25e-5_20260612T191957Z,2175,9122611200,english,forget,2.030489,7.617812,-0.03456
curr_td_f20_g1_lr8.25e-5_20260612T191957Z,2200,9227468800,english,forget,2.031594,7.626233,-0.03345
curr_td_f20_g1_lr8.25e-5_20260612T191957Z,2225,9332326400,english,forget,2.032113,7.630189,-0.03293
curr_td_f20_g1_lr8.25e-5_20260612T191957Z,2250,9437184000,english,forget,2.034106,7.645412,-0.03094
curr_td_f20_g1_lr8.25e-5_20260612T191957Z,2275,9542041600,english,forget,2.04083,7.696992,-0.02421
curr_td_f20_g1_lr8.25e-5_20260612T191957Z,2300,9646899200,english,forget,2.039438,7.686288,-0.02561
curr_td_f20_g1_lr8.25e-5_20260612T191957Z,2325,9751756800,english,forget,2.039047,7.683287,-0.026
curr_td_f20_g1_lr8.25e-5_20260612T191957Z,2350,9856614400,english,forget,2.039208,7.684518,-0.02584
curr_td_f20_g1_lr8.25e-5_20260612T191957Z,2375,9961472000,english,forget,2.041775,7.704276,-0.02327
curr_td_f20_g1_lr8.25e-5_20260612T191957Z,2400,10066329600,english,forget,2.043432,7.717047,-0.02161
curr_td_f20_g1_lr8.25e-5_20260612T191957Z,2425,10171187200,english,forget,2.04397,7.721202,-0.02108
curr_td_f20_g1_lr8.25e-5_20260612T191957Z,2450,10276044800,english,forget,2.045533,7.733281,-0.01951
curr_td_f20_g1_lr8.25e-5_20260612T191957Z,2475,10380902400,english,forget,2.044944,7.728722,-0.0201
curr_td_f20_g1_lr8.25e-5_20260612T191957Z,2500,10485760000,english,forget,2.047033,7.744885,-0.01801
curr_td_f20_g1_lr8.25e-5_20260612T191957Z,2525,10590617600,english,forget,2.048891,7.759288,-0.01615
curr_td_f20_g1_lr8.25e-5_20260612T191957Z,2550,10695475200,english,forget,2.048841,7.758903,-0.0162
curr_td_f20_g1_lr8.25e-5_20260612T191957Z,2575,10800332800,english,forget,2.050191,7.769388,-0.01485
curr_td_f20_g1_lr8.25e-5_20260612T191957Z,2600,10905190400,english,forget,2.052288,7.785691,-0.01276
curr_td_f20_g1_lr8.25e-5_20260612T191957Z,2625,11010048000,english,forget,2.052929,7.790686,-0.01212
curr_td_f20_g1_lr8.25e-5_20260612T191957Z,2650,11114905600,english,forget,2.050394,7.770963,-0.01465
curr_td_f20_g1_lr8.25e-5_20260612T191957Z,2675,11219763200,english,forget,2.050417,7.771144,-0.01463
curr_td_f20_g1_lr8.25e-5_20260612T191957Z,2700,11324620800,english,forget,2.051292,7.777941,-0.01375
curr_td_f20_g1_lr8.25e-5_20260612T191957Z,2725,11429478400,english,forget,2.051877,7.782492,-0.01317
curr_td_f20_g1_lr8.25e-5_20260612T191957Z,2750,11534336000,english,forget,2.050471,7.771557,-0.01457
curr_td_f20_g1_lr8.25e-5_20260612T191957Z,2775,11639193600,english,forget,2.05159,7.780263,-0.01345
curr_td_f20_g1_lr8.25e-5_20260612T191957Z,2800,11744051200,english,forget,2.050348,7.770603,-0.0147
curr_td_f20_g1_lr8.25e-5_20260612T191957Z,2825,11848908800,english,forget,2.051565,7.780067,-0.01348
curr_td_f20_g1_lr8.25e-5_20260612T191957Z,2850,11953766400,english,forget,2.051956,7.783113,-0.01309
curr_td_f20_g1_lr8.25e-5_20260612T191957Z,2875,12058624000,english,forget,2.050472,7.77157,-0.01457
curr_td_f20_g1_lr8.25e-5_20260612T191957Z,2900,12163481600,english,forget,2.04951,7.764096,-0.01553
curr_td_f20_g1_lr8.25e-5_20260612T191957Z,2925,12268339200,english,forget,2.048887,7.759262,-0.01616
curr_td_f20_g1_lr8.25e-5_20260612T191957Z,2950,12373196800,english,forget,2.049296,7.762432,-0.01575
curr_td_f20_g1_lr8.25e-5_20260612T191957Z,2975,12478054400,english,forget,2.048004,7.752415,-0.01704
curr_td_f20_g1_lr8.25e-5_20260612T191957Z,3000,12582912000,english,forget,2.04853,7.756493,-0.01652
curr_td_f20_g1_lr8.25e-5_20260612T191957Z,3025,12687769600,english,forget,2.047517,7.74864,-0.01753
curr_td_f20_g1_lr8.25e-5_20260612T191957Z,3050,12792627200,english,forget,2.047099,7.745402,-0.01795
curr_td_f20_g1_lr8.25e-5_20260612T191957Z,3075,12897484800,english,forget,2.047127,7.745612,-0.01792
curr_td_f20_g1_lr8.25e-5_20260612T191957Z,3100,13002342400,english,forget,2.04833,7.754936,-0.01672
curr_td_f20_g1_lr8.25e-5_20260612T191957Z,3125,13107200000,english,forget,2.047765,7.750561,-0.01728
curr_td_f20_g1_lr8.25e-5_20260612T191957Z,3150,13212057600,english,forget,2.046767,7.742826,-0.01828
curr_td_f20_g1_lr8.25e-5_20260612T191957Z,3175,13316915200,english,forget,2.045929,7.736342,-0.01912
curr_td_f20_g1_lr8.25e-5_20260612T191957Z,3200,13421772800,english,forget,2.04757,7.749048,-0.01748
curr_td_f20_g1_lr8.25e-5_20260612T191957Z,25,104857600,greek_phd,adapt,2.953059,19.16449,0.0
curr_td_f20_g1_lr8.25e-5_20260612T191957Z,50,209715200,greek_phd,adapt,2.470575,11.82925,-0.48248
curr_td_f20_g1_lr8.25e-5_20260612T191957Z,75,314572800,greek_phd,adapt,2.24225,9.414494,-0.71081
curr_td_f20_g1_lr8.25e-5_20260612T191957Z,100,419430400,greek_phd,adapt,2.14377,8.531539,-0.80929
curr_td_f20_g1_lr8.25e-5_20260612T191957Z,125,524288000,greek_phd,adapt,2.077987,7.988372,-0.87507
curr_td_f20_g1_lr8.25e-5_20260612T191957Z,150,629145600,greek_phd,adapt,2.033582,7.641409,-0.91948
curr_td_f20_g1_lr8.25e-5_20260612T191957Z,175,734003200,greek_phd,adapt,2.004307,7.420946,-0.94875
curr_td_f20_g1_lr8.25e-5_20260612T191957Z,200,838860800,greek_phd,adapt,1.981359,7.25259,-0.9717
curr_td_f20_g1_lr8.25e-5_20260612T191957Z,225,943718400,greek_phd,adapt,1.960717,7.104418,-0.99234
curr_td_f20_g1_lr8.25e-5_20260612T191957Z,250,1048576000,greek_phd,adapt,1.948696,7.019526,-1.00436
curr_td_f20_g1_lr8.25e-5_20260612T191957Z,275,1153433600,greek_phd,adapt,1.936998,6.937895,-1.01606
curr_td_f20_g1_lr8.25e-5_20260612T191957Z,300,1258291200,greek_phd,adapt,1.923843,6.84722,-1.02922
curr_td_f20_g1_lr8.25e-5_20260612T191957Z,325,1363148800,greek_phd,adapt,1.914721,6.785047,-1.03834
curr_td_f20_g1_lr8.25e-5_20260612T191957Z,350,1468006400,greek_phd,adapt,1.904401,6.715386,-1.04866
curr_td_f20_g1_lr8.25e-5_20260612T191957Z,375,1572864000,greek_phd,adapt,1.899112,6.679958,-1.05395
curr_td_f20_g1_lr8.25e-5_20260612T191957Z,400,1677721600,greek_phd,adapt,1.89749,6.669131,-1.05557
curr_td_f20_g1_lr8.25e-5_20260612T191957Z,425,1782579200,greek_phd,adapt,1.879706,6.551575,-1.07335
curr_td_f20_g1_lr8.25e-5_20260612T191957Z,450,1887436800,greek_phd,adapt,1.880337,6.555716,-1.07272
curr_td_f20_g1_lr8.25e-5_20260612T191957Z,475,1992294400,greek_phd,adapt,1.873834,6.51322,-1.07923
curr_td_f20_g1_lr8.25e-5_20260612T191957Z,500,2097152000,greek_phd,adapt,1.871696,6.499313,-1.08136
curr_td_f20_g1_lr8.25e-5_20260612T191957Z,525,2202009600,greek_phd,adapt,1.858909,6.416733,-1.09415
curr_td_f20_g1_lr8.25e-5_20260612T191957Z,550,2306867200,greek_phd,adapt,1.85538,6.394127,-1.09768
curr_td_f20_g1_lr8.25e-5_20260612T191957Z,575,2411724800,greek_phd,adapt,1.853912,6.384749,-1.09915
curr_td_f20_g1_lr8.25e-5_20260612T191957Z,600,2516582400,greek_phd,adapt,1.846775,6.339342,-1.10628
curr_td_f20_g1_lr8.25e-5_20260612T191957Z,625,2621440000,greek_phd,adapt,1.853164,6.379975,-1.0999
curr_td_f20_g1_lr8.25e-5_20260612T191957Z,650,2726297600,greek_phd,adapt,1.838136,6.284813,-1.11492
curr_td_f20_g1_lr8.25e-5_20260612T191957Z,675,2831155200,greek_phd,adapt,1.833749,6.257299,-1.11931
curr_td_f20_g1_lr8.25e-5_20260612T191957Z,700,2936012800,greek_phd,adapt,1.849185,6.354641,-1.10387
curr_td_f20_g1_lr8.25e-5_20260612T191957Z,725,3040870400,greek_phd,adapt,1.83463,6.262817,-1.11843
curr_td_f20_g1_lr8.25e-5_20260612T191957Z,750,3145728000,greek_phd,adapt,1.831623,6.244011,-1.12144
curr_td_f20_g1_lr8.25e-5_20260612T191957Z,775,3250585600,greek_phd,adapt,1.82468,6.200813,-1.12838
curr_td_f20_g1_lr8.25e-5_20260612T191957Z,800,3355443200,greek_phd,adapt,1.821469,6.18093,-1.13159
curr_td_f20_g1_lr8.25e-5_20260612T191957Z,825,3460300800,greek_phd,adapt,1.817106,6.154026,-1.13595
curr_td_f20_g1_lr8.25e-5_20260612T191957Z,850,3565158400,greek_phd,adapt,1.81382,6.133836,-1.13924
curr_td_f20_g1_lr8.25e-5_20260612T191957Z,875,3670016000,greek_phd,adapt,1.812143,6.123558,-1.14092
curr_td_f20_g1_lr8.25e-5_20260612T191957Z,900,3774873600,greek_phd,adapt,1.815116,6.141791,-1.13794
curr_td_f20_g1_lr8.25e-5_20260612T191957Z,925,3879731200,greek_phd,adapt,1.808802,6.103131,-1.14426
curr_td_f20_g1_lr8.25e-5_20260612T191957Z,950,3984588800,greek_phd,adapt,1.807142,6.09301,-1.14592
curr_td_f20_g1_lr8.25e-5_20260612T191957Z,975,4089446400,greek_phd,adapt,1.834193,6.260078,-1.11887
curr_td_f20_g1_lr8.25e-5_20260612T191957Z,1000,4194304000,greek_phd,adapt,1.806255,6.087607,-1.1468
curr_td_f20_g1_lr8.25e-5_20260612T191957Z,1025,4299161600,greek_phd,adapt,1.805664,6.08401,-1.1474
curr_td_f20_g1_lr8.25e-5_20260612T191957Z,1050,4404019200,greek_phd,adapt,1.803416,6.070351,-1.14964
curr_td_f20_g1_lr8.25e-5_20260612T191957Z,1075,4508876800,greek_phd,adapt,1.800759,6.05424,-1.1523
curr_td_f20_g1_lr8.25e-5_20260612T191957Z,1100,4613734400,greek_phd,adapt,1.799836,6.048653,-1.15322
curr_td_f20_g1_lr8.25e-5_20260612T191957Z,1125,4718592000,greek_phd,adapt,1.796196,6.026679,-1.15686
curr_td_f20_g1_lr8.25e-5_20260612T191957Z,1150,4823449600,greek_phd,adapt,1.795708,6.023736,-1.15735
curr_td_f20_g1_lr8.25e-5_20260612T191957Z,1175,4928307200,greek_phd,adapt,1.791509,5.9985,-1.16155
curr_td_f20_g1_lr8.25e-5_20260612T191957Z,1200,5033164800,greek_phd,adapt,1.797922,6.037089,-1.15514
curr_td_f20_g1_lr8.25e-5_20260612T191957Z,1225,5138022400,greek_phd,adapt,1.788233,5.978878,-1.16483
curr_td_f20_g1_lr8.25e-5_20260612T191957Z,1250,5242880000,greek_phd,adapt,1.790318,5.991358,-1.16274
curr_td_f20_g1_lr8.25e-5_20260612T191957Z,1275,5347737600,greek_phd,adapt,1.787624,5.97524,-1.16543
curr_td_f20_g1_lr8.25e-5_20260612T191957Z,1300,5452595200,greek_phd,adapt,1.795793,6.02425,-1.15727
curr_td_f20_g1_lr8.25e-5_20260612T191957Z,1325,5557452800,greek_phd,adapt,1.783957,5.953369,-1.1691
curr_td_f20_g1_lr8.25e-5_20260612T191957Z,1350,5662310400,greek_phd,adapt,1.786071,5.965969,-1.16699
curr_td_f20_g1_lr8.25e-5_20260612T191957Z,1375,5767168000,greek_phd,adapt,1.792111,6.002108,-1.16095
curr_td_f20_g1_lr8.25e-5_20260612T191957Z,1400,5872025600,greek_phd,adapt,1.78621,5.966794,-1.16685
curr_td_f20_g1_lr8.25e-5_20260612T191957Z,1425,5976883200,greek_phd,adapt,1.778887,5.923258,-1.17417
curr_td_f20_g1_lr8.25e-5_20260612T191957Z,1450,6081740800,greek_phd,adapt,1.778916,5.923433,-1.17414
curr_td_f20_g1_lr8.25e-5_20260612T191957Z,1475,6186598400,greek_phd,adapt,1.779475,5.926742,-1.17358
curr_td_f20_g1_lr8.25e-5_20260612T191957Z,1500,6291456000,greek_phd,adapt,1.779993,5.929815,-1.17307
curr_td_f20_g1_lr8.25e-5_20260612T191957Z,1525,6396313600,greek_phd,adapt,1.778493,5.920929,-1.17457
curr_td_f20_g1_lr8.25e-5_20260612T191957Z,1550,6501171200,greek_phd,adapt,1.775017,5.900384,-1.17804
curr_td_f20_g1_lr8.25e-5_20260612T191957Z,1575,6606028800,greek_phd,adapt,1.772904,5.887925,-1.18016
curr_td_f20_g1_lr8.25e-5_20260612T191957Z,1600,6710886400,greek_phd,adapt,1.771542,5.879911,-1.18152
curr_td_f20_g1_lr8.25e-5_20260612T191957Z,1625,6815744000,greek_phd,adapt,1.772728,5.886891,-1.18033
curr_td_f20_g1_lr8.25e-5_20260612T191957Z,1650,6920601600,greek_phd,adapt,1.780976,5.935646,-1.17208
curr_td_f20_g1_lr8.25e-5_20260612T191957Z,1675,7025459200,greek_phd,adapt,1.769101,5.865579,-1.18396
curr_td_f20_g1_lr8.25e-5_20260612T191957Z,1700,7130316800,greek_phd,adapt,1.770825,5.875701,-1.18223
curr_td_f20_g1_lr8.25e-5_20260612T191957Z,1725,7235174400,greek_phd,adapt,1.767882,5.858431,-1.18518
curr_td_f20_g1_lr8.25e-5_20260612T191957Z,1750,7340032000,greek_phd,adapt,1.76731,5.855084,-1.18575
curr_td_f20_g1_lr8.25e-5_20260612T191957Z,1775,7444889600,greek_phd,adapt,1.766675,5.851367,-1.18638
curr_td_f20_g1_lr8.25e-5_20260612T191957Z,1800,7549747200,greek_phd,adapt,1.765266,5.843128,-1.18779
curr_td_f20_g1_lr8.25e-5_20260612T191957Z,1825,7654604800,greek_phd,adapt,1.763952,5.835456,-1.18911
curr_td_f20_g1_lr8.25e-5_20260612T191957Z,1850,7759462400,greek_phd,adapt,1.76369,5.833923,-1.18937
curr_td_f20_g1_lr8.25e-5_20260612T191957Z,1875,7864320000,greek_phd,adapt,1.765527,5.844652,-1.18753
curr_td_f20_g1_lr8.25e-5_20260612T191957Z,1900,7969177600,greek_phd,adapt,1.767107,5.853891,-1.18595
curr_td_f20_g1_lr8.25e-5_20260612T191957Z,1925,8074035200,greek_phd,adapt,1.76634,5.849403,-1.18672
curr_td_f20_g1_lr8.25e-5_20260612T191957Z,1950,8178892800,greek_phd,adapt,1.762951,5.829617,-1.19011
curr_td_f20_g1_lr8.25e-5_20260612T191957Z,1975,8283750400,greek_phd,adapt,1.764823,5.840541,-1.18824
curr_td_f20_g1_lr8.25e-5_20260612T191957Z,2000,8388608000,greek_phd,adapt,1.760146,5.813288,-1.19291
curr_td_f20_g1_lr8.25e-5_20260612T191957Z,2025,8493465600,greek_phd,adapt,1.759135,5.80741,-1.19392
curr_td_f20_g1_lr8.25e-5_20260612T191957Z,2050,8598323200,greek_phd,adapt,1.760154,5.813333,-1.19291
curr_td_f20_g1_lr8.25e-5_20260612T191957Z,2075,8703180800,greek_phd,adapt,1.760786,5.817005,-1.19227
curr_td_f20_g1_lr8.25e-5_20260612T191957Z,2100,8808038400,greek_phd,adapt,1.76199,5.824018,-1.19107
curr_td_f20_g1_lr8.25e-5_20260612T191957Z,2125,8912896000,greek_phd,adapt,1.757396,5.797323,-1.19566
curr_td_f20_g1_lr8.25e-5_20260612T191957Z,2150,9017753600,greek_phd,adapt,1.756361,5.791325,-1.1967
curr_td_f20_g1_lr8.25e-5_20260612T191957Z,2175,9122611200,greek_phd,adapt,1.756976,5.794884,-1.19608
curr_td_f20_g1_lr8.25e-5_20260612T191957Z,2200,9227468800,greek_phd,adapt,1.758242,5.802228,-1.19482
curr_td_f20_g1_lr8.25e-5_20260612T191957Z,2225,9332326400,greek_phd,adapt,1.756049,5.789518,-1.19701
curr_td_f20_g1_lr8.25e-5_20260612T191957Z,2250,9437184000,greek_phd,adapt,1.756315,5.791056,-1.19674
curr_td_f20_g1_lr8.25e-5_20260612T191957Z,2275,9542041600,greek_phd,adapt,1.712513,5.542875,-1.24055
curr_td_f20_g1_lr8.25e-5_20260612T191957Z,2300,9646899200,greek_phd,adapt,1.693013,5.435837,-1.26005
curr_td_f20_g1_lr8.25e-5_20260612T191957Z,2325,9751756800,greek_phd,adapt,1.685985,5.397764,-1.26707
curr_td_f20_g1_lr8.25e-5_20260612T191957Z,2350,9856614400,greek_phd,adapt,1.677846,5.354009,-1.27521
curr_td_f20_g1_lr8.25e-5_20260612T191957Z,2375,9961472000,greek_phd,adapt,1.676313,5.34581,-1.27675
curr_td_f20_g1_lr8.25e-5_20260612T191957Z,2400,10066329600,greek_phd,adapt,1.670279,5.313652,-1.28278
curr_td_f20_g1_lr8.25e-5_20260612T191957Z,2425,10171187200,greek_phd,adapt,1.665636,5.289034,-1.28742
curr_td_f20_g1_lr8.25e-5_20260612T191957Z,2450,10276044800,greek_phd,adapt,1.663641,5.278494,-1.28942
curr_td_f20_g1_lr8.25e-5_20260612T191957Z,2475,10380902400,greek_phd,adapt,1.656882,5.242936,-1.29618
curr_td_f20_g1_lr8.25e-5_20260612T191957Z,2500,10485760000,greek_phd,adapt,1.655014,5.233155,-1.29805
curr_td_f20_g1_lr8.25e-5_20260612T191957Z,2525,10590617600,greek_phd,adapt,1.654598,5.230977,-1.29846
curr_td_f20_g1_lr8.25e-5_20260612T191957Z,2550,10695475200,greek_phd,adapt,1.649235,5.202999,-1.30382
curr_td_f20_g1_lr8.25e-5_20260612T191957Z,2575,10800332800,greek_phd,adapt,1.646926,5.191,-1.30613
curr_td_f20_g1_lr8.25e-5_20260612T191957Z,2600,10905190400,greek_phd,adapt,1.646564,5.18912,-1.3065
curr_td_f20_g1_lr8.25e-5_20260612T191957Z,2625,11010048000,greek_phd,adapt,1.642419,5.167656,-1.31064
curr_td_f20_g1_lr8.25e-5_20260612T191957Z,2650,11114905600,greek_phd,adapt,1.638556,5.14773,-1.3145
curr_td_f20_g1_lr8.25e-5_20260612T191957Z,2675,11219763200,greek_phd,adapt,1.636284,5.136047,-1.31678
curr_td_f20_g1_lr8.25e-5_20260612T191957Z,2700,11324620800,greek_phd,adapt,1.636046,5.134828,-1.31701
curr_td_f20_g1_lr8.25e-5_20260612T191957Z,2725,11429478400,greek_phd,adapt,1.634162,5.125161,-1.3189
curr_td_f20_g1_lr8.25e-5_20260612T191957Z,2750,11534336000,greek_phd,adapt,1.631469,5.111375,-1.32159
curr_td_f20_g1_lr8.25e-5_20260612T191957Z,2775,11639193600,greek_phd,adapt,1.631042,5.109196,-1.32202
curr_td_f20_g1_lr8.25e-5_20260612T191957Z,2800,11744051200,greek_phd,adapt,1.628942,5.098477,-1.32412
curr_td_f20_g1_lr8.25e-5_20260612T191957Z,2825,11848908800,greek_phd,adapt,1.628048,5.093924,-1.32501
curr_td_f20_g1_lr8.25e-5_20260612T191957Z,2850,11953766400,greek_phd,adapt,1.626942,5.088289,-1.32612
curr_td_f20_g1_lr8.25e-5_20260612T191957Z,2875,12058624000,greek_phd,adapt,1.624137,5.074037,-1.32892
curr_td_f20_g1_lr8.25e-5_20260612T191957Z,2900,12163481600,greek_phd,adapt,1.62378,5.072228,-1.32928
curr_td_f20_g1_lr8.25e-5_20260612T191957Z,2925,12268339200,greek_phd,adapt,1.6226,5.066247,-1.33046
curr_td_f20_g1_lr8.25e-5_20260612T191957Z,2950,12373196800,greek_phd,adapt,1.621874,5.062569,-1.33119
curr_td_f20_g1_lr8.25e-5_20260612T191957Z,2975,12478054400,greek_phd,adapt,1.620518,5.05571,-1.33254
curr_td_f20_g1_lr8.25e-5_20260612T191957Z,3000,12582912000,greek_phd,adapt,1.61958,5.05097,-1.33348
curr_td_f20_g1_lr8.25e-5_20260612T191957Z,3025,12687769600,greek_phd,adapt,1.618614,5.046093,-1.33445
curr_td_f20_g1_lr8.25e-5_20260612T191957Z,3050,12792627200,greek_phd,adapt,1.617593,5.040942,-1.33547
curr_td_f20_g1_lr8.25e-5_20260612T191957Z,3075,12897484800,greek_phd,adapt,1.617331,5.039621,-1.33573
curr_td_f20_g1_lr8.25e-5_20260612T191957Z,3100,13002342400,greek_phd,adapt,1.616421,5.035035,-1.33664
curr_td_f20_g1_lr8.25e-5_20260612T191957Z,3125,13107200000,greek_phd,adapt,1.615751,5.031663,-1.33731
curr_td_f20_g1_lr8.25e-5_20260612T191957Z,3150,13212057600,greek_phd,adapt,1.614951,5.027642,-1.33811
curr_td_f20_g1_lr8.25e-5_20260612T191957Z,3175,13316915200,greek_phd,adapt,1.614444,5.025091,-1.33862
curr_td_f20_g1_lr8.25e-5_20260612T191957Z,3200,13421772800,greek_phd,adapt,1.61419,5.023818,-1.33887
curr_td_f20_g1_lr8.25e-5_20260612T191957Z,25,104857600,hplt,adapt,4.213275,67.57752,0.0
curr_td_f20_g1_lr8.25e-5_20260612T191957Z,50,209715200,hplt,adapt,3.360416,28.80117,-0.85286
curr_td_f20_g1_lr8.25e-5_20260612T191957Z,75,314572800,hplt,adapt,2.929557,18.71934,-1.28372
curr_td_f20_g1_lr8.25e-5_20260612T191957Z,100,419430400,hplt,adapt,2.750269,15.64684,-1.46301
curr_td_f20_g1_lr8.25e-5_20260612T191957Z,125,524288000,hplt,adapt,2.627236,13.83547,-1.58604
curr_td_f20_g1_lr8.25e-5_20260612T191957Z,150,629145600,hplt,adapt,2.54716,12.77079,-1.66612
curr_td_f20_g1_lr8.25e-5_20260612T191957Z,175,734003200,hplt,adapt,2.492402,12.09029,-1.72087
curr_td_f20_g1_lr8.25e-5_20260612T191957Z,200,838860800,hplt,adapt,2.451958,11.61106,-1.76132
curr_td_f20_g1_lr8.25e-5_20260612T191957Z,225,943718400,hplt,adapt,2.414589,11.18518,-1.79869
curr_td_f20_g1_lr8.25e-5_20260612T191957Z,250,1048576000,hplt,adapt,2.390353,10.91734,-1.82292
curr_td_f20_g1_lr8.25e-5_20260612T191957Z,275,1153433600,hplt,adapt,2.368693,10.68342,-1.84458
curr_td_f20_g1_lr8.25e-5_20260612T191957Z,300,1258291200,hplt,adapt,2.341034,10.39198,-1.87224
curr_td_f20_g1_lr8.25e-5_20260612T191957Z,325,1363148800,hplt,adapt,2.325283,10.22957,-1.88799
curr_td_f20_g1_lr8.25e-5_20260612T191957Z,350,1468006400,hplt,adapt,2.303626,10.01042,-1.90965
curr_td_f20_g1_lr8.25e-5_20260612T191957Z,375,1572864000,hplt,adapt,2.287294,9.848249,-1.92598
curr_td_f20_g1_lr8.25e-5_20260612T191957Z,400,1677721600,hplt,adapt,2.289079,9.865847,-1.9242
curr_td_f20_g1_lr8.25e-5_20260612T191957Z,425,1782579200,hplt,adapt,2.253649,9.52242,-1.95963
curr_td_f20_g1_lr8.25e-5_20260612T191957Z,450,1887436800,hplt,adapt,2.253356,9.519628,-1.95992
curr_td_f20_g1_lr8.25e-5_20260612T191957Z,475,1992294400,hplt,adapt,2.239052,9.384427,-1.97422
curr_td_f20_g1_lr8.25e-5_20260612T191957Z,500,2097152000,hplt,adapt,2.235839,9.35433,-1.97744
curr_td_f20_g1_lr8.25e-5_20260612T191957Z,525,2202009600,hplt,adapt,2.208004,9.09754,-2.00527
curr_td_f20_g1_lr8.25e-5_20260612T191957Z,550,2306867200,hplt,adapt,2.196957,8.997593,-2.01632
curr_td_f20_g1_lr8.25e-5_20260612T191957Z,575,2411724800,hplt,adapt,2.197861,9.005731,-2.01541
curr_td_f20_g1_lr8.25e-5_20260612T191957Z,600,2516582400,hplt,adapt,2.185148,8.891964,-2.02813
curr_td_f20_g1_lr8.25e-5_20260612T191957Z,625,2621440000,hplt,adapt,2.195159,8.981429,-2.01812
curr_td_f20_g1_lr8.25e-5_20260612T191957Z,650,2726297600,hplt,adapt,2.164882,8.713577,-2.04839
curr_td_f20_g1_lr8.25e-5_20260612T191957Z,675,2831155200,hplt,adapt,2.157336,8.648073,-2.05594
curr_td_f20_g1_lr8.25e-5_20260612T191957Z,700,2936012800,hplt,adapt,2.18384,8.88034,-2.02944
curr_td_f20_g1_lr8.25e-5_20260612T191957Z,725,3040870400,hplt,adapt,2.157603,8.650374,-2.05567
curr_td_f20_g1_lr8.25e-5_20260612T191957Z,750,3145728000,hplt,adapt,2.149835,8.583441,-2.06344
curr_td_f20_g1_lr8.25e-5_20260612T191957Z,775,3250585600,hplt,adapt,2.137295,8.476478,-2.07598
curr_td_f20_g1_lr8.25e-5_20260612T191957Z,800,3355443200,hplt,adapt,2.133806,8.446953,-2.07947
curr_td_f20_g1_lr8.25e-5_20260612T191957Z,825,3460300800,hplt,adapt,2.126755,8.387607,-2.08652
curr_td_f20_g1_lr8.25e-5_20260612T191957Z,850,3565158400,hplt,adapt,2.119053,8.323249,-2.09422
curr_td_f20_g1_lr8.25e-5_20260612T191957Z,875,3670016000,hplt,adapt,2.113758,8.279299,-2.09952
curr_td_f20_g1_lr8.25e-5_20260612T191957Z,900,3774873600,hplt,adapt,2.119483,8.326835,-2.09379
curr_td_f20_g1_lr8.25e-5_20260612T191957Z,925,3879731200,hplt,adapt,2.107733,8.229568,-2.10554
curr_td_f20_g1_lr8.25e-5_20260612T191957Z,950,3984588800,hplt,adapt,2.10278,8.188902,-2.1105
curr_td_f20_g1_lr8.25e-5_20260612T191957Z,975,4089446400,hplt,adapt,2.15415,8.62056,-2.05913
curr_td_f20_g1_lr8.25e-5_20260612T191957Z,1000,4194304000,hplt,adapt,2.097342,8.144489,-2.11593
curr_td_f20_g1_lr8.25e-5_20260612T191957Z,1025,4299161600,hplt,adapt,2.097846,8.148597,-2.11543
curr_td_f20_g1_lr8.25e-5_20260612T191957Z,1050,4404019200,hplt,adapt,2.090505,8.088998,-2.12277
curr_td_f20_g1_lr8.25e-5_20260612T191957Z,1075,4508876800,hplt,adapt,2.081941,8.020024,-2.13133
curr_td_f20_g1_lr8.25e-5_20260612T191957Z,1100,4613734400,hplt,adapt,2.080376,8.00748,-2.1329
curr_td_f20_g1_lr8.25e-5_20260612T191957Z,1125,4718592000,hplt,adapt,2.07411,7.95746,-2.13917
curr_td_f20_g1_lr8.25e-5_20260612T191957Z,1150,4823449600,hplt,adapt,2.067642,7.906158,-2.14563
curr_td_f20_g1_lr8.25e-5_20260612T191957Z,1175,4928307200,hplt,adapt,2.063072,7.870108,-2.1502
curr_td_f20_g1_lr8.25e-5_20260612T191957Z,1200,5033164800,hplt,adapt,2.074883,7.963615,-2.13839
curr_td_f20_g1_lr8.25e-5_20260612T191957Z,1225,5138022400,hplt,adapt,2.056113,7.81553,-2.15716
curr_td_f20_g1_lr8.25e-5_20260612T191957Z,1250,5242880000,hplt,adapt,2.057927,7.829723,-2.15535
curr_td_f20_g1_lr8.25e-5_20260612T191957Z,1275,5347737600,hplt,adapt,2.05246,7.787031,-2.16082
curr_td_f20_g1_lr8.25e-5_20260612T191957Z,1300,5452595200,hplt,adapt,2.063478,7.873302,-2.1498
curr_td_f20_g1_lr8.25e-5_20260612T191957Z,1325,5557452800,hplt,adapt,2.043525,7.717766,-2.16975
curr_td_f20_g1_lr8.25e-5_20260612T191957Z,1350,5662310400,hplt,adapt,2.04774,7.750367,-2.16554
curr_td_f20_g1_lr8.25e-5_20260612T191957Z,1375,5767168000,hplt,adapt,2.053714,7.796805,-2.15956
curr_td_f20_g1_lr8.25e-5_20260612T191957Z,1400,5872025600,hplt,adapt,2.044127,7.722414,-2.16915
curr_td_f20_g1_lr8.25e-5_20260612T191957Z,1425,5976883200,hplt,adapt,2.033612,7.641642,-2.17966
curr_td_f20_g1_lr8.25e-5_20260612T191957Z,1450,6081740800,hplt,adapt,2.031393,7.624701,-2.18188
curr_td_f20_g1_lr8.25e-5_20260612T191957Z,1475,6186598400,hplt,adapt,2.030152,7.615241,-2.18312
curr_td_f20_g1_lr8.25e-5_20260612T191957Z,1500,6291456000,hplt,adapt,2.032155,7.630515,-2.18112
curr_td_f20_g1_lr8.25e-5_20260612T191957Z,1525,6396313600,hplt,adapt,2.027336,7.593829,-2.18594
curr_td_f20_g1_lr8.25e-5_20260612T191957Z,1550,6501171200,hplt,adapt,2.021943,7.552989,-2.19133
curr_td_f20_g1_lr8.25e-5_20260612T191957Z,1575,6606028800,hplt,adapt,2.015961,7.50794,-2.19731
curr_td_f20_g1_lr8.25e-5_20260612T191957Z,1600,6710886400,hplt,adapt,2.013455,7.489147,-2.19982
curr_td_f20_g1_lr8.25e-5_20260612T191957Z,1625,6815744000,hplt,adapt,2.014695,7.498443,-2.19858
curr_td_f20_g1_lr8.25e-5_20260612T191957Z,1650,6920601600,hplt,adapt,2.027607,7.595891,-2.18567
curr_td_f20_g1_lr8.25e-5_20260612T191957Z,1675,7025459200,hplt,adapt,2.006391,7.436428,-2.20688
curr_td_f20_g1_lr8.25e-5_20260612T191957Z,1700,7130316800,hplt,adapt,2.007866,7.447407,-2.20541
curr_td_f20_g1_lr8.25e-5_20260612T191957Z,1725,7235174400,hplt,adapt,2.002491,7.407487,-2.21078
curr_td_f20_g1_lr8.25e-5_20260612T191957Z,1750,7340032000,hplt,adapt,1.999641,7.386403,-2.21363
curr_td_f20_g1_lr8.25e-5_20260612T191957Z,1775,7444889600,hplt,adapt,1.998639,7.379007,-2.21464
curr_td_f20_g1_lr8.25e-5_20260612T191957Z,1800,7549747200,hplt,adapt,1.995087,7.352844,-2.21819
curr_td_f20_g1_lr8.25e-5_20260612T191957Z,1825,7654604800,hplt,adapt,1.991948,7.329795,-2.22133
curr_td_f20_g1_lr8.25e-5_20260612T191957Z,1850,7759462400,hplt,adapt,1.989763,7.313802,-2.22351
curr_td_f20_g1_lr8.25e-5_20260612T191957Z,1875,7864320000,hplt,adapt,1.991722,7.328144,-2.22155
curr_td_f20_g1_lr8.25e-5_20260612T191957Z,1900,7969177600,hplt,adapt,1.992986,7.337409,-2.22029
curr_td_f20_g1_lr8.25e-5_20260612T191957Z,1925,8074035200,hplt,adapt,1.991151,7.323958,-2.22212
curr_td_f20_g1_lr8.25e-5_20260612T191957Z,1950,8178892800,hplt,adapt,1.983914,7.271145,-2.22936
curr_td_f20_g1_lr8.25e-5_20260612T191957Z,1975,8283750400,hplt,adapt,1.985847,7.285212,-2.22743
curr_td_f20_g1_lr8.25e-5_20260612T191957Z,2000,8388608000,hplt,adapt,1.978657,7.233023,-2.23462
curr_td_f20_g1_lr8.25e-5_20260612T191957Z,2025,8493465600,hplt,adapt,1.97593,7.213328,-2.23735
curr_td_f20_g1_lr8.25e-5_20260612T191957Z,2050,8598323200,hplt,adapt,1.97527,7.208568,-2.23801
curr_td_f20_g1_lr8.25e-5_20260612T191957Z,2075,8703180800,hplt,adapt,1.97507,7.207127,-2.23821
curr_td_f20_g1_lr8.25e-5_20260612T191957Z,2100,8808038400,hplt,adapt,1.976465,7.217184,-2.23681
curr_td_f20_g1_lr8.25e-5_20260612T191957Z,2125,8912896000,hplt,adapt,1.96915,7.164584,-2.24413
curr_td_f20_g1_lr8.25e-5_20260612T191957Z,2150,9017753600,hplt,adapt,1.967129,7.150117,-2.24615
curr_td_f20_g1_lr8.25e-5_20260612T191957Z,2175,9122611200,hplt,adapt,1.96595,7.141692,-2.24733
curr_td_f20_g1_lr8.25e-5_20260612T191957Z,2200,9227468800,hplt,adapt,1.965269,7.136834,-2.24801
curr_td_f20_g1_lr8.25e-5_20260612T191957Z,2225,9332326400,hplt,adapt,1.961169,7.107634,-2.25211
curr_td_f20_g1_lr8.25e-5_20260612T191957Z,2250,9437184000,hplt,adapt,1.96069,7.10423,-2.25259
curr_td_f20_g1_lr8.25e-5_20260612T191957Z,2275,9542041600,hplt,adapt,1.972514,7.188727,-2.24076
curr_td_f20_g1_lr8.25e-5_20260612T191957Z,2300,9646899200,hplt,adapt,1.97374,7.197543,-2.23954
curr_td_f20_g1_lr8.25e-5_20260612T191957Z,2325,9751756800,hplt,adapt,1.974376,7.202122,-2.2389
curr_td_f20_g1_lr8.25e-5_20260612T191957Z,2350,9856614400,hplt,adapt,1.97331,7.194449,-2.23997
curr_td_f20_g1_lr8.25e-5_20260612T191957Z,2375,9961472000,hplt,adapt,1.97757,7.225167,-2.23571
curr_td_f20_g1_lr8.25e-5_20260612T191957Z,2400,10066329600,hplt,adapt,1.978803,7.23408,-2.23447
curr_td_f20_g1_lr8.25e-5_20260612T191957Z,2425,10171187200,hplt,adapt,1.979523,7.23929,-2.23375
curr_td_f20_g1_lr8.25e-5_20260612T191957Z,2450,10276044800,hplt,adapt,1.982796,7.263025,-2.23048
curr_td_f20_g1_lr8.25e-5_20260612T191957Z,2475,10380902400,hplt,adapt,1.980991,7.249928,-2.23228
curr_td_f20_g1_lr8.25e-5_20260612T191957Z,2500,10485760000,hplt,adapt,1.983167,7.265719,-2.23011
curr_td_f20_g1_lr8.25e-5_20260612T191957Z,2525,10590617600,hplt,adapt,1.98735,7.296172,-2.22593
curr_td_f20_g1_lr8.25e-5_20260612T191957Z,2550,10695475200,hplt,adapt,1.986084,7.286939,-2.22719
curr_td_f20_g1_lr8.25e-5_20260612T191957Z,2575,10800332800,hplt,adapt,1.988561,7.305015,-2.22471
curr_td_f20_g1_lr8.25e-5_20260612T191957Z,2600,10905190400,hplt,adapt,1.989962,7.315258,-2.22331
curr_td_f20_g1_lr8.25e-5_20260612T191957Z,2625,11010048000,hplt,adapt,1.990152,7.316648,-2.22312
curr_td_f20_g1_lr8.25e-5_20260612T191957Z,2650,11114905600,hplt,adapt,1.988561,7.305014,-2.22471
curr_td_f20_g1_lr8.25e-5_20260612T191957Z,2675,11219763200,hplt,adapt,1.98834,7.303397,-2.22494
curr_td_f20_g1_lr8.25e-5_20260612T191957Z,2700,11324620800,hplt,adapt,1.989372,7.310943,-2.2239
curr_td_f20_g1_lr8.25e-5_20260612T191957Z,2725,11429478400,hplt,adapt,1.989691,7.313275,-2.22358
curr_td_f20_g1_lr8.25e-5_20260612T191957Z,2750,11534336000,hplt,adapt,1.988761,7.306476,-2.22451
curr_td_f20_g1_lr8.25e-5_20260612T191957Z,2775,11639193600,hplt,adapt,1.989836,7.314331,-2.22344
curr_td_f20_g1_lr8.25e-5_20260612T191957Z,2800,11744051200,hplt,adapt,1.989313,7.310508,-2.22396
curr_td_f20_g1_lr8.25e-5_20260612T191957Z,2825,11848908800,hplt,adapt,1.989969,7.315307,-2.22331
curr_td_f20_g1_lr8.25e-5_20260612T191957Z,2850,11953766400,hplt,adapt,1.989445,7.311472,-2.22383
curr_td_f20_g1_lr8.25e-5_20260612T191957Z,2875,12058624000,hplt,adapt,1.987797,7.299432,-2.22548
curr_td_f20_g1_lr8.25e-5_20260612T191957Z,2900,12163481600,hplt,adapt,1.988239,7.302662,-2.22504
curr_td_f20_g1_lr8.25e-5_20260612T191957Z,2925,12268339200,hplt,adapt,1.98779,7.299385,-2.22549
curr_td_f20_g1_lr8.25e-5_20260612T191957Z,2950,12373196800,hplt,adapt,1.988119,7.301784,-2.22516
curr_td_f20_g1_lr8.25e-5_20260612T191957Z,2975,12478054400,hplt,adapt,1.987164,7.294817,-2.22611
curr_td_f20_g1_lr8.25e-5_20260612T191957Z,3000,12582912000,hplt,adapt,1.987219,7.29522,-2.22606
curr_td_f20_g1_lr8.25e-5_20260612T191957Z,3025,12687769600,hplt,adapt,1.986561,7.290422,-2.22671
curr_td_f20_g1_lr8.25e-5_20260612T191957Z,3050,12792627200,hplt,adapt,1.986238,7.288068,-2.22704
curr_td_f20_g1_lr8.25e-5_20260612T191957Z,3075,12897484800,hplt,adapt,1.986039,7.286615,-2.22724
curr_td_f20_g1_lr8.25e-5_20260612T191957Z,3100,13002342400,hplt,adapt,1.986216,7.287901,-2.22706
curr_td_f20_g1_lr8.25e-5_20260612T191957Z,3125,13107200000,hplt,adapt,1.985998,7.286318,-2.22728
curr_td_f20_g1_lr8.25e-5_20260612T191957Z,3150,13212057600,hplt,adapt,1.985197,7.280482,-2.22808
curr_td_f20_g1_lr8.25e-5_20260612T191957Z,3175,13316915200,hplt,adapt,1.985047,7.279393,-2.22823
curr_td_f20_g1_lr8.25e-5_20260612T191957Z,3200,13421772800,hplt,adapt,1.984753,7.277252,-2.22852
curr_td_f20_g1_lr8.25e-5_20260612T191957Z,25,104857600,old_greek,forget,3.736998,41.97181,0.0
curr_td_f20_g1_lr8.25e-5_20260612T191957Z,50,209715200,old_greek,forget,2.941756,18.94909,-0.79524
curr_td_f20_g1_lr8.25e-5_20260612T191957Z,75,314572800,old_greek,forget,2.565763,13.01059,-1.17123
curr_td_f20_g1_lr8.25e-5_20260612T191957Z,100,419430400,old_greek,forget,2.419993,11.24579,-1.317
curr_td_f20_g1_lr8.25e-5_20260612T191957Z,125,524288000,old_greek,forget,2.322277,10.19887,-1.41472
curr_td_f20_g1_lr8.25e-5_20260612T191957Z,150,629145600,old_greek,forget,2.26096,9.592294,-1.47604
curr_td_f20_g1_lr8.25e-5_20260612T191957Z,175,734003200,old_greek,forget,2.219599,9.203642,-1.5174
curr_td_f20_g1_lr8.25e-5_20260612T191957Z,200,838860800,old_greek,forget,2.190601,8.940586,-1.5464
curr_td_f20_g1_lr8.25e-5_20260612T191957Z,225,943718400,old_greek,forget,2.163093,8.697998,-1.5739
curr_td_f20_g1_lr8.25e-5_20260612T191957Z,250,1048576000,old_greek,forget,2.146317,8.553297,-1.59068
curr_td_f20_g1_lr8.25e-5_20260612T191957Z,275,1153433600,old_greek,forget,2.131222,8.425152,-1.60578
curr_td_f20_g1_lr8.25e-5_20260612T191957Z,300,1258291200,old_greek,forget,2.112769,8.271111,-1.62423
curr_td_f20_g1_lr8.25e-5_20260612T191957Z,325,1363148800,old_greek,forget,2.100114,8.167104,-1.63688
curr_td_f20_g1_lr8.25e-5_20260612T191957Z,350,1468006400,old_greek,forget,2.088591,8.07353,-1.64841
curr_td_f20_g1_lr8.25e-5_20260612T191957Z,375,1572864000,old_greek,forget,2.077166,7.981817,-1.65983
curr_td_f20_g1_lr8.25e-5_20260612T191957Z,400,1677721600,old_greek,forget,2.081248,8.014461,-1.65575
curr_td_f20_g1_lr8.25e-5_20260612T191957Z,425,1782579200,old_greek,forget,2.055688,7.812208,-1.68131
curr_td_f20_g1_lr8.25e-5_20260612T191957Z,450,1887436800,old_greek,forget,2.06031,7.8484,-1.67669
curr_td_f20_g1_lr8.25e-5_20260612T191957Z,475,1992294400,old_greek,forget,2.051049,7.776058,-1.68595
curr_td_f20_g1_lr8.25e-5_20260612T191957Z,500,2097152000,old_greek,forget,2.046713,7.742413,-1.69028
curr_td_f20_g1_lr8.25e-5_20260612T191957Z,525,2202009600,old_greek,forget,2.030539,7.618192,-1.70646
curr_td_f20_g1_lr8.25e-5_20260612T191957Z,550,2306867200,old_greek,forget,2.021705,7.551192,-1.71529
curr_td_f20_g1_lr8.25e-5_20260612T191957Z,575,2411724800,old_greek,forget,2.024859,7.575044,-1.71214
curr_td_f20_g1_lr8.25e-5_20260612T191957Z,600,2516582400,old_greek,forget,2.016315,7.510601,-1.72068
curr_td_f20_g1_lr8.25e-5_20260612T191957Z,625,2621440000,old_greek,forget,2.025661,7.58112,-1.71134
curr_td_f20_g1_lr8.25e-5_20260612T191957Z,650,2726297600,old_greek,forget,2.003894,7.417886,-1.7331
curr_td_f20_g1_lr8.25e-5_20260612T191957Z,675,2831155200,old_greek,forget,1.999647,7.386447,-1.73735
curr_td_f20_g1_lr8.25e-5_20260612T191957Z,700,2936012800,old_greek,forget,2.02562,7.580809,-1.71138
curr_td_f20_g1_lr8.25e-5_20260612T191957Z,725,3040870400,old_greek,forget,2.003834,7.417437,-1.73316
curr_td_f20_g1_lr8.25e-5_20260612T191957Z,750,3145728000,old_greek,forget,2.000048,7.389408,-1.73695
curr_td_f20_g1_lr8.25e-5_20260612T191957Z,775,3250585600,old_greek,forget,1.990254,7.317394,-1.74674
curr_td_f20_g1_lr8.25e-5_20260612T191957Z,800,3355443200,old_greek,forget,1.989071,7.308741,-1.74793
curr_td_f20_g1_lr8.25e-5_20260612T191957Z,825,3460300800,old_greek,forget,1.981328,7.25237,-1.75567
curr_td_f20_g1_lr8.25e-5_20260612T191957Z,850,3565158400,old_greek,forget,1.979835,7.241545,-1.75716
curr_td_f20_g1_lr8.25e-5_20260612T191957Z,875,3670016000,old_greek,forget,1.975948,7.213457,-1.76105
curr_td_f20_g1_lr8.25e-5_20260612T191957Z,900,3774873600,old_greek,forget,1.981419,7.253027,-1.75558
curr_td_f20_g1_lr8.25e-5_20260612T191957Z,925,3879731200,old_greek,forget,1.973483,7.195698,-1.76351
curr_td_f20_g1_lr8.25e-5_20260612T191957Z,950,3984588800,old_greek,forget,1.970476,7.174092,-1.76652
curr_td_f20_g1_lr8.25e-5_20260612T191957Z,975,4089446400,old_greek,forget,2.031163,7.622945,-1.70583
curr_td_f20_g1_lr8.25e-5_20260612T191957Z,1000,4194304000,old_greek,forget,1.968247,7.158114,-1.76875
curr_td_f20_g1_lr8.25e-5_20260612T191957Z,1025,4299161600,old_greek,forget,1.969589,7.167729,-1.76741
curr_td_f20_g1_lr8.25e-5_20260612T191957Z,1050,4404019200,old_greek,forget,1.964851,7.133848,-1.77215
curr_td_f20_g1_lr8.25e-5_20260612T191957Z,1075,4508876800,old_greek,forget,1.958551,7.089048,-1.77845
curr_td_f20_g1_lr8.25e-5_20260612T191957Z,1100,4613734400,old_greek,forget,1.958983,7.092109,-1.77801
curr_td_f20_g1_lr8.25e-5_20260612T191957Z,1125,4718592000,old_greek,forget,1.955824,7.069745,-1.78117
curr_td_f20_g1_lr8.25e-5_20260612T191957Z,1150,4823449600,old_greek,forget,1.951127,7.036614,-1.78587
curr_td_f20_g1_lr8.25e-5_20260612T191957Z,1175,4928307200,old_greek,forget,1.949097,7.022343,-1.7879
curr_td_f20_g1_lr8.25e-5_20260612T191957Z,1200,5033164800,old_greek,forget,1.962985,7.12055,-1.77401
curr_td_f20_g1_lr8.25e-5_20260612T191957Z,1225,5138022400,old_greek,forget,1.944489,6.990062,-1.79251
curr_td_f20_g1_lr8.25e-5_20260612T191957Z,1250,5242880000,old_greek,forget,1.947163,7.008775,-1.78983
curr_td_f20_g1_lr8.25e-5_20260612T191957Z,1275,5347737600,old_greek,forget,1.943247,6.981383,-1.79375
curr_td_f20_g1_lr8.25e-5_20260612T191957Z,1300,5452595200,old_greek,forget,1.954871,7.063009,-1.78213
curr_td_f20_g1_lr8.25e-5_20260612T191957Z,1325,5557452800,old_greek,forget,1.93783,6.943667,-1.79917
curr_td_f20_g1_lr8.25e-5_20260612T191957Z,1350,5662310400,old_greek,forget,1.941498,6.969186,-1.7955
curr_td_f20_g1_lr8.25e-5_20260612T191957Z,1375,5767168000,old_greek,forget,1.948547,7.018483,-1.78845
curr_td_f20_g1_lr8.25e-5_20260612T191957Z,1400,5872025600,old_greek,forget,1.940867,6.964788,-1.79613
curr_td_f20_g1_lr8.25e-5_20260612T191957Z,1425,5976883200,old_greek,forget,1.932558,6.907157,-1.80444
curr_td_f20_g1_lr8.25e-5_20260612T191957Z,1450,6081740800,old_greek,forget,1.930912,6.895797,-1.80609
curr_td_f20_g1_lr8.25e-5_20260612T191957Z,1475,6186598400,old_greek,forget,1.931042,6.896691,-1.80596
curr_td_f20_g1_lr8.25e-5_20260612T191957Z,1500,6291456000,old_greek,forget,1.937701,6.942768,-1.7993
curr_td_f20_g1_lr8.25e-5_20260612T191957Z,1525,6396313600,old_greek,forget,1.931308,6.898528,-1.80569
curr_td_f20_g1_lr8.25e-5_20260612T191957Z,1550,6501171200,old_greek,forget,1.927482,6.872184,-1.80952
curr_td_f20_g1_lr8.25e-5_20260612T191957Z,1575,6606028800,old_greek,forget,1.922813,6.840176,-1.81418
curr_td_f20_g1_lr8.25e-5_20260612T191957Z,1600,6710886400,old_greek,forget,1.92139,6.830446,-1.81561
curr_td_f20_g1_lr8.25e-5_20260612T191957Z,1625,6815744000,old_greek,forget,1.923954,6.84798,-1.81304
curr_td_f20_g1_lr8.25e-5_20260612T191957Z,1650,6920601600,old_greek,forget,1.936847,6.936842,-1.80015
curr_td_f20_g1_lr8.25e-5_20260612T191957Z,1675,7025459200,old_greek,forget,1.918283,6.809254,-1.81871
curr_td_f20_g1_lr8.25e-5_20260612T191957Z,1700,7130316800,old_greek,forget,1.921117,6.828583,-1.81588
curr_td_f20_g1_lr8.25e-5_20260612T191957Z,1725,7235174400,old_greek,forget,1.916464,6.796884,-1.82053
curr_td_f20_g1_lr8.25e-5_20260612T191957Z,1750,7340032000,old_greek,forget,1.915466,6.790104,-1.82153
curr_td_f20_g1_lr8.25e-5_20260612T191957Z,1775,7444889600,old_greek,forget,1.915509,6.790393,-1.82149
curr_td_f20_g1_lr8.25e-5_20260612T191957Z,1800,7549747200,old_greek,forget,1.912637,6.770923,-1.82436
curr_td_f20_g1_lr8.25e-5_20260612T191957Z,1825,7654604800,old_greek,forget,1.911018,6.759965,-1.82598
curr_td_f20_g1_lr8.25e-5_20260612T191957Z,1850,7759462400,old_greek,forget,1.909768,6.751519,-1.82723
curr_td_f20_g1_lr8.25e-5_20260612T191957Z,1875,7864320000,old_greek,forget,1.914298,6.782176,-1.8227
curr_td_f20_g1_lr8.25e-5_20260612T191957Z,1900,7969177600,old_greek,forget,1.913914,6.779575,-1.82308
curr_td_f20_g1_lr8.25e-5_20260612T191957Z,1925,8074035200,old_greek,forget,1.913216,6.774843,-1.82378
curr_td_f20_g1_lr8.25e-5_20260612T191957Z,1950,8178892800,old_greek,forget,1.908531,6.743177,-1.82847
curr_td_f20_g1_lr8.25e-5_20260612T191957Z,1975,8283750400,old_greek,forget,1.911094,6.760484,-1.8259
curr_td_f20_g1_lr8.25e-5_20260612T191957Z,2000,8388608000,old_greek,forget,1.904678,6.717247,-1.83232
curr_td_f20_g1_lr8.25e-5_20260612T191957Z,2025,8493465600,old_greek,forget,1.904032,6.712907,-1.83297
curr_td_f20_g1_lr8.25e-5_20260612T191957Z,2050,8598323200,old_greek,forget,1.904038,6.712946,-1.83296
curr_td_f20_g1_lr8.25e-5_20260612T191957Z,2075,8703180800,old_greek,forget,1.905127,6.720263,-1.83187
curr_td_f20_g1_lr8.25e-5_20260612T191957Z,2100,8808038400,old_greek,forget,1.905536,6.723007,-1.83146
curr_td_f20_g1_lr8.25e-5_20260612T191957Z,2125,8912896000,old_greek,forget,1.900335,6.688133,-1.83666
curr_td_f20_g1_lr8.25e-5_20260612T191957Z,2150,9017753600,old_greek,forget,1.89909,6.679815,-1.83791
curr_td_f20_g1_lr8.25e-5_20260612T191957Z,2175,9122611200,old_greek,forget,1.898818,6.677994,-1.83818
curr_td_f20_g1_lr8.25e-5_20260612T191957Z,2200,9227468800,old_greek,forget,1.899165,6.680316,-1.83783
curr_td_f20_g1_lr8.25e-5_20260612T191957Z,2225,9332326400,old_greek,forget,1.895431,6.655413,-1.84157
curr_td_f20_g1_lr8.25e-5_20260612T191957Z,2250,9437184000,old_greek,forget,1.896279,6.661065,-1.84072
curr_td_f20_g1_lr8.25e-5_20260612T191957Z,2275,9542041600,old_greek,forget,1.903669,6.710473,-1.83333
curr_td_f20_g1_lr8.25e-5_20260612T191957Z,2300,9646899200,old_greek,forget,1.902873,6.705129,-1.83412
curr_td_f20_g1_lr8.25e-5_20260612T191957Z,2325,9751756800,old_greek,forget,1.903176,6.707163,-1.83382
curr_td_f20_g1_lr8.25e-5_20260612T191957Z,2350,9856614400,old_greek,forget,1.901939,6.698868,-1.83506
curr_td_f20_g1_lr8.25e-5_20260612T191957Z,2375,9961472000,old_greek,forget,1.906244,6.727771,-1.83075
curr_td_f20_g1_lr8.25e-5_20260612T191957Z,2400,10066329600,old_greek,forget,1.905774,6.724608,-1.83122
curr_td_f20_g1_lr8.25e-5_20260612T191957Z,2425,10171187200,old_greek,forget,1.905733,6.724335,-1.83126
curr_td_f20_g1_lr8.25e-5_20260612T191957Z,2450,10276044800,old_greek,forget,1.907746,6.737882,-1.82925
curr_td_f20_g1_lr8.25e-5_20260612T191957Z,2475,10380902400,old_greek,forget,1.905712,6.724196,-1.83129
curr_td_f20_g1_lr8.25e-5_20260612T191957Z,2500,10485760000,old_greek,forget,1.907304,6.734904,-1.82969
curr_td_f20_g1_lr8.25e-5_20260612T191957Z,2525,10590617600,old_greek,forget,1.91002,6.753224,-1.82698
curr_td_f20_g1_lr8.25e-5_20260612T191957Z,2550,10695475200,old_greek,forget,1.908088,6.740187,-1.82891
curr_td_f20_g1_lr8.25e-5_20260612T191957Z,2575,10800332800,old_greek,forget,1.909824,6.751898,-1.82717
curr_td_f20_g1_lr8.25e-5_20260612T191957Z,2600,10905190400,old_greek,forget,1.910627,6.757321,-1.82637
curr_td_f20_g1_lr8.25e-5_20260612T191957Z,2625,11010048000,old_greek,forget,1.909483,6.749596,-1.82751
curr_td_f20_g1_lr8.25e-5_20260612T191957Z,2650,11114905600,old_greek,forget,1.90778,6.738111,-1.82922
curr_td_f20_g1_lr8.25e-5_20260612T191957Z,2675,11219763200,old_greek,forget,1.907077,6.733376,-1.82992
curr_td_f20_g1_lr8.25e-5_20260612T191957Z,2700,11324620800,old_greek,forget,1.9075,6.736226,-1.8295
curr_td_f20_g1_lr8.25e-5_20260612T191957Z,2725,11429478400,old_greek,forget,1.907723,6.737728,-1.82927
curr_td_f20_g1_lr8.25e-5_20260612T191957Z,2750,11534336000,old_greek,forget,1.906425,6.72899,-1.83057
curr_td_f20_g1_lr8.25e-5_20260612T191957Z,2775,11639193600,old_greek,forget,1.907624,6.737063,-1.82937
curr_td_f20_g1_lr8.25e-5_20260612T191957Z,2800,11744051200,old_greek,forget,1.906185,6.727376,-1.83081
curr_td_f20_g1_lr8.25e-5_20260612T191957Z,2825,11848908800,old_greek,forget,1.906385,6.728722,-1.83061
curr_td_f20_g1_lr8.25e-5_20260612T191957Z,2850,11953766400,old_greek,forget,1.905957,6.72584,-1.83104
curr_td_f20_g1_lr8.25e-5_20260612T191957Z,2875,12058624000,old_greek,forget,1.904249,6.714361,-1.83275
curr_td_f20_g1_lr8.25e-5_20260612T191957Z,2900,12163481600,old_greek,forget,1.904084,6.713254,-1.83291
curr_td_f20_g1_lr8.25e-5_20260612T191957Z,2925,12268339200,old_greek,forget,1.903617,6.710124,-1.83338
curr_td_f20_g1_lr8.25e-5_20260612T191957Z,2950,12373196800,old_greek,forget,1.903604,6.710036,-1.83339
curr_td_f20_g1_lr8.25e-5_20260612T191957Z,2975,12478054400,old_greek,forget,1.902875,6.705144,-1.83412
curr_td_f20_g1_lr8.25e-5_20260612T191957Z,3000,12582912000,old_greek,forget,1.902558,6.703021,-1.83444
curr_td_f20_g1_lr8.25e-5_20260612T191957Z,3025,12687769600,old_greek,forget,1.901645,6.696902,-1.83535
curr_td_f20_g1_lr8.25e-5_20260612T191957Z,3050,12792627200,old_greek,forget,1.901041,6.692859,-1.83596
curr_td_f20_g1_lr8.25e-5_20260612T191957Z,3075,12897484800,old_greek,forget,1.901099,6.693245,-1.8359
curr_td_f20_g1_lr8.25e-5_20260612T191957Z,3100,13002342400,old_greek,forget,1.900925,6.692079,-1.83607
curr_td_f20_g1_lr8.25e-5_20260612T191957Z,3125,13107200000,old_greek,forget,1.900569,6.689702,-1.83643
curr_td_f20_g1_lr8.25e-5_20260612T191957Z,3150,13212057600,old_greek,forget,1.899819,6.684686,-1.83718
curr_td_f20_g1_lr8.25e-5_20260612T191957Z,3175,13316915200,old_greek,forget,1.899538,6.682806,-1.83746
curr_td_f20_g1_lr8.25e-5_20260612T191957Z,3200,13421772800,old_greek,forget,1.899404,6.681913,-1.83759
curr_td_f20_g1_lr8.25e-5_20260612T191957Z,25,104857600,openarchives,adapt,2.959176,19.28207,0.0
curr_td_f20_g1_lr8.25e-5_20260612T191957Z,50,209715200,openarchives,adapt,2.423875,11.28952,-0.5353
curr_td_f20_g1_lr8.25e-5_20260612T191957Z,75,314572800,openarchives,adapt,2.18108,8.855864,-0.7781
curr_td_f20_g1_lr8.25e-5_20260612T191957Z,100,419430400,openarchives,adapt,2.077366,7.983412,-0.88181
curr_td_f20_g1_lr8.25e-5_20260612T191957Z,125,524288000,openarchives,adapt,2.007497,7.444661,-0.95168
curr_td_f20_g1_lr8.25e-5_20260612T191957Z,150,629145600,openarchives,adapt,1.960319,7.101595,-0.99886
curr_td_f20_g1_lr8.25e-5_20260612T191957Z,175,734003200,openarchives,adapt,1.928789,6.881176,-1.03039
curr_td_f20_g1_lr8.25e-5_20260612T191957Z,200,838860800,openarchives,adapt,1.904322,6.714852,-1.05485
curr_td_f20_g1_lr8.25e-5_20260612T191957Z,225,943718400,openarchives,adapt,1.882013,6.566709,-1.07716
curr_td_f20_g1_lr8.25e-5_20260612T191957Z,250,1048576000,openarchives,adapt,1.867977,6.475182,-1.0912
curr_td_f20_g1_lr8.25e-5_20260612T191957Z,275,1153433600,openarchives,adapt,1.854657,6.389507,-1.10452
curr_td_f20_g1_lr8.25e-5_20260612T191957Z,300,1258291200,openarchives,adapt,1.838056,6.284312,-1.12112
curr_td_f20_g1_lr8.25e-5_20260612T191957Z,325,1363148800,openarchives,adapt,1.829509,6.230827,-1.12967
curr_td_f20_g1_lr8.25e-5_20260612T191957Z,350,1468006400,openarchives,adapt,1.813364,6.131037,-1.14581
curr_td_f20_g1_lr8.25e-5_20260612T191957Z,375,1572864000,openarchives,adapt,1.80531,6.081858,-1.15387
curr_td_f20_g1_lr8.25e-5_20260612T191957Z,400,1677721600,openarchives,adapt,1.803414,6.070337,-1.15576
curr_td_f20_g1_lr8.25e-5_20260612T191957Z,425,1782579200,openarchives,adapt,1.782065,5.942117,-1.17711
curr_td_f20_g1_lr8.25e-5_20260612T191957Z,450,1887436800,openarchives,adapt,1.781151,5.936683,-1.17802
curr_td_f20_g1_lr8.25e-5_20260612T191957Z,475,1992294400,openarchives,adapt,1.774317,5.896252,-1.18486
curr_td_f20_g1_lr8.25e-5_20260612T191957Z,500,2097152000,openarchives,adapt,1.772298,5.88436,-1.18688
curr_td_f20_g1_lr8.25e-5_20260612T191957Z,525,2202009600,openarchives,adapt,1.758622,5.804432,-1.20055
curr_td_f20_g1_lr8.25e-5_20260612T191957Z,550,2306867200,openarchives,adapt,1.751525,5.763387,-1.20765
curr_td_f20_g1_lr8.25e-5_20260612T191957Z,575,2411724800,openarchives,adapt,1.750129,5.755344,-1.20905
curr_td_f20_g1_lr8.25e-5_20260612T191957Z,600,2516582400,openarchives,adapt,1.742786,5.713238,-1.21639
curr_td_f20_g1_lr8.25e-5_20260612T191957Z,625,2621440000,openarchives,adapt,1.748347,5.745097,-1.21083
curr_td_f20_g1_lr8.25e-5_20260612T191957Z,650,2726297600,openarchives,adapt,1.732329,5.653804,-1.22685
curr_td_f20_g1_lr8.25e-5_20260612T191957Z,675,2831155200,openarchives,adapt,1.726877,5.623065,-1.2323
curr_td_f20_g1_lr8.25e-5_20260612T191957Z,700,2936012800,openarchives,adapt,1.742696,5.712725,-1.21648
curr_td_f20_g1_lr8.25e-5_20260612T191957Z,725,3040870400,openarchives,adapt,1.727406,5.62604,-1.23177
curr_td_f20_g1_lr8.25e-5_20260612T191957Z,750,3145728000,openarchives,adapt,1.723301,5.602995,-1.23587
curr_td_f20_g1_lr8.25e-5_20260612T191957Z,775,3250585600,openarchives,adapt,1.715188,5.557722,-1.24399
curr_td_f20_g1_lr8.25e-5_20260612T191957Z,800,3355443200,openarchives,adapt,1.713636,5.5491,-1.24554
curr_td_f20_g1_lr8.25e-5_20260612T191957Z,825,3460300800,openarchives,adapt,1.70809,5.518412,-1.25109
curr_td_f20_g1_lr8.25e-5_20260612T191957Z,850,3565158400,openarchives,adapt,1.703969,5.495715,-1.25521
curr_td_f20_g1_lr8.25e-5_20260612T191957Z,875,3670016000,openarchives,adapt,1.701103,5.47999,-1.25807
curr_td_f20_g1_lr8.25e-5_20260612T191957Z,900,3774873600,openarchives,adapt,1.704235,5.497181,-1.25494
curr_td_f20_g1_lr8.25e-5_20260612T191957Z,925,3879731200,openarchives,adapt,1.697403,5.459752,-1.26177
curr_td_f20_g1_lr8.25e-5_20260612T191957Z,950,3984588800,openarchives,adapt,1.694315,5.442916,-1.26486
curr_td_f20_g1_lr8.25e-5_20260612T191957Z,975,4089446400,openarchives,adapt,1.722463,5.5983,-1.23671
curr_td_f20_g1_lr8.25e-5_20260612T191957Z,1000,4194304000,openarchives,adapt,1.693842,5.440341,-1.26533
curr_td_f20_g1_lr8.25e-5_20260612T191957Z,1025,4299161600,openarchives,adapt,1.691416,5.42716,-1.26776
curr_td_f20_g1_lr8.25e-5_20260612T191957Z,1050,4404019200,openarchives,adapt,1.689814,5.418475,-1.26936
curr_td_f20_g1_lr8.25e-5_20260612T191957Z,1075,4508876800,openarchives,adapt,1.685539,5.395358,-1.27364
curr_td_f20_g1_lr8.25e-5_20260612T191957Z,1100,4613734400,openarchives,adapt,1.684748,5.391091,-1.27443
curr_td_f20_g1_lr8.25e-5_20260612T191957Z,1125,4718592000,openarchives,adapt,1.680982,5.370826,-1.27819
curr_td_f20_g1_lr8.25e-5_20260612T191957Z,1150,4823449600,openarchives,adapt,1.680277,5.367042,-1.2789
curr_td_f20_g1_lr8.25e-5_20260612T191957Z,1175,4928307200,openarchives,adapt,1.676043,5.344366,-1.28313
curr_td_f20_g1_lr8.25e-5_20260612T191957Z,1200,5033164800,openarchives,adapt,1.6816,5.374147,-1.27758
curr_td_f20_g1_lr8.25e-5_20260612T191957Z,1225,5138022400,openarchives,adapt,1.670757,5.31619,-1.28842
curr_td_f20_g1_lr8.25e-5_20260612T191957Z,1250,5242880000,openarchives,adapt,1.672238,5.32407,-1.28694
curr_td_f20_g1_lr8.25e-5_20260612T191957Z,1275,5347737600,openarchives,adapt,1.669232,5.30809,-1.28994
curr_td_f20_g1_lr8.25e-5_20260612T191957Z,1300,5452595200,openarchives,adapt,1.677432,5.351796,-1.28174
curr_td_f20_g1_lr8.25e-5_20260612T191957Z,1325,5557452800,openarchives,adapt,1.664337,5.28217,-1.29484
curr_td_f20_g1_lr8.25e-5_20260612T191957Z,1350,5662310400,openarchives,adapt,1.666467,5.293435,-1.29271
curr_td_f20_g1_lr8.25e-5_20260612T191957Z,1375,5767168000,openarchives,adapt,1.672159,5.323647,-1.28702
curr_td_f20_g1_lr8.25e-5_20260612T191957Z,1400,5872025600,openarchives,adapt,1.666533,5.293784,-1.29264
curr_td_f20_g1_lr8.25e-5_20260612T191957Z,1425,5976883200,openarchives,adapt,1.658609,5.252002,-1.30057
curr_td_f20_g1_lr8.25e-5_20260612T191957Z,1450,6081740800,openarchives,adapt,1.658494,5.251394,-1.30068
curr_td_f20_g1_lr8.25e-5_20260612T191957Z,1475,6186598400,openarchives,adapt,1.658722,5.252595,-1.30045
curr_td_f20_g1_lr8.25e-5_20260612T191957Z,1500,6291456000,openarchives,adapt,1.658852,5.253278,-1.30032
curr_td_f20_g1_lr8.25e-5_20260612T191957Z,1525,6396313600,openarchives,adapt,1.656383,5.240324,-1.30279
curr_td_f20_g1_lr8.25e-5_20260612T191957Z,1550,6501171200,openarchives,adapt,1.653674,5.226145,-1.3055
curr_td_f20_g1_lr8.25e-5_20260612T191957Z,1575,6606028800,openarchives,adapt,1.650902,5.211678,-1.30827
curr_td_f20_g1_lr8.25e-5_20260612T191957Z,1600,6710886400,openarchives,adapt,1.649423,5.203978,-1.30975
curr_td_f20_g1_lr8.25e-5_20260612T191957Z,1625,6815744000,openarchives,adapt,1.649971,5.206828,-1.3092
curr_td_f20_g1_lr8.25e-5_20260612T191957Z,1650,6920601600,openarchives,adapt,1.657234,5.244782,-1.30194
curr_td_f20_g1_lr8.25e-5_20260612T191957Z,1675,7025459200,openarchives,adapt,1.645429,5.183232,-1.31375
curr_td_f20_g1_lr8.25e-5_20260612T191957Z,1700,7130316800,openarchives,adapt,1.647358,5.193241,-1.31182
curr_td_f20_g1_lr8.25e-5_20260612T191957Z,1725,7235174400,openarchives,adapt,1.644246,5.177104,-1.31493
curr_td_f20_g1_lr8.25e-5_20260612T191957Z,1750,7340032000,openarchives,adapt,1.643788,5.174734,-1.31539
curr_td_f20_g1_lr8.25e-5_20260612T191957Z,1775,7444889600,openarchives,adapt,1.643013,5.170727,-1.31616
curr_td_f20_g1_lr8.25e-5_20260612T191957Z,1800,7549747200,openarchives,adapt,1.640651,5.158527,-1.31852
curr_td_f20_g1_lr8.25e-5_20260612T191957Z,1825,7654604800,openarchives,adapt,1.639052,5.150283,-1.32012
curr_td_f20_g1_lr8.25e-5_20260612T191957Z,1850,7759462400,openarchives,adapt,1.638626,5.148089,-1.32055
curr_td_f20_g1_lr8.25e-5_20260612T191957Z,1875,7864320000,openarchives,adapt,1.640322,5.156828,-1.31885
curr_td_f20_g1_lr8.25e-5_20260612T191957Z,1900,7969177600,openarchives,adapt,1.642186,5.166453,-1.31699
curr_td_f20_g1_lr8.25e-5_20260612T191957Z,1925,8074035200,openarchives,adapt,1.640808,5.159335,-1.31837
curr_td_f20_g1_lr8.25e-5_20260612T191957Z,1950,8178892800,openarchives,adapt,1.637028,5.13987,-1.32215
curr_td_f20_g1_lr8.25e-5_20260612T191957Z,1975,8283750400,openarchives,adapt,1.638445,5.14716,-1.32073
curr_td_f20_g1_lr8.25e-5_20260612T191957Z,2000,8388608000,openarchives,adapt,1.632764,5.118,-1.32641
curr_td_f20_g1_lr8.25e-5_20260612T191957Z,2025,8493465600,openarchives,adapt,1.632186,5.115045,-1.32699
curr_td_f20_g1_lr8.25e-5_20260612T191957Z,2050,8598323200,openarchives,adapt,1.63297,5.119055,-1.32621
curr_td_f20_g1_lr8.25e-5_20260612T191957Z,2075,8703180800,openarchives,adapt,1.632907,5.118732,-1.32627
curr_td_f20_g1_lr8.25e-5_20260612T191957Z,2100,8808038400,openarchives,adapt,1.633756,5.123082,-1.32542
curr_td_f20_g1_lr8.25e-5_20260612T191957Z,2125,8912896000,openarchives,adapt,1.629114,5.099354,-1.33006
curr_td_f20_g1_lr8.25e-5_20260612T191957Z,2150,9017753600,openarchives,adapt,1.627452,5.090886,-1.33172
curr_td_f20_g1_lr8.25e-5_20260612T191957Z,2175,9122611200,openarchives,adapt,1.62823,5.094851,-1.33095
curr_td_f20_g1_lr8.25e-5_20260612T191957Z,2200,9227468800,openarchives,adapt,1.629025,5.098899,-1.33015
curr_td_f20_g1_lr8.25e-5_20260612T191957Z,2225,9332326400,openarchives,adapt,1.626346,5.085259,-1.33283
curr_td_f20_g1_lr8.25e-5_20260612T191957Z,2250,9437184000,openarchives,adapt,1.626405,5.085561,-1.33277
curr_td_f20_g1_lr8.25e-5_20260612T191957Z,2275,9542041600,openarchives,adapt,1.576201,4.836547,-1.38297
curr_td_f20_g1_lr8.25e-5_20260612T191957Z,2300,9646899200,openarchives,adapt,1.551905,4.720453,-1.40727
curr_td_f20_g1_lr8.25e-5_20260612T191957Z,2325,9751756800,openarchives,adapt,1.544878,4.687401,-1.4143
curr_td_f20_g1_lr8.25e-5_20260612T191957Z,2350,9856614400,openarchives,adapt,1.532468,4.629587,-1.42671
curr_td_f20_g1_lr8.25e-5_20260612T191957Z,2375,9961472000,openarchives,adapt,1.530469,4.620342,-1.42871
curr_td_f20_g1_lr8.25e-5_20260612T191957Z,2400,10066329600,openarchives,adapt,1.521983,4.581299,-1.43719
curr_td_f20_g1_lr8.25e-5_20260612T191957Z,2425,10171187200,openarchives,adapt,1.516657,4.556968,-1.44252
curr_td_f20_g1_lr8.25e-5_20260612T191957Z,2450,10276044800,openarchives,adapt,1.512658,4.538777,-1.44652
curr_td_f20_g1_lr8.25e-5_20260612T191957Z,2475,10380902400,openarchives,adapt,1.50477,4.503116,-1.45441
curr_td_f20_g1_lr8.25e-5_20260612T191957Z,2500,10485760000,openarchives,adapt,1.501323,4.487622,-1.45785
curr_td_f20_g1_lr8.25e-5_20260612T191957Z,2525,10590617600,openarchives,adapt,1.499876,4.481136,-1.4593
curr_td_f20_g1_lr8.25e-5_20260612T191957Z,2550,10695475200,openarchives,adapt,1.493702,4.453553,-1.46547
curr_td_f20_g1_lr8.25e-5_20260612T191957Z,2575,10800332800,openarchives,adapt,1.49056,4.439582,-1.46862
curr_td_f20_g1_lr8.25e-5_20260612T191957Z,2600,10905190400,openarchives,adapt,1.489008,4.432694,-1.47017
curr_td_f20_g1_lr8.25e-5_20260612T191957Z,2625,11010048000,openarchives,adapt,1.4851,4.415408,-1.47408
curr_td_f20_g1_lr8.25e-5_20260612T191957Z,2650,11114905600,openarchives,adapt,1.480356,4.394511,-1.47882
curr_td_f20_g1_lr8.25e-5_20260612T191957Z,2675,11219763200,openarchives,adapt,1.47802,4.384258,-1.48116
curr_td_f20_g1_lr8.25e-5_20260612T191957Z,2700,11324620800,openarchives,adapt,1.477104,4.380242,-1.48207
curr_td_f20_g1_lr8.25e-5_20260612T191957Z,2725,11429478400,openarchives,adapt,1.474987,4.370979,-1.48419
curr_td_f20_g1_lr8.25e-5_20260612T191957Z,2750,11534336000,openarchives,adapt,1.472153,4.35861,-1.48702
curr_td_f20_g1_lr8.25e-5_20260612T191957Z,2775,11639193600,openarchives,adapt,1.471382,4.35525,-1.48779
curr_td_f20_g1_lr8.25e-5_20260612T191957Z,2800,11744051200,openarchives,adapt,1.468867,4.344311,-1.49031
curr_td_f20_g1_lr8.25e-5_20260612T191957Z,2825,11848908800,openarchives,adapt,1.467919,4.340196,-1.49126
curr_td_f20_g1_lr8.25e-5_20260612T191957Z,2850,11953766400,openarchives,adapt,1.466342,4.333357,-1.49283
curr_td_f20_g1_lr8.25e-5_20260612T191957Z,2875,12058624000,openarchives,adapt,1.463541,4.321235,-1.49563
curr_td_f20_g1_lr8.25e-5_20260612T191957Z,2900,12163481600,openarchives,adapt,1.462893,4.318434,-1.49628
curr_td_f20_g1_lr8.25e-5_20260612T191957Z,2925,12268339200,openarchives,adapt,1.461444,4.312182,-1.49773
curr_td_f20_g1_lr8.25e-5_20260612T191957Z,2950,12373196800,openarchives,adapt,1.460587,4.308486,-1.49859
curr_td_f20_g1_lr8.25e-5_20260612T191957Z,2975,12478054400,openarchives,adapt,1.45923,4.302645,-1.49995
curr_td_f20_g1_lr8.25e-5_20260612T191957Z,3000,12582912000,openarchives,adapt,1.458398,4.299066,-1.50078
curr_td_f20_g1_lr8.25e-5_20260612T191957Z,3025,12687769600,openarchives,adapt,1.457169,4.293788,-1.50201
curr_td_f20_g1_lr8.25e-5_20260612T191957Z,3050,12792627200,openarchives,adapt,1.456241,4.289806,-1.50293
curr_td_f20_g1_lr8.25e-5_20260612T191957Z,3075,12897484800,openarchives,adapt,1.455899,4.288337,-1.50328
curr_td_f20_g1_lr8.25e-5_20260612T191957Z,3100,13002342400,openarchives,adapt,1.454988,4.28443,-1.50419
curr_td_f20_g1_lr8.25e-5_20260612T191957Z,3125,13107200000,openarchives,adapt,1.454332,4.281624,-1.50484
curr_td_f20_g1_lr8.25e-5_20260612T191957Z,3150,13212057600,openarchives,adapt,1.453378,4.277539,-1.5058
curr_td_f20_g1_lr8.25e-5_20260612T191957Z,3175,13316915200,openarchives,adapt,1.452775,4.274963,-1.5064
curr_td_f20_g1_lr8.25e-5_20260612T191957Z,3200,13421772800,openarchives,adapt,1.45247,4.273658,-1.50671
curr_td_f20_g1_lr8.25e-5_20260612T191957Z,25,104857600,ru,forget,1.648065,5.196915,0.0
curr_td_f20_g1_lr8.25e-5_20260612T191957Z,50,209715200,ru,forget,1.604372,4.974736,-0.04369
curr_td_f20_g1_lr8.25e-5_20260612T191957Z,75,314572800,ru,forget,1.577585,4.843246,-0.07048
curr_td_f20_g1_lr8.25e-5_20260612T191957Z,100,419430400,ru,forget,1.564935,4.782364,-0.08313
curr_td_f20_g1_lr8.25e-5_20260612T191957Z,125,524288000,ru,forget,1.559467,4.756285,-0.0886
curr_td_f20_g1_lr8.25e-5_20260612T191957Z,150,629145600,ru,forget,1.556427,4.741849,-0.09164
curr_td_f20_g1_lr8.25e-5_20260612T191957Z,175,734003200,ru,forget,1.55604,4.740012,-0.09202
curr_td_f20_g1_lr8.25e-5_20260612T191957Z,200,838860800,ru,forget,1.555821,4.738978,-0.09224
curr_td_f20_g1_lr8.25e-5_20260612T191957Z,225,943718400,ru,forget,1.553333,4.7272,-0.09473
curr_td_f20_g1_lr8.25e-5_20260612T191957Z,250,1048576000,ru,forget,1.555463,4.73728,-0.0926
curr_td_f20_g1_lr8.25e-5_20260612T191957Z,275,1153433600,ru,forget,1.558576,4.752047,-0.08949
curr_td_f20_g1_lr8.25e-5_20260612T191957Z,300,1258291200,ru,forget,1.555472,4.73732,-0.09259
curr_td_f20_g1_lr8.25e-5_20260612T191957Z,325,1363148800,ru,forget,1.557334,4.74615,-0.09073
curr_td_f20_g1_lr8.25e-5_20260612T191957Z,350,1468006400,ru,forget,1.556735,4.743309,-0.09133
curr_td_f20_g1_lr8.25e-5_20260612T191957Z,375,1572864000,ru,forget,1.557483,4.74686,-0.09058
curr_td_f20_g1_lr8.25e-5_20260612T191957Z,400,1677721600,ru,forget,1.56154,4.766153,-0.08652
curr_td_f20_g1_lr8.25e-5_20260612T191957Z,425,1782579200,ru,forget,1.55955,4.756678,-0.08851
curr_td_f20_g1_lr8.25e-5_20260612T191957Z,450,1887436800,ru,forget,1.561782,4.767311,-0.08628
curr_td_f20_g1_lr8.25e-5_20260612T191957Z,475,1992294400,ru,forget,1.562997,4.773105,-0.08507
curr_td_f20_g1_lr8.25e-5_20260612T191957Z,500,2097152000,ru,forget,1.564401,4.779813,-0.08366
curr_td_f20_g1_lr8.25e-5_20260612T191957Z,525,2202009600,ru,forget,1.561471,4.765824,-0.08659
curr_td_f20_g1_lr8.25e-5_20260612T191957Z,550,2306867200,ru,forget,1.562099,4.76882,-0.08597
curr_td_f20_g1_lr8.25e-5_20260612T191957Z,575,2411724800,ru,forget,1.564134,4.778537,-0.08393
curr_td_f20_g1_lr8.25e-5_20260612T191957Z,600,2516582400,ru,forget,1.564206,4.77888,-0.08386
curr_td_f20_g1_lr8.25e-5_20260612T191957Z,625,2621440000,ru,forget,1.569351,4.80353,-0.07871
curr_td_f20_g1_lr8.25e-5_20260612T191957Z,650,2726297600,ru,forget,1.564981,4.782585,-0.08308
curr_td_f20_g1_lr8.25e-5_20260612T191957Z,675,2831155200,ru,forget,1.564851,4.78196,-0.08321
curr_td_f20_g1_lr8.25e-5_20260612T191957Z,700,2936012800,ru,forget,1.571987,4.816208,-0.07608
curr_td_f20_g1_lr8.25e-5_20260612T191957Z,725,3040870400,ru,forget,1.570953,4.811232,-0.07711
curr_td_f20_g1_lr8.25e-5_20260612T191957Z,750,3145728000,ru,forget,1.56973,4.80535,-0.07833
curr_td_f20_g1_lr8.25e-5_20260612T191957Z,775,3250585600,ru,forget,1.569489,4.804194,-0.07858
curr_td_f20_g1_lr8.25e-5_20260612T191957Z,800,3355443200,ru,forget,1.569723,4.805315,-0.07834
curr_td_f20_g1_lr8.25e-5_20260612T191957Z,825,3460300800,ru,forget,1.570805,4.810521,-0.07726
curr_td_f20_g1_lr8.25e-5_20260612T191957Z,850,3565158400,ru,forget,1.571749,4.815065,-0.07632
curr_td_f20_g1_lr8.25e-5_20260612T191957Z,875,3670016000,ru,forget,1.572933,4.820767,-0.07513
curr_td_f20_g1_lr8.25e-5_20260612T191957Z,900,3774873600,ru,forget,1.576188,4.836486,-0.07188
curr_td_f20_g1_lr8.25e-5_20260612T191957Z,925,3879731200,ru,forget,1.575009,4.830786,-0.07306
curr_td_f20_g1_lr8.25e-5_20260612T191957Z,950,3984588800,ru,forget,1.57639,4.837462,-0.07167
curr_td_f20_g1_lr8.25e-5_20260612T191957Z,975,4089446400,ru,forget,1.595936,4.932945,-0.05213
curr_td_f20_g1_lr8.25e-5_20260612T191957Z,1000,4194304000,ru,forget,1.578122,4.845846,-0.06994
curr_td_f20_g1_lr8.25e-5_20260612T191957Z,1025,4299161600,ru,forget,1.581505,4.862268,-0.06656
curr_td_f20_g1_lr8.25e-5_20260612T191957Z,1050,4404019200,ru,forget,1.579273,4.851428,-0.06879
curr_td_f20_g1_lr8.25e-5_20260612T191957Z,1075,4508876800,ru,forget,1.579917,4.854551,-0.06815
curr_td_f20_g1_lr8.25e-5_20260612T191957Z,1100,4613734400,ru,forget,1.581776,4.863587,-0.06629
curr_td_f20_g1_lr8.25e-5_20260612T191957Z,1125,4718592000,ru,forget,1.582091,4.865117,-0.06597
curr_td_f20_g1_lr8.25e-5_20260612T191957Z,1150,4823449600,ru,forget,1.581328,4.861408,-0.06674
curr_td_f20_g1_lr8.25e-5_20260612T191957Z,1175,4928307200,ru,forget,1.581609,4.862774,-0.06646
curr_td_f20_g1_lr8.25e-5_20260612T191957Z,1200,5033164800,ru,forget,1.586853,4.888339,-0.06121
curr_td_f20_g1_lr8.25e-5_20260612T191957Z,1225,5138022400,ru,forget,1.583859,4.873728,-0.06421
curr_td_f20_g1_lr8.25e-5_20260612T191957Z,1250,5242880000,ru,forget,1.586833,4.888244,-0.06123
curr_td_f20_g1_lr8.25e-5_20260612T191957Z,1275,5347737600,ru,forget,1.586109,4.884707,-0.06196
curr_td_f20_g1_lr8.25e-5_20260612T191957Z,1300,5452595200,ru,forget,1.590499,4.906198,-0.05757
curr_td_f20_g1_lr8.25e-5_20260612T191957Z,1325,5557452800,ru,forget,1.586318,4.885727,-0.06175
curr_td_f20_g1_lr8.25e-5_20260612T191957Z,1350,5662310400,ru,forget,1.589535,4.901468,-0.05853
curr_td_f20_g1_lr8.25e-5_20260612T191957Z,1375,5767168000,ru,forget,1.594501,4.925871,-0.05356
curr_td_f20_g1_lr8.25e-5_20260612T191957Z,1400,5872025600,ru,forget,1.593448,4.920688,-0.05462
curr_td_f20_g1_lr8.25e-5_20260612T191957Z,1425,5976883200,ru,forget,1.590532,4.906359,-0.05753
curr_td_f20_g1_lr8.25e-5_20260612T191957Z,1450,6081740800,ru,forget,1.591218,4.909726,-0.05685
curr_td_f20_g1_lr8.25e-5_20260612T191957Z,1475,6186598400,ru,forget,1.59257,4.916369,-0.05549
curr_td_f20_g1_lr8.25e-5_20260612T191957Z,1500,6291456000,ru,forget,1.596586,4.936151,-0.05148
curr_td_f20_g1_lr8.25e-5_20260612T191957Z,1525,6396313600,ru,forget,1.59562,4.931385,-0.05244
curr_td_f20_g1_lr8.25e-5_20260612T191957Z,1550,6501171200,ru,forget,1.594859,4.927634,-0.05321
curr_td_f20_g1_lr8.25e-5_20260612T191957Z,1575,6606028800,ru,forget,1.594603,4.926375,-0.05346
curr_td_f20_g1_lr8.25e-5_20260612T191957Z,1600,6710886400,ru,forget,1.595757,4.932061,-0.05231
curr_td_f20_g1_lr8.25e-5_20260612T191957Z,1625,6815744000,ru,forget,1.598179,4.944023,-0.04989
curr_td_f20_g1_lr8.25e-5_20260612T191957Z,1650,6920601600,ru,forget,1.608955,4.997585,-0.03911
curr_td_f20_g1_lr8.25e-5_20260612T191957Z,1675,7025459200,ru,forget,1.598135,4.943805,-0.04993
curr_td_f20_g1_lr8.25e-5_20260612T191957Z,1700,7130316800,ru,forget,1.600521,4.955612,-0.04754
curr_td_f20_g1_lr8.25e-5_20260612T191957Z,1725,7235174400,ru,forget,1.600167,4.953857,-0.0479
curr_td_f20_g1_lr8.25e-5_20260612T191957Z,1750,7340032000,ru,forget,1.60089,4.957442,-0.04717
curr_td_f20_g1_lr8.25e-5_20260612T191957Z,1775,7444889600,ru,forget,1.602112,4.963503,-0.04595
curr_td_f20_g1_lr8.25e-5_20260612T191957Z,1800,7549747200,ru,forget,1.603163,4.968725,-0.0449
curr_td_f20_g1_lr8.25e-5_20260612T191957Z,1825,7654604800,ru,forget,1.603089,4.968358,-0.04498
curr_td_f20_g1_lr8.25e-5_20260612T191957Z,1850,7759462400,ru,forget,1.603114,4.968483,-0.04495
curr_td_f20_g1_lr8.25e-5_20260612T191957Z,1875,7864320000,ru,forget,1.606879,4.987221,-0.04119
curr_td_f20_g1_lr8.25e-5_20260612T191957Z,1900,7969177600,ru,forget,1.608408,4.994855,-0.03966
curr_td_f20_g1_lr8.25e-5_20260612T191957Z,1925,8074035200,ru,forget,1.608923,4.997427,-0.03914
curr_td_f20_g1_lr8.25e-5_20260612T191957Z,1950,8178892800,ru,forget,1.607203,4.988839,-0.04086
curr_td_f20_g1_lr8.25e-5_20260612T191957Z,1975,8283750400,ru,forget,1.60931,4.999361,-0.03875
curr_td_f20_g1_lr8.25e-5_20260612T191957Z,2000,8388608000,ru,forget,1.608891,4.997268,-0.03917
curr_td_f20_g1_lr8.25e-5_20260612T191957Z,2025,8493465600,ru,forget,1.610247,5.004049,-0.03782
curr_td_f20_g1_lr8.25e-5_20260612T191957Z,2050,8598323200,ru,forget,1.61104,5.008019,-0.03702
curr_td_f20_g1_lr8.25e-5_20260612T191957Z,2075,8703180800,ru,forget,1.612936,5.017521,-0.03513
curr_td_f20_g1_lr8.25e-5_20260612T191957Z,2100,8808038400,ru,forget,1.615572,5.030767,-0.03249
curr_td_f20_g1_lr8.25e-5_20260612T191957Z,2125,8912896000,ru,forget,1.612999,5.017839,-0.03507
curr_td_f20_g1_lr8.25e-5_20260612T191957Z,2150,9017753600,ru,forget,1.613865,5.022182,-0.0342
curr_td_f20_g1_lr8.25e-5_20260612T191957Z,2175,9122611200,ru,forget,1.615654,5.031175,-0.03241
curr_td_f20_g1_lr8.25e-5_20260612T191957Z,2200,9227468800,ru,forget,1.616809,5.03699,-0.03126
curr_td_f20_g1_lr8.25e-5_20260612T191957Z,2225,9332326400,ru,forget,1.616516,5.035516,-0.03155
curr_td_f20_g1_lr8.25e-5_20260612T191957Z,2250,9437184000,ru,forget,1.617909,5.042536,-0.03016
curr_td_f20_g1_lr8.25e-5_20260612T191957Z,2275,9542041600,ru,forget,1.623297,5.069777,-0.02477
curr_td_f20_g1_lr8.25e-5_20260612T191957Z,2300,9646899200,ru,forget,1.622773,5.067121,-0.02529
curr_td_f20_g1_lr8.25e-5_20260612T191957Z,2325,9751756800,ru,forget,1.623222,5.069398,-0.02484
curr_td_f20_g1_lr8.25e-5_20260612T191957Z,2350,9856614400,ru,forget,1.623435,5.070478,-0.02463
curr_td_f20_g1_lr8.25e-5_20260612T191957Z,2375,9961472000,ru,forget,1.626219,5.084614,-0.02185
curr_td_f20_g1_lr8.25e-5_20260612T191957Z,2400,10066329600,ru,forget,1.627078,5.088984,-0.02099
curr_td_f20_g1_lr8.25e-5_20260612T191957Z,2425,10171187200,ru,forget,1.627659,5.091939,-0.02041
curr_td_f20_g1_lr8.25e-5_20260612T191957Z,2450,10276044800,ru,forget,1.628994,5.098745,-0.01907
curr_td_f20_g1_lr8.25e-5_20260612T191957Z,2475,10380902400,ru,forget,1.628545,5.096456,-0.01952
curr_td_f20_g1_lr8.25e-5_20260612T191957Z,2500,10485760000,ru,forget,1.630574,5.106806,-0.01749
curr_td_f20_g1_lr8.25e-5_20260612T191957Z,2525,10590617600,ru,forget,1.632427,5.116276,-0.01564
curr_td_f20_g1_lr8.25e-5_20260612T191957Z,2550,10695475200,ru,forget,1.631882,5.113489,-0.01618
curr_td_f20_g1_lr8.25e-5_20260612T191957Z,2575,10800332800,ru,forget,1.633433,5.121428,-0.01463
curr_td_f20_g1_lr8.25e-5_20260612T191957Z,2600,10905190400,ru,forget,1.635157,5.130266,-0.01291
curr_td_f20_g1_lr8.25e-5_20260612T191957Z,2625,11010048000,ru,forget,1.634635,5.127584,-0.01343
curr_td_f20_g1_lr8.25e-5_20260612T191957Z,2650,11114905600,ru,forget,1.632828,5.118331,-0.01524
curr_td_f20_g1_lr8.25e-5_20260612T191957Z,2675,11219763200,ru,forget,1.632849,5.118435,-0.01522
curr_td_f20_g1_lr8.25e-5_20260612T191957Z,2700,11324620800,ru,forget,1.633401,5.121264,-0.01466
curr_td_f20_g1_lr8.25e-5_20260612T191957Z,2725,11429478400,ru,forget,1.634002,5.124344,-0.01406
curr_td_f20_g1_lr8.25e-5_20260612T191957Z,2750,11534336000,ru,forget,1.632824,5.118307,-0.01524
curr_td_f20_g1_lr8.25e-5_20260612T191957Z,2775,11639193600,ru,forget,1.633932,5.123985,-0.01413
curr_td_f20_g1_lr8.25e-5_20260612T191957Z,2800,11744051200,ru,forget,1.633004,5.119228,-0.01506
curr_td_f20_g1_lr8.25e-5_20260612T191957Z,2825,11848908800,ru,forget,1.633405,5.121283,-0.01466
curr_td_f20_g1_lr8.25e-5_20260612T191957Z,2850,11953766400,ru,forget,1.633941,5.124027,-0.01412
curr_td_f20_g1_lr8.25e-5_20260612T191957Z,2875,12058624000,ru,forget,1.631978,5.113978,-0.01609
curr_td_f20_g1_lr8.25e-5_20260612T191957Z,2900,12163481600,ru,forget,1.631573,5.11191,-0.01649
curr_td_f20_g1_lr8.25e-5_20260612T191957Z,2925,12268339200,ru,forget,1.631213,5.11007,-0.01685
curr_td_f20_g1_lr8.25e-5_20260612T191957Z,2950,12373196800,ru,forget,1.631042,5.109195,-0.01702
curr_td_f20_g1_lr8.25e-5_20260612T191957Z,2975,12478054400,ru,forget,1.630534,5.106601,-0.01753
curr_td_f20_g1_lr8.25e-5_20260612T191957Z,3000,12582912000,ru,forget,1.630706,5.107477,-0.01736
curr_td_f20_g1_lr8.25e-5_20260612T191957Z,3025,12687769600,ru,forget,1.62982,5.102955,-0.01824
curr_td_f20_g1_lr8.25e-5_20260612T191957Z,3050,12792627200,ru,forget,1.629425,5.100942,-0.01864
curr_td_f20_g1_lr8.25e-5_20260612T191957Z,3075,12897484800,ru,forget,1.629289,5.100246,-0.01878
curr_td_f20_g1_lr8.25e-5_20260612T191957Z,3100,13002342400,ru,forget,1.630154,5.104658,-0.01791
curr_td_f20_g1_lr8.25e-5_20260612T191957Z,3125,13107200000,ru,forget,1.629752,5.102611,-0.01831
curr_td_f20_g1_lr8.25e-5_20260612T191957Z,3150,13212057600,ru,forget,1.629011,5.098831,-0.01905
curr_td_f20_g1_lr8.25e-5_20260612T191957Z,3175,13316915200,ru,forget,1.628735,5.097421,-0.01933
curr_td_f20_g1_lr8.25e-5_20260612T191957Z,3200,13421772800,ru,forget,1.629345,5.100535,-0.01872
curr_td_f20_g1_lr8.25e-5_20260612T191957Z,25,104857600,zh,forget,1.908382,6.74217,0.0
curr_td_f20_g1_lr8.25e-5_20260612T191957Z,50,209715200,zh,forget,1.849235,6.354954,-0.05915
curr_td_f20_g1_lr8.25e-5_20260612T191957Z,75,314572800,zh,forget,1.810047,6.110734,-0.09834
curr_td_f20_g1_lr8.25e-5_20260612T191957Z,100,419430400,zh,forget,1.790208,5.990699,-0.11817
curr_td_f20_g1_lr8.25e-5_20260612T191957Z,125,524288000,zh,forget,1.781479,5.938636,-0.1269
curr_td_f20_g1_lr8.25e-5_20260612T191957Z,150,629145600,zh,forget,1.775631,5.904004,-0.13275
curr_td_f20_g1_lr8.25e-5_20260612T191957Z,175,734003200,zh,forget,1.772573,5.885981,-0.13581
curr_td_f20_g1_lr8.25e-5_20260612T191957Z,200,838860800,zh,forget,1.770713,5.875039,-0.13767
curr_td_f20_g1_lr8.25e-5_20260612T191957Z,225,943718400,zh,forget,1.766848,5.852379,-0.14153
curr_td_f20_g1_lr8.25e-5_20260612T191957Z,250,1048576000,zh,forget,1.767709,5.85742,-0.14067
curr_td_f20_g1_lr8.25e-5_20260612T191957Z,275,1153433600,zh,forget,1.770376,5.873061,-0.13801
curr_td_f20_g1_lr8.25e-5_20260612T191957Z,300,1258291200,zh,forget,1.76718,5.854321,-0.1412
curr_td_f20_g1_lr8.25e-5_20260612T191957Z,325,1363148800,zh,forget,1.768755,5.863547,-0.13963
curr_td_f20_g1_lr8.25e-5_20260612T191957Z,350,1468006400,zh,forget,1.767286,5.854939,-0.1411
curr_td_f20_g1_lr8.25e-5_20260612T191957Z,375,1572864000,zh,forget,1.76827,5.860703,-0.14011
curr_td_f20_g1_lr8.25e-5_20260612T191957Z,400,1677721600,zh,forget,1.77071,5.875026,-0.13767
curr_td_f20_g1_lr8.25e-5_20260612T191957Z,425,1782579200,zh,forget,1.769718,5.869197,-0.13866
curr_td_f20_g1_lr8.25e-5_20260612T191957Z,450,1887436800,zh,forget,1.771483,5.879565,-0.1369
curr_td_f20_g1_lr8.25e-5_20260612T191957Z,475,1992294400,zh,forget,1.771627,5.880416,-0.13675
curr_td_f20_g1_lr8.25e-5_20260612T191957Z,500,2097152000,zh,forget,1.772902,5.887914,-0.13548
curr_td_f20_g1_lr8.25e-5_20260612T191957Z,525,2202009600,zh,forget,1.770266,5.872413,-0.13812
curr_td_f20_g1_lr8.25e-5_20260612T191957Z,550,2306867200,zh,forget,1.77032,5.872734,-0.13806
curr_td_f20_g1_lr8.25e-5_20260612T191957Z,575,2411724800,zh,forget,1.773089,5.889019,-0.13529
curr_td_f20_g1_lr8.25e-5_20260612T191957Z,600,2516582400,zh,forget,1.773292,5.890213,-0.13509
curr_td_f20_g1_lr8.25e-5_20260612T191957Z,625,2621440000,zh,forget,1.778301,5.919793,-0.13008
curr_td_f20_g1_lr8.25e-5_20260612T191957Z,650,2726297600,zh,forget,1.773734,5.892815,-0.13465
curr_td_f20_g1_lr8.25e-5_20260612T191957Z,675,2831155200,zh,forget,1.773687,5.892538,-0.1347
curr_td_f20_g1_lr8.25e-5_20260612T191957Z,700,2936012800,zh,forget,1.780031,5.93004,-0.12835
curr_td_f20_g1_lr8.25e-5_20260612T191957Z,725,3040870400,zh,forget,1.778611,5.921628,-0.12977
curr_td_f20_g1_lr8.25e-5_20260612T191957Z,750,3145728000,zh,forget,1.778261,5.919556,-0.13012
curr_td_f20_g1_lr8.25e-5_20260612T191957Z,775,3250585600,zh,forget,1.777281,5.913755,-0.1311
curr_td_f20_g1_lr8.25e-5_20260612T191957Z,800,3355443200,zh,forget,1.778819,5.922859,-0.12956
curr_td_f20_g1_lr8.25e-5_20260612T191957Z,825,3460300800,zh,forget,1.779642,5.927735,-0.12874
curr_td_f20_g1_lr8.25e-5_20260612T191957Z,850,3565158400,zh,forget,1.780406,5.932263,-0.12798
curr_td_f20_g1_lr8.25e-5_20260612T191957Z,875,3670016000,zh,forget,1.781453,5.938477,-0.12693
curr_td_f20_g1_lr8.25e-5_20260612T191957Z,900,3774873600,zh,forget,1.785427,5.962124,-0.12295
curr_td_f20_g1_lr8.25e-5_20260612T191957Z,925,3879731200,zh,forget,1.78402,5.953741,-0.12436
curr_td_f20_g1_lr8.25e-5_20260612T191957Z,950,3984588800,zh,forget,1.785573,5.962993,-0.12281
curr_td_f20_g1_lr8.25e-5_20260612T191957Z,975,4089446400,zh,forget,1.804803,6.078773,-0.10358
curr_td_f20_g1_lr8.25e-5_20260612T191957Z,1000,4194304000,zh,forget,1.788666,5.981466,-0.11972
curr_td_f20_g1_lr8.25e-5_20260612T191957Z,1025,4299161600,zh,forget,1.790444,5.992113,-0.11794
curr_td_f20_g1_lr8.25e-5_20260612T191957Z,1050,4404019200,zh,forget,1.788982,5.983361,-0.1194
curr_td_f20_g1_lr8.25e-5_20260612T191957Z,1075,4508876800,zh,forget,1.790662,5.993418,-0.11772
curr_td_f20_g1_lr8.25e-5_20260612T191957Z,1100,4613734400,zh,forget,1.791678,5.999509,-0.1167
curr_td_f20_g1_lr8.25e-5_20260612T191957Z,1125,4718592000,zh,forget,1.793053,6.007767,-0.11533
curr_td_f20_g1_lr8.25e-5_20260612T191957Z,1150,4823449600,zh,forget,1.793024,6.007592,-0.11536
curr_td_f20_g1_lr8.25e-5_20260612T191957Z,1175,4928307200,zh,forget,1.792953,6.007166,-0.11543
curr_td_f20_g1_lr8.25e-5_20260612T191957Z,1200,5033164800,zh,forget,1.798153,6.038485,-0.11023
curr_td_f20_g1_lr8.25e-5_20260612T191957Z,1225,5138022400,zh,forget,1.794533,6.016663,-0.11385
curr_td_f20_g1_lr8.25e-5_20260612T191957Z,1250,5242880000,zh,forget,1.797794,6.036317,-0.11059
curr_td_f20_g1_lr8.25e-5_20260612T191957Z,1275,5347737600,zh,forget,1.796866,6.030716,-0.11152
curr_td_f20_g1_lr8.25e-5_20260612T191957Z,1300,5452595200,zh,forget,1.799872,6.048875,-0.10851
curr_td_f20_g1_lr8.25e-5_20260612T191957Z,1325,5557452800,zh,forget,1.796572,6.028946,-0.11181
curr_td_f20_g1_lr8.25e-5_20260612T191957Z,1350,5662310400,zh,forget,1.80008,6.050133,-0.1083
curr_td_f20_g1_lr8.25e-5_20260612T191957Z,1375,5767168000,zh,forget,1.807532,6.095388,-0.10085
curr_td_f20_g1_lr8.25e-5_20260612T191957Z,1400,5872025600,zh,forget,1.806025,6.086204,-0.10236
curr_td_f20_g1_lr8.25e-5_20260612T191957Z,1425,5976883200,zh,forget,1.802433,6.064387,-0.10595
curr_td_f20_g1_lr8.25e-5_20260612T191957Z,1450,6081740800,zh,forget,1.803312,6.069717,-0.10507
curr_td_f20_g1_lr8.25e-5_20260612T191957Z,1475,6186598400,zh,forget,1.804733,6.078351,-0.10365
curr_td_f20_g1_lr8.25e-5_20260612T191957Z,1500,6291456000,zh,forget,1.810941,6.116197,-0.09744
curr_td_f20_g1_lr8.25e-5_20260612T191957Z,1525,6396313600,zh,forget,1.809433,6.106985,-0.09895
curr_td_f20_g1_lr8.25e-5_20260612T191957Z,1550,6501171200,zh,forget,1.807196,6.093339,-0.10119
curr_td_f20_g1_lr8.25e-5_20260612T191957Z,1575,6606028800,zh,forget,1.807912,6.097704,-0.10047
curr_td_f20_g1_lr8.25e-5_20260612T191957Z,1600,6710886400,zh,forget,1.809286,6.106085,-0.0991
curr_td_f20_g1_lr8.25e-5_20260612T191957Z,1625,6815744000,zh,forget,1.812132,6.123491,-0.09625
curr_td_f20_g1_lr8.25e-5_20260612T191957Z,1650,6920601600,zh,forget,1.822008,6.184261,-0.08637
curr_td_f20_g1_lr8.25e-5_20260612T191957Z,1675,7025459200,zh,forget,1.81169,6.120784,-0.09669
curr_td_f20_g1_lr8.25e-5_20260612T191957Z,1700,7130316800,zh,forget,1.814291,6.136723,-0.09409
curr_td_f20_g1_lr8.25e-5_20260612T191957Z,1725,7235174400,zh,forget,1.814781,6.139731,-0.0936
curr_td_f20_g1_lr8.25e-5_20260612T191957Z,1750,7340032000,zh,forget,1.815353,6.143245,-0.09303
curr_td_f20_g1_lr8.25e-5_20260612T191957Z,1775,7444889600,zh,forget,1.817819,6.158415,-0.09056
curr_td_f20_g1_lr8.25e-5_20260612T191957Z,1800,7549747200,zh,forget,1.819103,6.166323,-0.08928
curr_td_f20_g1_lr8.25e-5_20260612T191957Z,1825,7654604800,zh,forget,1.818715,6.163933,-0.08967
curr_td_f20_g1_lr8.25e-5_20260612T191957Z,1850,7759462400,zh,forget,1.818432,6.162191,-0.08995
curr_td_f20_g1_lr8.25e-5_20260612T191957Z,1875,7864320000,zh,forget,1.822755,6.188884,-0.08563
curr_td_f20_g1_lr8.25e-5_20260612T191957Z,1900,7969177600,zh,forget,1.825656,6.206866,-0.08273
curr_td_f20_g1_lr8.25e-5_20260612T191957Z,1925,8074035200,zh,forget,1.824871,6.201998,-0.08351
curr_td_f20_g1_lr8.25e-5_20260612T191957Z,1950,8178892800,zh,forget,1.824746,6.201221,-0.08364
curr_td_f20_g1_lr8.25e-5_20260612T191957Z,1975,8283750400,zh,forget,1.826614,6.212812,-0.08177
curr_td_f20_g1_lr8.25e-5_20260612T191957Z,2000,8388608000,zh,forget,1.826617,6.212835,-0.08177
curr_td_f20_g1_lr8.25e-5_20260612T191957Z,2025,8493465600,zh,forget,1.828148,6.222354,-0.08023
curr_td_f20_g1_lr8.25e-5_20260612T191957Z,2050,8598323200,zh,forget,1.828657,6.225523,-0.07973
curr_td_f20_g1_lr8.25e-5_20260612T191957Z,2075,8703180800,zh,forget,1.831372,6.242449,-0.07701
curr_td_f20_g1_lr8.25e-5_20260612T191957Z,2100,8808038400,zh,forget,1.833868,6.258048,-0.07451
curr_td_f20_g1_lr8.25e-5_20260612T191957Z,2125,8912896000,zh,forget,1.831578,6.243729,-0.0768
curr_td_f20_g1_lr8.25e-5_20260612T191957Z,2150,9017753600,zh,forget,1.833435,6.255337,-0.07495
curr_td_f20_g1_lr8.25e-5_20260612T191957Z,2175,9122611200,zh,forget,1.83501,6.265196,-0.07337
curr_td_f20_g1_lr8.25e-5_20260612T191957Z,2200,9227468800,zh,forget,1.835798,6.270136,-0.07258
curr_td_f20_g1_lr8.25e-5_20260612T191957Z,2225,9332326400,zh,forget,1.835662,6.269282,-0.07272
curr_td_f20_g1_lr8.25e-5_20260612T191957Z,2250,9437184000,zh,forget,1.838004,6.283983,-0.07038
curr_td_f20_g1_lr8.25e-5_20260612T191957Z,2275,9542041600,zh,forget,1.844712,6.326279,-0.06367
curr_td_f20_g1_lr8.25e-5_20260612T191957Z,2300,9646899200,zh,forget,1.843253,6.317054,-0.06513
curr_td_f20_g1_lr8.25e-5_20260612T191957Z,2325,9751756800,zh,forget,1.843602,6.319258,-0.06478
curr_td_f20_g1_lr8.25e-5_20260612T191957Z,2350,9856614400,zh,forget,1.843763,6.320278,-0.06462
curr_td_f20_g1_lr8.25e-5_20260612T191957Z,2375,9961472000,zh,forget,1.846514,6.337687,-0.06187
curr_td_f20_g1_lr8.25e-5_20260612T191957Z,2400,10066329600,zh,forget,1.84885,6.352507,-0.05953
curr_td_f20_g1_lr8.25e-5_20260612T191957Z,2425,10171187200,zh,forget,1.849403,6.356026,-0.05898
curr_td_f20_g1_lr8.25e-5_20260612T191957Z,2450,10276044800,zh,forget,1.851705,6.370671,-0.05668
curr_td_f20_g1_lr8.25e-5_20260612T191957Z,2475,10380902400,zh,forget,1.850736,6.3645,-0.05765
curr_td_f20_g1_lr8.25e-5_20260612T191957Z,2500,10485760000,zh,forget,1.852887,6.378206,-0.0555
curr_td_f20_g1_lr8.25e-5_20260612T191957Z,2525,10590617600,zh,forget,1.855303,6.393636,-0.05308
curr_td_f20_g1_lr8.25e-5_20260612T191957Z,2550,10695475200,zh,forget,1.855205,6.39301,-0.05318
curr_td_f20_g1_lr8.25e-5_20260612T191957Z,2575,10800332800,zh,forget,1.856501,6.401301,-0.05188
curr_td_f20_g1_lr8.25e-5_20260612T191957Z,2600,10905190400,zh,forget,1.859322,6.419384,-0.04906
curr_td_f20_g1_lr8.25e-5_20260612T191957Z,2625,11010048000,zh,forget,1.859013,6.417402,-0.04937
curr_td_f20_g1_lr8.25e-5_20260612T191957Z,2650,11114905600,zh,forget,1.856782,6.403096,-0.0516
curr_td_f20_g1_lr8.25e-5_20260612T191957Z,2675,11219763200,zh,forget,1.856663,6.402338,-0.05172
curr_td_f20_g1_lr8.25e-5_20260612T191957Z,2700,11324620800,zh,forget,1.857188,6.405697,-0.05119
curr_td_f20_g1_lr8.25e-5_20260612T191957Z,2725,11429478400,zh,forget,1.858225,6.412343,-0.05016
curr_td_f20_g1_lr8.25e-5_20260612T191957Z,2750,11534336000,zh,forget,1.856842,6.403485,-0.05154
curr_td_f20_g1_lr8.25e-5_20260612T191957Z,2775,11639193600,zh,forget,1.857755,6.409329,-0.05063
curr_td_f20_g1_lr8.25e-5_20260612T191957Z,2800,11744051200,zh,forget,1.856774,6.403049,-0.05161
curr_td_f20_g1_lr8.25e-5_20260612T191957Z,2825,11848908800,zh,forget,1.85781,6.409681,-0.05057
curr_td_f20_g1_lr8.25e-5_20260612T191957Z,2850,11953766400,zh,forget,1.858937,6.416911,-0.04944
curr_td_f20_g1_lr8.25e-5_20260612T191957Z,2875,12058624000,zh,forget,1.855825,6.396975,-0.05256
curr_td_f20_g1_lr8.25e-5_20260612T191957Z,2900,12163481600,zh,forget,1.855047,6.391998,-0.05334
curr_td_f20_g1_lr8.25e-5_20260612T191957Z,2925,12268339200,zh,forget,1.854693,6.389735,-0.05369
curr_td_f20_g1_lr8.25e-5_20260612T191957Z,2950,12373196800,zh,forget,1.854736,6.390009,-0.05365
curr_td_f20_g1_lr8.25e-5_20260612T191957Z,2975,12478054400,zh,forget,1.853833,6.384242,-0.05455
curr_td_f20_g1_lr8.25e-5_20260612T191957Z,3000,12582912000,zh,forget,1.853962,6.385065,-0.05442
curr_td_f20_g1_lr8.25e-5_20260612T191957Z,3025,12687769600,zh,forget,1.853038,6.379169,-0.05534
curr_td_f20_g1_lr8.25e-5_20260612T191957Z,3050,12792627200,zh,forget,1.852467,6.375527,-0.05591
curr_td_f20_g1_lr8.25e-5_20260612T191957Z,3075,12897484800,zh,forget,1.852267,6.374252,-0.05611
curr_td_f20_g1_lr8.25e-5_20260612T191957Z,3100,13002342400,zh,forget,1.853416,6.381585,-0.05497
curr_td_f20_g1_lr8.25e-5_20260612T191957Z,3125,13107200000,zh,forget,1.852977,6.378779,-0.0554
curr_td_f20_g1_lr8.25e-5_20260612T191957Z,3150,13212057600,zh,forget,1.852026,6.372714,-0.05636
curr_td_f20_g1_lr8.25e-5_20260612T191957Z,3175,13316915200,zh,forget,1.851374,6.368566,-0.05701
curr_td_f20_g1_lr8.25e-5_20260612T191957Z,3200,13421772800,zh,forget,1.85268,6.376886,-0.0557
