review_queue_id,source_doc_id,review_tasks,priority_reasons,candidate_error_type_ids,candidate_action,confidence,quality_bin,host,url,chars_before,doc_text_path,review_label,review_true_error_type_ids,review_correct_action,review_good_text_loss_risk,review_false_positive_reason,review_false_negative_error_ids,review_notes
rq_0001_f07b0cc545,hplt::10_1.jsonl.zst::1fbd938fe31d06c3f9c71e20d3960004,"[""precision_E017""]","[""candidate_error_E017""]","[""E009"", ""E010"", ""E017""]",quarantine,0.210546875,10,docplayer.gr,http://docplayer.gr/132094-Emporio-vasiki-pigi-anaptyxis-kai-apasholisis-gia-tin-ee.html,66375,/capstor/scratch/cscs/fffoivos/runs/05_token_distillation_cpt/hplt_cleaning/05_hplt_cleaning_inventory_resume_20260605T165145Z/experiments/review_bundle_20260605T165151Z/docs/f07b0cc545324545.txt,,[],,,,[],
rq_0002_ef7f4d1c98,hplt::10_1.jsonl.zst::2d1495a12d56f9a24d65e5dcf912d2da,"[""destructive_action_review"", ""precision_E014""]","[""candidate_action_drop_doc"", ""candidate_error_E014""]","[""E014""]",drop_doc,1.0,10,docplayer.gr,http://docplayer.gr/7803649-Plirofories-gia-daskaloys-koinonikofs-leitoyrgofs-kai-omades-nzon.html,23698,/capstor/scratch/cscs/fffoivos/runs/05_token_distillation_cpt/hplt_cleaning/05_hplt_cleaning_inventory_resume_20260605T165145Z/experiments/review_bundle_20260605T165151Z/docs/ef7f4d1c98a3e228.txt,,[],,,,[],
rq_0003_c122dcdb03,hplt::10_1.jsonl.zst::2f7ddce3e70619e1ce95c3fc7e11925e,"[""destructive_action_review"", ""precision_E014""]","[""candidate_action_drop_doc"", ""candidate_error_E014""]","[""E004"", ""E014"", ""E017""]",drop_doc,1.0,10,docplayer.gr,http://docplayer.gr/1898387-Dlos-a-d-south-east-europe-programme-see.html,39093,/capstor/scratch/cscs/fffoivos/runs/05_token_distillation_cpt/hplt_cleaning/05_hplt_cleaning_inventory_resume_20260605T165145Z/experiments/review_bundle_20260605T165151Z/docs/c122dcdb03f120f7.txt,,[],,,,[],
rq_0004_97ae683816,hplt::10_1.jsonl.zst::31e0f1e5320833f0c6809e5a32debc82,"[""precision_E007""]","[""candidate_error_E007""]","[""E004"", ""E007"", ""E010"", ""E017"", ""E019""]",quarantine,0.20775238369028795,10,docplayer.gr,http://docplayer.gr/8429375-Leonteio-lykeio-neas-smyrnis-th-sofoyli-2-171-22-nea-smyrni-til-2109418011-fax.html,41742,/capstor/scratch/cscs/fffoivos/runs/05_token_distillation_cpt/hplt_cleaning/05_hplt_cleaning_inventory_resume_20260605T165145Z/experiments/review_bundle_20260605T165151Z/docs/97ae683816d97906.txt,,[],,,,[],
rq_0005_7f663a6dd8,hplt::10_1.jsonl.zst::37ecc60c1a36a2bc607bf2afeadc1e3a,"[""precision_E009""]","[""candidate_error_E009""]","[""E004"", ""E009"", ""E010"", ""E017""]",quarantine,0.15987256534646296,10,docplayer.gr,http://docplayer.gr/3903158-Elliniki-dimokratia-nomos-magnisias-dimos-voloy-dimotiki-enotita-voloy-dieythynsi-tehnikon-ypiresion-grafeio-antidimarhoy-volos-24-5-2012-ar-prot.html,41433,/capstor/scratch/cscs/fffoivos/runs/05_token_distillation_cpt/hplt_cleaning/05_hplt_cleaning_inventory_resume_20260605T165145Z/experiments/review_bundle_20260605T165151Z/docs/7f663a6dd8b85fb8.txt,,[],,,,[],
rq_0006_b588183720,hplt::10_1.jsonl.zst::613c7e957f5ac3f0fd4db6edc4f6dc80,"[""precision_E003"", ""precision_E017""]","[""candidate_error_E003"", ""candidate_error_E017""]","[""E003"", ""E007"", ""E015"", ""E017"", ""E019""]",quarantine,0.8564913772738009,10,docplayer.gr,http://docplayer.gr/5527116-Glossario-afirimeni-syntaxi-afirimeno-syntaktiko-dendro-asd-afirimenos-typos-prospelastiki-parapompi-haraktirismos-prospelasimotitas.html,23792,/capstor/scratch/cscs/fffoivos/runs/05_token_distillation_cpt/hplt_cleaning/05_hplt_cleaning_inventory_resume_20260605T165145Z/experiments/review_bundle_20260605T165151Z/docs/b5881837202997d1.txt,,[],,,,[],
rq_0007_645fbd97fc,hplt::10_1.jsonl.zst::653f39dd2b716f076b29eed540934d29,"[""destructive_action_review"", ""precision_E014""]","[""candidate_action_drop_doc"", ""candidate_error_E014""]","[""E014""]",drop_doc,1.0,10,docplayer.gr,http://docplayer.gr/2218008-Kopo-si-dkthdi-pdridhomdna.html,39906,/capstor/scratch/cscs/fffoivos/runs/05_token_distillation_cpt/hplt_cleaning/05_hplt_cleaning_inventory_resume_20260605T165145Z/experiments/review_bundle_20260605T165151Z/docs/645fbd97fc9666c4.txt,,[],,,,[],
rq_0008_e1b61ccf6e,hplt::10_1.jsonl.zst::65d0dd4750a03b30ae569cd811567b0f,"[""precision_E006""]","[""candidate_error_E006""]","[""E006"", ""E007"", ""E009"", ""E010""]",quarantine,0.46567307692307697,10,erimosiparalia.blogspot.com,http://erimosiparalia.blogspot.com/2008/10/blog-post_22.html,9825,/capstor/scratch/cscs/fffoivos/runs/05_token_distillation_cpt/hplt_cleaning/05_hplt_cleaning_inventory_resume_20260605T165145Z/experiments/review_bundle_20260605T165151Z/docs/e1b61ccf6e3d04c5.txt,,[],,,,[],
rq_0009_03f0875949,hplt::10_1.jsonl.zst::682bf46d0fffbd2d657cdf1d46715ac6,"[""destructive_action_review"", ""precision_E016""]","[""candidate_action_drop_doc"", ""candidate_error_E016""]","[""E016"", ""E017""]",drop_doc,0.2580271241083441,10,el.tipsandtrics.com,https://el.tipsandtrics.com/improve-your-hard-drive-s-health-with-drive-genius-3-753512,13131,/capstor/scratch/cscs/fffoivos/runs/05_token_distillation_cpt/hplt_cleaning/05_hplt_cleaning_inventory_resume_20260605T165145Z/experiments/review_bundle_20260605T165151Z/docs/03f087594966d50a.txt,,[],,,,[],
rq_0010_4898ecab80,hplt::10_1.jsonl.zst::9a5d5f516fdbbf772ee80e2fde1f6a8e,"[""precision_E017""]","[""candidate_error_E017""]","[""E004"", ""E017""]",quarantine,0.20854355869492094,10,sikam.wordpress.com,http://sikam.wordpress.com/2010/01/23/%CE%B2%CE%B9%CE%B2%CE%BB%CE%B9%CE%BF-%CE%B3%CE%BB%CF%89%CF%83%CF%83%CE%B1%CF%82-%CE%B1-%CE%B4%CE%B7%CE%BC%CE%BF%CF%84%CE%B9%CE%BA%CE%BF%CF%85-%CE%BC%CE%B9%CE%B1-%CF%80%CF%81%CF%89%CF%84%CE%B7-%CE%B1/,11892,/capstor/scratch/cscs/fffoivos/runs/05_token_distillation_cpt/hplt_cleaning/05_hplt_cleaning_inventory_resume_20260605T165145Z/experiments/review_bundle_20260605T165151Z/docs/4898ecab809486ce.txt,,[],,,,[],
rq_0011_d88846e578,hplt::10_1.jsonl.zst::9f039ac48a9cb085e9377fa80b992534,"[""destructive_action_review"", ""precision_E014""]","[""candidate_action_drop_doc"", ""candidate_error_E014""]","[""E014""]",drop_doc,1.0,10,docplayer.gr,http://docplayer.gr/42618513-Praini-vivlo-zreiitha-ke-iel-pnifieia-isl-gesxgithpsl-pxntflisl-pxfippa-pxntflisl-apaiiizeio-gia-ie-gesxgithi-paxagsgi-thai-zpziikaia-pnifieiao.html,29931,/capstor/scratch/cscs/fffoivos/runs/05_token_distillation_cpt/hplt_cleaning/05_hplt_cleaning_inventory_resume_20260605T165145Z/experiments/review_bundle_20260605T165151Z/docs/d88846e5788babe7.txt,,[],,,,[],
rq_0012_9d353edd06,hplt::10_1.jsonl.zst::a0154a81615109d29ca9cfd2e374be3f,"[""precision_E008""]","[""candidate_error_E008""]","[""E004"", ""E006"", ""E007"", ""E008"", ""E009"", ""E017"", ""E019""]",quarantine,0.45517857142857143,10,www.refurbishstore.gr,https://www.refurbishstore.gr/%CF%80%CE%BF%CE%BB%CE%B9%CF%84%CE%B9%CE%BA%CE%AE-%CE%B1%CF%80%CE%BF%CF%81%CF%81%CE%AE%CF%84%CE%BF%CF%85/,11538,/capstor/scratch/cscs/fffoivos/runs/05_token_distillation_cpt/hplt_cleaning/05_hplt_cleaning_inventory_resume_20260605T165145Z/experiments/review_bundle_20260605T165151Z/docs/9d353edd0673f186.txt,,[],,,,[],
rq_0013_208b4deb01,hplt::10_1.jsonl.zst::a4390589ccfca6362ae46bb99049c03d,"[""precision_E009""]","[""candidate_error_E009""]","[""E007"", ""E009"", ""E010"", ""E017"", ""E019""]",quarantine,0.253125,10,oneirokriths.net,https://oneirokriths.net/ermineies-ennoies-oneiron/%CE%BA%CE%AC%CE%BD%CE%B5%CE%B9%20%CE%B3%CE%B9%CE%BF%CE%B3%CE%B9%CF%8C,120089,/capstor/scratch/cscs/fffoivos/runs/05_token_distillation_cpt/hplt_cleaning/05_hplt_cleaning_inventory_resume_20260605T165145Z/experiments/review_bundle_20260605T165151Z/docs/208b4deb0135ac49.txt,,[],,,,[],
rq_0014_0e26b538bd,hplt::10_1.jsonl.zst::aae11de515c5a7d9e9e9ec6b6c23026d,"[""precision_E017""]","[""candidate_error_E017""]","[""E004"", ""E006"", ""E007"", ""E008"", ""E017""]",quarantine,0.35,10,docplayer.gr,http://docplayer.gr/7196785-Mathima-epikoinonies-dedomenon-kai-tehnologies-internet.html,29150,/capstor/scratch/cscs/fffoivos/runs/05_token_distillation_cpt/hplt_cleaning/05_hplt_cleaning_inventory_resume_20260605T165145Z/experiments/review_bundle_20260605T165151Z/docs/0e26b538bd95774b.txt,,[],,,,[],
rq_0015_66e27f6b2b,hplt::10_1.jsonl.zst::ab57fae659f86e75b9e0500b88e481d9,"[""precision_E007"", ""precision_E019""]","[""candidate_error_E007"", ""candidate_error_E019""]","[""E007"", ""E019""]",quarantine,0.13884506153360682,10,beasty.gr,https://beasty.gr/10-vimata-gia-na-ginete-syngrafeas/,6338,/capstor/scratch/cscs/fffoivos/runs/05_token_distillation_cpt/hplt_cleaning/05_hplt_cleaning_inventory_resume_20260605T165145Z/experiments/review_bundle_20260605T165151Z/docs/66e27f6b2b02299c.txt,,[],,,,[],
rq_0016_8051ec2e42,hplt::10_1.jsonl.zst::b430ffebc5f180e23728801ab6f55017,"[""destructive_action_review"", ""precision_E014""]","[""candidate_action_drop_doc"", ""candidate_error_E014""]","[""E004"", ""E014"", ""E017""]",drop_doc,1.0,10,docplayer.gr,http://docplayer.gr/6059500-So-oikologiko-khnos-toy-soyrismof-stthn-ellada.html,47866,/capstor/scratch/cscs/fffoivos/runs/05_token_distillation_cpt/hplt_cleaning/05_hplt_cleaning_inventory_resume_20260605T165145Z/experiments/review_bundle_20260605T165151Z/docs/8051ec2e42dcd12a.txt,,[],,,,[],
rq_0017_c8d6e64363,hplt::10_1.jsonl.zst::b866834f16a44fbcffcbc49385da3a5e,"[""precision_E007"", ""precision_E019""]","[""candidate_error_E007"", ""candidate_error_E019""]","[""E004"", ""E007"", ""E009"", ""E010"", ""E017"", ""E019""]",quarantine,0.253125,10,docplayer.gr,http://docplayer.gr/5874070-Asfaleia-sto-diadiktyo-kai-se-alles-diadrastikes-tehnologies-ereynitiki-ergasia-2oy-tetraminoy-v-lykeioy.html,147461,/capstor/scratch/cscs/fffoivos/runs/05_token_distillation_cpt/hplt_cleaning/05_hplt_cleaning_inventory_resume_20260605T165145Z/experiments/review_bundle_20260605T165151Z/docs/c8d6e643635daebd.txt,,[],,,,[],
rq_0018_2a0eeb1934,hplt::10_1.jsonl.zst::c60c5547fc2d21f27e72edfb0f608833,"[""precision_E004""]","[""candidate_error_E004""]","[""E004"", ""E007"", ""E009"", ""E010"", ""E017"", ""E019""]",quarantine,0.253125,10,docplayer.gr,http://docplayer.gr/1186093-A-fiepoma-oi-ellines-stin-ispania-2-32-afiepoma-gi-ta-myptsi-th-kypiakh-17-ianoyapioy-1999.html,95894,/capstor/scratch/cscs/fffoivos/runs/05_token_distillation_cpt/hplt_cleaning/05_hplt_cleaning_inventory_resume_20260605T165145Z/experiments/review_bundle_20260605T165151Z/docs/2a0eeb1934e1793c.txt,,[],,,,[],
rq_0019_74c48e7d58,hplt::10_1.jsonl.zst::e5356590f59434a546810a210b520bfa,"[""destructive_action_review"", ""precision_E014"", ""precision_E017""]","[""candidate_action_drop_doc"", ""candidate_error_E014"", ""candidate_error_E017""]","[""E004"", ""E010"", ""E014"", ""E017""]",drop_doc,1.0,10,docplayer.gr,http://docplayer.gr/13486500-Kati-tis-proedryas-tis-dimokratyas-ton-athinon-kati-ton-kommiton-kati-voyleyton.html,43309,/capstor/scratch/cscs/fffoivos/runs/05_token_distillation_cpt/hplt_cleaning/05_hplt_cleaning_inventory_resume_20260605T165145Z/experiments/review_bundle_20260605T165151Z/docs/74c48e7d58c7ea74.txt,,[],,,,[],
rq_0020_a8b7b41db4,hplt::8_1.jsonl.zst::006af52e7a4dfb14d48e3130cc9c1863,"[""precision_E004"", ""precision_E008""]","[""candidate_error_E004"", ""candidate_error_E008""]","[""E004"", ""E006"", ""E007"", ""E008"", ""E009"", ""E017""]",quarantine,0.5264393492071395,8,www.welcomemarket.gr,http://www.welcomemarket.gr/wshop/index.php/2015-10-15-09-57-35,20081,/capstor/scratch/cscs/fffoivos/runs/05_token_distillation_cpt/hplt_cleaning/05_hplt_cleaning_inventory_resume_20260605T165145Z/experiments/review_bundle_20260605T165151Z/docs/a8b7b41db4f4b0f3.txt,,[],,,,[],
rq_0021_f51a9fd057,hplt::8_1.jsonl.zst::00bdd0b9f3d7410f3db9551939ddf7e6,"[""destructive_action_review"", ""precision_E014""]","[""candidate_action_drop_doc"", ""candidate_error_E014""]","[""E014""]",drop_doc,1.0,8,paperzz.com,https://paperzz.com/doc/5205157/%CE%B4%CE%B5%CE%BB%CF%84%CE%AF%CE%BF-%CF%84%CF%8D%CF%80%CE%BF%CF%85,3887,/capstor/scratch/cscs/fffoivos/runs/05_token_distillation_cpt/hplt_cleaning/05_hplt_cleaning_inventory_resume_20260605T165145Z/experiments/review_bundle_20260605T165151Z/docs/f51a9fd057bcbc0c.txt,,[],,,,[],
rq_0022_08a8d97e55,hplt::8_1.jsonl.zst::075063b9011c5f8782895c867c30313a,"[""borderline_false_negative_probe""]","[""borderline_no_candidate_error""]",[],keep,0.33155978717446094,8,theatreworld.wordpress.com,https://theatreworld.wordpress.com/2009/05/03/%CF%84%CE%BF-%CE%BC%CE%B5%CE%B3%CE%AC%CE%BB%CE%BF-%CF%80%CE%AD%CF%81%CE%B1%CF%83%CE%BC%CE%B1-%CF%83%CF%84%CE%BF-%CE%B1%CF%80%CF%8C%CE%BB%CF%85%CF%84%CE%BF-%CE%BA%CE%B1%CE%BA%CF%8C-%CE%B7-%CF%81/,3571,/capstor/scratch/cscs/fffoivos/runs/05_token_distillation_cpt/hplt_cleaning/05_hplt_cleaning_inventory_resume_20260605T165145Z/experiments/review_bundle_20260605T165151Z/docs/08a8d97e55eb261c.txt,,[],,,,[],
rq_0023_80259cf7c8,hplt::8_1.jsonl.zst::077d37a9df1afaf0167f3ef82820006c,"[""borderline_false_negative_probe""]","[""borderline_no_candidate_error""]",[],keep,0.25561580170410536,8,www.zougla.gr,https://www.zougla.gr/politismos/sinema-politismos/article/kinimatografikes-premieres-oti-pezi-sta-sinema-apo-23-ianouariou-2020,5164,/capstor/scratch/cscs/fffoivos/runs/05_token_distillation_cpt/hplt_cleaning/05_hplt_cleaning_inventory_resume_20260605T165145Z/experiments/review_bundle_20260605T165151Z/docs/80259cf7c887635f.txt,,[],,,,[],
rq_0024_5999e0e861,hplt::8_1.jsonl.zst::07bbc4e3224daff6bcd1c00c6c529743,"[""destructive_action_review"", ""precision_E010""]","[""candidate_action_drop_doc"", ""candidate_error_E010""]","[""E010"", ""E014""]",drop_doc,0.9925060306207847,8,underinformation.wordpress.com,https://underinformation.wordpress.com/2012/09/11/%CE%B3%CE%B9%CE%B1%CF%84%CE%AF-%CE%B5%CE%B3%CE%BA%CE%B1%CF%84%CE%B1%CE%BB%CE%B5%CE%AF%CF%80%CF%89-%CF%84%CE%B7%CE%BD-%CE%BF%CF%81%CE%B3%CE%AC%CE%BD%CF%89%CF%83%CE%B7-%CF%84%CF%89%CE%BD-%CE%BC/,27791,/capstor/scratch/cscs/fffoivos/runs/05_token_distillation_cpt/hplt_cleaning/05_hplt_cleaning_inventory_resume_20260605T165145Z/experiments/review_bundle_20260605T165151Z/docs/5999e0e86176426b.txt,,[],,,,[],
rq_0025_720467d425,hplt::8_1.jsonl.zst::096626b3f83f5396fafd91cb9436eb06,"[""precision_E010""]","[""candidate_error_E010""]","[""E010""]",quarantine,0.22198805760449597,8,www.sdna.gr,http://www.sdna.gr/podosfairo/superleague/article/329729/kompotis/levadeiakos,8541,/capstor/scratch/cscs/fffoivos/runs/05_token_distillation_cpt/hplt_cleaning/05_hplt_cleaning_inventory_resume_20260605T165145Z/experiments/review_bundle_20260605T165151Z/docs/720467d4254c0d9b.txt,,[],,,,[],
rq_0026_a36011cacb,hplt::8_1.jsonl.zst::0cf5e6f7d6ff737bc1515c626a207ade,"[""false_negative_control""]","[""global_random_no_candidate_error""]",[],keep,0.2787682333873582,8,diplomaticpoint.com,https://diplomaticpoint.com/tag/%CE%B1%CE%BC%CF%85%CE%BD%CE%B1/,2468,/capstor/scratch/cscs/fffoivos/runs/05_token_distillation_cpt/hplt_cleaning/05_hplt_cleaning_inventory_resume_20260605T165145Z/experiments/review_bundle_20260605T165151Z/docs/a36011cacb1e6538.txt,,[],,,,[],
rq_0027_163645182c,hplt::8_1.jsonl.zst::1231c3444bfd779c4ef09fba01b9234c,"[""false_negative_control""]","[""global_random_no_candidate_error""]",[],keep,0.23741935483870968,8,www.laimitomos.com,https://www.laimitomos.com/euro-2020-%CE%B2%CE%AD%CE%BB%CE%B3%CE%B9%CE%BF-vs-%CE%B9%CF%84%CE%B1%CE%BB%CE%AF%CE%B1-%CE%BA%CE%B1%CE%B9-%CE%B5%CE%BB%CE%B2%CE%B5%CF%84%CE%AF%CE%B1-vs-%CE%B9%CF%83%CF%80%CE%B1%CE%BD%CE%AF%CE%B1/,2325,/capstor/scratch/cscs/fffoivos/runs/05_token_distillation_cpt/hplt_cleaning/05_hplt_cleaning_inventory_resume_20260605T165145Z/experiments/review_bundle_20260605T165151Z/docs/163645182c0fd702.txt,,[],,,,[],
rq_0028_d9e7d18c99,hplt::8_1.jsonl.zst::157f458bde6e813d19505f4528f7154c,"[""borderline_false_negative_probe""]","[""borderline_no_candidate_error""]",[],keep,0.2547610681658468,8,www.goalpost.gr,https://www.goalpost.gr/archives/7307,1765,/capstor/scratch/cscs/fffoivos/runs/05_token_distillation_cpt/hplt_cleaning/05_hplt_cleaning_inventory_resume_20260605T165145Z/experiments/review_bundle_20260605T165151Z/docs/d9e7d18c99a39838.txt,,[],,,,[],
rq_0029_6afdf118ad,hplt::8_1.jsonl.zst::15ebc61fa7ecf4097d854871b044cca8,"[""precision_E004""]","[""candidate_error_E004""]","[""E004"", ""E017""]",quarantine,0.20851433536055602,8,maria-tsil.blogspot.com,http://maria-tsil.blogspot.com/2017/09/vankouver-3-public-market-grandville.html,4604,/capstor/scratch/cscs/fffoivos/runs/05_token_distillation_cpt/hplt_cleaning/05_hplt_cleaning_inventory_resume_20260605T165145Z/experiments/review_bundle_20260605T165151Z/docs/6afdf118ad699ecd.txt,,[],,,,[],
rq_0030_6207d36cdb,hplt::8_1.jsonl.zst::1707a4133786533a80459f0e85296f99,"[""precision_E015""]","[""candidate_error_E015""]","[""E015""]",quarantine,1.0,8,nomoi.info,https://nomoi.info/%CE%A6%CE%95%CE%9A-%CE%91-41-2002-%CF%83%CE%B5%CE%BB-1.html,4515,/capstor/scratch/cscs/fffoivos/runs/05_token_distillation_cpt/hplt_cleaning/05_hplt_cleaning_inventory_resume_20260605T165145Z/experiments/review_bundle_20260605T165151Z/docs/6207d36cdba8d032.txt,,[],,,,[],
rq_0031_65a39c2357,hplt::8_1.jsonl.zst::1938b4e3b374c03aaf6de2b0e1bce6f0,"[""destructive_action_review""]","[""candidate_action_trim_span""]","[""E006"", ""E007""]",trim_span,0.6151436781609195,8,www.skroutz.gr,https://www.skroutz.gr/s/174088/%CE%A1%CE%B5%CF%8C%CE%BD%CF%84%CF%89%CE%BD-%CE%AD%CE%BB%CE%B5%CE%B3%CF%87%CE%BF%CF%82.html,1726,/capstor/scratch/cscs/fffoivos/runs/05_token_distillation_cpt/hplt_cleaning/05_hplt_cleaning_inventory_resume_20260605T165145Z/experiments/review_bundle_20260605T165151Z/docs/65a39c2357b70b32.txt,,[],,,,[],
rq_0032_5e10a743f1,hplt::8_1.jsonl.zst::19902f8795ebc733d6a6db973704a2ed,"[""destructive_action_review"", ""precision_E009""]","[""candidate_action_trim_span"", ""candidate_error_E009""]","[""E006"", ""E007"", ""E009""]",trim_span,0.7158333333333333,8,psterpnis.blogspot.com,http://psterpnis.blogspot.com/2014/04/facebook.html,3916,/capstor/scratch/cscs/fffoivos/runs/05_token_distillation_cpt/hplt_cleaning/05_hplt_cleaning_inventory_resume_20260605T165145Z/experiments/review_bundle_20260605T165151Z/docs/5e10a743f17c04d3.txt,,[],,,,[],
rq_0033_e43a3307ce,hplt::8_1.jsonl.zst::19c519f587451ca84a4201043d912485,"[""precision_E019""]","[""candidate_error_E019""]","[""E004"", ""E006"", ""E007"", ""E009"", ""E010"", ""E017"", ""E019""]",quarantine,0.5932843137254902,8,www.insomnia.gr,https://www.insomnia.gr/leaderboard/?in=forums-pid&time=week,9454,/capstor/scratch/cscs/fffoivos/runs/05_token_distillation_cpt/hplt_cleaning/05_hplt_cleaning_inventory_resume_20260605T165145Z/experiments/review_bundle_20260605T165151Z/docs/e43a3307ce9130f4.txt,,[],,,,[],
rq_0034_f624705470,hplt::8_1.jsonl.zst::1b7c88517138c9167ca7c8613b8a83f8,"[""precision_E011"", ""precision_E012""]","[""candidate_error_E011"", ""candidate_error_E012""]","[""E009"", ""E010"", ""E011"", ""E012""]",quarantine,0.557640625,8,averoph.wordpress.com,https://averoph.wordpress.com/tag/%ce%ac%ce%b3%ce%b9%ce%bf%cf%82-%ce%ba%ce%bf%cf%83%ce%bc%ce%ac%cf%82-%ce%bf-%ce%b1%ce%b9%cf%84%cf%89%ce%bb%cf%8c%cf%82/,17445,/capstor/scratch/cscs/fffoivos/runs/05_token_distillation_cpt/hplt_cleaning/05_hplt_cleaning_inventory_resume_20260605T165145Z/experiments/review_bundle_20260605T165151Z/docs/f6247054709062a0.txt,,[],,,,[],
rq_0035_999ddf742f,hplt::8_1.jsonl.zst::1bcd5127b72c487c27360db37caa70bd,"[""precision_E019""]","[""candidate_error_E019""]","[""E004"", ""E006"", ""E009"", ""E017"", ""E019""]",quarantine,0.3529106239490446,8,www.ishtarmedica.com,https://www.ishtarmedica.com/mkb-10-ostryj.htm,101057,/capstor/scratch/cscs/fffoivos/runs/05_token_distillation_cpt/hplt_cleaning/05_hplt_cleaning_inventory_resume_20260605T165145Z/experiments/review_bundle_20260605T165151Z/docs/999ddf742fbaae17.txt,,[],,,,[],
rq_0036_2c07210c14,hplt::8_1.jsonl.zst::1d305202684f965eb457fa375370386d,"[""precision_E003"", ""precision_E004""]","[""candidate_error_E003"", ""candidate_error_E004""]","[""E003"", ""E004"", ""E017""]",quarantine,0.5126984126984127,8,old.isotita.gr,http://old.isotita.gr/index.php/news/2657?theme=print,6529,/capstor/scratch/cscs/fffoivos/runs/05_token_distillation_cpt/hplt_cleaning/05_hplt_cleaning_inventory_resume_20260605T165145Z/experiments/review_bundle_20260605T165151Z/docs/2c07210c144862fd.txt,,[],,,,[],
rq_0037_085ff3626e,hplt::8_1.jsonl.zst::24236636304fab349c26ff6fdff1661d,"[""precision_E020""]","[""candidate_error_E020""]","[""E015"", ""E020""]",keep,0.6091343283582089,8,melesoft.com,http://melesoft.com/bayonetta-vanquish-10th-anniversary-bundle-launch-edition-ps4,788,/capstor/scratch/cscs/fffoivos/runs/05_token_distillation_cpt/hplt_cleaning/05_hplt_cleaning_inventory_resume_20260605T165145Z/experiments/review_bundle_20260605T165151Z/docs/085ff3626e1527d3.txt,,[],,,,[],
rq_0038_ffdaa70425,hplt::8_1.jsonl.zst::26c34b2692486353fe7b2a5ad6199426,"[""borderline_false_negative_probe""]","[""borderline_no_candidate_error""]",[],keep,0.28094101602454824,8,greekmme.blogspot.com,http://greekmme.blogspot.com/2011_08_31_archive.html,2933,/capstor/scratch/cscs/fffoivos/runs/05_token_distillation_cpt/hplt_cleaning/05_hplt_cleaning_inventory_resume_20260605T165145Z/experiments/review_bundle_20260605T165151Z/docs/ffdaa7042589585f.txt,,[],,,,[],
rq_0039_6429541d58,hplt::8_1.jsonl.zst::29ea920483aec968b34baa085c743f60,"[""precision_E014"", ""precision_E015""]","[""candidate_error_E014"", ""candidate_error_E015""]","[""E014"", ""E015""]",quarantine,1.0,8,www.frontpages.gr,https://www.frontpages.gr/d/20200504/128/%CE%9F%CE%BB%CF%8D%CE%BC%CF%80%CE%B9%CE%BF-%CE%92%CE%AE%CE%BC%CE%B1,2595,/capstor/scratch/cscs/fffoivos/runs/05_token_distillation_cpt/hplt_cleaning/05_hplt_cleaning_inventory_resume_20260605T165145Z/experiments/review_bundle_20260605T165151Z/docs/6429541d587de2dc.txt,,[],,,,[],
rq_0040_6ee622c5bb,hplt::8_1.jsonl.zst::2a0b331bf7046b46cc4e70ab8810d3a8,"[""precision_E015""]","[""candidate_error_E015""]","[""E005"", ""E015""]",quarantine,1.0,8,www.dancelink.gr,https://www.dancelink.gr/latinparty/20,2577,/capstor/scratch/cscs/fffoivos/runs/05_token_distillation_cpt/hplt_cleaning/05_hplt_cleaning_inventory_resume_20260605T165145Z/experiments/review_bundle_20260605T165151Z/docs/6ee622c5bb69e211.txt,,[],,,,[],
rq_0041_4e46d8d6c3,hplt::8_1.jsonl.zst::2f197698ac1e8aeb8ad4ce8a1ed0b6a8,"[""precision_E011""]","[""candidate_error_E011""]","[""E006"", ""E007"", ""E009"", ""E011"", ""E012"", ""E019""]",quarantine,0.521284375,8,dorieas.com,http://dorieas.com/nweb/index.php?start=2331,5811,/capstor/scratch/cscs/fffoivos/runs/05_token_distillation_cpt/hplt_cleaning/05_hplt_cleaning_inventory_resume_20260605T165145Z/experiments/review_bundle_20260605T165151Z/docs/4e46d8d6c388159a.txt,,[],,,,[],
rq_0042_05e3c941f9,hplt::8_1.jsonl.zst::2fd6daec070a24bdb8849c983e5b7b1a,"[""precision_E010""]","[""candidate_error_E010""]","[""E010""]",quarantine,0.42057877813504824,8,www.wholeness.gr,https://www.wholeness.gr/2023/01/blog-post_22.html,6220,/capstor/scratch/cscs/fffoivos/runs/05_token_distillation_cpt/hplt_cleaning/05_hplt_cleaning_inventory_resume_20260605T165145Z/experiments/review_bundle_20260605T165151Z/docs/05e3c941f9a3bd24.txt,,[],,,,[],
rq_0043_6a110bf89c,hplt::8_1.jsonl.zst::30dff1a99ed3029e09f14cb834ee4aff,"[""borderline_false_negative_probe""]","[""borderline_no_candidate_error""]",[],keep,0.26180836707152494,8,www.documentonews.gr,https://www.documentonews.gr/article/neos-polemos-gia-seferlh-drag-queen-enantion-toy-epeidh-tha-ypodythei-ton-thryliko-rolo-ths-divine-sto-hairspray/,2964,/capstor/scratch/cscs/fffoivos/runs/05_token_distillation_cpt/hplt_cleaning/05_hplt_cleaning_inventory_resume_20260605T165145Z/experiments/review_bundle_20260605T165151Z/docs/6a110bf89c1a378b.txt,,[],,,,[],
rq_0044_28d56c1e5f,hplt::8_1.jsonl.zst::34cb798529571f01de9b5c6aca17d810,"[""precision_E004"", ""precision_E008""]","[""candidate_error_E004"", ""candidate_error_E008""]","[""E004"", ""E006"", ""E007"", ""E008"", ""E010"", ""E017""]",quarantine,0.5955260507882976,8,rci.gr,http://rci.gr/marousi/-/-/Shop365,30734,/capstor/scratch/cscs/fffoivos/runs/05_token_distillation_cpt/hplt_cleaning/05_hplt_cleaning_inventory_resume_20260605T165145Z/experiments/review_bundle_20260605T165151Z/docs/28d56c1e5ff4483c.txt,,[],,,,[],
rq_0045_7314653fb9,hplt::8_1.jsonl.zst::3504c28dac8473bdfb7eb439488f1a97,"[""precision_E015""]","[""candidate_error_E015""]","[""E004"", ""E015"", ""E017""]",quarantine,1.0,8,dias.library.tuc.gr,https://dias.library.tuc.gr/view/efrbr_meta/92905,3829,/capstor/scratch/cscs/fffoivos/runs/05_token_distillation_cpt/hplt_cleaning/05_hplt_cleaning_inventory_resume_20260605T165145Z/experiments/review_bundle_20260605T165151Z/docs/7314653fb90491c5.txt,,[],,,,[],
rq_0046_c6c4d5c86a,hplt::8_1.jsonl.zst::376f41a131c21535058755fb66526648,"[""precision_E007""]","[""candidate_error_E007""]","[""E004"", ""E006"", ""E007"", ""E009"", ""E010"", ""E017"", ""E019""]",quarantine,0.4225980167941236,8,ergdhmerg.wordpress.com,https://ergdhmerg.wordpress.com/2011/12/18/oi-o%ce%bb%cf%85%ce%bc%cf%80%ce%b9%ce%b1%ce%ba%ce%bf%ce%af-%ce%b1%ce%b3%cf%8e%ce%bd%ce%b5%cf%82-%cf%84%ce%bf%cf%85-%ce%bb%ce%bf%ce%bd%ce%b4%ce%af%ce%bd%ce%bf%cf%85-%ce%bf-%cf%80%cf%81%ce%bf%ce%bc/,31634,/capstor/scratch/cscs/fffoivos/runs/05_token_distillation_cpt/hplt_cleaning/05_hplt_cleaning_inventory_resume_20260605T165145Z/experiments/review_bundle_20260605T165151Z/docs/c6c4d5c86a495de9.txt,,[],,,,[],
rq_0047_0f8a796ac4,hplt::8_1.jsonl.zst::37f3b19de24c8de63694f488338702a3,"[""precision_E015""]","[""candidate_error_E015""]","[""E015""]",quarantine,1.0,8,dias.library.tuc.gr,https://dias.library.tuc.gr/view/efrbr_meta/97800,4972,/capstor/scratch/cscs/fffoivos/runs/05_token_distillation_cpt/hplt_cleaning/05_hplt_cleaning_inventory_resume_20260605T165145Z/experiments/review_bundle_20260605T165151Z/docs/0f8a796ac44a562e.txt,,[],,,,[],
rq_0048_feb8e39fb0,hplt::8_1.jsonl.zst::38c200808c475f52942cddef6bc6f37f,"[""destructive_action_review""]","[""candidate_action_trim_span""]","[""E006"", ""E007"", ""E008"", ""E009""]",trim_span,0.609816384180791,8,www.patriotaki.net,http://www.patriotaki.net/μετανάστευση-στις-ηπα-99/γάμος-αμερικανιδας-με-ελληνα-7035/,5270,/capstor/scratch/cscs/fffoivos/runs/05_token_distillation_cpt/hplt_cleaning/05_hplt_cleaning_inventory_resume_20260605T165145Z/experiments/review_bundle_20260605T165151Z/docs/feb8e39fb0b0c7db.txt,,[],,,,[],
rq_0049_1fea4a81bc,hplt::8_1.jsonl.zst::39d6c4f6c07f076e2d6fc51c76133669,"[""precision_E005""]","[""candidate_error_E005""]","[""E005"", ""E009"", ""E010""]",quarantine,0.4183867291376472,8,smerdaleos.wordpress.com,https://smerdaleos.wordpress.com/tag/%CF%80%CE%B1%CE%BC%CF%86%CF%85%CE%BB%CE%AF%CE%B1/,7897,/capstor/scratch/cscs/fffoivos/runs/05_token_distillation_cpt/hplt_cleaning/05_hplt_cleaning_inventory_resume_20260605T165145Z/experiments/review_bundle_20260605T165151Z/docs/1fea4a81bc79272f.txt,,[],,,,[],
rq_0050_d5ac1b0cd5,hplt::8_1.jsonl.zst::39f613e578c36bbb9c3846010579f30c,"[""false_negative_control""]","[""global_random_no_candidate_error""]",[],keep,0.13114754098360656,8,www.eleftherostypos.gr,https://www.eleftherostypos.gr/diethni/285419-o-patriarxis-moschas-episkepftike-ton-oikoumenikoi-patriarxi-vartholomaio/,1952,/capstor/scratch/cscs/fffoivos/runs/05_token_distillation_cpt/hplt_cleaning/05_hplt_cleaning_inventory_resume_20260605T165145Z/experiments/review_bundle_20260605T165151Z/docs/d5ac1b0cd5e7d6e4.txt,,[],,,,[],
rq_0051_2dd99b7c6d,hplt::8_1.jsonl.zst::3bac2a56e83d3211b811f665507b4e0c,"[""precision_E011""]","[""candidate_error_E011""]","[""E006"", ""E007"", ""E009"", ""E010"", ""E011""]",quarantine,0.4612260416666667,8,anyfantis.blogspot.gr,http://anyfantis.blogspot.gr/search?updated-max=2008-06-03T21:26:00%2B03:00,13259,/capstor/scratch/cscs/fffoivos/runs/05_token_distillation_cpt/hplt_cleaning/05_hplt_cleaning_inventory_resume_20260605T165145Z/experiments/review_bundle_20260605T165151Z/docs/2dd99b7c6d4e8e96.txt,,[],,,,[],
rq_0052_45b319d926,hplt::8_1.jsonl.zst::3dd74dfc4b764b9a7615006e75fd7cd1,"[""false_negative_control""]","[""global_random_no_candidate_error""]",[],keep,0.10619469026548672,8,tospitakimou.gr,https://tospitakimou.gr/simboules-gia-to-spiti/symvoyles-kathariotitas/afairesh-moyxlas-apo-mpaniera-se-2-lepta/,2712,/capstor/scratch/cscs/fffoivos/runs/05_token_distillation_cpt/hplt_cleaning/05_hplt_cleaning_inventory_resume_20260605T165145Z/experiments/review_bundle_20260605T165151Z/docs/45b319d926dea70f.txt,,[],,,,[],
rq_0053_78fa21c716,hplt::8_1.jsonl.zst::41565ede1d6a980f40e90951e0d504c5,"[""precision_E011"", ""precision_E012""]","[""candidate_error_E011"", ""candidate_error_E012""]","[""E010"", ""E011"", ""E012"", ""E019""]",quarantine,0.5448885416666667,8,community.sff.gr,http://community.sff.gr/topic/1735-%CF%8C%CF%81%CE%B9%CE%BF-%CE%BA%CF%84/,37031,/capstor/scratch/cscs/fffoivos/runs/05_token_distillation_cpt/hplt_cleaning/05_hplt_cleaning_inventory_resume_20260605T165145Z/experiments/review_bundle_20260605T165151Z/docs/78fa21c7163ce4d9.txt,,[],,,,[],
rq_0054_6fd39306d4,hplt::8_1.jsonl.zst::418b3233fd7a52ae611d3b30b7f748ab,"[""precision_E010""]","[""candidate_error_E010""]","[""E004"", ""E009"", ""E010"", ""E017""]",quarantine,0.31893645833333334,8,human-philosophie.blogspot.gr,http://human-philosophie.blogspot.gr/,73393,/capstor/scratch/cscs/fffoivos/runs/05_token_distillation_cpt/hplt_cleaning/05_hplt_cleaning_inventory_resume_20260605T165145Z/experiments/review_bundle_20260605T165151Z/docs/6fd39306d4a35eb3.txt,,[],,,,[],
rq_0055_67649119d2,hplt::8_1.jsonl.zst::42551507b10e1d0891655826578ea977,"[""precision_E010""]","[""candidate_error_E010""]","[""E004"", ""E010"", ""E017"", ""E019""]",quarantine,0.34759560772434683,8,attikanea.info,https://attikanea.info/%CE%B7-%CF%83%CE%B7%CE%BC%CE%B5%CF%81%CE%B9%CE%BD%CE%AE-%CE%B4%CE%B9%CE%BF%CE%AF%CE%BA%CE%B7%CF%83%CE%B7-%CF%84%CE%B7%CF%82-%CE%B5%CE%BA%CE%BA%CE%BB%CE%B7%CF%83%CE%AF%CE%B1%CF%82-%CE%BA%CE%B1%CE%B8/,10564,/capstor/scratch/cscs/fffoivos/runs/05_token_distillation_cpt/hplt_cleaning/05_hplt_cleaning_inventory_resume_20260605T165145Z/experiments/review_bundle_20260605T165151Z/docs/67649119d26ec063.txt,,[],,,,[],
rq_0056_397abe23f0,hplt::8_1.jsonl.zst::4568b185217d242d7aef408256d2321a,"[""precision_E017""]","[""candidate_error_E017""]","[""E017""]",quarantine,0.2903575297941495,8,www.gastronomos.gr,https://www.gastronomos.gr/syntagh/kagianas-paradosiakos/147811/,1846,/capstor/scratch/cscs/fffoivos/runs/05_token_distillation_cpt/hplt_cleaning/05_hplt_cleaning_inventory_resume_20260605T165145Z/experiments/review_bundle_20260605T165151Z/docs/397abe23f029b515.txt,,[],,,,[],
rq_0057_d55bf0f7c2,hplt::8_1.jsonl.zst::46bc6e5789b573180454c81f422b0c9f,"[""false_negative_control""]","[""global_random_no_candidate_error""]",[],keep,0.08771929824561403,8,www.cosmosnews.com.cy,https://www.cosmosnews.com.cy/%CF%80%CE%B5%CF%84%CE%BF%CF%8D%CE%BD-%CF%83%CF%84%CE%BF%CE%BD-%CE%B4%CF%81%CF%8C%CE%BC%CE%BF-87%CF%87%CF%81%CE%BF%CE%BD%CE%B7-%CE%B8%CF%8D%CE%BC%CE%B1-%CE%B1%CF%80%CE%AC%CF%84%CE%B7%CF%82-%CE%B1%CF%80/,912,/capstor/scratch/cscs/fffoivos/runs/05_token_distillation_cpt/hplt_cleaning/05_hplt_cleaning_inventory_resume_20260605T165145Z/experiments/review_bundle_20260605T165151Z/docs/d55bf0f7c2ad12e8.txt,,[],,,,[],
rq_0058_7ef86fc1b6,hplt::8_1.jsonl.zst::4b165f197494f637e881fdce77d2da25,"[""precision_E017""]","[""candidate_error_E017""]","[""E004"", ""E010"", ""E017""]",quarantine,0.2845565060783431,8,themakriti.gr,https://themakriti.gr/tag/dimos-minoa-pediados/,4442,/capstor/scratch/cscs/fffoivos/runs/05_token_distillation_cpt/hplt_cleaning/05_hplt_cleaning_inventory_resume_20260605T165145Z/experiments/review_bundle_20260605T165151Z/docs/7ef86fc1b6c4461a.txt,,[],,,,[],
rq_0059_7dc40eeef3,hplt::8_1.jsonl.zst::4b3141774640d2dd6aa077343b1c8a25,"[""precision_E007"", ""precision_E008"", ""precision_E020""]","[""candidate_error_E007"", ""candidate_error_E008"", ""candidate_error_E020""]","[""E006"", ""E007"", ""E008"", ""E015"", ""E020""]",keep,0.626687331536388,8,www.pokemon.com.gr,http://www.pokemon.com.gr/wordpress/?p=1344,879,/capstor/scratch/cscs/fffoivos/runs/05_token_distillation_cpt/hplt_cleaning/05_hplt_cleaning_inventory_resume_20260605T165145Z/experiments/review_bundle_20260605T165151Z/docs/7dc40eeef3b95748.txt,,[],,,,[],
rq_0060_7a3e33fc5f,hplt::8_1.jsonl.zst::4b75165a4de5e22cc2479c990a13c91d,"[""precision_E006""]","[""candidate_error_E006""]","[""E006"", ""E007"", ""E009"", ""E010""]",quarantine,0.5833333333333334,8,www.greekcomics.gr,https://www.greekcomics.gr/forums/index.php?/search/&tags=Pop%20Gun%20War,7818,/capstor/scratch/cscs/fffoivos/runs/05_token_distillation_cpt/hplt_cleaning/05_hplt_cleaning_inventory_resume_20260605T165145Z/experiments/review_bundle_20260605T165151Z/docs/7a3e33fc5f9c5584.txt,,[],,,,[],
rq_0061_bc724b8d1b,hplt::8_1.jsonl.zst::4da7a6598fc74caba97cf52d90c465c3,"[""false_negative_control""]","[""global_random_no_candidate_error""]",[],keep,0.25396825396825395,8,overtheplace.wordpress.com,https://overtheplace.wordpress.com/2015/03/31/coffe-book-tag/,3402,/capstor/scratch/cscs/fffoivos/runs/05_token_distillation_cpt/hplt_cleaning/05_hplt_cleaning_inventory_resume_20260605T165145Z/experiments/review_bundle_20260605T165151Z/docs/bc724b8d1b5bba75.txt,,[],,,,[],
rq_0062_8c0b8d89b9,hplt::8_1.jsonl.zst::5020520b4304ce094ee29a2eca9b46e8,"[""false_negative_control""]","[""global_random_no_candidate_error""]",[],keep,0.18037974683544303,8,www.powergame.gr,https://www.powergame.gr/diethni/735136/ratan-tata-apeviose-o-proin-proedros-tou-indikou-omilou-tata/,2528,/capstor/scratch/cscs/fffoivos/runs/05_token_distillation_cpt/hplt_cleaning/05_hplt_cleaning_inventory_resume_20260605T165145Z/experiments/review_bundle_20260605T165151Z/docs/8c0b8d89b907c779.txt,,[],,,,[],
rq_0063_48f9ed4528,hplt::8_1.jsonl.zst::5113847fa74cdcafb5f905d0abdae62a,"[""borderline_false_negative_probe""]","[""borderline_no_candidate_error""]",[],keep,0.34048168921148136,8,www.stereanews.gr,https://www.stereanews.gr/2018/06/10/%CE%BE%CE%B1%CE%BD%CE%AC-%CF%83%CF%84%CE%BF-%CF%84%CE%B9%CE%BC%CF%8C%CE%BD%CE%B9-%CF%84%CE%BF%CF%85-%CE%B7%CF%81%CE%B1%CE%BA%CE%BB%CE%AE-%CF%88%CE%B1%CF%87%CE%BD%CF%8E%CE%BD-%CE%BF-%CE%B3%CE%B9%CF%8E/,3031,/capstor/scratch/cscs/fffoivos/runs/05_token_distillation_cpt/hplt_cleaning/05_hplt_cleaning_inventory_resume_20260605T165145Z/experiments/review_bundle_20260605T165151Z/docs/48f9ed45280cea9e.txt,,[],,,,[],
rq_0064_e1e1dfb568,hplt::8_1.jsonl.zst::530781bdead0f36e586733123e9eb86d,"[""precision_E013"", ""precision_E018""]","[""candidate_error_E013"", ""candidate_error_E018""]","[""E004"", ""E010"", ""E013"", ""E017"", ""E018""]",quarantine,0.4666666666666666,8,www.freepen.gr,https://www.freepen.gr/2020/02/sertao_18.html,8477,/capstor/scratch/cscs/fffoivos/runs/05_token_distillation_cpt/hplt_cleaning/05_hplt_cleaning_inventory_resume_20260605T165145Z/experiments/review_bundle_20260605T165151Z/docs/e1e1dfb568ef5f49.txt,,[],,,,[],
rq_0065_68cc4ce22d,hplt::8_1.jsonl.zst::5394b0dbfdbe020a46335961ecdaf3f3,"[""borderline_false_negative_probe""]","[""borderline_no_candidate_error""]",[],keep,0.32126308563583317,8,digitaltvinfo.gr,http://digitaltvinfo.gr/index.php?option=com_magazine&task=viewArticle&id=5364&Itemid=104,5827,/capstor/scratch/cscs/fffoivos/runs/05_token_distillation_cpt/hplt_cleaning/05_hplt_cleaning_inventory_resume_20260605T165145Z/experiments/review_bundle_20260605T165151Z/docs/68cc4ce22da036bf.txt,,[],,,,[],
rq_0066_91b8f203ab,hplt::8_1.jsonl.zst::58a7b3cf26c97f07fb77ddabcfcb5e75,"[""precision_E019""]","[""candidate_error_E019""]","[""E006"", ""E007"", ""E009"", ""E010"", ""E019""]",quarantine,0.6133333333333333,8,www.unpolitical.gr,http://www.unpolitical.gr/2017/01/blog-post_532.html,5858,/capstor/scratch/cscs/fffoivos/runs/05_token_distillation_cpt/hplt_cleaning/05_hplt_cleaning_inventory_resume_20260605T165145Z/experiments/review_bundle_20260605T165151Z/docs/91b8f203abadc14d.txt,,[],,,,[],
rq_0067_fa2b105dc2,hplt::8_1.jsonl.zst::5904551e002a5cb6ec5cfddea8a05309,"[""precision_E010""]","[""candidate_error_E010""]","[""E010""]",quarantine,0.2578441835645678,8,www.tothemaonline.com,https://www.tothemaonline.com/Article/384781/daskalakhs-kata-pispirigkoy-syndew-toys-thanatoys-twn-paidiwn-mas-me-toys-hwrismoys-%E2%80%93-emmonikh-h-zhlia-ths,4685,/capstor/scratch/cscs/fffoivos/runs/05_token_distillation_cpt/hplt_cleaning/05_hplt_cleaning_inventory_resume_20260605T165145Z/experiments/review_bundle_20260605T165151Z/docs/fa2b105dc21f9f69.txt,,[],,,,[],
rq_0068_d30420697f,hplt::8_1.jsonl.zst::5df589604105d0074cd0af1f5e994256,"[""false_negative_control""]","[""global_random_no_candidate_error""]",[],keep,0.14962593516209477,8,www.bladi-dz.com,https://www.bladi-dz.com/el/%CF%80%CF%81%CE%B1%CE%BA%CF%84%CE%B9%CE%BA%CE%AE-%CE%B6%CF%89%CE%AE-el/%CE%B1%CF%83%CF%86%CE%B1%CE%BB%CE%AE%CF%82-%CF%84%CE%B1%CE%BE%CE%AF%CE%B4%CE%B9%CE%B1-%CE%BC%CE%B5-%CF%83%CE%BA%CF%8D%CE%BB%CE%BF%CF%85%CF%82-%CF%80%CF%8E%CF%82-%CE%BD%CE%B1-%CE%B4%CE%AD%CE%BD%CE%B5/,4812,/capstor/scratch/cscs/fffoivos/runs/05_token_distillation_cpt/hplt_cleaning/05_hplt_cleaning_inventory_resume_20260605T165145Z/experiments/review_bundle_20260605T165151Z/docs/d30420697f7d7312.txt,,[],,,,[],
rq_0069_17ad96d483,hplt::8_1.jsonl.zst::62a067c7e30aa0a4bba774db3648d552,"[""precision_E005""]","[""candidate_error_E005""]","[""E005""]",quarantine,0.7930763178599528,8,anekdota.duckdns.org,http://anekdota.duckdns.org/2015/0571.html,1271,/capstor/scratch/cscs/fffoivos/runs/05_token_distillation_cpt/hplt_cleaning/05_hplt_cleaning_inventory_resume_20260605T165145Z/experiments/review_bundle_20260605T165151Z/docs/17ad96d48372cf1d.txt,,[],,,,[],
rq_0070_81a9eebdca,hplt::8_1.jsonl.zst::6415a95d0e9ff6afdea43316a0308e43,"[""false_negative_control""]","[""global_random_no_candidate_error""]",[],keep,0.10053859964093358,8,www.libre.gr,https://www.libre.gr/2021/12/27/lockdown-sta-kentra-diaskedasis-kai-ta-klamp/,1671,/capstor/scratch/cscs/fffoivos/runs/05_token_distillation_cpt/hplt_cleaning/05_hplt_cleaning_inventory_resume_20260605T165145Z/experiments/review_bundle_20260605T165151Z/docs/81a9eebdca03af9c.txt,,[],,,,[],
rq_0071_bb3426c760,hplt::8_1.jsonl.zst::66efd12f517a05df4127c60a640f6ba1,"[""precision_E020""]","[""candidate_error_E020""]","[""E020""]",keep,0.11976047904191617,8,uniformnews.gr,https://uniformnews.gr/tag/%CE%B1-%CF%84-%CE%BB%CE%B5%CF%85%CE%BA%CE%BF%CF%8D-%CF%80%CF%8D%CF%81%CE%B3%CE%BF%CF%85/,668,/capstor/scratch/cscs/fffoivos/runs/05_token_distillation_cpt/hplt_cleaning/05_hplt_cleaning_inventory_resume_20260605T165145Z/experiments/review_bundle_20260605T165151Z/docs/bb3426c760a0c599.txt,,[],,,,[],
rq_0072_5960b71c01,hplt::8_1.jsonl.zst::67033bf95448db132f9e72d2aa877e98,"[""destructive_action_review"", ""precision_E009""]","[""candidate_action_trim_span"", ""candidate_error_E009""]","[""E006"", ""E007"", ""E009""]",trim_span,0.6817911255411255,8,www.foulscode.com,https://www.foulscode.com/2015/12/z.html,4928,/capstor/scratch/cscs/fffoivos/runs/05_token_distillation_cpt/hplt_cleaning/05_hplt_cleaning_inventory_resume_20260605T165145Z/experiments/review_bundle_20260605T165151Z/docs/5960b71c01bd7c6c.txt,,[],,,,[],
rq_0073_0ef71437ed,hplt::8_1.jsonl.zst::692fc5ec1b074e531b7dbfdbc993d406,"[""false_negative_control""]","[""global_random_no_candidate_error""]",[],keep,0.27184466019417475,8,www.ammonbooks.gr,https://www.ammonbooks.gr/product/ta-xotika-tou-topou-mas/,1442,/capstor/scratch/cscs/fffoivos/runs/05_token_distillation_cpt/hplt_cleaning/05_hplt_cleaning_inventory_resume_20260605T165145Z/experiments/review_bundle_20260605T165151Z/docs/0ef71437ed91cda8.txt,,[],,,,[],
rq_0074_81619a37b4,hplt::8_1.jsonl.zst::69ddc6917dcef482df8bb2bbc1bc2cdf,"[""precision_E014""]","[""candidate_error_E014""]","[""E014""]",quarantine,0.7969792865362486,8,www.frontpages.gr,https://www.frontpages.gr/d/20180719/104/%CE%91%CE%BD%CE%B5%CE%BE%CE%AC%CF%81%CF%84%CE%B7%CF%84%CE%BF%CF%82,1185,/capstor/scratch/cscs/fffoivos/runs/05_token_distillation_cpt/hplt_cleaning/05_hplt_cleaning_inventory_resume_20260605T165145Z/experiments/review_bundle_20260605T165151Z/docs/81619a37b40313c4.txt,,[],,,,[],
rq_0075_e4dcf14b68,hplt::8_1.jsonl.zst::6d51de3081606db6ccb9275fc7a14262,"[""false_negative_control""]","[""global_random_no_candidate_error""]",[],keep,0.12863327149041434,8,www.giveandfund.com,https://www.giveandfund.com/giveandfund/project/Eleni-Fragelaki,1617,/capstor/scratch/cscs/fffoivos/runs/05_token_distillation_cpt/hplt_cleaning/05_hplt_cleaning_inventory_resume_20260605T165145Z/experiments/review_bundle_20260605T165151Z/docs/e4dcf14b68d751e3.txt,,[],,,,[],
rq_0076_e07fdc8774,hplt::8_1.jsonl.zst::6e83f3ccf508c33411acb18e66ad5ab4,"[""false_negative_control""]","[""global_random_no_candidate_error""]",[],keep,0.23253796095444684,8,www.huffingtonpost.gr,https://www.huffingtonpost.gr/entry/peripoe-19000-aiteseis-sto-proyramma-kinoemai-elektrika-2_gr_650fe53be4b088d5608c4b3c,2305,/capstor/scratch/cscs/fffoivos/runs/05_token_distillation_cpt/hplt_cleaning/05_hplt_cleaning_inventory_resume_20260605T165145Z/experiments/review_bundle_20260605T165151Z/docs/e07fdc8774f6efeb.txt,,[],,,,[],
rq_0077_7f4d6fa885,hplt::8_1.jsonl.zst::6fb536a1c2e400667ae3d5d1050bbfed,"[""false_negative_control""]","[""global_random_no_candidate_error""]",[],keep,0.13785900783289817,8,futurewarfare.gr,https://futurewarfare.gr/2024/05/06/to-kinhto-systhma-hlektronikou-polemou-pulsar-parousiase-h-anduril/,1915,/capstor/scratch/cscs/fffoivos/runs/05_token_distillation_cpt/hplt_cleaning/05_hplt_cleaning_inventory_resume_20260605T165145Z/experiments/review_bundle_20260605T165151Z/docs/7f4d6fa885b1ddda.txt,,[],,,,[],
rq_0078_850243d236,hplt::8_1.jsonl.zst::771061a005dfe227f268153304dcc3f1,"[""borderline_false_negative_probe""]","[""borderline_no_candidate_error""]",[],keep,0.24507192328183272,8,nobile.gr,https://nobile.gr/mia-mitera-metraei-ta-astra-to-sympan-9/,3754,/capstor/scratch/cscs/fffoivos/runs/05_token_distillation_cpt/hplt_cleaning/05_hplt_cleaning_inventory_resume_20260605T165145Z/experiments/review_bundle_20260605T165151Z/docs/850243d2364c12b2.txt,,[],,,,[],
rq_0079_1e6edc703a,hplt::8_1.jsonl.zst::78707527a1086c1ada9330e005a93e5d,"[""precision_E006""]","[""candidate_error_E006""]","[""E004"", ""E006"", ""E007"", ""E017""]",quarantine,0.6933962264150944,8,dealsmonster.gr,http://dealsmonster.gr/beauty/-/-/lampes,9413,/capstor/scratch/cscs/fffoivos/runs/05_token_distillation_cpt/hplt_cleaning/05_hplt_cleaning_inventory_resume_20260605T165145Z/experiments/review_bundle_20260605T165151Z/docs/1e6edc703a5d3099.txt,,[],,,,[],
rq_0080_92e798fc66,hplt::8_1.jsonl.zst::78e5fadc5d900e917a03f24e3395bb7a,"[""precision_E017""]","[""candidate_error_E017""]","[""E010"", ""E017""]",quarantine,0.16981680721139866,8,alexander-hellas.blogspot.com,http://alexander-hellas.blogspot.com/2012_10_19_archive.html,17195,/capstor/scratch/cscs/fffoivos/runs/05_token_distillation_cpt/hplt_cleaning/05_hplt_cleaning_inventory_resume_20260605T165145Z/experiments/review_bundle_20260605T165151Z/docs/92e798fc66eb85c3.txt,,[],,,,[],
rq_0081_00706e7ad2,hplt::8_1.jsonl.zst::80bea28837eab3c86cc177c94f0b3701,"[""precision_E005""]","[""candidate_error_E005""]","[""E005"", ""E010""]",quarantine,0.4396715097915351,8,ykmt.blogspot.gr,http://ykmt.blogspot.gr/2007_02_01_archive.html,7915,/capstor/scratch/cscs/fffoivos/runs/05_token_distillation_cpt/hplt_cleaning/05_hplt_cleaning_inventory_resume_20260605T165145Z/experiments/review_bundle_20260605T165151Z/docs/00706e7ad2d7fc73.txt,,[],,,,[],
rq_0082_325bf5a84f,hplt::8_1.jsonl.zst::813308ed8cf73ff96b40423ad4c83955,"[""false_negative_control""]","[""global_random_no_candidate_error""]",[],keep,0.20412595005428882,8,www.kirkinews.gr,https://www.kirkinews.gr/athlitismos-politismos/sto-pantheon-ton-megalon-evergeton-i-oikogeneia-martinou/,1842,/capstor/scratch/cscs/fffoivos/runs/05_token_distillation_cpt/hplt_cleaning/05_hplt_cleaning_inventory_resume_20260605T165145Z/experiments/review_bundle_20260605T165151Z/docs/325bf5a84f1a2744.txt,,[],,,,[],
rq_0083_c740f0a62f,hplt::8_1.jsonl.zst::847f5390c3c25f0bd7675906a9ac9327,"[""borderline_false_negative_probe""]","[""borderline_no_candidate_error""]",[],keep,0.24572702501857815,8,ka-boom-girl.blogspot.com,http://ka-boom-girl.blogspot.com/2013/09/blog-post_4497.html,4037,/capstor/scratch/cscs/fffoivos/runs/05_token_distillation_cpt/hplt_cleaning/05_hplt_cleaning_inventory_resume_20260605T165145Z/experiments/review_bundle_20260605T165151Z/docs/c740f0a62fe3da5e.txt,,[],,,,[],
rq_0084_11aca6539b,hplt::8_1.jsonl.zst::863f21b1d9f197a492ded8cf1cf1729c,"[""borderline_false_negative_probe""]","[""borderline_no_candidate_error""]",[],keep,0.2824207492795389,8,atexnos.gr,https://atexnos.gr/%CE%B4%CE%B5%CE%B8-%CF%83%CF%85%CE%BD%CE%AD%CE%BD%CF%84%CE%B5%CF%85%CE%BE%CE%B7-%CF%84%CF%83%CE%AF%CF%80%CF%81%CE%B1-%CE%B5%CF%80%CE%BF%CE%B9%CE%BA%CE%BF%CE%B4%CE%BF%CE%BC%CE%B7%CF%84%CE%B9/,2776,/capstor/scratch/cscs/fffoivos/runs/05_token_distillation_cpt/hplt_cleaning/05_hplt_cleaning_inventory_resume_20260605T165145Z/experiments/review_bundle_20260605T165151Z/docs/11aca6539bf4697b.txt,,[],,,,[],
rq_0085_bd904be146,hplt::8_1.jsonl.zst::8bd5616b03bdc4fc160e54e17617cf83,"[""false_negative_control""]","[""global_random_no_candidate_error""]",[],keep,0.2321970975362808,8,www.4troxoi.gr,http://www.4troxoi.gr/default.php?pname=Article&cat_id=4&art_id=14305,2963,/capstor/scratch/cscs/fffoivos/runs/05_token_distillation_cpt/hplt_cleaning/05_hplt_cleaning_inventory_resume_20260605T165145Z/experiments/review_bundle_20260605T165151Z/docs/bd904be1465d739a.txt,,[],,,,[],
rq_0086_1b1d6dd63e,hplt::8_1.jsonl.zst::8ebf19164173c4a459466b42e1c643a4,"[""precision_E008""]","[""candidate_error_E008""]","[""E008"", ""E009"", ""E010""]",quarantine,0.37952292633295054,8,psigmataorthodoxias.blogspot.com,http://psigmataorthodoxias.blogspot.com/2014_05_01_archive.html,28642,/capstor/scratch/cscs/fffoivos/runs/05_token_distillation_cpt/hplt_cleaning/05_hplt_cleaning_inventory_resume_20260605T165145Z/experiments/review_bundle_20260605T165151Z/docs/1b1d6dd63e39baaa.txt,,[],,,,[],
rq_0087_80daa3e285,hplt::8_1.jsonl.zst::8ef183c899e93cd76a7a90795f07218b,"[""borderline_false_negative_probe""]","[""borderline_no_candidate_error""]",[],keep,0.2525414660246121,8,lschios.blogspot.com,http://lschios.blogspot.com/2018/07/blog-post_25.html,7476,/capstor/scratch/cscs/fffoivos/runs/05_token_distillation_cpt/hplt_cleaning/05_hplt_cleaning_inventory_resume_20260605T165145Z/experiments/review_bundle_20260605T165151Z/docs/80daa3e285d5fe07.txt,,[],,,,[],
rq_0088_36a7fdb308,hplt::8_1.jsonl.zst::8fe771210ef4c9eba9e8fc1d2b7aa58f,"[""precision_E008""]","[""candidate_error_E008""]","[""E006"", ""E007"", ""E008""]",quarantine,0.590952380952381,8,el.trefoil.tv,https://el.trefoil.tv/1927-astra-television.html,7427,/capstor/scratch/cscs/fffoivos/runs/05_token_distillation_cpt/hplt_cleaning/05_hplt_cleaning_inventory_resume_20260605T165145Z/experiments/review_bundle_20260605T165151Z/docs/36a7fdb308f0e4d9.txt,,[],,,,[],
rq_0089_12efccc170,hplt::8_1.jsonl.zst::901c7d71beb38770ad9b9433ec66b220,"[""borderline_false_negative_probe""]","[""borderline_no_candidate_error""]",[],keep,0.2529789184234647,8,ckastamonitis.com,https://ckastamonitis.com/2015/10/17/egkelados-o-doryforos-toy-kronoy-poy-isos-na-einai-quot-filikos-quot-ston-anthropo-foto/,2182,/capstor/scratch/cscs/fffoivos/runs/05_token_distillation_cpt/hplt_cleaning/05_hplt_cleaning_inventory_resume_20260605T165145Z/experiments/review_bundle_20260605T165151Z/docs/12efccc1707f50ac.txt,,[],,,,[],
rq_0090_33be0d6e89,hplt::8_1.jsonl.zst::9357bd337ca59afc250510e2667415cf,"[""precision_E010""]","[""candidate_error_E010""]","[""E010"", ""E017""]",quarantine,0.2923291492329149,8,www.zlifetimes.com,https://www.zlifetimes.com/l/revythia-poia-einai-i-threptiki-toys-axia-kai-syntagi-gia-revythia-me-spanaki/,7170,/capstor/scratch/cscs/fffoivos/runs/05_token_distillation_cpt/hplt_cleaning/05_hplt_cleaning_inventory_resume_20260605T165145Z/experiments/review_bundle_20260605T165151Z/docs/33be0d6e891c61ca.txt,,[],,,,[],
rq_0091_2afc5e2ef5,hplt::8_1.jsonl.zst::93a7ec42e8a1f8e13e30302f7f5890df,"[""precision_E006"", ""precision_E007"", ""precision_E008""]","[""candidate_error_E006"", ""candidate_error_E007"", ""candidate_error_E008""]","[""E006"", ""E007"", ""E008"", ""E017""]",quarantine,0.7861861229326053,8,has.gr,http://has.gr/popular/-/Sportsfactory,15635,/capstor/scratch/cscs/fffoivos/runs/05_token_distillation_cpt/hplt_cleaning/05_hplt_cleaning_inventory_resume_20260605T165145Z/experiments/review_bundle_20260605T165151Z/docs/2afc5e2ef543a10b.txt,,[],,,,[],
rq_0092_dfa056057f,hplt::8_1.jsonl.zst::93f219c8ff228e133006b6da5584a294,"[""precision_E007""]","[""candidate_error_E007""]","[""E004"", ""E005"", ""E007"", ""E010"", ""E017"", ""E019""]",quarantine,0.415952659803982,8,cretanpatriot.wordpress.com,http://cretanpatriot.wordpress.com/category/%cf%83%ce%ba%ce%ad%cf%88%ce%b5%ce%b9%cf%82/,32446,/capstor/scratch/cscs/fffoivos/runs/05_token_distillation_cpt/hplt_cleaning/05_hplt_cleaning_inventory_resume_20260605T165145Z/experiments/review_bundle_20260605T165151Z/docs/dfa056057fd89686.txt,,[],,,,[],
rq_0093_913e3d80b3,hplt::8_1.jsonl.zst::9461501b71fe975a1a6abcf2d09e533d,"[""borderline_false_negative_probe""]","[""borderline_no_candidate_error""]",[],keep,0.3471444568868981,8,respentza.blogspot.gr,http://respentza.blogspot.gr/2010/12/blog-post_4693.html,3572,/capstor/scratch/cscs/fffoivos/runs/05_token_distillation_cpt/hplt_cleaning/05_hplt_cleaning_inventory_resume_20260605T165145Z/experiments/review_bundle_20260605T165151Z/docs/913e3d80b3358a0a.txt,,[],,,,[],
rq_0094_91a6cd8164,hplt::8_1.jsonl.zst::953ce70c47ef7d35e5ed6f2fbec84fdd,"[""destructive_action_review""]","[""candidate_action_drop_doc""]","[""E006"", ""E007"", ""E017"", ""E020""]",drop_doc,0.35000000000000003,8,www.allsmart.gr,https://www.allsmart.gr/oikiakos-exoplismos/mageirika-skeui/set-tigania-katsaroles/blaumann-bl-3375-3tem-set-tigania-xrwma-mayro-seira-diamond/,1099,/capstor/scratch/cscs/fffoivos/runs/05_token_distillation_cpt/hplt_cleaning/05_hplt_cleaning_inventory_resume_20260605T165145Z/experiments/review_bundle_20260605T165151Z/docs/91a6cd81643aa293.txt,,[],,,,[],
rq_0095_66719a6d37,hplt::8_1.jsonl.zst::9552307192382e30118a06ccc858ac95,"[""precision_E014""]","[""candidate_error_E014""]","[""E007"", ""E009"", ""E010"", ""E014"", ""E019""]",quarantine,0.40827586206896554,8,www.esos.gr,https://www.esos.gr/arthra/70217/prosklisi-gia-ti-thesi-toy-proedroy-kai-ton-melon-tis-dioikoysas-protypon-kai,18850,/capstor/scratch/cscs/fffoivos/runs/05_token_distillation_cpt/hplt_cleaning/05_hplt_cleaning_inventory_resume_20260605T165145Z/experiments/review_bundle_20260605T165151Z/docs/66719a6d37b3624b.txt,,[],,,,[],
rq_0096_d763a888aa,hplt::8_1.jsonl.zst::967d9a6d96dbdda90edaa1d9601c7491,"[""precision_E004"", ""precision_E005""]","[""candidate_error_E004"", ""candidate_error_E005""]","[""E004"", ""E005"", ""E006"", ""E007"", ""E015"", ""E017""]",quarantine,0.6172307425636219,8,www.vivapharmacy.gr,https://www.vivapharmacy.gr/el/catalog/mitera-paidi-frontida-moroy,28445,/capstor/scratch/cscs/fffoivos/runs/05_token_distillation_cpt/hplt_cleaning/05_hplt_cleaning_inventory_resume_20260605T165145Z/experiments/review_bundle_20260605T165151Z/docs/d763a888aaa53b5b.txt,,[],,,,[],
rq_0097_39669eeee0,hplt::8_1.jsonl.zst::9b523d2b21e5ca76af78cd1e7a36d495,"[""precision_E019""]","[""candidate_error_E019""]","[""E004"", ""E006"", ""E007"", ""E009"", ""E010"", ""E017"", ""E019""]",quarantine,0.5946980352043643,8,www.thelab.gr,https://www.thelab.gr/profile/38312-trib/,11088,/capstor/scratch/cscs/fffoivos/runs/05_token_distillation_cpt/hplt_cleaning/05_hplt_cleaning_inventory_resume_20260605T165145Z/experiments/review_bundle_20260605T165151Z/docs/39669eeee0e87204.txt,,[],,,,[],
rq_0098_35a9138cda,hplt::8_1.jsonl.zst::a3638a76560056110ab5b1823fa2ef84,"[""destructive_action_review"", ""precision_E015"", ""precision_E016""]","[""candidate_action_drop_doc"", ""candidate_error_E015"", ""candidate_error_E016""]","[""E004"", ""E010"", ""E015"", ""E016"", ""E017""]",drop_doc,1.0,8,eydi.20plus1.de,http://eydi.20plus1.de/tainies-kai-seires-online.html,29410,/capstor/scratch/cscs/fffoivos/runs/05_token_distillation_cpt/hplt_cleaning/05_hplt_cleaning_inventory_resume_20260605T165145Z/experiments/review_bundle_20260605T165151Z/docs/35a9138cdad0f46c.txt,,[],,,,[],
rq_0099_fccc33a65e,hplt::8_1.jsonl.zst::aa41f934f3399cf739503068ef785fc1,"[""borderline_false_negative_probe""]","[""borderline_no_candidate_error""]",[],keep,0.36525771357232034,8,www.trikalaerevna.gr,https://www.trikalaerevna.gr/fantastiko-ypertheama-sto-katamesto-ypaithrio-theatro-apo-ton-choreftiko-omilo-trikalon/,5607,/capstor/scratch/cscs/fffoivos/runs/05_token_distillation_cpt/hplt_cleaning/05_hplt_cleaning_inventory_resume_20260605T165145Z/experiments/review_bundle_20260605T165151Z/docs/fccc33a65e760677.txt,,[],,,,[],
rq_0100_0e1550d9f2,hplt::8_1.jsonl.zst::ad79ddaf9cf2afa7a026bedc4b78f033,"[""precision_E014""]","[""candidate_error_E014""]","[""E005"", ""E014""]",quarantine,0.5032176121930567,8,www.bloko.gr,https://www.bloko.gr/2023/01/blog-post_1509.html,5843,/capstor/scratch/cscs/fffoivos/runs/05_token_distillation_cpt/hplt_cleaning/05_hplt_cleaning_inventory_resume_20260605T165145Z/experiments/review_bundle_20260605T165151Z/docs/0e1550d9f25a4f43.txt,,[],,,,[],
rq_0101_62848fa531,hplt::8_1.jsonl.zst::ad871f6f44fe6ed76a0915efe953b99d,"[""precision_E004""]","[""candidate_error_E004""]","[""E004"", ""E017""]",quarantine,0.5428571428571428,8,www.arttravel.gr,http://www.arttravel.gr/arttravel-best/secrets/15-%CE%AC%CE%B3%CE%BD%CF%89%CF%83%CF%84%CE%B1-%CF%87%CF%89%CF%81%CE%B9%CE%AC-%CF%84%CE%B7%CF%82-%CE%B5%CF%85%CF%81%CF%8E%CF%80%CE%B7%CF%82.aspx,9140,/capstor/scratch/cscs/fffoivos/runs/05_token_distillation_cpt/hplt_cleaning/05_hplt_cleaning_inventory_resume_20260605T165145Z/experiments/review_bundle_20260605T165151Z/docs/62848fa531b9936e.txt,,[],,,,[],
rq_0102_2c759ab707,hplt::8_1.jsonl.zst::b01162e9ac056e022faafce5392a2f40,"[""precision_E019""]","[""candidate_error_E019""]","[""E006"", ""E007"", ""E009"", ""E010"", ""E019""]",quarantine,0.6053409090909091,8,dialogoi.enet.gr,http://dialogoi.enet.gr/post/%CE%BC%CF%85%CE%BE%CE%BF%CF%80%CE%B1%CF%81%CE%B8%CE%AD%CE%BD%CE%B5%CF%82-%CE%BA%CE%B1%CE%B9-%CE%B2%CE%BB%CE%B1%CF%87%CE%BF%CF%83%CF%85%CE%BC%CF%80%CE%AD%CE%B8%CE%B5%CF%81%CE%BF%CE%B9,3604,/capstor/scratch/cscs/fffoivos/runs/05_token_distillation_cpt/hplt_cleaning/05_hplt_cleaning_inventory_resume_20260605T165145Z/experiments/review_bundle_20260605T165151Z/docs/2c759ab70714a43b.txt,,[],,,,[],
rq_0103_295ef9d405,hplt::8_1.jsonl.zst::b099e2b31dea18d264d52b7bbb92dbaa,"[""destructive_action_review"", ""precision_E015""]","[""candidate_action_drop_doc"", ""candidate_error_E015""]","[""E014"", ""E015""]",drop_doc,1.0,8,nomoi.info,http://nomoi.info/%CE%A6%CE%95%CE%9A-%CE%91-272-1996-%CF%83%CE%B5%CE%BB-46.html,2756,/capstor/scratch/cscs/fffoivos/runs/05_token_distillation_cpt/hplt_cleaning/05_hplt_cleaning_inventory_resume_20260605T165145Z/experiments/review_bundle_20260605T165151Z/docs/295ef9d4054f1557.txt,,[],,,,[],
rq_0104_e313c8b24b,hplt::8_1.jsonl.zst::b3e75924958488bfff7b865e7a7a140a,"[""destructive_action_review"", ""precision_E009"", ""precision_E016""]","[""candidate_action_drop_doc"", ""candidate_error_E009"", ""candidate_error_E016""]","[""E009"", ""E010"", ""E016"", ""E017""]",drop_doc,0.31787109375,8,www.mixtape.gr,http://www.mixtape.gr/esi-se-pies-sinavlies-tha-pas-afto-to-fthinoporo-noemvrios-2/,16384,/capstor/scratch/cscs/fffoivos/runs/05_token_distillation_cpt/hplt_cleaning/05_hplt_cleaning_inventory_resume_20260605T165145Z/experiments/review_bundle_20260605T165151Z/docs/e313c8b24b4b0211.txt,,[],,,,[],
rq_0105_3c8d10efed,hplt::8_1.jsonl.zst::b48b14de4d7e9b516c3e7b7ef1c22348,"[""false_negative_control""]","[""global_random_no_candidate_error""]",[],keep,0.21311475409836064,8,www.epsm24.gr,https://www.epsm24.gr/%CE%B4%CE%AC%CF%86%CE%BD%CE%B7-%CE%B1%CE%BA%CF%81%CE%BF%CF%80%CE%BF%CF%84%CE%AC%CE%BC%CE%BF%CF%85-%CF%84%CE%B9%CE%BC%CF%89%CF%81%CE%B7%CE%B8%CE%AE%CE%BA%CE%B1%CE%BC%CE%B5-7-%CE%B1%CE%B3%CF%89/,1952,/capstor/scratch/cscs/fffoivos/runs/05_token_distillation_cpt/hplt_cleaning/05_hplt_cleaning_inventory_resume_20260605T165145Z/experiments/review_bundle_20260605T165151Z/docs/3c8d10efed40566f.txt,,[],,,,[],
rq_0106_7566b00fd3,hplt::8_1.jsonl.zst::b5987bb3765c172f215aaf70888f9bc3,"[""precision_E017""]","[""candidate_error_E017""]","[""E017""]",quarantine,0.1409961685823755,8,greece.hondrogel-official.site,https://greece.hondrogel-official.site/%CF%80%CF%8C%CE%BB%CE%B5%CE%B9%CF%82/%CE%BC%CE%B1%CE%BB%CE%BB%CE%B9%CE%AC,1305,/capstor/scratch/cscs/fffoivos/runs/05_token_distillation_cpt/hplt_cleaning/05_hplt_cleaning_inventory_resume_20260605T165145Z/experiments/review_bundle_20260605T165151Z/docs/7566b00fd3ed9f13.txt,,[],,,,[],
rq_0107_7a73d23dc0,hplt::8_1.jsonl.zst::b62ddc42531255732ef35d984091feb3,"[""precision_E011"", ""precision_E012"", ""precision_E019""]","[""candidate_error_E011"", ""candidate_error_E012"", ""candidate_error_E019""]","[""E006"", ""E007"", ""E009"", ""E010"", ""E011"", ""E012"", ""E019""]",quarantine,0.5942875000000001,8,oxtapus.wordpress.com,https://oxtapus.wordpress.com/tag/%CE%B5%CF%81%CE%B3%CE%B1-%CF%80%CE%B1%CF%83%CE%BF%CE%BA/,29172,/capstor/scratch/cscs/fffoivos/runs/05_token_distillation_cpt/hplt_cleaning/05_hplt_cleaning_inventory_resume_20260605T165145Z/experiments/review_bundle_20260605T165151Z/docs/7a73d23dc019766e.txt,,[],,,,[],
rq_0108_983ce3e176,hplt::8_1.jsonl.zst::b74ca96796d9462f61fe449d8353d638,"[""precision_E020""]","[""candidate_error_E020""]","[""E015"", ""E020""]",keep,0.8199426021524192,8,vivafm.com,http://vivafm.com/el/MusicBox/,1194,/capstor/scratch/cscs/fffoivos/runs/05_token_distillation_cpt/hplt_cleaning/05_hplt_cleaning_inventory_resume_20260605T165145Z/experiments/review_bundle_20260605T165151Z/docs/983ce3e1763e9662.txt,,[],,,,[],
rq_0109_a4650871d2,hplt::8_1.jsonl.zst::b81ea2ac19272a7b416e922bba60e3d7,"[""borderline_false_negative_probe""]","[""borderline_no_candidate_error""]",[],keep,0.2575876211782252,8,www.savoirville.gr,https://www.savoirville.gr/readers-list-oktovrios-2020/,3524,/capstor/scratch/cscs/fffoivos/runs/05_token_distillation_cpt/hplt_cleaning/05_hplt_cleaning_inventory_resume_20260605T165145Z/experiments/review_bundle_20260605T165151Z/docs/a4650871d29508ea.txt,,[],,,,[],
rq_0110_106dadf101,hplt::8_1.jsonl.zst::ba9aee74a139ecf9d10c4923915f8c9c,"[""false_negative_control""]","[""global_random_no_candidate_error""]",[],keep,0.17360937889748068,8,www.liberal.gr,https://www.liberal.gr/news/epifulaktikoi-oi-eidikoi-gia-arsi-tou-lockdown-stis-7-dekembriou/339561,4009,/capstor/scratch/cscs/fffoivos/runs/05_token_distillation_cpt/hplt_cleaning/05_hplt_cleaning_inventory_resume_20260605T165145Z/experiments/review_bundle_20260605T165151Z/docs/106dadf1013af459.txt,,[],,,,[],
rq_0111_1403452f69,hplt::8_1.jsonl.zst::bb28f4756a73ebdf9cf8acaf5058a174,"[""false_negative_control""]","[""global_random_no_candidate_error""]",[],keep,0.1283659166359277,8,www.akourtis.gr,https://www.akourtis.gr/monodiamerismatiki-arthroplastiki-gonatos/,5422,/capstor/scratch/cscs/fffoivos/runs/05_token_distillation_cpt/hplt_cleaning/05_hplt_cleaning_inventory_resume_20260605T165145Z/experiments/review_bundle_20260605T165151Z/docs/1403452f699fea47.txt,,[],,,,[],
rq_0112_0f903572a2,hplt::8_1.jsonl.zst::bc79ea63cbd7ae0463934e67ff7c4182,"[""precision_E015""]","[""candidate_error_E015""]","[""E015""]",quarantine,0.684184892897407,8,www.nyc.gr,https://www.nyc.gr/about-nyc/news/nea/unyp-external-advisory-board-meeting,2094,/capstor/scratch/cscs/fffoivos/runs/05_token_distillation_cpt/hplt_cleaning/05_hplt_cleaning_inventory_resume_20260605T165145Z/experiments/review_bundle_20260605T165151Z/docs/0f903572a25e880e.txt,,[],,,,[],
rq_0113_4bd8534460,hplt::8_1.jsonl.zst::bef4b12a65a9b5bb92c7aaac345bfd25,"[""precision_E012""]","[""candidate_error_E012""]","[""E004"", ""E010"", ""E011"", ""E012"", ""E017""]",quarantine,0.4197916666666667,8,kkeorganosiorestiadas.blogspot.com,http://kkeorganosiorestiadas.blogspot.com/2011/12/,84568,/capstor/scratch/cscs/fffoivos/runs/05_token_distillation_cpt/hplt_cleaning/05_hplt_cleaning_inventory_resume_20260605T165145Z/experiments/review_bundle_20260605T165151Z/docs/4bd853446068ce0b.txt,,[],,,,[],
rq_0114_a62fbc17f5,hplt::8_1.jsonl.zst::bf4fbf9cb9c98a033e41805dbb4fe8ff,"[""precision_E014""]","[""candidate_error_E014""]","[""E014""]",keep,0.351937441643324,8,blog.kotsovolos.gr,https://blog.kotsovolos.gr/tag/jbl/,1475,/capstor/scratch/cscs/fffoivos/runs/05_token_distillation_cpt/hplt_cleaning/05_hplt_cleaning_inventory_resume_20260605T165145Z/experiments/review_bundle_20260605T165151Z/docs/a62fbc17f5345ebe.txt,,[],,,,[],
rq_0115_aa16f781c6,hplt::8_1.jsonl.zst::c073a25d84c6f372caac50acee44f305,"[""precision_E010""]","[""candidate_error_E010""]","[""E004"", ""E006"", ""E007"", ""E008"", ""E010"", ""E015"", ""E017""]",quarantine,0.7203973064461706,8,www.hwbox.gr,https://www.hwbox.gr/forum/index.php?/tags/lyndonville/,42046,/capstor/scratch/cscs/fffoivos/runs/05_token_distillation_cpt/hplt_cleaning/05_hplt_cleaning_inventory_resume_20260605T165145Z/experiments/review_bundle_20260605T165151Z/docs/aa16f781c6bfa6f7.txt,,[],,,,[],
rq_0116_c08b075ec1,hplt::8_1.jsonl.zst::c1406f9133d8305aef6a660465bb19d3,"[""precision_E011"", ""precision_E012""]","[""candidate_error_E011"", ""candidate_error_E012""]","[""E004"", ""E010"", ""E011"", ""E012"", ""E017""]",quarantine,0.5567937500000001,8,thriskeftika.blogspot.gr,http://thriskeftika.blogspot.gr/2016/12/,17174,/capstor/scratch/cscs/fffoivos/runs/05_token_distillation_cpt/hplt_cleaning/05_hplt_cleaning_inventory_resume_20260605T165145Z/experiments/review_bundle_20260605T165151Z/docs/c08b075ec1550a67.txt,,[],,,,[],
rq_0117_c595bcc5cf,hplt::8_1.jsonl.zst::c17686c04bc1b21d5e8d1cf54a26ad5a,"[""precision_E019""]","[""candidate_error_E019""]","[""E007"", ""E009"", ""E010"", ""E017"", ""E019""]",quarantine,0.2547302071533518,8,www.airbnb.gr,https://www.airbnb.gr/s/Milos--%CE%95%CE%BB%CE%BB%CE%AC%CE%B4%CE%B1,89161,/capstor/scratch/cscs/fffoivos/runs/05_token_distillation_cpt/hplt_cleaning/05_hplt_cleaning_inventory_resume_20260605T165145Z/experiments/review_bundle_20260605T165151Z/docs/c595bcc5cf973e4d.txt,,[],,,,[],
rq_0118_4b83ebd06c,hplt::8_1.jsonl.zst::c5e33938bc883d1c10371c3f1537bdbe,"[""precision_E008""]","[""candidate_error_E008""]","[""E004"", ""E006"", ""E007"", ""E008"", ""E009"", ""E017""]",quarantine,0.6332403192822746,8,www.safer-internet.gr,https://www.safer-internet.gr/pos-na-katalavete-an-einai-apati-enas-diagonismos-sto-fb/,10106,/capstor/scratch/cscs/fffoivos/runs/05_token_distillation_cpt/hplt_cleaning/05_hplt_cleaning_inventory_resume_20260605T165145Z/experiments/review_bundle_20260605T165151Z/docs/4b83ebd06c88742b.txt,,[],,,,[],
rq_0119_1f4fc6bdcd,hplt::8_1.jsonl.zst::cbd59263db58339e498587efed215d6c,"[""precision_E006"", ""precision_E007"", ""precision_E009""]","[""candidate_error_E006"", ""candidate_error_E007"", ""candidate_error_E009""]","[""E004"", ""E006"", ""E007"", ""E009"", ""E017""]",quarantine,0.8250641038968239,8,deals247.gr,http://deals247.gr/health/-/popular,16033,/capstor/scratch/cscs/fffoivos/runs/05_token_distillation_cpt/hplt_cleaning/05_hplt_cleaning_inventory_resume_20260605T165145Z/experiments/review_bundle_20260605T165151Z/docs/1f4fc6bdcd2334d7.txt,,[],,,,[],
rq_0120_1ab7168180,hplt::8_1.jsonl.zst::ccf561cf85926442aceb761b09e53dda,"[""borderline_false_negative_probe""]","[""borderline_no_candidate_error""]",[],keep,0.26591549295774647,8,www.orthodoxianewsagency.gr,https://www.orthodoxianewsagency.gr/mitropolitiko_ergo/%CE%B9-%CE%BC-%CE%BD%CE%AD%CE%B1%CF%82-%CE%B9%CF%89%CE%BD%CE%AF%CE%B1%CF%82-%CE%BA%CE%B1%CE%B9-%CF%86%CE%B9%CE%BB%CE%B1%CE%B4%CE%B5%CE%BB%CF%86%CE%B5%CE%AF%CE%B1%CF%82/o-mitr-n-ionias-eylogise-tis-ergasies-tou-ypogeiou-dimotikou-parking/,1775,/capstor/scratch/cscs/fffoivos/runs/05_token_distillation_cpt/hplt_cleaning/05_hplt_cleaning_inventory_resume_20260605T165145Z/experiments/review_bundle_20260605T165151Z/docs/1ab7168180217886.txt,,[],,,,[],
rq_0121_6a16ecced0,hplt::8_1.jsonl.zst::d05983c775d380fbecc245f4a72cb66c,"[""destructive_action_review"", ""precision_E005"", ""precision_E014""]","[""candidate_action_drop_doc"", ""candidate_error_E005"", ""candidate_error_E014""]","[""E005"", ""E010"", ""E014""]",drop_doc,1.0,8,alopsis.gr,http://alopsis.gr/modules.php?name=News&file=print&sid=1538,6909,/capstor/scratch/cscs/fffoivos/runs/05_token_distillation_cpt/hplt_cleaning/05_hplt_cleaning_inventory_resume_20260605T165145Z/experiments/review_bundle_20260605T165151Z/docs/6a16ecced09cbdd2.txt,,[],,,,[],
rq_0122_1640b2f2f3,hplt::8_1.jsonl.zst::d2582d393d5b1fe7ec5b0d7f90d2be1c,"[""precision_E006""]","[""candidate_error_E006""]","[""E006"", ""E007"", ""E008"", ""E009"", ""E010"", ""E017""]",quarantine,0.6322733918128655,8,www.radioin.gr,http://www.radioin.gr/,44718,/capstor/scratch/cscs/fffoivos/runs/05_token_distillation_cpt/hplt_cleaning/05_hplt_cleaning_inventory_resume_20260605T165145Z/experiments/review_bundle_20260605T165151Z/docs/1640b2f2f3583190.txt,,[],,,,[],
rq_0123_bc17b31bae,hplt::8_1.jsonl.zst::d4021f1c22545848a94542f72b62f1ae,"[""precision_E009""]","[""candidate_error_E009""]","[""E009"", ""E010"", ""E017""]",quarantine,0.253125,8,disy.org.cy,http://disy.org.cy/2011/,445561,/capstor/scratch/cscs/fffoivos/runs/05_token_distillation_cpt/hplt_cleaning/05_hplt_cleaning_inventory_resume_20260605T165145Z/experiments/review_bundle_20260605T165151Z/docs/bc17b31bae5ac721.txt,,[],,,,[],
rq_0124_c919e35fdf,hplt::8_1.jsonl.zst::d49d3161fc2d73771c24501b7ed2bed6,"[""destructive_action_review""]","[""candidate_action_drop_doc""]","[""E005"", ""E010"", ""E014""]",drop_doc,1.0,8,pateress.blogspot.com,http://pateress.blogspot.com/2010/02/o.html,10926,/capstor/scratch/cscs/fffoivos/runs/05_token_distillation_cpt/hplt_cleaning/05_hplt_cleaning_inventory_resume_20260605T165145Z/experiments/review_bundle_20260605T165151Z/docs/c919e35fdf43717b.txt,,[],,,,[],
rq_0125_5b1a9bffb7,hplt::8_1.jsonl.zst::d55b32c8f8fec1a76437c69e95d4cf05,"[""precision_E005""]","[""candidate_error_E005""]","[""E005""]",quarantine,0.5609756097560976,8,gerontesmas.com,http://gerontesmas.com/%CE%B5%CF%80%CE%AF%CF%83%CE%BA%CE%B5%CF%88%CE%B7-%CF%84%CF%81%CE%B9%CF%8E%CE%BD-%CE%BC%CE%B7%CF%84%CF%81%CE%BF%CF%80%CE%BF%CE%BB%CE%B9%CF%84%CF%8E%CE%BD-%CF%84%CE%BF%CF%85-%CF%80%CE%B1%CF%84%CF%81/,984,/capstor/scratch/cscs/fffoivos/runs/05_token_distillation_cpt/hplt_cleaning/05_hplt_cleaning_inventory_resume_20260605T165145Z/experiments/review_bundle_20260605T165151Z/docs/5b1a9bffb77fb05c.txt,,[],,,,[],
rq_0126_5a82ef0a30,hplt::8_1.jsonl.zst::d691eb18778186ae96e5c74514e5a33f,"[""borderline_false_negative_probe""]","[""borderline_no_candidate_error""]",[],keep,0.24305555555555555,8,www.paomprosta.gr,http://www.paomprosta.gr/el,3689,/capstor/scratch/cscs/fffoivos/runs/05_token_distillation_cpt/hplt_cleaning/05_hplt_cleaning_inventory_resume_20260605T165145Z/experiments/review_bundle_20260605T165151Z/docs/5a82ef0a30aee31f.txt,,[],,,,[],
rq_0127_4db12b36b4,hplt::8_1.jsonl.zst::d8de953f60ef9c3c5d56734c20f8c7aa,"[""destructive_action_review"", ""precision_E008""]","[""candidate_action_trim_span"", ""candidate_error_E008""]","[""E006"", ""E007"", ""E008"", ""E015""]",trim_span,0.6450595238095238,8,psycatgames.com,https://psycatgames.com/el/name-generator/draenei/,5491,/capstor/scratch/cscs/fffoivos/runs/05_token_distillation_cpt/hplt_cleaning/05_hplt_cleaning_inventory_resume_20260605T165145Z/experiments/review_bundle_20260605T165151Z/docs/4db12b36b453d85b.txt,,[],,,,[],
rq_0128_4e798e371f,hplt::8_1.jsonl.zst::d91febfdfe4f0528f0e9214b06ed77d3,"[""destructive_action_review""]","[""candidate_action_trim_span""]","[""E006"", ""E007"", ""E009""]",trim_span,0.6029166666666668,8,www.webarticles.gr,http://www.webarticles.gr/tag/%cf%80%ce%bf%ce%b9%ce%bf%ce%b9-%ce%b5%ce%af%ce%bc%ce%b1%cf%83%cf%84%ce%b5,2220,/capstor/scratch/cscs/fffoivos/runs/05_token_distillation_cpt/hplt_cleaning/05_hplt_cleaning_inventory_resume_20260605T165145Z/experiments/review_bundle_20260605T165151Z/docs/4e798e371f4b892d.txt,,[],,,,[],
rq_0129_867840e6fd,hplt::8_1.jsonl.zst::dbe51d5808a66ee3ad8f59375668f4eb,"[""precision_E015""]","[""candidate_error_E015""]","[""E006"", ""E007"", ""E008"", ""E015""]",quarantine,0.5916666666666667,8,autoexec.gr,https://autoexec.gr/index.php?/tags/%CE%BC%CE%B1%CF%8D%CF%81%CE%B7%20%CE%BF%CE%B8%CF%8C%CE%BD%CE%B7/,1347,/capstor/scratch/cscs/fffoivos/runs/05_token_distillation_cpt/hplt_cleaning/05_hplt_cleaning_inventory_resume_20260605T165145Z/experiments/review_bundle_20260605T165151Z/docs/867840e6fdacf9dc.txt,,[],,,,[],
rq_0130_57fc236ee5,hplt::8_1.jsonl.zst::e34b9d0bc41d34e47fc7bc1485cbaba7,"[""precision_E007""]","[""candidate_error_E007""]","[""E006"", ""E007""]",quarantine,0.5907228915662651,8,ellas2.wordpress.com,https://ellas2.wordpress.com/2020/02/10/,4780,/capstor/scratch/cscs/fffoivos/runs/05_token_distillation_cpt/hplt_cleaning/05_hplt_cleaning_inventory_resume_20260605T165145Z/experiments/review_bundle_20260605T165151Z/docs/57fc236ee556e6cb.txt,,[],,,,[],
rq_0131_e904cf2593,hplt::8_1.jsonl.zst::e6066a6e6ee154d618d3313043db601f,"[""precision_E014""]","[""candidate_error_E014""]","[""E014""]",quarantine,0.4690471434278866,8,www.pillowfights.gr,https://www.pillowfights.gr/crazy-is-the-new-normal/an-itan-aplos-ena-enthoysiasmos-giati-dyskoleyesai-na-pas-parakato/,3142,/capstor/scratch/cscs/fffoivos/runs/05_token_distillation_cpt/hplt_cleaning/05_hplt_cleaning_inventory_resume_20260605T165145Z/experiments/review_bundle_20260605T165151Z/docs/e904cf2593a4106b.txt,,[],,,,[],
rq_0132_50b92d5308,hplt::8_1.jsonl.zst::eb74c0da4eef88037017700c5fecf6b1,"[""borderline_false_negative_probe""]","[""borderline_no_candidate_error""]",[],keep,0.34375630421625986,8,www.imkythiron.gr,http://www.imkythiron.gr/index.php/354-eidiseis/4711-psifisma,4957,/capstor/scratch/cscs/fffoivos/runs/05_token_distillation_cpt/hplt_cleaning/05_hplt_cleaning_inventory_resume_20260605T165145Z/experiments/review_bundle_20260605T165151Z/docs/50b92d53086a8f2e.txt,,[],,,,[],
rq_0133_60c053938a,hplt::8_1.jsonl.zst::ed9d4eb7c2410d1fbb82069581038df5,"[""destructive_action_review""]","[""candidate_action_trim_span""]","[""E006"", ""E007"", ""E009""]",trim_span,0.61875,8,bluearena.gr,http://bluearena.gr/blog/2009/02/23/%CF%83%CF%84%CE%B1-%CF%80%CF%81%CF%8C%CE%B8%CF%85%CF%81%CE%B1-%CE%B4%CE%B9%CE%AC%CE%BB%CF%85%CF%83%CE%B7%CF%82/,869,/capstor/scratch/cscs/fffoivos/runs/05_token_distillation_cpt/hplt_cleaning/05_hplt_cleaning_inventory_resume_20260605T165145Z/experiments/review_bundle_20260605T165151Z/docs/60c053938a47d678.txt,,[],,,,[],
rq_0134_d34899c90d,hplt::8_1.jsonl.zst::ef47b3ee91f147792676f6d6bd7b3e87,"[""false_negative_control""]","[""global_random_no_candidate_error""]",[],keep,0.2916666666666667,8,www.technologismiki.com,https://www.technologismiki.com/nomos/n_4549_18_59.php,2245,/capstor/scratch/cscs/fffoivos/runs/05_token_distillation_cpt/hplt_cleaning/05_hplt_cleaning_inventory_resume_20260605T165145Z/experiments/review_bundle_20260605T165151Z/docs/d34899c90d897f5a.txt,,[],,,,[],
rq_0135_00266830cb,hplt::8_1.jsonl.zst::ef8c067c3437daa5f8d7b96f0bd84fa8,"[""borderline_false_negative_probe""]","[""borderline_no_candidate_error""]",[],keep,0.31,8,souflievros.blogspot.com,http://souflievros.blogspot.com/2010/03/blog-post_835.html,3173,/capstor/scratch/cscs/fffoivos/runs/05_token_distillation_cpt/hplt_cleaning/05_hplt_cleaning_inventory_resume_20260605T165145Z/experiments/review_bundle_20260605T165151Z/docs/00266830cb20f25b.txt,,[],,,,[],
rq_0136_8bcd41611b,hplt::8_1.jsonl.zst::f5a59677c811e273f78be3f83bf522d9,"[""borderline_false_negative_probe""]","[""borderline_no_candidate_error""]",[],keep,0.43333333333333335,8,www.sdna.gr,http://www.sdna.gr/podosfairo/superleague/article/26030/tipota-den-ton-stamata,3746,/capstor/scratch/cscs/fffoivos/runs/05_token_distillation_cpt/hplt_cleaning/05_hplt_cleaning_inventory_resume_20260605T165145Z/experiments/review_bundle_20260605T165151Z/docs/8bcd41611b353321.txt,,[],,,,[],
rq_0137_ba70d5d0a9,hplt::8_1.jsonl.zst::f7142c25bb5a45baf5f503cc5cefce45,"[""false_negative_control""]","[""global_random_no_candidate_error""]",[],keep,0.2021379980563654,8,kanapedatos.blogspot.com,http://kanapedatos.blogspot.com/2013/10/blog-post_9241.html,2058,/capstor/scratch/cscs/fffoivos/runs/05_token_distillation_cpt/hplt_cleaning/05_hplt_cleaning_inventory_resume_20260605T165145Z/experiments/review_bundle_20260605T165151Z/docs/ba70d5d0a90b5032.txt,,[],,,,[],
rq_0138_0d6d877f5a,hplt::8_1.jsonl.zst::f7c2796b4c75a327b239e1f5be27244c,"[""borderline_false_negative_probe""]","[""borderline_no_candidate_error""]",[],keep,0.3252242152466368,8,gr.askmen.com,http://gr.askmen.com/sumboules-stul/1102507/article/ta-tzen-pou-tha-khreiasteis-se-ole-sou-te-zoe-kai-pos-na-ta,2938,/capstor/scratch/cscs/fffoivos/runs/05_token_distillation_cpt/hplt_cleaning/05_hplt_cleaning_inventory_resume_20260605T165145Z/experiments/review_bundle_20260605T165151Z/docs/0d6d877f5af80816.txt,,[],,,,[],
rq_0139_9c42e7abfd,hplt::8_1.jsonl.zst::fa9cfc1ca4de0136a157d89df38f200b,"[""borderline_false_negative_probe""]","[""borderline_no_candidate_error""]",[],keep,0.24716464606961283,8,oimaskespeftoun.blogspot.com,https://oimaskespeftoun.blogspot.com/2015/01/2011.html,2557,/capstor/scratch/cscs/fffoivos/runs/05_token_distillation_cpt/hplt_cleaning/05_hplt_cleaning_inventory_resume_20260605T165145Z/experiments/review_bundle_20260605T165151Z/docs/9c42e7abfd9d9e3d.txt,,[],,,,[],
rq_0140_649cbf4b9c,hplt::8_1.jsonl.zst::fad2fbd24a3bfec109a48bf664158ed6,"[""precision_E015""]","[""candidate_error_E015""]","[""E015""]",quarantine,1.0,8,www.europeana.eu,http://www.europeana.eu/portal/record/2026005/_2002_093MM_0849.html?start=17&query=DATA_PROVIDER%3A%22MMCA%22&startPage=1&qf=PROVIDER%3A%22Digitising+Contemporary+Art%22&rows=24,714,/capstor/scratch/cscs/fffoivos/runs/05_token_distillation_cpt/hplt_cleaning/05_hplt_cleaning_inventory_resume_20260605T165145Z/experiments/review_bundle_20260605T165151Z/docs/649cbf4b9cb66c6d.txt,,[],,,,[],
rq_0141_6a6296d45a,hplt::8_1.jsonl.zst::fade12e527b5f5312c87d2c7cea2a59c,"[""false_negative_control""]","[""global_random_no_candidate_error""]",[],keep,0.1477933629832364,8,www.news247.gr,https://www.news247.gr/politiki/me-tsipra-theodoraki-kai-leventi-poy-milise-gia-oikoymeniki-kyvernisi-arches-toy-2016-synantithike-o-ferchofstant.6387147.html,2923,/capstor/scratch/cscs/fffoivos/runs/05_token_distillation_cpt/hplt_cleaning/05_hplt_cleaning_inventory_resume_20260605T165145Z/experiments/review_bundle_20260605T165151Z/docs/6a6296d45a146ff3.txt,,[],,,,[],
rq_0142_e3a389c0c9,hplt::8_1.jsonl.zst::fb4a092e5c8946fbf45032121feca08a,"[""borderline_false_negative_probe""]","[""borderline_no_candidate_error""]",[],keep,0.29692470837751855,8,www.anemosnaftilos.gr,http://www.anemosnaftilos.gr/2007/06/blog-post_19.html,2829,/capstor/scratch/cscs/fffoivos/runs/05_token_distillation_cpt/hplt_cleaning/05_hplt_cleaning_inventory_resume_20260605T165145Z/experiments/review_bundle_20260605T165151Z/docs/e3a389c0c92baacd.txt,,[],,,,[],
rq_0143_4da2872104,hplt::8_1.jsonl.zst::ffce6c7168df8aefffb440becf9850b3,"[""false_negative_control""]","[""global_random_no_candidate_error""]",[],keep,0.12373791621911923,8,www.vybewithyou.com,https://www.vybewithyou.com/deka-epikefalides-gia-to-genoshmo-priligy/,4655,/capstor/scratch/cscs/fffoivos/runs/05_token_distillation_cpt/hplt_cleaning/05_hplt_cleaning_inventory_resume_20260605T165145Z/experiments/review_bundle_20260605T165151Z/docs/4da2872104311cc2.txt,,[],,,,[],
rq_0144_05ab2cc004,hplt::8_2.jsonl.zst::0138ba2d521ba83abf2656054d504ca5,"[""false_negative_control""]","[""global_random_no_candidate_error""]",[],keep,0.16799420709630702,8,dialogos.com.cy,https://dialogos.com.cy/tha-synechisei-tis-prospatheies-gia-katholiki-apagoreysi-kloyvion-leei-to-komma-gia-ta-zoa/,1381,/capstor/scratch/cscs/fffoivos/runs/05_token_distillation_cpt/hplt_cleaning/05_hplt_cleaning_inventory_resume_20260605T165145Z/experiments/review_bundle_20260605T165151Z/docs/05ab2cc0040fcdeb.txt,,[],,,,[],
rq_0145_a2631f4402,hplt::8_2.jsonl.zst::02ae58433b9091bb2ba97183d0758ab2,"[""precision_E020""]","[""candidate_error_E020""]","[""E015"", ""E020""]",keep,0.7477787418655097,8,justgamer.gr,https://justgamer.gr/tag/tetris-effect/,534,/capstor/scratch/cscs/fffoivos/runs/05_token_distillation_cpt/hplt_cleaning/05_hplt_cleaning_inventory_resume_20260605T165145Z/experiments/review_bundle_20260605T165151Z/docs/a2631f440279a873.txt,,[],,,,[],
rq_0146_880be34182,hplt::8_2.jsonl.zst::092a644ddfa46c813625993f559ff464,"[""precision_E010""]","[""candidate_error_E010""]","[""E004"", ""E007"", ""E010"", ""E017"", ""E019""]",quarantine,0.253125,8,paperzz.com,https://paperzz.com/doc/5177326/%CE%BA%CE%B1%CF%84%CE%B5%CE%B2%CE%AC%CF%83%CF%84%CE%B5---%CE%B9%CE%B5%CF%81%CE%AC-%CE%BC%CE%B7%CF%84%CF%81%CF%8C%CF%80%CE%BF%CE%BB%CE%B7-%CF%80%CE%AD%CF%84%CF%81%CE%B1%CF%82-%CE%BA%CE%B1%CE%B9-%CF%87%CE%B5%CF%81%CF%81%CE%BF%CE%BD%CE%AE%CF%83%CE%BF%CF%85,178923,/capstor/scratch/cscs/fffoivos/runs/05_token_distillation_cpt/hplt_cleaning/05_hplt_cleaning_inventory_resume_20260605T165145Z/experiments/review_bundle_20260605T165151Z/docs/880be3418288a18a.txt,,[],,,,[],
rq_0147_6d20641ec2,hplt::8_2.jsonl.zst::0b34d8e333d98b4be7502e44a20803d0,"[""precision_E007""]","[""candidate_error_E007""]","[""E006"", ""E007"", ""E015""]",quarantine,0.7548888888888887,8,lpgroup.com.cy,http://lpgroup.com.cy/%CE%B4%CE%B9%CE%B1%CE%B4%CE%B9%CE%BA%CF%84%CF%85%CE%B1%CE%BA%CE%AC-%CE%BA%CE%B1%CE%B6%CE%AF%CE%BD%CE%BF-%CF%83%CF%84%CE%B7%CE%BD-%CE%BA%CF%8D%CF%80%CF%81%CE%BF/,2099,/capstor/scratch/cscs/fffoivos/runs/05_token_distillation_cpt/hplt_cleaning/05_hplt_cleaning_inventory_resume_20260605T165145Z/experiments/review_bundle_20260605T165151Z/docs/6d20641ec2aea815.txt,,[],,,,[],
rq_0148_ed0e0c0e36,hplt::8_2.jsonl.zst::0c04664b40d08843db625a64a291d5d3,"[""precision_E003""]","[""candidate_error_E003""]","[""E003"", ""E004""]",quarantine,0.4444444444444444,8,dokuznews.com,https://dokuznews.com/3-%CE%BA%CE%B1%CE%BB%CF%85%CF%84%CE%B5%CF%81%CE%B5%CF%83-%CE%B9%CE%B4%CE%AD%CE%B5%CF%82-%CE%B5%CE%BE%CF%89%CF%84%CE%B5%CF%81%CE%B9%CE%BA%CE%BF%CF%8D-%CF%83%CF%87%CE%B5%CE%B4%CE%B9%CE%B1%CF%83%CE%BC/,9725,/capstor/scratch/cscs/fffoivos/runs/05_token_distillation_cpt/hplt_cleaning/05_hplt_cleaning_inventory_resume_20260605T165145Z/experiments/review_bundle_20260605T165151Z/docs/ed0e0c0e36b86a51.txt,,[],,,,[],
rq_0149_7e56dc5573,hplt::8_2.jsonl.zst::0c9f61c3cea183aeb6b6adb7ba0fc949,"[""precision_E004"", ""precision_E015""]","[""candidate_error_E004"", ""candidate_error_E015""]","[""E004"", ""E006"", ""E015"", ""E017""]",quarantine,0.5142857142857142,8,www.2happy.gr,https://www.2happy.gr/el/catalog/prin-tin-egkymosyni,9563,/capstor/scratch/cscs/fffoivos/runs/05_token_distillation_cpt/hplt_cleaning/05_hplt_cleaning_inventory_resume_20260605T165145Z/experiments/review_bundle_20260605T165151Z/docs/7e56dc5573908698.txt,,[],,,,[],
rq_0150_67ccb97c44,hplt::8_2.jsonl.zst::0cef0debb3702e74f8f24eb967a2a79c,"[""borderline_false_negative_probe""]","[""borderline_no_candidate_error""]",[],keep,0.23436274509803923,8,www.tsemperlidou.gr,https://www.tsemperlidou.gr/art-table/recipes/i-kalyteri-syntagi-gia-krouasan-voutyrou-me-tyri-krema-kai-marmelada-achladi,1818,/capstor/scratch/cscs/fffoivos/runs/05_token_distillation_cpt/hplt_cleaning/05_hplt_cleaning_inventory_resume_20260605T165145Z/experiments/review_bundle_20260605T165151Z/docs/67ccb97c4448ec24.txt,,[],,,,[],
rq_0151_2a60caaa2f,hplt::8_2.jsonl.zst::0ff6960ce47cbb00c372cfdba67b79f4,"[""false_negative_control""]","[""global_random_no_candidate_error""]",[],keep,0.23064250411861614,8,xploremykonosnews.gr,https://xploremykonosnews.gr/koinwnia/mykonos-apousa-h-astunomia-kai-to-limeniko-ston-korfo-eikones-ntropis-sto-pio-diasimo-nisi-tis-elladas/,1214,/capstor/scratch/cscs/fffoivos/runs/05_token_distillation_cpt/hplt_cleaning/05_hplt_cleaning_inventory_resume_20260605T165145Z/experiments/review_bundle_20260605T165151Z/docs/2a60caaa2fb23e53.txt,,[],,,,[],
rq_0152_558ce7e014,hplt::8_2.jsonl.zst::0ffd4f7b3a8235b40ad6b41ba0cb055c,"[""precision_E015"", ""precision_E017""]","[""candidate_error_E015"", ""candidate_error_E017""]","[""E004"", ""E015"", ""E017""]",quarantine,1.0,8,docplayer.gr,http://docplayer.gr/2388763-Tmima-istorias-arhaiologias.html,14354,/capstor/scratch/cscs/fffoivos/runs/05_token_distillation_cpt/hplt_cleaning/05_hplt_cleaning_inventory_resume_20260605T165145Z/experiments/review_bundle_20260605T165151Z/docs/558ce7e01458685c.txt,,[],,,,[],
rq_0153_f869f51fe0,hplt::8_2.jsonl.zst::103c6a488435d8cec53f8042b4065d77,"[""precision_E005""]","[""candidate_error_E005""]","[""E005"", ""E010"", ""E017""]",quarantine,0.4642224488700413,8,www.sundayspoon.gr,http://www.sundayspoon.gr/2013/02/%CF%80%CE%B1%CE%BD%CE%B5%CF%8D%CE%BA%CE%BF%CE%BB%CE%BF-%CF%86%CE%BF%CE%BD%CF%84%CF%8D-%CF%83%CE%BF%CE%BA%CE%BF%CE%BB%CE%AC%CF%84%CE%B1%CF%82-%CE%BA%CE%B1%CF%81%CE%B1%CE%BC%CE%AD%CE%BB%CE%B1%CF%82/,18629,/capstor/scratch/cscs/fffoivos/runs/05_token_distillation_cpt/hplt_cleaning/05_hplt_cleaning_inventory_resume_20260605T165145Z/experiments/review_bundle_20260605T165151Z/docs/f869f51fe0a65a10.txt,,[],,,,[],
rq_0154_214987fac2,hplt::8_2.jsonl.zst::10ab1f5030706676e96dbb90e3bc75ec,"[""precision_E005""]","[""candidate_error_E005""]","[""E005"", ""E010""]",quarantine,0.4102108768035516,8,salonicanews.wordpress.com,http://salonicanews.wordpress.com/2009/08/04/,4505,/capstor/scratch/cscs/fffoivos/runs/05_token_distillation_cpt/hplt_cleaning/05_hplt_cleaning_inventory_resume_20260605T165145Z/experiments/review_bundle_20260605T165151Z/docs/214987fac235193a.txt,,[],,,,[],
rq_0155_5192c9cf9d,hplt::8_2.jsonl.zst::122915726e76c338e7030489a800e1da,"[""false_negative_control""]","[""global_random_no_candidate_error""]",[],keep,0.2228855721393035,8,starwalk.gr,http://starwalk.gr/?p=5523,1005,/capstor/scratch/cscs/fffoivos/runs/05_token_distillation_cpt/hplt_cleaning/05_hplt_cleaning_inventory_resume_20260605T165145Z/experiments/review_bundle_20260605T165151Z/docs/5192c9cf9d8ea152.txt,,[],,,,[],
rq_0156_c5cc22bf6b,hplt::8_2.jsonl.zst::1574a25cd8bd9d32ef84b7cbfd642980,"[""destructive_action_review"", ""precision_E016""]","[""candidate_action_drop_doc"", ""candidate_error_E016""]","[""E007"", ""E008"", ""E016""]",drop_doc,0.6101785714285715,8,snapinst.com,https://snapinst.com/el/instagram-story-download,4442,/capstor/scratch/cscs/fffoivos/runs/05_token_distillation_cpt/hplt_cleaning/05_hplt_cleaning_inventory_resume_20260605T165145Z/experiments/review_bundle_20260605T165151Z/docs/c5cc22bf6b9712c2.txt,,[],,,,[],
rq_0157_f4785fbfc0,hplt::8_2.jsonl.zst::196bd347e8c421d6e3b7013e5c6e503f,"[""precision_E004""]","[""candidate_error_E004""]","[""E004"", ""E017""]",quarantine,0.4054196727080767,8,www.avopolis.gr,http://www.avopolis.gr/atzenta/your-ticket-please-music-festival-14905,5683,/capstor/scratch/cscs/fffoivos/runs/05_token_distillation_cpt/hplt_cleaning/05_hplt_cleaning_inventory_resume_20260605T165145Z/experiments/review_bundle_20260605T165151Z/docs/f4785fbfc0064126.txt,,[],,,,[],
rq_0158_0108a4acc2,hplt::8_2.jsonl.zst::1a7706404759e534afd4715830500af5,"[""borderline_false_negative_probe""]","[""borderline_no_candidate_error""]",[],keep,0.36666666666666664,8,melbeing.gr,http://melbeing.gr/ayto-einai-to-mistiko-gia-grigori/,768,/capstor/scratch/cscs/fffoivos/runs/05_token_distillation_cpt/hplt_cleaning/05_hplt_cleaning_inventory_resume_20260605T165145Z/experiments/review_bundle_20260605T165151Z/docs/0108a4acc2c63fce.txt,,[],,,,[],
rq_0159_95ee2e7d20,hplt::8_2.jsonl.zst::1ae1fd812b77fba81c454e4cecaf65ef,"[""precision_E020""]","[""candidate_error_E020""]","[""E020""]",keep,0.20817843866171004,8,www.bibliohora.gr,https://www.bibliohora.gr/40/1/%CE%9A%CE%B1%CF%84%CE%B7%CE%B3%CE%BF%CF%81%CE%AF%CE%B1/?person=%CE%9A%CE%B1%CE%BB%CE%AC%CE%B2%CF%81%CE%B9%CE%B1%CF%82%2C+%CE%A0%CE%B1%CE%BD%CE%B1%CE%B3%CE%B9%CF%8E%CF%84%CE%B7%CF%82,538,/capstor/scratch/cscs/fffoivos/runs/05_token_distillation_cpt/hplt_cleaning/05_hplt_cleaning_inventory_resume_20260605T165145Z/experiments/review_bundle_20260605T165151Z/docs/95ee2e7d20e24493.txt,,[],,,,[],
rq_0160_63990c5cde,hplt::8_2.jsonl.zst::1cbc5f4e030caf5f9e2180d4ad6e1d59,"[""borderline_false_negative_probe""]","[""borderline_no_candidate_error""]",[],keep,0.33666666666666667,8,wwwnew.enikos.gr,http://wwwnew.enikos.gr/society/678983/dyo-nees-syllipseis-gia-ta-epeisodia-sti-samo-15chronos-katigorei,899,/capstor/scratch/cscs/fffoivos/runs/05_token_distillation_cpt/hplt_cleaning/05_hplt_cleaning_inventory_resume_20260605T165145Z/experiments/review_bundle_20260605T165151Z/docs/63990c5cdef43741.txt,,[],,,,[],
rq_0161_b028cac623,hplt::8_2.jsonl.zst::1cbce68f58a7a615bafde87edd11889b,"[""precision_E013"", ""precision_E018""]","[""candidate_error_E013"", ""candidate_error_E018""]","[""E010"", ""E013"", ""E018""]",quarantine,0.42,8,www.mplokia.gr,http://www.mplokia.gr/?p=5470,6838,/capstor/scratch/cscs/fffoivos/runs/05_token_distillation_cpt/hplt_cleaning/05_hplt_cleaning_inventory_resume_20260605T165145Z/experiments/review_bundle_20260605T165151Z/docs/b028cac623b022a7.txt,,[],,,,[],
rq_0162_ff24f20f5e,hplt::8_2.jsonl.zst::20393361ec36daffbcd0edf2ea76cefe,"[""destructive_action_review"", ""precision_E020""]","[""candidate_action_drop_doc"", ""candidate_error_E020""]","[""E009"", ""E010"", ""E020""]",drop_doc,0.41081081081081083,8,xeniakous.com,http://xeniakous.com/tag/career/,740,/capstor/scratch/cscs/fffoivos/runs/05_token_distillation_cpt/hplt_cleaning/05_hplt_cleaning_inventory_resume_20260605T165145Z/experiments/review_bundle_20260605T165151Z/docs/ff24f20f5e0942cf.txt,,[],,,,[],
rq_0163_faf2bc6d26,hplt::8_2.jsonl.zst::2148932f7693907c68ad869c66c94119,"[""precision_E020""]","[""candidate_error_E020""]","[""E020""]",keep,0.19343696027633853,8,www.newsit.gr,https://www.newsit.gr/uncategorized/minyma-pros-pasa-kateythynsi-tou-yetha-gia-tin-etoimotita-ton-enoplon-dynameon/3278807/,579,/capstor/scratch/cscs/fffoivos/runs/05_token_distillation_cpt/hplt_cleaning/05_hplt_cleaning_inventory_resume_20260605T165145Z/experiments/review_bundle_20260605T165151Z/docs/faf2bc6d26206bea.txt,,[],,,,[],
rq_0164_6fa13a6287,hplt::8_2.jsonl.zst::22ccb1cd1cc4692ad5e5a60f201713fe,"[""false_negative_control""]","[""global_random_no_candidate_error""]",[],keep,0.21084337349397592,8,www.star.gr,https://www.star.gr/lifestyle/celebrities/618023/tremh-h-prwth-antidrash-meta-th-synenteyxh-toy-mikroytsikoy,1328,/capstor/scratch/cscs/fffoivos/runs/05_token_distillation_cpt/hplt_cleaning/05_hplt_cleaning_inventory_resume_20260605T165145Z/experiments/review_bundle_20260605T165151Z/docs/6fa13a6287d64dc1.txt,,[],,,,[],
rq_0165_dc9fa9eeea,hplt::8_2.jsonl.zst::25b4a5b5de4273e799ea824cc7fcce63,"[""destructive_action_review"", ""precision_E008"", ""precision_E016""]","[""candidate_action_drop_doc"", ""candidate_error_E008"", ""candidate_error_E016""]","[""E004"", ""E008"", ""E009"", ""E010"", ""E016"", ""E017""]",drop_doc,0.418389502501652,8,openfreesyndicate.wordpress.com,https://openfreesyndicate.wordpress.com/category/%CF%84%CE%BF-%CF%83%CF%8D%CE%BD%CE%B7%CE%B8%CE%B5%CF%82-%CF%80%CE%B1%CF%81%CE%AC%CE%BB%CE%BF%CE%B3%CE%BF/,10593,/capstor/scratch/cscs/fffoivos/runs/05_token_distillation_cpt/hplt_cleaning/05_hplt_cleaning_inventory_resume_20260605T165145Z/experiments/review_bundle_20260605T165151Z/docs/dc9fa9eeea30dc19.txt,,[],,,,[],
rq_0166_422071db42,hplt::8_2.jsonl.zst::281778e1a54ec6e390034f342e9a5ed5,"[""borderline_false_negative_probe""]","[""borderline_no_candidate_error""]",[],keep,0.2657625329815302,8,lyvo.website,https://lyvo.website/%CF%80%CF%81%CE%BF%CF%82-%CF%80%CF%8E%CE%BB%CE%B7%CF%83%CE%B7-satin-amr-green-aston-martin-vantage-f1-edition-roadster/,1788,/capstor/scratch/cscs/fffoivos/runs/05_token_distillation_cpt/hplt_cleaning/05_hplt_cleaning_inventory_resume_20260605T165145Z/experiments/review_bundle_20260605T165151Z/docs/422071db42f8d4e9.txt,,[],,,,[],
rq_0167_ffe5d4bf78,hplt::8_2.jsonl.zst::28d5fe9d808895050ea30b5055dec8d3,"[""precision_E019""]","[""candidate_error_E019""]","[""E004"", ""E010"", ""E017"", ""E019""]",quarantine,0.36248318277916586,8,kafeneio-gr.blogspot.gr,http://kafeneio-gr.blogspot.gr/2011/09/blog-post_7795.html,20812,/capstor/scratch/cscs/fffoivos/runs/05_token_distillation_cpt/hplt_cleaning/05_hplt_cleaning_inventory_resume_20260605T165145Z/experiments/review_bundle_20260605T165151Z/docs/ffe5d4bf78e01539.txt,,[],,,,[],
rq_0168_027fcc9c65,hplt::8_2.jsonl.zst::29357b60be5408144236e34ec30b68b7,"[""precision_E020""]","[""candidate_error_E020""]","[""E015"", ""E020""]",keep,0.6903786982248521,8,www.franchise.gr,https://www.franchise.gr/2013-04-30-07-37-40/franchise-%CE%BD%CE%B5%CE%B1/4429-todaylicious-food-partner-9-street-mode-festival.html,800,/capstor/scratch/cscs/fffoivos/runs/05_token_distillation_cpt/hplt_cleaning/05_hplt_cleaning_inventory_resume_20260605T165145Z/experiments/review_bundle_20260605T165151Z/docs/027fcc9c65134645.txt,,[],,,,[],
rq_0169_75beef6f0f,hplt::8_2.jsonl.zst::2adaad411ee97b8665c0ee51a8ffdafc,"[""false_negative_control""]","[""global_random_no_candidate_error""]",[],keep,0.22409560723514216,8,www.bizznews.gr,https://www.bizznews.gr/%CF%81%CF%8C%CE%B4%CE%BF%CF%82-%CE%B2%CF%81%CE%AD%CE%B8%CE%B7%CE%BA%CE%B5-%CE%B6%CF%89%CE%BD%CF%84%CE%B1%CE%BD%CE%AE-%CE%B7-44%CF%87%CF%81%CE%BF%CE%BD%CE%B7-%CE%B1%CE%B3%CE%BD%CE%BF%CE%BF%CF%8D%CE%BC,965,/capstor/scratch/cscs/fffoivos/runs/05_token_distillation_cpt/hplt_cleaning/05_hplt_cleaning_inventory_resume_20260605T165145Z/experiments/review_bundle_20260605T165151Z/docs/75beef6f0fe59d28.txt,,[],,,,[],
rq_0170_8b004a03d9,hplt::8_2.jsonl.zst::2be0d35653c1827fbedd6941223f64bd,"[""false_negative_control""]","[""global_random_no_candidate_error""]",[],keep,0.175,8,www.toymania.gr,https://www.toymania.gr/online-shop/lego-theme-city/lego-city/lego-60283-lego-city-holiday-camper-van,536,/capstor/scratch/cscs/fffoivos/runs/05_token_distillation_cpt/hplt_cleaning/05_hplt_cleaning_inventory_resume_20260605T165145Z/experiments/review_bundle_20260605T165151Z/docs/8b004a03d9007005.txt,,[],,,,[],
rq_0171_6aae5b3ce5,hplt::8_2.jsonl.zst::2cc4742247d6e1591eb2929025b0cb7d,"[""borderline_false_negative_probe""]","[""borderline_no_candidate_error""]",[],keep,0.27586206896551724,8,www.oikologos.gr,http://www.oikologos.gr/index.php?option=com_content&view=article&id=319&Itemid=192,2001,/capstor/scratch/cscs/fffoivos/runs/05_token_distillation_cpt/hplt_cleaning/05_hplt_cleaning_inventory_resume_20260605T165145Z/experiments/review_bundle_20260605T165151Z/docs/6aae5b3ce541f970.txt,,[],,,,[],
rq_0172_11fb5d6b7d,hplt::8_2.jsonl.zst::2d5e288a99db4cb0db6e1ba4ff3f05c5,"[""false_negative_control""]","[""global_random_no_candidate_error""]",[],keep,0.12326656394453005,8,lawnet.gr,https://lawnet.gr/law-news/dikeo-technologia/suzitisi-sto-kogkreso-gia-nomimotita-programmaton-p2p/,1298,/capstor/scratch/cscs/fffoivos/runs/05_token_distillation_cpt/hplt_cleaning/05_hplt_cleaning_inventory_resume_20260605T165145Z/experiments/review_bundle_20260605T165151Z/docs/11fb5d6b7dea0b61.txt,,[],,,,[],
rq_0173_9ada544414,hplt::8_2.jsonl.zst::2e0b4612e44f0d544b9e4e08045b24fd,"[""borderline_false_negative_probe""]","[""borderline_no_candidate_error""]",[],keep,0.3058350100603622,8,fitnesslabs.gr,https://fitnesslabs.gr/product/engn-pre-workout-279gr-watermelon-evl-nutrition/,1988,/capstor/scratch/cscs/fffoivos/runs/05_token_distillation_cpt/hplt_cleaning/05_hplt_cleaning_inventory_resume_20260605T165145Z/experiments/review_bundle_20260605T165151Z/docs/9ada5444141a59ae.txt,,[],,,,[],
rq_0174_7c88f7d05e,hplt::8_2.jsonl.zst::2f24e42916e2689a7edba88617ec15e3,"[""precision_E015""]","[""candidate_error_E015""]","[""E015""]",quarantine,0.9855977011494252,8,www.rockrooster.gr,https://www.rockrooster.gr/parkway-drive-european-tour-2024-kickoff/,758,/capstor/scratch/cscs/fffoivos/runs/05_token_distillation_cpt/hplt_cleaning/05_hplt_cleaning_inventory_resume_20260605T165145Z/experiments/review_bundle_20260605T165151Z/docs/7c88f7d05ed4bdf6.txt,,[],,,,[],
rq_0175_81e5a429f9,hplt::8_2.jsonl.zst::2fd26624b29f4aebf580e1032ddb71c5,"[""precision_E009""]","[""candidate_error_E009""]","[""E005"", ""E009"", ""E010"", ""E017""]",quarantine,0.41368337311058073,8,antgeo.blogspot.com,http://antgeo.blogspot.com/2011/06/blog-post_4750.html,10056,/capstor/scratch/cscs/fffoivos/runs/05_token_distillation_cpt/hplt_cleaning/05_hplt_cleaning_inventory_resume_20260605T165145Z/experiments/review_bundle_20260605T165151Z/docs/81e5a429f9908d3f.txt,,[],,,,[],
rq_0176_fa19561d8b,hplt::8_2.jsonl.zst::30481ff8be73527eb38e2faf0b607d12,"[""borderline_false_negative_probe""]","[""borderline_no_candidate_error""]",[],keep,0.248728094968909,8,www.stivoz.gr,https://www.stivoz.gr/adeio-to-protathlima-tis-jamaica-xoris-bolt-kai-blake-aposyrthike-kai-o-powell/,1769,/capstor/scratch/cscs/fffoivos/runs/05_token_distillation_cpt/hplt_cleaning/05_hplt_cleaning_inventory_resume_20260605T165145Z/experiments/review_bundle_20260605T165151Z/docs/fa19561d8bc2b378.txt,,[],,,,[],
rq_0177_2fa1f57d29,hplt::8_2.jsonl.zst::30f64cdd2404d480369cd313f4b657af,"[""borderline_false_negative_probe""]","[""borderline_no_candidate_error""]",[],keep,0.23503584229390678,8,athlitikianaskopisi.gr,https://athlitikianaskopisi.gr/%CE%BC%CF%80%CE%AC%CE%BC%CF%80%CE%B7%CF%82-%CE%B2%CE%BF%CF%85%CE%BD%CE%BF%CF%84%CF%81%CF%85%CF%80%CE%AF%CE%B4%CE%B7%CF%82-%CF%84%CE%BF-%CF%80%CF%81%CF%8C%CF%83%CF%89%CF%80%CE%BF-%CF%84%CE%BF%CF%85/,689,/capstor/scratch/cscs/fffoivos/runs/05_token_distillation_cpt/hplt_cleaning/05_hplt_cleaning_inventory_resume_20260605T165145Z/experiments/review_bundle_20260605T165151Z/docs/2fa1f57d292442ac.txt,,[],,,,[],
rq_0178_84152421c1,hplt::8_2.jsonl.zst::3127fd046c448c840a91c749375a6e1c,"[""false_negative_control""]","[""global_random_no_candidate_error""]",[],keep,0.1543026706231454,8,www.lawandorder.gr,https://www.lawandorder.gr/Article/143880/limeniko/nekros-48chronos-ergazomenos-se-ichthuokalliergeia-stin-aitoloakarnania,674,/capstor/scratch/cscs/fffoivos/runs/05_token_distillation_cpt/hplt_cleaning/05_hplt_cleaning_inventory_resume_20260605T165145Z/experiments/review_bundle_20260605T165151Z/docs/84152421c12dc8aa.txt,,[],,,,[],
rq_0179_887369da95,hplt::8_2.jsonl.zst::317b7fe9c550b3e10765fda0cd51b1f4,"[""destructive_action_review"", ""precision_E005""]","[""candidate_action_drop_doc"", ""candidate_error_E005""]","[""E005"", ""E014""]",drop_doc,0.9830444735120993,8,www.frontpages.gr,https://www.frontpages.gr/d/20160113/57/%CE%A6%CF%89%CF%82,4051,/capstor/scratch/cscs/fffoivos/runs/05_token_distillation_cpt/hplt_cleaning/05_hplt_cleaning_inventory_resume_20260605T165145Z/experiments/review_bundle_20260605T165151Z/docs/887369da95c52bd9.txt,,[],,,,[],
rq_0180_66ae15fb79,hplt::8_2.jsonl.zst::33d70e7e5a50561d80a94cee5d845935,"[""precision_E011"", ""precision_E012"", ""precision_E019""]","[""candidate_error_E011"", ""candidate_error_E012"", ""candidate_error_E019""]","[""E004"", ""E007"", ""E010"", ""E011"", ""E012"", ""E017"", ""E019""]",quarantine,0.6115229166666667,8,youpayyourcrisis.blogspot.be,http://youpayyourcrisis.blogspot.be/2010/07/blog-post_7241.html,58354,/capstor/scratch/cscs/fffoivos/runs/05_token_distillation_cpt/hplt_cleaning/05_hplt_cleaning_inventory_resume_20260605T165145Z/experiments/review_bundle_20260605T165151Z/docs/66ae15fb79bc790b.txt,,[],,,,[],
rq_0181_76ae913f31,hplt::8_2.jsonl.zst::3457d726ae7b793789ea3cc607296a3e,"[""borderline_false_negative_probe""]","[""borderline_no_candidate_error""]",[],keep,0.25455845548802286,8,independent.gr,http://independent.gr/%CE%B8%CE%AD%CE%B1%CF%84%CF%81%CE%BF/1757-%CE%BF-%CF%81%CF%8C%CE%B6%CE%B5%CE%BD%CE%B3%CE%BA%CF%81%CE%B1%CE%BD%CF%84%CE%B6-%CE%BA%CE%B1%CE%B9-%CE%BF-%CE%B3%CE%BA%CE%AF%CE%BB%CE%BD%CF%84%CE%B5%CF%81%CF%83%CF%84%CE%B5%CF%81%CE%BD-%CE%B5%CE%AF%CE%BD%CE%B1%CE%B9-%CE%BD%CE%B5%CE%BA%CF%81%CE%BF%CE%AF,2797,/capstor/scratch/cscs/fffoivos/runs/05_token_distillation_cpt/hplt_cleaning/05_hplt_cleaning_inventory_resume_20260605T165145Z/experiments/review_bundle_20260605T165151Z/docs/76ae913f31d84b76.txt,,[],,,,[],
rq_0182_de30c0444b,hplt::8_2.jsonl.zst::38e10eae078a6e181f9f42e970c5bfc6,"[""false_negative_control""]","[""global_random_no_candidate_error""]",[],keep,0.18024578971324534,8,newsnea.com,http://newsnea.com/kosmos?page=8,4394,/capstor/scratch/cscs/fffoivos/runs/05_token_distillation_cpt/hplt_cleaning/05_hplt_cleaning_inventory_resume_20260605T165145Z/experiments/review_bundle_20260605T165151Z/docs/de30c0444bc0787d.txt,,[],,,,[],
rq_0183_7e83bdc910,hplt::8_2.jsonl.zst::38f8bb8bd2430529372b9d355c6eb36e,"[""precision_E010""]","[""candidate_error_E010""]","[""E010"", ""E014""]",quarantine,0.7173297262889878,8,www.parentscafe.gr,https://www.parentscafe.gr/forum/profile/39457-tzeni82/,7916,/capstor/scratch/cscs/fffoivos/runs/05_token_distillation_cpt/hplt_cleaning/05_hplt_cleaning_inventory_resume_20260605T165145Z/experiments/review_bundle_20260605T165151Z/docs/7e83bdc910d35457.txt,,[],,,,[],
rq_0184_2974806d83,hplt::8_2.jsonl.zst::39ff61db68fff6cef0826f58f9fc624f,"[""false_negative_control""]","[""global_random_no_candidate_error""]",[],keep,0.15928322548531607,8,kulturosupa.gr,http://kulturosupa.gr/index.php/art-book/to-gimnasio-tis-thessalonikis-2273/,2009,/capstor/scratch/cscs/fffoivos/runs/05_token_distillation_cpt/hplt_cleaning/05_hplt_cleaning_inventory_resume_20260605T165145Z/experiments/review_bundle_20260605T165151Z/docs/2974806d83cf0b4f.txt,,[],,,,[],
rq_0185_bb6cba1f7d,hplt::8_2.jsonl.zst::3b61acaa58ae641b71b805a275ee5e7e,"[""destructive_action_review"", ""precision_E009"", ""precision_E020""]","[""candidate_action_drop_doc"", ""candidate_error_E009"", ""candidate_error_E020""]","[""E009"", ""E010"", ""E020""]",drop_doc,0.30291176470588227,8,www.likelarissa.gr,http://www.likelarissa.gr/news/category/%cf%84%ce%b5%cf%87%ce%bd%ce%bf%ce%bb%ce%bf%ce%b3%ce%af%ce%b1/web/,792,/capstor/scratch/cscs/fffoivos/runs/05_token_distillation_cpt/hplt_cleaning/05_hplt_cleaning_inventory_resume_20260605T165145Z/experiments/review_bundle_20260605T165151Z/docs/bb6cba1f7d65d9c5.txt,,[],,,,[],
rq_0186_709fa8fa0d,hplt::8_2.jsonl.zst::3bf6c2f5e5e39de982ecc56447fa779d,"[""precision_E004""]","[""candidate_error_E004""]","[""E004"", ""E010"", ""E015"", ""E017""]",quarantine,0.595862821915552,8,game20.gr,https://game20.gr/tag/fortnite/,6952,/capstor/scratch/cscs/fffoivos/runs/05_token_distillation_cpt/hplt_cleaning/05_hplt_cleaning_inventory_resume_20260605T165145Z/experiments/review_bundle_20260605T165151Z/docs/709fa8fa0d04824c.txt,,[],,,,[],
rq_0187_8e71dcdb98,hplt::8_2.jsonl.zst::3d8d1907e03d56d67880dc5b8a4e8272,"[""precision_E006""]","[""candidate_error_E006""]","[""E006"", ""E007"", ""E009"", ""E019""]",quarantine,0.5225000000000001,8,m.eirinika.gr,https://m.eirinika.gr/article/218751/o-hugh-jackman-agkalia-me-ta-skylia-toy-i-tromeri-thea-sti-thalassa-kai-ta-sholia-gia,1197,/capstor/scratch/cscs/fffoivos/runs/05_token_distillation_cpt/hplt_cleaning/05_hplt_cleaning_inventory_resume_20260605T165145Z/experiments/review_bundle_20260605T165151Z/docs/8e71dcdb9862b390.txt,,[],,,,[],
rq_0188_4f551aef1d,hplt::8_2.jsonl.zst::3d97ebf2f07c995097c43c04262ef291,"[""precision_E020""]","[""candidate_error_E020""]","[""E015"", ""E017"", ""E020""]",quarantine,0.7089411764705881,8,marketingweek.gr,https://marketingweek.gr/tripli-diakrisi-gia-tin-allbright-sta-fetina-event-awards/,606,/capstor/scratch/cscs/fffoivos/runs/05_token_distillation_cpt/hplt_cleaning/05_hplt_cleaning_inventory_resume_20260605T165145Z/experiments/review_bundle_20260605T165151Z/docs/4f551aef1d6f5da8.txt,,[],,,,[],
rq_0189_7b784d7e84,hplt::8_2.jsonl.zst::3fa6b265b6b4e66228a80b829f54fcf3,"[""false_negative_control""]","[""global_random_no_candidate_error""]",[],keep,0.11654526534859522,8,simpleact.gr,https://simpleact.gr/health-insurance/program-family/,961,/capstor/scratch/cscs/fffoivos/runs/05_token_distillation_cpt/hplt_cleaning/05_hplt_cleaning_inventory_resume_20260605T165145Z/experiments/review_bundle_20260605T165151Z/docs/7b784d7e84a71f90.txt,,[],,,,[],
rq_0190_bc4d3ec6e2,hplt::8_2.jsonl.zst::3fd4c887d9fbf2da1735dd473af284ee,"[""precision_E009""]","[""candidate_error_E009""]","[""E006"", ""E007"", ""E009"", ""E010""]",quarantine,0.6934577922077921,8,www.foulscode.com,https://www.foulscode.com/2015/12/blog-post_87.html,5039,/capstor/scratch/cscs/fffoivos/runs/05_token_distillation_cpt/hplt_cleaning/05_hplt_cleaning_inventory_resume_20260605T165145Z/experiments/review_bundle_20260605T165151Z/docs/bc4d3ec6e2ba868f.txt,,[],,,,[],
rq_0191_f39a33f21e,hplt::8_2.jsonl.zst::419db491b6319d0c8e8da2331549580f,"[""false_negative_control""]","[""global_random_no_candidate_error""]",[],keep,0.10256410256410256,8,www.argolikeseidhseis.gr,https://www.argolikeseidhseis.gr/2023/02/blog-post_886.html,780,/capstor/scratch/cscs/fffoivos/runs/05_token_distillation_cpt/hplt_cleaning/05_hplt_cleaning_inventory_resume_20260605T165145Z/experiments/review_bundle_20260605T165151Z/docs/f39a33f21e0891b2.txt,,[],,,,[],
rq_0192_c49664afd7,hplt::8_2.jsonl.zst::41b053b3cb8aa572ae2ecf4c6615ff04,"[""precision_E006""]","[""candidate_error_E006""]","[""E006"", ""E007"", ""E009"", ""E015""]",quarantine,1.0,8,www.gadgetfreak.gr,https://www.gadgetfreak.gr/2011/10/29/%CE%B7-nokia-%CE%B8%CE%B1-%CF%86%CE%AD%CF%81%CE%B5%CE%B9-%CF%84%CE%BF-%CF%88%CE%B7%CF%86%CE%B9%CE%B1%CE%BA%CF%8C-%CF%80%CE%BF%CF%81%CF%84%CE%BF%CF%86%CF%8C%CE%BB%CE%B9-%CF%83%CE%B5-%CF%8C%CF%83%CE%BF/,1544,/capstor/scratch/cscs/fffoivos/runs/05_token_distillation_cpt/hplt_cleaning/05_hplt_cleaning_inventory_resume_20260605T165145Z/experiments/review_bundle_20260605T165151Z/docs/c49664afd7832795.txt,,[],,,,[],
rq_0193_384340c9fb,hplt::8_2.jsonl.zst::41c2f9a5a61ff63ec0fd4a59642c7184,"[""false_negative_control""]","[""global_random_no_candidate_error""]",[],keep,0.2302158273381295,8,www.pink.gr,https://www.pink.gr/post/263105/den-einai-mono-i-viky-vanita-oi-ithopoioi-poy-epaixan-sto-eisai-to-tairi-moy-kai-ligoi-xeroyn-oti-exoyn-pethanei,1668,/capstor/scratch/cscs/fffoivos/runs/05_token_distillation_cpt/hplt_cleaning/05_hplt_cleaning_inventory_resume_20260605T165145Z/experiments/review_bundle_20260605T165151Z/docs/384340c9fba27eeb.txt,,[],,,,[],
rq_0194_ed543e18f2,hplt::8_2.jsonl.zst::43f0dede9c6fa5d792e933aefbba9dba,"[""false_negative_control""]","[""global_random_no_candidate_error""]",[],keep,0.147239263803681,8,thestandard.gr,https://thestandard.gr/diethni/tromos-se-ptisi-gia-to-ntoubai-travmatistikan-14-epivates-ti-synevi/,815,/capstor/scratch/cscs/fffoivos/runs/05_token_distillation_cpt/hplt_cleaning/05_hplt_cleaning_inventory_resume_20260605T165145Z/experiments/review_bundle_20260605T165151Z/docs/ed543e18f278d57b.txt,,[],,,,[],
rq_0195_20d04514e0,hplt::8_2.jsonl.zst::456a826f52d523864b322d0b4d924a8a,"[""false_negative_control""]","[""global_random_no_candidate_error""]",[],keep,0.13814756671899528,8,www.hallocy.com,https://www.hallocy.com/2018/01/05/aftos-ine-o-logos-pou-o-konstantinos-vasalos-apofasise-na-dimosiopiisi-tin-schesi-tou-me-tin-evrydiki-valavani-osa-apokalypse-o-idios-vinteo/,637,/capstor/scratch/cscs/fffoivos/runs/05_token_distillation_cpt/hplt_cleaning/05_hplt_cleaning_inventory_resume_20260605T165145Z/experiments/review_bundle_20260605T165151Z/docs/20d04514e0eb460d.txt,,[],,,,[],
rq_0196_67d400d365,hplt::8_2.jsonl.zst::46978217bf7b4913e7752799508e754b,"[""precision_E014"", ""precision_E020""]","[""candidate_error_E014"", ""candidate_error_E020""]","[""E014"", ""E015"", ""E020""]",keep,1.0,8,justgamer.gr,https://justgamer.gr/tag/soulstorm/,511,/capstor/scratch/cscs/fffoivos/runs/05_token_distillation_cpt/hplt_cleaning/05_hplt_cleaning_inventory_resume_20260605T165145Z/experiments/review_bundle_20260605T165151Z/docs/67d400d365e78544.txt,,[],,,,[],
rq_0197_16462e0236,hplt::8_2.jsonl.zst::47d3e2f81918669f7768631f2fa0d298,"[""precision_E020""]","[""candidate_error_E020""]","[""E006"", ""E007"", ""E009"", ""E015"", ""E020""]",keep,0.6265302464525765,8,phonegr.blogspot.com,http://phonegr.blogspot.com/2013/10/motorola-xplay-tablet-63.html,616,/capstor/scratch/cscs/fffoivos/runs/05_token_distillation_cpt/hplt_cleaning/05_hplt_cleaning_inventory_resume_20260605T165145Z/experiments/review_bundle_20260605T165151Z/docs/16462e0236fd13f3.txt,,[],,,,[],
rq_0198_120be4dde5,hplt::8_2.jsonl.zst::48d78f8a6e8d61b96429091705f67365,"[""false_negative_control""]","[""global_random_no_candidate_error""]",[],keep,0.20117351215423301,8,aretiboboti.blogspot.gr,http://aretiboboti.blogspot.gr/search/label/%CF%80%CE%BF%CF%81%CF%83%CE%B5%CE%BB%CE%AC%CE%BD%CE%B7,1193,/capstor/scratch/cscs/fffoivos/runs/05_token_distillation_cpt/hplt_cleaning/05_hplt_cleaning_inventory_resume_20260605T165145Z/experiments/review_bundle_20260605T165151Z/docs/120be4dde5c70819.txt,,[],,,,[],
rq_0199_68a4216684,hplt::8_2.jsonl.zst::497f22a5cd550707e38062874985b4f5,"[""precision_E006"", ""precision_E007""]","[""candidate_error_E006"", ""candidate_error_E007""]","[""E004"", ""E006"", ""E007"", ""E017""]",quarantine,0.7694605880742318,8,hold.gr,http://hold.gr/services,19694,/capstor/scratch/cscs/fffoivos/runs/05_token_distillation_cpt/hplt_cleaning/05_hplt_cleaning_inventory_resume_20260605T165145Z/experiments/review_bundle_20260605T165151Z/docs/68a4216684c2b0d1.txt,,[],,,,[],
rq_0200_35b1154600,hplt::8_2.jsonl.zst::49c4b660d1960b1c9a1d30b4c8e124f7,"[""false_negative_control""]","[""global_random_no_candidate_error""]",[],keep,0.12651162790697673,8,news24plus.blogspot.gr,http://news24plus.blogspot.gr/2011/06/facebook_7426.html,1075,/capstor/scratch/cscs/fffoivos/runs/05_token_distillation_cpt/hplt_cleaning/05_hplt_cleaning_inventory_resume_20260605T165145Z/experiments/review_bundle_20260605T165151Z/docs/35b1154600c8ccea.txt,,[],,,,[],
rq_0201_349ab25fff,hplt::8_2.jsonl.zst::4a1f1996c6a0018347a126142fcc3388,"[""destructive_action_review"", ""precision_E005"", ""precision_E020""]","[""candidate_action_drop_doc"", ""candidate_error_E005"", ""candidate_error_E020""]","[""E005"", ""E020""]",drop_doc,0.5647058823529412,8,astrofegia.wordpress.com,https://astrofegia.wordpress.com/2012/05/06/the-rooster-and-the-pig/,340,/capstor/scratch/cscs/fffoivos/runs/05_token_distillation_cpt/hplt_cleaning/05_hplt_cleaning_inventory_resume_20260605T165145Z/experiments/review_bundle_20260605T165151Z/docs/349ab25fff6a1059.txt,,[],,,,[],
rq_0202_6cfc8fa6e1,hplt::8_2.jsonl.zst::4b282441afd91f7e72c2300bd34bbff3,"[""false_negative_control""]","[""global_random_no_candidate_error""]",[],keep,0.1511216056670602,8,www.ant1.com.cy,https://www.ant1.com.cy/news/kosmos/article/422052/friki-sti-gallia-purovolise-ki-ekapse-ti-gunaika-tou-sti-mesi-tou-dromou/,847,/capstor/scratch/cscs/fffoivos/runs/05_token_distillation_cpt/hplt_cleaning/05_hplt_cleaning_inventory_resume_20260605T165145Z/experiments/review_bundle_20260605T165151Z/docs/6cfc8fa6e12937d6.txt,,[],,,,[],
rq_0203_3bf5842af6,hplt::8_2.jsonl.zst::4cec66c17804ba64fb7c884b7ff00159,"[""destructive_action_review"", ""precision_E015""]","[""candidate_action_trim_span"", ""candidate_error_E015""]","[""E006"", ""E007"", ""E015""]",trim_span,0.728163947163947,8,mad.tv,http://mad.tv/%CE%BD%CE%AD%CE%BF-album-%CE%B1%CF%80%CF%8C-%CF%84%CE%BF%CF%85%CF%82-white-lies/,1665,/capstor/scratch/cscs/fffoivos/runs/05_token_distillation_cpt/hplt_cleaning/05_hplt_cleaning_inventory_resume_20260605T165145Z/experiments/review_bundle_20260605T165151Z/docs/3bf5842af66d8f0a.txt,,[],,,,[],
rq_0204_3e07c4351b,hplt::8_2.jsonl.zst::50c96dc9fed5c644572a04e169c61e46,"[""precision_E020""]","[""candidate_error_E020""]","[""E014"", ""E020""]",keep,0.5188818565400846,8,bodies.gr,https://bodies.gr/kailena-%CE%B1%CF%86%CE%AE%CF%83%CF%84%CE%B5-%CF%84%CE%B7-%CF%86%CF%8D%CF%83%CE%B7-%CE%BA%CE%B1%CE%B9-%CF%80%CE%B9%CE%AC%CF%83%CF%84%CE%B5-%CF%84%CE%BF-video/,608,/capstor/scratch/cscs/fffoivos/runs/05_token_distillation_cpt/hplt_cleaning/05_hplt_cleaning_inventory_resume_20260605T165145Z/experiments/review_bundle_20260605T165151Z/docs/3e07c4351ba96696.txt,,[],,,,[],
rq_0205_42809b38fd,hplt::8_2.jsonl.zst::50d25aab744ee62515c7b5740892dfb1,"[""precision_E005""]","[""candidate_error_E005""]","[""E005"", ""E014"", ""E015""]",quarantine,1.0,8,www.individualartleather.com,https://www.individualartleather.com/post/%CE%B7-%CE%B5%CE%BC%CF%86%CE%AC%CE%BD%CE%B9%CF%83%CE%B7-%CF%84%CE%B7%CF%82-%CF%86%CE%B1%CE%AF%CE%B7%CF%82-%CF%83%CF%84%CE%BF-%CF%80%CF%81%CF%891%CE%BD%CF%8C-18-12-%CF%86%CE%BF%CF%81%CF%8E%CE%BD%CF%84%CE%B1%CF%82-%CF%84%CE%B7-%CE%B4%CE%B5%CF%81%CE%BC%CE%AC%CF%84%CE%B9%CE%BD%CE%B7-%CE%B6%CF%8E%CE%BD%CE%B7-freedom,99,/capstor/scratch/cscs/fffoivos/runs/05_token_distillation_cpt/hplt_cleaning/05_hplt_cleaning_inventory_resume_20260605T165145Z/experiments/review_bundle_20260605T165151Z/docs/42809b38fdc6d1f5.txt,,[],,,,[],
rq_0206_131eebdffd,hplt::8_2.jsonl.zst::51b42f03b761187bef2c3fd93cad0575,"[""borderline_false_negative_probe""]","[""borderline_no_candidate_error""]",[],keep,0.23713017751479287,8,www.zarpanews.gr,https://www.zarpanews.gr/%CE%BF-%CE%B1%CE%B3%CF%8E%CE%BD%CE%B1%CF%82-%CF%84%CE%B7%CF%82-%CE%BC%CE%AC%CE%BD%CE%B1%CF%82-%CE%BD%CE%B1-%CE%B2%CE%AC%CE%BB%CE%B5%CE%B9-%CF%84%CE%B1-%CE%B4%CE%AF%CE%B4%CF%85%CE%BC%CE%B1-%CE%B3%CE%B9/,1054,/capstor/scratch/cscs/fffoivos/runs/05_token_distillation_cpt/hplt_cleaning/05_hplt_cleaning_inventory_resume_20260605T165145Z/experiments/review_bundle_20260605T165151Z/docs/131eebdffde69456.txt,,[],,,,[],
rq_0207_e7c78beeea,hplt::8_2.jsonl.zst::5253b51e1e0692d69a1038994680e7a2,"[""false_negative_control""]","[""global_random_no_candidate_error""]",[],keep,0.1801659423152904,8,www.megatv.com,https://www.megatv.com/2023/02/02/alkis-kampanos-symplirothike-enas-xronos-apo-ti-dolofonia-tou-poreia-stin-mnimi-tou-2/,2531,/capstor/scratch/cscs/fffoivos/runs/05_token_distillation_cpt/hplt_cleaning/05_hplt_cleaning_inventory_resume_20260605T165145Z/experiments/review_bundle_20260605T165151Z/docs/e7c78beeea970b1a.txt,,[],,,,[],
rq_0208_f0da62c911,hplt::8_2.jsonl.zst::57954dee10582626fbb4ea1ad6dc75a9,"[""borderline_false_negative_probe""]","[""borderline_no_candidate_error""]",[],keep,0.30625,8,www.explosivo.gr,http://www.explosivo.gr/xionodromika/%CF%87%CE%B9%CE%BF%CE%BD%CE%BF%CE%B4%CF%81%CE%BF%CE%BC%CE%B9%CE%BA%CF%8C-%CF%80%CE%B9%CF%83%CE%BF%CE%B4%CE%B5%CF%81%CE%AF%CE%BF%CF%85/,1039,/capstor/scratch/cscs/fffoivos/runs/05_token_distillation_cpt/hplt_cleaning/05_hplt_cleaning_inventory_resume_20260605T165145Z/experiments/review_bundle_20260605T165151Z/docs/f0da62c911c24217.txt,,[],,,,[],
rq_0209_7be0ccc831,hplt::8_2.jsonl.zst::58e7ce90dda566126ee98ba922f10728,"[""borderline_false_negative_probe""]","[""borderline_no_candidate_error""]",[],keep,0.2548785344484269,8,anastoxasmoi.gr,https://anastoxasmoi.gr/%CF%80%CF%8C%CF%81%CF%84%CE%B1-%CE%B1%CF%80%CF%8C-%CE%B3%CE%B5%CF%81%CE%BC%CE%B1%CE%BD%CE%AF%CE%B1-%CE%BA%CE%B1%CE%B9-%CE%B3%CE%B1%CE%BB%CE%BB%CE%AF%CE%B1-%CF%83%CF%84%CE%B7%CE%BD-%CF%80/,2511,/capstor/scratch/cscs/fffoivos/runs/05_token_distillation_cpt/hplt_cleaning/05_hplt_cleaning_inventory_resume_20260605T165145Z/experiments/review_bundle_20260605T165151Z/docs/7be0ccc831250bfe.txt,,[],,,,[],
rq_0210_88ef6f8a52,hplt::8_2.jsonl.zst::598082c22a31b77e3d6d5735efa08554,"[""borderline_false_negative_probe""]","[""borderline_no_candidate_error""]",[],keep,0.2712959224868793,8,www.skywalker.gr,https://www.skywalker.gr/elGR/nea/eidisi/BlogPost/skywalker-sciencereactorspoliw82,2477,/capstor/scratch/cscs/fffoivos/runs/05_token_distillation_cpt/hplt_cleaning/05_hplt_cleaning_inventory_resume_20260605T165145Z/experiments/review_bundle_20260605T165151Z/docs/88ef6f8a52c59fcb.txt,,[],,,,[],
rq_0211_0702844856,hplt::8_2.jsonl.zst::59a684f60ec1f4d47e608b0f6c9c6e4e,"[""precision_E011"", ""precision_E012""]","[""candidate_error_E011"", ""candidate_error_E012""]","[""E004"", ""E010"", ""E011"", ""E012"", ""E017""]",quarantine,0.38453958333333327,8,press-gr.blogspot.gr,http://press-gr.blogspot.gr/2008/05/blog-post_4304.html,14386,/capstor/scratch/cscs/fffoivos/runs/05_token_distillation_cpt/hplt_cleaning/05_hplt_cleaning_inventory_resume_20260605T165145Z/experiments/review_bundle_20260605T165151Z/docs/0702844856bb7b31.txt,,[],,,,[],
rq_0212_3fc32caaa6,hplt::8_2.jsonl.zst::5a38b1728e650135218cdeaed4297202,"[""false_negative_control""]","[""global_random_no_candidate_error""]",[],keep,0.2112,8,voicenews.gr,https://voicenews.gr/natalia-germanou-ti-leei-gia-ta-symvolaia-ton-synergaton-tis/,1250,/capstor/scratch/cscs/fffoivos/runs/05_token_distillation_cpt/hplt_cleaning/05_hplt_cleaning_inventory_resume_20260605T165145Z/experiments/review_bundle_20260605T165151Z/docs/3fc32caaa6f89cf1.txt,,[],,,,[],
rq_0213_ffd1a93d79,hplt::8_2.jsonl.zst::5a83c95dee0281914c440488ec854c5f,"[""false_negative_control""]","[""global_random_no_candidate_error""]",[],keep,0.2937249666221629,8,www.sporfm.gr,https://www.sporfm.gr/oi-trapezes-poltopoiisan-vivlia-poiisis/,1498,/capstor/scratch/cscs/fffoivos/runs/05_token_distillation_cpt/hplt_cleaning/05_hplt_cleaning_inventory_resume_20260605T165145Z/experiments/review_bundle_20260605T165151Z/docs/ffd1a93d79f2b57a.txt,,[],,,,[],
rq_0214_5661a575ff,hplt::8_2.jsonl.zst::5c0f529c20c6ce0644badfa38d10216f,"[""borderline_false_negative_probe""]","[""borderline_no_candidate_error""]",[],keep,0.23286567164179098,8,www.digitallife.gr,https://www.digitallife.gr/o-thor-pairnei-to-logo-sto-neo-teaser-tou-love-and-thunder-67933,801,/capstor/scratch/cscs/fffoivos/runs/05_token_distillation_cpt/hplt_cleaning/05_hplt_cleaning_inventory_resume_20260605T165145Z/experiments/review_bundle_20260605T165151Z/docs/5661a575ff639f57.txt,,[],,,,[],
rq_0215_50358b08c5,hplt::8_2.jsonl.zst::5e3c81df9911eb230e1004d6d26d8808,"[""false_negative_control""]","[""global_random_no_candidate_error""]",[],keep,0.15751295336787566,8,parosnews.gr,https://parosnews.gr/2012/07/23/15%CF%87%CF%81%CE%BF%CE%BD%CE%B7-%CF%83%CF%84%CE%B7%CE%BD-%CF%80%CE%AC%CF%81%CE%BF-%CE%B4%CE%B5%CE%BD-%CE%BC%CF%80%CF%8C%CF%81%CE%B5%CF%83%CE%B5-%CE%BD%CE%B1-%CE%B2%CE%B3%CE%AC%CE%BB%CE%B5%CE%B9/?shared=email&msg=fail,965,/capstor/scratch/cscs/fffoivos/runs/05_token_distillation_cpt/hplt_cleaning/05_hplt_cleaning_inventory_resume_20260605T165145Z/experiments/review_bundle_20260605T165151Z/docs/50358b08c552d979.txt,,[],,,,[],
rq_0216_778b9465f1,hplt::8_2.jsonl.zst::5eb47d61f82c4e7ffa4e5fd1f17433b4,"[""borderline_false_negative_probe""]","[""borderline_no_candidate_error""]",[],keep,0.2517482517482518,8,www.lakonikostypos.gr,https://www.lakonikostypos.gr/epikairothta/item/173314-edese-to-proto-krouazieroploio-tis-sezon-sti-monemvasia,1430,/capstor/scratch/cscs/fffoivos/runs/05_token_distillation_cpt/hplt_cleaning/05_hplt_cleaning_inventory_resume_20260605T165145Z/experiments/review_bundle_20260605T165151Z/docs/778b9465f10469e5.txt,,[],,,,[],
rq_0217_51caee8e4a,hplt::8_2.jsonl.zst::5ee5a1dfa3dbde006b820967e7a3323a,"[""borderline_false_negative_probe""]","[""borderline_no_candidate_error""]",[],keep,0.2766439909297052,8,www.giortazei.gr,https://www.giortazei.gr/ti-simainei-to-onoma-klearxos/,1764,/capstor/scratch/cscs/fffoivos/runs/05_token_distillation_cpt/hplt_cleaning/05_hplt_cleaning_inventory_resume_20260605T165145Z/experiments/review_bundle_20260605T165151Z/docs/51caee8e4a66cd16.txt,,[],,,,[],
rq_0218_a6776487af,hplt::8_2.jsonl.zst::62f0f8ea28d2cc1763e2cf923409db77,"[""borderline_false_negative_probe""]","[""borderline_no_candidate_error""]",[],keep,0.27941176470588236,8,www.zappit.gr,http://www.zappit.gr/psychagogia/kougias-i-gynaika-prepei-na-einai-sto-spiti-spanou-i-gynaika-tou-as-kathetai-spiti/39996,1088,/capstor/scratch/cscs/fffoivos/runs/05_token_distillation_cpt/hplt_cleaning/05_hplt_cleaning_inventory_resume_20260605T165145Z/experiments/review_bundle_20260605T165151Z/docs/a6776487af390710.txt,,[],,,,[],
rq_0219_6b3b695459,hplt::8_2.jsonl.zst::63191d931b4914fd654b2f0e866cc559,"[""false_negative_control""]","[""global_random_no_candidate_error""]",[],keep,0.2067777139574957,8,allaksogolies.gr,http://allaksogolies.gr/konsolas-lanthasmenh-kai-ek-tou-ponhrou-h-apopsh-oti-rodos-kai-kws-apoteloun-koresmenes-touristika-perioxes/,1741,/capstor/scratch/cscs/fffoivos/runs/05_token_distillation_cpt/hplt_cleaning/05_hplt_cleaning_inventory_resume_20260605T165145Z/experiments/review_bundle_20260605T165151Z/docs/6b3b6954592b0c78.txt,,[],,,,[],
rq_0220_04fb707cff,hplt::8_2.jsonl.zst::669a7ca2b63b9d4a2bf5d39f66e106bc,"[""false_negative_control""]","[""global_random_no_candidate_error""]",[],keep,0.15515151515151515,8,www.avopolis.gr,http://www.avopolis.gr/music-news/greek-news/61819-aepi-xanthopoulos,825,/capstor/scratch/cscs/fffoivos/runs/05_token_distillation_cpt/hplt_cleaning/05_hplt_cleaning_inventory_resume_20260605T165145Z/experiments/review_bundle_20260605T165151Z/docs/04fb707cff8d4a65.txt,,[],,,,[],
rq_0221_db936bf0cf,hplt::8_2.jsonl.zst::68f556913dce848b9771116d09ac45fc,"[""precision_E007"", ""precision_E019""]","[""candidate_error_E007"", ""candidate_error_E019""]","[""E007"", ""E010"", ""E019""]",quarantine,0.2866666666666667,8,kafeneio-gr.blogspot.gr,http://kafeneio-gr.blogspot.gr/2012/11/blog-post_3126.html,3658,/capstor/scratch/cscs/fffoivos/runs/05_token_distillation_cpt/hplt_cleaning/05_hplt_cleaning_inventory_resume_20260605T165145Z/experiments/review_bundle_20260605T165151Z/docs/db936bf0cf32f414.txt,,[],,,,[],
rq_0222_a09ef2d468,hplt::8_2.jsonl.zst::69500e3044a3c74caa4c38fcd94e7d53,"[""borderline_false_negative_probe""]","[""borderline_no_candidate_error""]",[],keep,0.25648021828103684,8,goal.philenews.com,https://goal.philenews.com/podosfero/kypros/a-katigoria/apoel/protypo-pistis-kai-afosiosis-stin-idea-tou-apoelismou/,1466,/capstor/scratch/cscs/fffoivos/runs/05_token_distillation_cpt/hplt_cleaning/05_hplt_cleaning_inventory_resume_20260605T165145Z/experiments/review_bundle_20260605T165151Z/docs/a09ef2d468bae015.txt,,[],,,,[],
rq_0223_9861bc592a,hplt::8_2.jsonl.zst::6b51ada2a3ed39a064820a30d9a77f78,"[""false_negative_control""]","[""global_random_no_candidate_error""]",[],keep,0.18309859154929578,8,xiromeronews.com,https://xiromeronews.com/%CF%83%CF%85%CE%BC%CE%BC%CE%B5%CF%84%CE%BF%CF%87%CE%AE-%CF%84%CE%BF%CF%85-%CE%B3%CE%B5%CF%89%CF%81%CE%B3%CE%AF%CE%BF%CF%85-%CE%B1%CF%80%CE%BF%CF%83%CF%84%CE%BF%CE%BB%CE%AC%CE%BA%CE%B7-%CF%83%CF%84/,3408,/capstor/scratch/cscs/fffoivos/runs/05_token_distillation_cpt/hplt_cleaning/05_hplt_cleaning_inventory_resume_20260605T165145Z/experiments/review_bundle_20260605T165151Z/docs/9861bc592ae5ffdc.txt,,[],,,,[],
rq_0224_d911c73159,hplt::8_2.jsonl.zst::6c11680d299e3a1e2ed83d60a5862114,"[""false_negative_control""]","[""global_random_no_candidate_error""]",[],keep,0.2507232401157184,8,www.ewoman.gr,https://www.ewoman.gr/839/tha-se-xerizoso-apo-mesa-moy-gia-na-ziso-alithina,2074,/capstor/scratch/cscs/fffoivos/runs/05_token_distillation_cpt/hplt_cleaning/05_hplt_cleaning_inventory_resume_20260605T165145Z/experiments/review_bundle_20260605T165151Z/docs/d911c73159f048b5.txt,,[],,,,[],
rq_0225_5ef2bad452,hplt::8_2.jsonl.zst::774747954f412c7e12479181e4f3b3fc,"[""precision_E010""]","[""candidate_error_E010""]","[""E010"", ""E015"", ""E017""]",quarantine,0.7739196704428422,8,game20.gr,https://game20.gr/tag/gears-of-war-3/page/2/,10430,/capstor/scratch/cscs/fffoivos/runs/05_token_distillation_cpt/hplt_cleaning/05_hplt_cleaning_inventory_resume_20260605T165145Z/experiments/review_bundle_20260605T165151Z/docs/5ef2bad4526e754d.txt,,[],,,,[],
rq_0226_0f26a2f110,hplt::8_2.jsonl.zst::797d08ed178a4f55a07d6194be3ec2e3,"[""precision_E017""]","[""candidate_error_E017""]","[""E010"", ""E017""]",quarantine,0.1972744970798183,8,metarithmisi.gr,http://metarithmisi.gr/category.asp?offset=60&cid=5&text=diktyo-gia-tin-metarrythmisi,3082,/capstor/scratch/cscs/fffoivos/runs/05_token_distillation_cpt/hplt_cleaning/05_hplt_cleaning_inventory_resume_20260605T165145Z/experiments/review_bundle_20260605T165151Z/docs/0f26a2f110b1e6a6.txt,,[],,,,[],
rq_0227_c7e7cc058d,hplt::8_2.jsonl.zst::7a6f6f5425d0831e8387ca18c2739f90,"[""precision_E006"", ""precision_E007"", ""precision_E008"", ""precision_E019""]","[""candidate_error_E006"", ""candidate_error_E007"", ""candidate_error_E008"", ""candidate_error_E019""]","[""E004"", ""E006"", ""E007"", ""E008"", ""E017"", ""E019""]",quarantine,0.734721066638749,8,dealforyou.gr,http://dealforyou.gr/athens/-/5-asteron,12334,/capstor/scratch/cscs/fffoivos/runs/05_token_distillation_cpt/hplt_cleaning/05_hplt_cleaning_inventory_resume_20260605T165145Z/experiments/review_bundle_20260605T165151Z/docs/c7e7cc058dce26da.txt,,[],,,,[],
rq_0228_ea0f92ecf6,hplt::8_2.jsonl.zst::7ad16a431df31ee905096877b17bd599,"[""false_negative_control""]","[""global_random_no_candidate_error""]",[],keep,0.1631820499745028,8,etravelnews.gr,https://etravelnews.gr/kriti-anoigma-se-touristiki-agora-saoudikis-aravias/,1961,/capstor/scratch/cscs/fffoivos/runs/05_token_distillation_cpt/hplt_cleaning/05_hplt_cleaning_inventory_resume_20260605T165145Z/experiments/review_bundle_20260605T165151Z/docs/ea0f92ecf67bc806.txt,,[],,,,[],
rq_0229_90542aa5e8,hplt::8_2.jsonl.zst::7ad1a0c6bf8e8d4d76c9cc1c100f29bc,"[""precision_E005""]","[""candidate_error_E005""]","[""E005"", ""E008"", ""E009"", ""E010"", ""E017""]",quarantine,0.4573590096286107,8,clikare.blogspot.com,http://clikare.blogspot.com/2011/02/ezel-ant1.html,23264,/capstor/scratch/cscs/fffoivos/runs/05_token_distillation_cpt/hplt_cleaning/05_hplt_cleaning_inventory_resume_20260605T165145Z/experiments/review_bundle_20260605T165151Z/docs/90542aa5e8a967dc.txt,,[],,,,[],
rq_0230_64b8aa217d,hplt::8_2.jsonl.zst::7ecbe5108da87ecf670374531adad3b8,"[""precision_E005""]","[""candidate_error_E005""]","[""E005"", ""E010""]",quarantine,0.4861653369546766,8,manitaritoubounou.wordpress.com,https://manitaritoubounou.wordpress.com/2015/01/25/mikro-exousiastes-sykomorea-eklog/,5891,/capstor/scratch/cscs/fffoivos/runs/05_token_distillation_cpt/hplt_cleaning/05_hplt_cleaning_inventory_resume_20260605T165145Z/experiments/review_bundle_20260605T165151Z/docs/64b8aa217da2abd2.txt,,[],,,,[],
rq_0231_a459d82ed0,hplt::8_2.jsonl.zst::7fdc63a125a429ee9c22b08d6286c3b8,"[""false_negative_control""]","[""global_random_no_candidate_error""]",[],keep,0.17715617715617715,8,www.naftemporiki.gr,https://www.naftemporiki.gr/society/136065/oukrania-symfonia-me-ta-inomena-aravika-emirata-gia-opla/,858,/capstor/scratch/cscs/fffoivos/runs/05_token_distillation_cpt/hplt_cleaning/05_hplt_cleaning_inventory_resume_20260605T165145Z/experiments/review_bundle_20260605T165151Z/docs/a459d82ed08b8862.txt,,[],,,,[],
rq_0232_836e191fe4,hplt::8_2.jsonl.zst::80026e839d6c6f611ffbc7a336efa882,"[""precision_E004""]","[""candidate_error_E004""]","[""E004"", ""E010"", ""E017""]",quarantine,0.4598504566315035,8,syfeed.com,https://syfeed.com/el-gr/news-details/anatrixiastikh-apokalypsh-noshleyths-ghrokomeioy-whistleblower-oi-yperhlikoi-peoainoyn-san-tis-myges-meta-to-embolio-koronoioy_41726627.html?view_type=cards,15533,/capstor/scratch/cscs/fffoivos/runs/05_token_distillation_cpt/hplt_cleaning/05_hplt_cleaning_inventory_resume_20260605T165145Z/experiments/review_bundle_20260605T165151Z/docs/836e191fe47a5cc5.txt,,[],,,,[],
rq_0233_39dcfef904,hplt::8_2.jsonl.zst::807524803adbf9ff29c4245dea32f899,"[""borderline_false_negative_probe""]","[""borderline_no_candidate_error""]",[],keep,0.29605530703538024,8,celebrity.reporter.com.cy,https://celebrity.reporter.com.cy/article/2023/12/18/749128/sunaulia-kuriakou-kuanou-gia-deutere-khronia-stis-gunaikeies-phulakes-korudallou/,2459,/capstor/scratch/cscs/fffoivos/runs/05_token_distillation_cpt/hplt_cleaning/05_hplt_cleaning_inventory_resume_20260605T165145Z/experiments/review_bundle_20260605T165151Z/docs/39dcfef90499519b.txt,,[],,,,[],
rq_0234_772cb4e82d,hplt::8_2.jsonl.zst::81c7917bbe2bea3fa21f5292582f51cf,"[""borderline_false_negative_probe""]","[""borderline_no_candidate_error""]",[],keep,0.36537753222836095,8,goal.philenews.com,https://goal.philenews.com/podosfero/kypros/a-katigoria/o-troygiols-epanefere-to-chamogelo-stin-aek-pics-amp-video-14-12-2019/,2715,/capstor/scratch/cscs/fffoivos/runs/05_token_distillation_cpt/hplt_cleaning/05_hplt_cleaning_inventory_resume_20260605T165145Z/experiments/review_bundle_20260605T165151Z/docs/772cb4e82dd7c078.txt,,[],,,,[],
rq_0235_3d90d5a202,hplt::8_2.jsonl.zst::82cd2e2c6ce974db4d4785e222b0551f,"[""destructive_action_review""]","[""candidate_action_trim_span""]","[""E006"", ""E007""]",trim_span,0.6013333333333334,8,www.kingbet.net,https://www.kingbet.net/analysis-stoiximatos/478343/leon-patsouka,4446,/capstor/scratch/cscs/fffoivos/runs/05_token_distillation_cpt/hplt_cleaning/05_hplt_cleaning_inventory_resume_20260605T165145Z/experiments/review_bundle_20260605T165151Z/docs/3d90d5a20277837b.txt,,[],,,,[],
rq_0236_393dfec2c7,hplt::8_2.jsonl.zst::84cbd98bbb32b8431a43063b7e8c1e7f,"[""borderline_false_negative_probe""]","[""borderline_no_candidate_error""]",[],keep,0.2787682333873582,8,www.philipp-dangas.de,https://www.philipp-dangas.de/greek/siskotisi-ixou.php,2468,/capstor/scratch/cscs/fffoivos/runs/05_token_distillation_cpt/hplt_cleaning/05_hplt_cleaning_inventory_resume_20260605T165145Z/experiments/review_bundle_20260605T165151Z/docs/393dfec2c7203371.txt,,[],,,,[],
rq_0237_dd9b647328,hplt::8_2.jsonl.zst::88081ca5ea44f41ee16487c99ed662cd,"[""precision_E009""]","[""candidate_error_E009""]","[""E006"", ""E007"", ""E009"", ""E010""]",quarantine,0.6699404761904761,8,fanpage.gr,http://fanpage.gr/tag/%CE%B4%CE%B9%CE%B1%CE%B9%CF%84%CE%B1/,7056,/capstor/scratch/cscs/fffoivos/runs/05_token_distillation_cpt/hplt_cleaning/05_hplt_cleaning_inventory_resume_20260605T165145Z/experiments/review_bundle_20260605T165151Z/docs/dd9b647328e10b61.txt,,[],,,,[],
rq_0238_8a6dd1bae5,hplt::8_2.jsonl.zst::8915f459d371781b17b2eb89478851a5,"[""destructive_action_review""]","[""candidate_action_drop_doc""]","[""E014""]",drop_doc,0.9818989071038251,8,neakypros.com.cy,https://neakypros.com.cy/analysi-gia-misi-anasa-sti-geneii-ti-anamenetai-na-min-ginei-5340.html,935,/capstor/scratch/cscs/fffoivos/runs/05_token_distillation_cpt/hplt_cleaning/05_hplt_cleaning_inventory_resume_20260605T165145Z/experiments/review_bundle_20260605T165151Z/docs/8a6dd1bae5f13328.txt,,[],,,,[],
rq_0239_4c2f632615,hplt::8_2.jsonl.zst::8934f4626baab94db6ca6e8cf040c8c0,"[""destructive_action_review""]","[""candidate_action_drop_doc""]","[""E014"", ""E020""]",drop_doc,0.5864197530864197,8,runnermagazine.gr,https://runnermagazine.gr/category/proponisi/proponisi-sto-spiti/,515,/capstor/scratch/cscs/fffoivos/runs/05_token_distillation_cpt/hplt_cleaning/05_hplt_cleaning_inventory_resume_20260605T165145Z/experiments/review_bundle_20260605T165151Z/docs/4c2f632615d4fa98.txt,,[],,,,[],
rq_0240_29accac840,hplt::8_2.jsonl.zst::8a1c4f893304cf150b2efd6b55f1e3a1,"[""borderline_false_negative_probe""]","[""borderline_no_candidate_error""]",[],keep,0.27196921103271327,8,www.koutipandoras.gr,https://www.koutipandoras.gr/article/edo-o-kosmos-hanetai-kai-o-petsas-thelei-na-anoixei-i-agora-prin-tis-giortes,1559,/capstor/scratch/cscs/fffoivos/runs/05_token_distillation_cpt/hplt_cleaning/05_hplt_cleaning_inventory_resume_20260605T165145Z/experiments/review_bundle_20260605T165151Z/docs/29accac84007fed0.txt,,[],,,,[],
rq_0241_f946e00755,hplt::8_2.jsonl.zst::8ad42a9af2a12c1f74fc2ae2e46a5fe1,"[""false_negative_control""]","[""global_random_no_candidate_error""]",[],keep,0.13445378151260504,8,www.onlarissa.gr,https://www.onlarissa.gr/2012/06/28/o-loukanikos-apektise-bar-stin-madriti/,714,/capstor/scratch/cscs/fffoivos/runs/05_token_distillation_cpt/hplt_cleaning/05_hplt_cleaning_inventory_resume_20260605T165145Z/experiments/review_bundle_20260605T165151Z/docs/f946e007553828ab.txt,,[],,,,[],
rq_0242_d8d6d9e871,hplt::8_2.jsonl.zst::8b2d155071bb99b976c207cbaa17c361,"[""false_negative_control""]","[""global_random_no_candidate_error""]",[],keep,0.18262150220913106,8,politic.gr,https://politic.gr/politiki/syriza-o-k-mitsotakis-den-tolma-na-diagrapsei-ton-fasista-bogdano/,1358,/capstor/scratch/cscs/fffoivos/runs/05_token_distillation_cpt/hplt_cleaning/05_hplt_cleaning_inventory_resume_20260605T165145Z/experiments/review_bundle_20260605T165151Z/docs/d8d6d9e871a25376.txt,,[],,,,[],
rq_0243_8dacf47226,hplt::8_2.jsonl.zst::8be0ca036990f740b1f6b94011776602,"[""false_negative_control""]","[""global_random_no_candidate_error""]",[],keep,0.1309328968903437,8,dumspirospero.gr,https://dumspirospero.gr/ksenodoxeio-tour/,611,/capstor/scratch/cscs/fffoivos/runs/05_token_distillation_cpt/hplt_cleaning/05_hplt_cleaning_inventory_resume_20260605T165145Z/experiments/review_bundle_20260605T165151Z/docs/8dacf4722699c676.txt,,[],,,,[],
rq_0244_8f542290e9,hplt::8_2.jsonl.zst::8cee0876a9bb62d3bb7225913a193356,"[""precision_E019""]","[""candidate_error_E019""]","[""E007"", ""E019""]",quarantine,0.192395190120247,8,www.thekmprojects.gr,http://www.thekmprojects.gr/2017/09/6-mistika-gia-to-imimonimo-manicure-kai-semilac-giveaway.html,3077,/capstor/scratch/cscs/fffoivos/runs/05_token_distillation_cpt/hplt_cleaning/05_hplt_cleaning_inventory_resume_20260605T165145Z/experiments/review_bundle_20260605T165151Z/docs/8f542290e900ada6.txt,,[],,,,[],
rq_0245_c90be730d1,hplt::8_2.jsonl.zst::8da35c6bd1cd1e11baded6e1f1f7e262,"[""precision_E014""]","[""candidate_error_E014""]","[""E014""]",keep,0.4594650205761317,8,www.gavros.gr,https://www.gavros.gr/article/podosfairo/364607-o-kasami-proponeitai-me-th-sampntoria-kai-perimenei-thn-apofash-toy-pirlo,592,/capstor/scratch/cscs/fffoivos/runs/05_token_distillation_cpt/hplt_cleaning/05_hplt_cleaning_inventory_resume_20260605T165145Z/experiments/review_bundle_20260605T165151Z/docs/c90be730d16e4598.txt,,[],,,,[],
rq_0246_31cbf6be64,hplt::8_2.jsonl.zst::8fd7f23be385833d5dfb44006a31b94c,"[""destructive_action_review"", ""precision_E010"", ""precision_E017""]","[""candidate_action_drop_doc"", ""candidate_error_E010"", ""candidate_error_E017""]","[""E010"", ""E014"", ""E017""]",drop_doc,1.0,8,manualzz.com,https://manualzz.com/doc/49449940/lg-gr-t382s-%CE%B5%CE%B3%CF%87%CE%B5%CE%B9%CF%81%CE%AF%CE%B4%CE%B9%CE%BF-%CE%B9%CE%B4%CE%B9%CE%BF%CE%BA%CF%84%CE%AE%CF%84%CE%B7,17124,/capstor/scratch/cscs/fffoivos/runs/05_token_distillation_cpt/hplt_cleaning/05_hplt_cleaning_inventory_resume_20260605T165145Z/experiments/review_bundle_20260605T165151Z/docs/31cbf6be6417c874.txt,,[],,,,[],
rq_0247_f9c9c4780c,hplt::8_2.jsonl.zst::9260c559f14f31f4da04b0816eeaf048,"[""precision_E015""]","[""candidate_error_E015""]","[""E015""]",quarantine,0.6172334801762114,8,www.papercraftcentral.net,http://www.papercraftcentral.net/el/2012/02/3d-origami-sunflower/,539,/capstor/scratch/cscs/fffoivos/runs/05_token_distillation_cpt/hplt_cleaning/05_hplt_cleaning_inventory_resume_20260605T165145Z/experiments/review_bundle_20260605T165151Z/docs/f9c9c4780c8af4fc.txt,,[],,,,[],
rq_0248_340574d6f6,hplt::8_2.jsonl.zst::92865898b04bc194d4799cce26d4ad6b,"[""false_negative_control""]","[""global_random_no_candidate_error""]",[],keep,0.1722282023681378,8,blogs.sch.gr,http://blogs.sch.gr/19dimpat/2014/12/,929,/capstor/scratch/cscs/fffoivos/runs/05_token_distillation_cpt/hplt_cleaning/05_hplt_cleaning_inventory_resume_20260605T165145Z/experiments/review_bundle_20260605T165151Z/docs/340574d6f66dc357.txt,,[],,,,[],
rq_0249_d593ff9743,hplt::8_2.jsonl.zst::93764ed63cedcf4600dbb4efcdf2bb12,"[""precision_E020""]","[""candidate_error_E020""]","[""E020""]",keep,0.1351226993865031,8,www.sport-fm.gr,https://www.sport-fm.gr/article/podosfairo/suzitaei-me-reidzers-o-skrtel/3992420,589,/capstor/scratch/cscs/fffoivos/runs/05_token_distillation_cpt/hplt_cleaning/05_hplt_cleaning_inventory_resume_20260605T165145Z/experiments/review_bundle_20260605T165151Z/docs/d593ff9743eb2c32.txt,,[],,,,[],
rq_0250_197f9a2fb4,hplt::8_2.jsonl.zst::94ac9ef1d38ebc7b07fbc89d0104aba4,"[""false_negative_control""]","[""global_random_no_candidate_error""]",[],keep,0.14016872160934457,8,www.pagenews.gr,https://www.pagenews.gr/2024/02/22/oikonomia/eksoikonomo-erxetai-eidiko-programma-gia-antlies-thermotitas-me-epidotisi/,1541,/capstor/scratch/cscs/fffoivos/runs/05_token_distillation_cpt/hplt_cleaning/05_hplt_cleaning_inventory_resume_20260605T165145Z/experiments/review_bundle_20260605T165151Z/docs/197f9a2fb47b5769.txt,,[],,,,[],
rq_0251_db89dda7a7,hplt::8_2.jsonl.zst::94d82fc19dd2ce618f897c6908637078,"[""false_negative_control""]","[""global_random_no_candidate_error""]",[],keep,0.28045454545454546,8,8bitz.gr,https://8bitz.gr/1746/features/ti-neo-fernei-zen-4-architektoniki-oi-ryzen-7/,5933,/capstor/scratch/cscs/fffoivos/runs/05_token_distillation_cpt/hplt_cleaning/05_hplt_cleaning_inventory_resume_20260605T165145Z/experiments/review_bundle_20260605T165151Z/docs/db89dda7a71b6e98.txt,,[],,,,[],
rq_0252_7974988264,hplt::8_2.jsonl.zst::97423066aab085518566774c18d6d742,"[""borderline_false_negative_probe""]","[""borderline_no_candidate_error""]",[],keep,0.24,8,www.panathinaikoskosmos.com,https://www.panathinaikoskosmos.com/519249/ochi-toy-panathinaikoy-gia-maoyrisio/,800,/capstor/scratch/cscs/fffoivos/runs/05_token_distillation_cpt/hplt_cleaning/05_hplt_cleaning_inventory_resume_20260605T165145Z/experiments/review_bundle_20260605T165151Z/docs/79749882647dd3c9.txt,,[],,,,[],
rq_0253_ac418333b4,hplt::8_2.jsonl.zst::9a689c94ebe3043dcc77304a5bccecfd,"[""false_negative_control""]","[""global_random_no_candidate_error""]",[],keep,0.375,8,toxplus.gr,https://toxplus.gr/el/about/,1667,/capstor/scratch/cscs/fffoivos/runs/05_token_distillation_cpt/hplt_cleaning/05_hplt_cleaning_inventory_resume_20260605T165145Z/experiments/review_bundle_20260605T165151Z/docs/ac418333b4eb008c.txt,,[],,,,[],
rq_0254_7ab3f62776,hplt::8_2.jsonl.zst::9ba207e9b58f146f555860fdfafaf57c,"[""false_negative_control""]","[""global_random_no_candidate_error""]",[],keep,0.10762331838565023,8,www.capital.gr,https://www.capital.gr/diethni/3662670/pigi-reuters-den-apokleietai-sumfonia-mask-me-twitter-gia-ton-termatismo-tis-dikastikis-diamaxis-akomi-kai-simera,1561,/capstor/scratch/cscs/fffoivos/runs/05_token_distillation_cpt/hplt_cleaning/05_hplt_cleaning_inventory_resume_20260605T165145Z/experiments/review_bundle_20260605T165151Z/docs/7ab3f627769c3a4f.txt,,[],,,,[],
rq_0255_062e87350c,hplt::8_2.jsonl.zst::9be3990bf123c988a8e9913883475483,"[""false_negative_control""]","[""global_random_no_candidate_error""]",[],keep,0.21991964474518927,8,www.heraklionblogs.gr,http://www.heraklionblogs.gr/%ce%9a%cf%81%ce%ae%cf%84%ce%b7:_%ce%b3%ce%b1%cf%83%cf%84%cf%81%ce%bf%ce%bd%ce%bf%ce%bc%ce%b9%ce%ba%cf%8c%cf%82_%cf%80%ce%b5%cf%81%ce%af%cf%80%ce%bb%ce%bf%cf%85%cf%82/2014/07/01/%ce%9a%ce%bf%cf%85%ce%bb%ce%bf%cf%85%cf%81%ce%ac%ce%ba%ce%b9%ce%b1_%e2%80%a6%ce%b3%ce%ac%ce%bb%ce%b1%ce%ba%cf%84%ce%bf%cf%82,4729,/capstor/scratch/cscs/fffoivos/runs/05_token_distillation_cpt/hplt_cleaning/05_hplt_cleaning_inventory_resume_20260605T165145Z/experiments/review_bundle_20260605T165151Z/docs/062e87350c62687c.txt,,[],,,,[],
rq_0256_1b921c9bf7,hplt::8_2.jsonl.zst::9ef3fc74dc8077a64ba9e37b9799fd85,"[""precision_E006""]","[""candidate_error_E006""]","[""E006"", ""E007"", ""E008"", ""E017""]",quarantine,0.5373611111111111,8,www.espressoarena.com,https://www.espressoarena.com/el/products/lemon-iced-tea-syrup,1230,/capstor/scratch/cscs/fffoivos/runs/05_token_distillation_cpt/hplt_cleaning/05_hplt_cleaning_inventory_resume_20260605T165145Z/experiments/review_bundle_20260605T165151Z/docs/1b921c9bf7009ddc.txt,,[],,,,[],
rq_0257_a9899dc101,hplt::8_2.jsonl.zst::a1cdc5495aa5a707a6237ca8e37d2327,"[""borderline_false_negative_probe""]","[""borderline_no_candidate_error""]",[],keep,0.23972602739726026,8,www.techgear.gr,https://www.techgear.gr/instagram-tha-krata-tis-anartiseis-poy-esvises-gia-30-imeres-29308,1168,/capstor/scratch/cscs/fffoivos/runs/05_token_distillation_cpt/hplt_cleaning/05_hplt_cleaning_inventory_resume_20260605T165145Z/experiments/review_bundle_20260605T165151Z/docs/a9899dc101ec6ca0.txt,,[],,,,[],
rq_0258_a993da7ead,hplt::8_2.jsonl.zst::a2170af13320ede2d254a1300df18fa5,"[""destructive_action_review""]","[""candidate_action_drop_doc""]","[""E007"", ""E019"", ""E020""]",drop_doc,0.16842105263157894,8,www.documentonews.gr,https://www.documentonews.gr/article/neo-peristatiko-sth-gallia-astynomikoi-exoydeterwsan-andra-poy-toys-apeiloyse-me-dyo-maxairia,570,/capstor/scratch/cscs/fffoivos/runs/05_token_distillation_cpt/hplt_cleaning/05_hplt_cleaning_inventory_resume_20260605T165145Z/experiments/review_bundle_20260605T165151Z/docs/a993da7ead0e6828.txt,,[],,,,[],
rq_0259_947e3dc999,hplt::8_2.jsonl.zst::a5d6bb0fa07ff92e4ac92b456ff5e611,"[""false_negative_control""]","[""global_random_no_candidate_error""]",[],keep,0.2275371687136393,8,nonews-news.blogspot.gr,http://nonews-news.blogspot.gr/2015/02/blog-post_5978.html,1547,/capstor/scratch/cscs/fffoivos/runs/05_token_distillation_cpt/hplt_cleaning/05_hplt_cleaning_inventory_resume_20260605T165145Z/experiments/review_bundle_20260605T165151Z/docs/947e3dc99997990e.txt,,[],,,,[],
rq_0260_d8e9018267,hplt::8_2.jsonl.zst::a6c7baecbdd80c8a363aa11be8be0abf,"[""destructive_action_review""]","[""candidate_action_drop_doc""]","[""E010"", ""E014""]",drop_doc,1.0,8,love-teaching.com,https://love-teaching.com/tag/%CE%AD%CF%80%CE%B1%CE%B9%CE%BD%CE%BF%CF%82/,1632,/capstor/scratch/cscs/fffoivos/runs/05_token_distillation_cpt/hplt_cleaning/05_hplt_cleaning_inventory_resume_20260605T165145Z/experiments/review_bundle_20260605T165151Z/docs/d8e9018267133d41.txt,,[],,,,[],
rq_0261_999c18bc71,hplt::8_2.jsonl.zst::a937c3dd30b8c57a1e12e24f32e8362d,"[""precision_E011"", ""precision_E012""]","[""candidate_error_E011"", ""candidate_error_E012""]","[""E004"", ""E009"", ""E010"", ""E011"", ""E012"", ""E017""]",quarantine,0.5474781249999999,8,cassettes.wordpress.com,http://cassettes.wordpress.com/2010/09/21/,11193,/capstor/scratch/cscs/fffoivos/runs/05_token_distillation_cpt/hplt_cleaning/05_hplt_cleaning_inventory_resume_20260605T165145Z/experiments/review_bundle_20260605T165151Z/docs/999c18bc71a2dd9d.txt,,[],,,,[],
rq_0262_589731557b,hplt::8_2.jsonl.zst::aa9a5ab2a4754d1665efecd4cd04e471,"[""precision_E005"", ""precision_E015""]","[""candidate_error_E005"", ""candidate_error_E015""]","[""E005"", ""E009"", ""E010"", ""E015""]",quarantine,0.5220039392469931,8,blogs.pathfinder.gr,http://blogs.pathfinder.gr/?tag=486,5062,/capstor/scratch/cscs/fffoivos/runs/05_token_distillation_cpt/hplt_cleaning/05_hplt_cleaning_inventory_resume_20260605T165145Z/experiments/review_bundle_20260605T165151Z/docs/589731557b258a32.txt,,[],,,,[],
rq_0263_e4c1206244,hplt::8_2.jsonl.zst::ac25ca270677a4a8de1d9a426c3fd104,"[""precision_E003"", ""precision_E004""]","[""candidate_error_E003"", ""candidate_error_E004""]","[""E003"", ""E004"", ""E015""]",quarantine,1.0,8,www.csc.com.gr,https://www.csc.com.gr/%CE%BC%CE%B5%CF%84%CE%B1%CE%B2%CE%BB%CE%B7%CF%84%CE%AD%CF%82%CF%83%CF%84%CE%B7-vbscript/,3750,/capstor/scratch/cscs/fffoivos/runs/05_token_distillation_cpt/hplt_cleaning/05_hplt_cleaning_inventory_resume_20260605T165145Z/experiments/review_bundle_20260605T165151Z/docs/e4c1206244a9d99b.txt,,[],,,,[],
rq_0264_1a1979cef5,hplt::8_2.jsonl.zst::acfa7310fa9a70ef4e9c25b76c3180ef,"[""false_negative_control""]","[""global_random_no_candidate_error""]",[],keep,0.13656783468104222,8,www.fanpage.gr,https://www.fanpage.gr/lifestyle/chorise-i-dimitra-alexandraki-ligo-prin-anevei-ta-skalia-tis-ekklisias/,1113,/capstor/scratch/cscs/fffoivos/runs/05_token_distillation_cpt/hplt_cleaning/05_hplt_cleaning_inventory_resume_20260605T165145Z/experiments/review_bundle_20260605T165151Z/docs/1a1979cef5879bf2.txt,,[],,,,[],
rq_0265_f14acdac50,hplt::8_2.jsonl.zst::aec9c752692803a78545341f3e6f7352,"[""borderline_false_negative_probe""]","[""borderline_no_candidate_error""]",[],keep,0.2687140115163148,8,diathesis.gr,https://diathesis.gr/index.php/2015-05-02-09-38-49/emporio/45-didw-store,2084,/capstor/scratch/cscs/fffoivos/runs/05_token_distillation_cpt/hplt_cleaning/05_hplt_cleaning_inventory_resume_20260605T165145Z/experiments/review_bundle_20260605T165151Z/docs/f14acdac50a7291c.txt,,[],,,,[],
rq_0266_36a12bb583,hplt::8_2.jsonl.zst::af24c0930c7752eac49e6989f304d703,"[""false_negative_control""]","[""global_random_no_candidate_error""]",[],keep,0.1731958762886598,8,www.hea.edu.gr,http://www.hea.edu.gr/page.php?pid=119,970,/capstor/scratch/cscs/fffoivos/runs/05_token_distillation_cpt/hplt_cleaning/05_hplt_cleaning_inventory_resume_20260605T165145Z/experiments/review_bundle_20260605T165151Z/docs/36a12bb583e71572.txt,,[],,,,[],
rq_0267_c76448eda5,hplt::8_2.jsonl.zst::b0195529d6efdfd83f592df72d3bc84f,"[""false_negative_control""]","[""global_random_no_candidate_error""]",[],keep,0.1623853211009174,8,www.nantiareport.gr,http://www.nantiareport.gr/%CE%BC%CE%B5%CF%84%CE%B1%CE%BC%CE%BF%CF%81%CF%86%CF%89%CF%83%CE%B7-%CF%86%CF%89%CF%84%CE%B9%CE%AC-%CF%83%CE%B5-%CE%B5%CE%BA-%CE%BA%CE%B9%CE%BD%CE%AE%CF%83%CE%B5%CE%B9-%CE%BB%CE%B5%CF%89%CF%86%CE%BF/,534,/capstor/scratch/cscs/fffoivos/runs/05_token_distillation_cpt/hplt_cleaning/05_hplt_cleaning_inventory_resume_20260605T165145Z/experiments/review_bundle_20260605T165151Z/docs/c76448eda5877446.txt,,[],,,,[],
rq_0268_fd0509da5e,hplt::8_2.jsonl.zst::b12ae8335a69faa75aa21aac8e771ea5,"[""destructive_action_review"", ""precision_E008"", ""precision_E016""]","[""candidate_action_drop_doc"", ""candidate_error_E008"", ""candidate_error_E016""]","[""E004"", ""E006"", ""E007"", ""E008"", ""E009"", ""E010"", ""E015"", ""E016"", ""E017"", ""E019""]",drop_doc,0.6218835028989252,8,www.pcsteps.gr,https://www.pcsteps.gr/14900-%CF%84%CE%B1-%CE%BA%CE%B1%CE%BB%CF%8D%CF%84%CE%B5%CF%81%CE%B1-%CE%B4%CF%89%CF%81%CE%B5%CE%AC%CE%BD-%CF%80%CF%81%CE%BF%CE%B3%CF%81%CE%AC%CE%BC%CE%BC%CE%B1%CF%84%CE%B1/,31835,/capstor/scratch/cscs/fffoivos/runs/05_token_distillation_cpt/hplt_cleaning/05_hplt_cleaning_inventory_resume_20260605T165145Z/experiments/review_bundle_20260605T165151Z/docs/fd0509da5e3e3993.txt,,[],,,,[],
rq_0269_14aac66d61,hplt::8_2.jsonl.zst::b45aa9108254220455d0a5e209aeced9,"[""false_negative_control""]","[""global_random_no_candidate_error""]",[],keep,0.17591623036649215,8,www.tovima.gr,https://www.tovima.gr/2023/03/18/society/nea-filadelfeia-fakelos-me-sfaira-sto-spiti-dieythyntrias-dimosias-ypiresias/,955,/capstor/scratch/cscs/fffoivos/runs/05_token_distillation_cpt/hplt_cleaning/05_hplt_cleaning_inventory_resume_20260605T165145Z/experiments/review_bundle_20260605T165151Z/docs/14aac66d6170a9aa.txt,,[],,,,[],
rq_0270_ab09f49601,hplt::8_2.jsonl.zst::b50315532aeba289fa5bbec2ccfb3e42,"[""precision_E006"", ""precision_E007"", ""precision_E017""]","[""candidate_error_E006"", ""candidate_error_E007"", ""candidate_error_E017""]","[""E006"", ""E007"", ""E010"", ""E017""]",quarantine,0.8314514626420719,8,cruo.gr,http://cruo.gr/athens/-/slip,12523,/capstor/scratch/cscs/fffoivos/runs/05_token_distillation_cpt/hplt_cleaning/05_hplt_cleaning_inventory_resume_20260605T165145Z/experiments/review_bundle_20260605T165151Z/docs/ab09f49601302181.txt,,[],,,,[],
rq_0271_8c10222d5c,hplt::8_2.jsonl.zst::b56be876f908118fc85db936379c522f,"[""precision_E008""]","[""candidate_error_E008""]","[""E006"", ""E007"", ""E008"", ""E010"", ""E017""]",quarantine,0.6144246031746032,8,www.12sports.gr,https://www.12sports.gr/News_Teams.php?team=14&N_ID=113735&pn=2,7872,/capstor/scratch/cscs/fffoivos/runs/05_token_distillation_cpt/hplt_cleaning/05_hplt_cleaning_inventory_resume_20260605T165145Z/experiments/review_bundle_20260605T165151Z/docs/8c10222d5c8a8bef.txt,,[],,,,[],
rq_0272_16076f00f8,hplt::8_2.jsonl.zst::b5b8d9652e19195354e886211fa9a4f8,"[""false_negative_control""]","[""global_random_no_candidate_error""]",[],keep,0.18782608695652173,8,www.gossip-tv.gr,https://www.gossip-tv.gr/lifestyle/gallery/744416/marietta-xroysala-h-ypovryxia-foto-me-tin-kori-tis-margko-kai-i-psaria-toy-patitsa,1150,/capstor/scratch/cscs/fffoivos/runs/05_token_distillation_cpt/hplt_cleaning/05_hplt_cleaning_inventory_resume_20260605T165145Z/experiments/review_bundle_20260605T165151Z/docs/16076f00f87d0749.txt,,[],,,,[],
rq_0273_43cd2dd8d9,hplt::8_2.jsonl.zst::b5c61ab3a9cb49824e0ed597d3347e6f,"[""borderline_false_negative_probe""]","[""borderline_no_candidate_error""]",[],keep,0.25511432009626955,8,www.ladylike.gr,https://www.ladylike.gr/beauty/bella-hadid-ekane-to-ntempouto-tis-sto-tiktok-me-gkri-mallia/,1662,/capstor/scratch/cscs/fffoivos/runs/05_token_distillation_cpt/hplt_cleaning/05_hplt_cleaning_inventory_resume_20260605T165145Z/experiments/review_bundle_20260605T165151Z/docs/43cd2dd8d91d42f7.txt,,[],,,,[],
rq_0274_2b47d66bb6,hplt::8_2.jsonl.zst::b6cbfc1b11d606c076aa7535202a2fa5,"[""false_negative_control""]","[""global_random_no_candidate_error""]",[],keep,0.12698412698412698,8,www.economistas.gr,https://www.economistas.gr/xenodoheia,882,/capstor/scratch/cscs/fffoivos/runs/05_token_distillation_cpt/hplt_cleaning/05_hplt_cleaning_inventory_resume_20260605T165145Z/experiments/review_bundle_20260605T165151Z/docs/2b47d66bb6a6a29b.txt,,[],,,,[],
rq_0275_aaa7ded4ff,hplt::8_2.jsonl.zst::bb7916e9bbcfad5cb62c2a9adb1530ef,"[""precision_E010"", ""precision_E011""]","[""candidate_error_E010"", ""candidate_error_E011""]","[""E005"", ""E010"", ""E011"", ""E017""]",quarantine,0.40866874999999997,8,megalopoli-fm.blogspot.gr,http://megalopoli-fm.blogspot.gr/2014/04/blog-post_45.html,48774,/capstor/scratch/cscs/fffoivos/runs/05_token_distillation_cpt/hplt_cleaning/05_hplt_cleaning_inventory_resume_20260605T165145Z/experiments/review_bundle_20260605T165151Z/docs/aaa7ded4ff98db30.txt,,[],,,,[],
rq_0276_093ba2833d,hplt::8_2.jsonl.zst::bcdc00fa57c0c9fe5cb64066ac7908a4,"[""precision_E015""]","[""candidate_error_E015""]","[""E015""]",quarantine,0.7928135945384386,8,www.wehellas.gr,http://www.wehellas.gr/forum/index.php?showtopic=28547&page=9,1321,/capstor/scratch/cscs/fffoivos/runs/05_token_distillation_cpt/hplt_cleaning/05_hplt_cleaning_inventory_resume_20260605T165145Z/experiments/review_bundle_20260605T165151Z/docs/093ba2833de0262e.txt,,[],,,,[],
rq_0277_c48a543f5a,hplt::8_2.jsonl.zst::c13581d98f994ffa26401f0c4c3e9057,"[""precision_E015""]","[""candidate_error_E015""]","[""E015""]",quarantine,0.8552820512820511,8,petpet.news,http://petpet.news/family-affairs/21195,1436,/capstor/scratch/cscs/fffoivos/runs/05_token_distillation_cpt/hplt_cleaning/05_hplt_cleaning_inventory_resume_20260605T165145Z/experiments/review_bundle_20260605T165151Z/docs/c48a543f5a91688d.txt,,[],,,,[],
rq_0278_6551389787,hplt::8_2.jsonl.zst::c27684c9ec47dc1c40c8bbbd48c8ade5,"[""precision_E009""]","[""candidate_error_E009""]","[""E004"", ""E006"", ""E007"", ""E009"", ""E010"", ""E017""]",quarantine,0.6760234627831715,8,www.nextdeal.gr,http://www.nextdeal.gr/%CE%B5%CE%B9%CE%B4%CE%AE%CF%83%CE%B5%CE%B9%CF%82/%CE%B9%CE%B4%CE%B9%CF%89%CF%84%CE%B9%CE%BA%CE%AE-%CE%B1%CF%83%CF%86%CE%AC%CE%BB%CE%B9%CF%83%CE%B7/giati-oi-asfalistikoi-diamesolabhtes-chreiazontai-opwsdhpote-nomikh-prostasia-eite-aytotelws-eite-ws-symplhrwma-asfalishs-astikhs-eythynhs,8719,/capstor/scratch/cscs/fffoivos/runs/05_token_distillation_cpt/hplt_cleaning/05_hplt_cleaning_inventory_resume_20260605T165145Z/experiments/review_bundle_20260605T165151Z/docs/65513897876fc848.txt,,[],,,,[],
rq_0279_10035b5ac9,hplt::8_2.jsonl.zst::c41ade03d68fc2e271f3af2a2bbc7e0e,"[""precision_E019""]","[""candidate_error_E019""]","[""E007"", ""E009"", ""E010"", ""E019""]",quarantine,0.6538700564971751,8,www.bookland.gr,https://www.bookland.gr/books/c/1289-fusikes-epistimes-biblia-gia-paidia,6320,/capstor/scratch/cscs/fffoivos/runs/05_token_distillation_cpt/hplt_cleaning/05_hplt_cleaning_inventory_resume_20260605T165145Z/experiments/review_bundle_20260605T165151Z/docs/10035b5ac948d7b0.txt,,[],,,,[],
rq_0280_14db179e0d,hplt::8_2.jsonl.zst::c566202632108a7b5d8a55539e5af9d8,"[""false_negative_control""]","[""global_random_no_candidate_error""]",[],keep,0.19523121387283238,8,atticatoday.gr,https://atticatoday.gr/39962/%CE%BA%CE%BB%CE%B5%CE%AF%CE%B4%CF%89%CF%83%CE%B5-%CE%B7-%CF%83%CF%85%CE%BD%CE%AC%CE%BD%CF%84%CE%B7%CF%83%CE%B7-%CF%84%CE%BF%CF%85-%CE%BA%CF%85%CF%81%CE%B9%CE%AC%CE%BA%CE%BF%CF%85-%CE%BC/,1066,/capstor/scratch/cscs/fffoivos/runs/05_token_distillation_cpt/hplt_cleaning/05_hplt_cleaning_inventory_resume_20260605T165145Z/experiments/review_bundle_20260605T165151Z/docs/14db179e0d7e7ef6.txt,,[],,,,[],
rq_0281_e1eb0c75e7,hplt::8_2.jsonl.zst::c8cb44d159300cf9ffdd9e7dbcf803af,"[""precision_E003""]","[""candidate_error_E003""]","[""E003""]",quarantine,0.5555555555555556,8,futurology.gr,https://futurology.gr/2023/06/29/tha-echei-var-to-ea-sports-fc/,2060,/capstor/scratch/cscs/fffoivos/runs/05_token_distillation_cpt/hplt_cleaning/05_hplt_cleaning_inventory_resume_20260605T165145Z/experiments/review_bundle_20260605T165151Z/docs/e1eb0c75e7f4dca4.txt,,[],,,,[],
rq_0282_80b456b08e,hplt::8_2.jsonl.zst::c948f139b876424694212f0e94abce03,"[""false_negative_control""]","[""global_random_no_candidate_error""]",[],keep,0.16166281755196305,8,olympictruce.org,http://olympictruce.org/index.php?option=com_k2&view=item&layout=item&id=75&Itemid=381&lang=el,1732,/capstor/scratch/cscs/fffoivos/runs/05_token_distillation_cpt/hplt_cleaning/05_hplt_cleaning_inventory_resume_20260605T165145Z/experiments/review_bundle_20260605T165151Z/docs/80b456b08ee770fa.txt,,[],,,,[],
rq_0283_402693022f,hplt::8_2.jsonl.zst::ca205e535d326d6b2eea6c397cb451d2,"[""destructive_action_review"", ""precision_E014"", ""precision_E015"", ""precision_E020""]","[""candidate_action_drop_doc"", ""candidate_error_E014"", ""candidate_error_E015"", ""candidate_error_E020""]","[""E014"", ""E015"", ""E017"", ""E020""]",drop_doc,0.7272630359212049,8,www.gameover.gr,https://www.gameover.gr/2021/04/05/mlb-the-show-21-will-be-a-day-one-release-on-xbox-game-pass/,1035,/capstor/scratch/cscs/fffoivos/runs/05_token_distillation_cpt/hplt_cleaning/05_hplt_cleaning_inventory_resume_20260605T165145Z/experiments/review_bundle_20260605T165151Z/docs/402693022f1e5113.txt,,[],,,,[],
rq_0284_f853059d8a,hplt::8_2.jsonl.zst::cd2da581fffe5897ce375f6e3b4b4700,"[""precision_E009""]","[""candidate_error_E009""]","[""E009"", ""E010""]",quarantine,0.18250950570342206,8,www.fantasmataki.com,https://www.fantasmataki.com/category/gossip/page/2/,1315,/capstor/scratch/cscs/fffoivos/runs/05_token_distillation_cpt/hplt_cleaning/05_hplt_cleaning_inventory_resume_20260605T165145Z/experiments/review_bundle_20260605T165151Z/docs/f853059d8a9b1bab.txt,,[],,,,[],
rq_0285_fca9b1a11c,hplt::8_2.jsonl.zst::cd2e673ae12953ebec7dd6fce23f7efc,"[""false_negative_control""]","[""global_random_no_candidate_error""]",[],keep,0.1188118811881188,8,sportlive.gr,https://sportlive.gr/teleutaies-eidisis/asteras-ofi-entasi-kai-apovoli-gia-mou/,1010,/capstor/scratch/cscs/fffoivos/runs/05_token_distillation_cpt/hplt_cleaning/05_hplt_cleaning_inventory_resume_20260605T165145Z/experiments/review_bundle_20260605T165151Z/docs/fca9b1a11c662c50.txt,,[],,,,[],
rq_0286_76fb658a70,hplt::8_2.jsonl.zst::ce02e73b6ed83456b626734ff92f8542,"[""precision_E003""]","[""candidate_error_E003""]","[""E003""]",keep,0.3888888888888889,8,pbnews.gr,https://pbnews.gr/%CF%80%CE%B1%CF%83-%CE%B3%CE%B9%CE%AC%CE%BD%CE%BD%CE%B9%CE%BD%CE%B1-aek-%CE%BF-%CF%80%CE%B1%CF%83-%CE%B4%CE%B5%CE%BD-%CE%BA%CE%AD%CF%81%CE%B4%CE%B9%CF%83%CE%B5-%CF%84%CE%BF-var/,3105,/capstor/scratch/cscs/fffoivos/runs/05_token_distillation_cpt/hplt_cleaning/05_hplt_cleaning_inventory_resume_20260605T165145Z/experiments/review_bundle_20260605T165151Z/docs/76fb658a7046f423.txt,,[],,,,[],
rq_0287_10b8eb93e3,hplt::8_2.jsonl.zst::d02d288770b6280382f3fee6c641a780,"[""false_negative_control""]","[""global_random_no_candidate_error""]",[],keep,0.24379739978331527,8,paokvoice.com,https://paokvoice.com/190148/astrapse-ke-vrontixe-o-ivan,1125,/capstor/scratch/cscs/fffoivos/runs/05_token_distillation_cpt/hplt_cleaning/05_hplt_cleaning_inventory_resume_20260605T165145Z/experiments/review_bundle_20260605T165151Z/docs/10b8eb93e333657d.txt,,[],,,,[],
rq_0288_6b412d7200,hplt::8_2.jsonl.zst::d7bf01687121e64c31482ea0e28a70ac,"[""false_negative_control""]","[""global_random_no_candidate_error""]",[],keep,0.16326530612244897,8,www.thatslife.gr,http://www.thatslife.gr/thats-hot/sigkinitiki-fotografia-apto-spiti-tou-panteli-pantelidi/,637,/capstor/scratch/cscs/fffoivos/runs/05_token_distillation_cpt/hplt_cleaning/05_hplt_cleaning_inventory_resume_20260605T165145Z/experiments/review_bundle_20260605T165151Z/docs/6b412d720003a01b.txt,,[],,,,[],
rq_0289_c7b7b85a19,hplt::8_2.jsonl.zst::d88b558619111fe9345bb387af5d8170,"[""precision_E005""]","[""candidate_error_E005""]","[""E005"", ""E006"", ""E007"", ""E009"", ""E010"", ""E017""]",quarantine,0.4778845239227623,8,exagorefsis.blogspot.gr,http://exagorefsis.blogspot.gr/2013/06/blog-post_8633.html,10513,/capstor/scratch/cscs/fffoivos/runs/05_token_distillation_cpt/hplt_cleaning/05_hplt_cleaning_inventory_resume_20260605T165145Z/experiments/review_bundle_20260605T165151Z/docs/c7b7b85a19c640d9.txt,,[],,,,[],
rq_0290_2a4a3f350e,hplt::8_2.jsonl.zst::d8f4fad0a927b1fee108a162457d78fb,"[""borderline_false_negative_probe""]","[""borderline_no_candidate_error""]",[],keep,0.3590909090909091,8,sentra.com.gr,https://sentra.com.gr/kerdiste-mia-syllektiki-fanela-toy-pa/,657,/capstor/scratch/cscs/fffoivos/runs/05_token_distillation_cpt/hplt_cleaning/05_hplt_cleaning_inventory_resume_20260605T165145Z/experiments/review_bundle_20260605T165151Z/docs/2a4a3f350e265fda.txt,,[],,,,[],
rq_0291_c0c5c49249,hplt::8_2.jsonl.zst::d981ed95983bd08b2b018cb2bca9b049,"[""false_negative_control""]","[""global_random_no_candidate_error""]",[],keep,0.17391304347826086,8,loft-jardines-murillo-apartment.besthotelsinseville.com,http://loft-jardines-murillo-apartment.besthotelsinseville.com/el/,966,/capstor/scratch/cscs/fffoivos/runs/05_token_distillation_cpt/hplt_cleaning/05_hplt_cleaning_inventory_resume_20260605T165145Z/experiments/review_bundle_20260605T165151Z/docs/c0c5c492492603e0.txt,,[],,,,[],
rq_0292_eee83c42bd,hplt::8_2.jsonl.zst::db0b408b17f0d1a34ee96d246e361fe0,"[""false_negative_control""]","[""global_random_no_candidate_error""]",[],keep,0.18912529550827423,8,www.filaidona.gr,http://www.filaidona.gr/2019/03/05/synanthsh-gretzelia-vasilopoyloy/,846,/capstor/scratch/cscs/fffoivos/runs/05_token_distillation_cpt/hplt_cleaning/05_hplt_cleaning_inventory_resume_20260605T165145Z/experiments/review_bundle_20260605T165151Z/docs/eee83c42bd27b93b.txt,,[],,,,[],
rq_0293_217b3cb611,hplt::8_2.jsonl.zst::db9305dd747db6c91798c8759eb113a9,"[""destructive_action_review"", ""precision_E014""]","[""candidate_action_drop_doc"", ""candidate_error_E014""]","[""E014""]",drop_doc,0.9065031152647975,8,iatrikionline.gr,https://iatrikionline.gr/orl_15/14.htm,1667,/capstor/scratch/cscs/fffoivos/runs/05_token_distillation_cpt/hplt_cleaning/05_hplt_cleaning_inventory_resume_20260605T165145Z/experiments/review_bundle_20260605T165151Z/docs/217b3cb611623b4d.txt,,[],,,,[],
rq_0294_fb50b66e2d,hplt::8_2.jsonl.zst::dbbebd7d5de4a00d1c1b2e99aa5303be,"[""false_negative_control""]","[""global_random_no_candidate_error""]",[],keep,0.200990099009901,8,www.astrology.gr,https://www.astrology.gr/epikairotita/gegonota/story/159083/trigono-ari-poseidona-ta-dekatria-lathi-poy-kaneis-kai-soy-kostizoyn,2032,/capstor/scratch/cscs/fffoivos/runs/05_token_distillation_cpt/hplt_cleaning/05_hplt_cleaning_inventory_resume_20260605T165145Z/experiments/review_bundle_20260605T165151Z/docs/fb50b66e2d99912a.txt,,[],,,,[],
rq_0295_ee5368b0c4,hplt::8_2.jsonl.zst::dc336cc1b73fbd64a951f8478fa7bd38,"[""precision_E010""]","[""candidate_error_E010""]","[""E010"", ""E020""]",quarantine,0.2453151618398637,8,www.typologies.gr,http://www.typologies.gr/tag/ioannina/,587,/capstor/scratch/cscs/fffoivos/runs/05_token_distillation_cpt/hplt_cleaning/05_hplt_cleaning_inventory_resume_20260605T165145Z/experiments/review_bundle_20260605T165151Z/docs/ee5368b0c441b75c.txt,,[],,,,[],
rq_0296_fa0ba3d2e4,hplt::8_2.jsonl.zst::dd3b79244eaaf385875916e6acf528d3,"[""precision_E005""]","[""candidate_error_E005""]","[""E005"", ""E007"", ""E009"", ""E010"", ""E017""]",quarantine,0.4729989327641409,8,exagorefsis.blogspot.gr,http://exagorefsis.blogspot.gr/2013/02/blog-post_6569.html,9370,/capstor/scratch/cscs/fffoivos/runs/05_token_distillation_cpt/hplt_cleaning/05_hplt_cleaning_inventory_resume_20260605T165145Z/experiments/review_bundle_20260605T165151Z/docs/fa0ba3d2e48fd25b.txt,,[],,,,[],
rq_0297_8155155ff9,hplt::8_2.jsonl.zst::ddbc0d49d67645bc2715ca8aa649086c,"[""precision_E020""]","[""candidate_error_E020""]","[""E015"", ""E020""]",keep,0.41793693693693684,8,www.thatslife.gr,http://www.thatslife.gr/culture-2/madonna-new-single/,797,/capstor/scratch/cscs/fffoivos/runs/05_token_distillation_cpt/hplt_cleaning/05_hplt_cleaning_inventory_resume_20260605T165145Z/experiments/review_bundle_20260605T165151Z/docs/8155155ff913be69.txt,,[],,,,[],
rq_0298_117d58c7d4,hplt::8_2.jsonl.zst::e4cbb62221ca7921d0a9672af7bac693,"[""destructive_action_review""]","[""candidate_action_drop_doc""]","[""E014""]",drop_doc,1.0,8,alopsis.gr,http://alopsis.gr/modules.php?name=News&file=print&sid=3277,10477,/capstor/scratch/cscs/fffoivos/runs/05_token_distillation_cpt/hplt_cleaning/05_hplt_cleaning_inventory_resume_20260605T165145Z/experiments/review_bundle_20260605T165151Z/docs/117d58c7d4e4f3b4.txt,,[],,,,[],
rq_0299_2f78ed3405,hplt::8_2.jsonl.zst::e505dce3dba36ebe1f77d522a5ddf5ac,"[""precision_E007""]","[""candidate_error_E007""]","[""E007"", ""E010"", ""E015"", ""E019""]",quarantine,0.6100594032744506,8,onradio.gr,https://onradio.gr/category/news/,11046,/capstor/scratch/cscs/fffoivos/runs/05_token_distillation_cpt/hplt_cleaning/05_hplt_cleaning_inventory_resume_20260605T165145Z/experiments/review_bundle_20260605T165151Z/docs/2f78ed34054bc4b2.txt,,[],,,,[],
rq_0300_12827f2345,hplt::8_2.jsonl.zst::e5299d08043c1488c1cb24b1dc926bba,"[""precision_E019""]","[""candidate_error_E019""]","[""E004"", ""E007"", ""E009"", ""E010"", ""E017"", ""E019""]",quarantine,0.492574597161602,8,blogs.pathfinder.gr,http://blogs.pathfinder.gr/?tag=15386,36429,/capstor/scratch/cscs/fffoivos/runs/05_token_distillation_cpt/hplt_cleaning/05_hplt_cleaning_inventory_resume_20260605T165145Z/experiments/review_bundle_20260605T165151Z/docs/12827f2345d0b2d4.txt,,[],,,,[],
rq_0301_b948f08b6a,hplt::8_2.jsonl.zst::e96a380aa89a3629e2907c5e52de9e67,"[""precision_E005""]","[""candidate_error_E005""]","[""E005"", ""E006"", ""E007"", ""E009"", ""E010"", ""E017""]",quarantine,0.4375528615731604,8,exagorefsis.blogspot.gr,http://exagorefsis.blogspot.gr/2015/01/blog-post_46.html,7094,/capstor/scratch/cscs/fffoivos/runs/05_token_distillation_cpt/hplt_cleaning/05_hplt_cleaning_inventory_resume_20260605T165145Z/experiments/review_bundle_20260605T165151Z/docs/b948f08b6a1d9569.txt,,[],,,,[],
rq_0302_d8de966b43,hplt::8_2.jsonl.zst::e99b7654765b97e11c9cd62405843221,"[""false_negative_control""]","[""global_random_no_candidate_error""]",[],keep,0.21461609620721553,8,amen.gr,http://amen.gr/index.php?mod=news&op=article&aid=5270,1081,/capstor/scratch/cscs/fffoivos/runs/05_token_distillation_cpt/hplt_cleaning/05_hplt_cleaning_inventory_resume_20260605T165145Z/experiments/review_bundle_20260605T165151Z/docs/d8de966b43a3fc5a.txt,,[],,,,[],
rq_0303_974d527d28,hplt::8_2.jsonl.zst::e9cba7a7577854ee33ce1cf0b623944a,"[""precision_E005""]","[""candidate_error_E005""]","[""E005"", ""E010"", ""E017""]",quarantine,0.5597976634951223,8,tapaidiatouinternet.blogspot.gr,http://tapaidiatouinternet.blogspot.gr/2011/03/internet_12.html,33212,/capstor/scratch/cscs/fffoivos/runs/05_token_distillation_cpt/hplt_cleaning/05_hplt_cleaning_inventory_resume_20260605T165145Z/experiments/review_bundle_20260605T165151Z/docs/974d527d28ccf1f5.txt,,[],,,,[],
rq_0304_25adbba05e,hplt::8_2.jsonl.zst::eb2fe176fb9e28dcf3a56f5316dfe3fc,"[""precision_E006""]","[""candidate_error_E006""]","[""E006"", ""E009"", ""E010""]",quarantine,0.45700268817204304,8,www.anemosradio.gr,https://www.anemosradio.gr/2020/06/gigantes-me-seskoula-ston-fourno.html,2665,/capstor/scratch/cscs/fffoivos/runs/05_token_distillation_cpt/hplt_cleaning/05_hplt_cleaning_inventory_resume_20260605T165145Z/experiments/review_bundle_20260605T165151Z/docs/25adbba05e30c904.txt,,[],,,,[],
rq_0305_3b98e3063d,hplt::8_2.jsonl.zst::ec72085507714d95760d06bee4f9f745,"[""precision_E009"", ""precision_E010""]","[""candidate_error_E009"", ""candidate_error_E010""]","[""E004"", ""E005"", ""E007"", ""E009"", ""E010"", ""E015"", ""E017"", ""E019""]",quarantine,0.9633490586453148,8,jafxt.scentlabs.de,https://jafxt.scentlabs.de/sport-dog-gr.html,27447,/capstor/scratch/cscs/fffoivos/runs/05_token_distillation_cpt/hplt_cleaning/05_hplt_cleaning_inventory_resume_20260605T165145Z/experiments/review_bundle_20260605T165151Z/docs/3b98e3063d0cb049.txt,,[],,,,[],
rq_0306_84f74cba92,hplt::8_2.jsonl.zst::ec73a21962ef1ca95a1b32d0c8849377,"[""precision_E020""]","[""candidate_error_E020""]","[""E020""]",keep,0.1191806331471136,8,simantra.blogspot.com,http://simantra.blogspot.com/2017/02/blog-post_17.html,537,/capstor/scratch/cscs/fffoivos/runs/05_token_distillation_cpt/hplt_cleaning/05_hplt_cleaning_inventory_resume_20260605T165145Z/experiments/review_bundle_20260605T165151Z/docs/84f74cba92d9c5e0.txt,,[],,,,[],
rq_0307_2fe0e5ce77,hplt::8_2.jsonl.zst::ed87253b274222423042da9539fdb00d,"[""borderline_false_negative_probe""]","[""borderline_no_candidate_error""]",[],keep,0.23980815347721823,8,goal.philenews.com,https://goal.philenews.com/podosfero/kypros/a-katigoria/apoel/peismomenoi-oi-apoelistes-avrio-vazoume-tafoplaka-stin-karta-tous/,834,/capstor/scratch/cscs/fffoivos/runs/05_token_distillation_cpt/hplt_cleaning/05_hplt_cleaning_inventory_resume_20260605T165145Z/experiments/review_bundle_20260605T165151Z/docs/2fe0e5ce771d77cb.txt,,[],,,,[],
rq_0308_384a24eba7,hplt::8_2.jsonl.zst::ed96a323cff50fb4b453f0f848e704a6,"[""precision_E005""]","[""candidate_error_E005""]","[""E005"", ""E010""]",quarantine,0.4181745074386811,8,www.byteme.gr,http://www.byteme.gr/news/industry/pos_na_fas_ton_antipalo_sou_me_ena_FIFA,2487,/capstor/scratch/cscs/fffoivos/runs/05_token_distillation_cpt/hplt_cleaning/05_hplt_cleaning_inventory_resume_20260605T165145Z/experiments/review_bundle_20260605T165151Z/docs/384a24eba7588553.txt,,[],,,,[],
rq_0309_d828d7313d,hplt::8_2.jsonl.zst::eef16e33d30e13de708ec615a4152efa,"[""false_negative_control""]","[""global_random_no_candidate_error""]",[],keep,0.1415497254423429,8,www.laimitomos.com,https://www.laimitomos.com/%CE%B4%CE%B7%CF%83%CF%85-%CF%83%CE%B5-%CE%B1%CE%BA%CE%B5%CE%BB-%CE%BF%CE%B9-%CE%B2%CE%B1%CF%81%CE%B9%CE%BF%CE%AF-%CF%87%CE%B1%CF%81%CE%B1%CE%BA%CF%84%CE%B7%CF%81%CE%B9%CF%83%CE%BC%CE%BF%CE%AF-%CE%BC/,1639,/capstor/scratch/cscs/fffoivos/runs/05_token_distillation_cpt/hplt_cleaning/05_hplt_cleaning_inventory_resume_20260605T165145Z/experiments/review_bundle_20260605T165151Z/docs/d828d7313d76f56d.txt,,[],,,,[],
rq_0310_9f51dbae18,hplt::8_2.jsonl.zst::f2ba8b2bde680cf51f008ee5073d4576,"[""false_negative_control""]","[""global_random_no_candidate_error""]",[],keep,0.1808695652173913,8,focusfm.gr,https://focusfm.gr/quot-apomakrynetai-quot-to-anoigma-ton-katastimaton-apo-1i-dekemvrioy-symfona-me-ton-kyvernitiko-ekprosopo/,575,/capstor/scratch/cscs/fffoivos/runs/05_token_distillation_cpt/hplt_cleaning/05_hplt_cleaning_inventory_resume_20260605T165145Z/experiments/review_bundle_20260605T165151Z/docs/9f51dbae186d4b8f.txt,,[],,,,[],
rq_0311_2dff278116,hplt::8_2.jsonl.zst::f45a5c50c2b754b3714b88b92d540029,"[""false_negative_control""]","[""global_random_no_candidate_error""]",[],keep,0.1504424778761062,8,www.athleticradio.gr,http://www.athleticradio.gr/football-league-2/458946-zacharakis-kalo-kinitro-i-kataktisi-tou-kupellou/,904,/capstor/scratch/cscs/fffoivos/runs/05_token_distillation_cpt/hplt_cleaning/05_hplt_cleaning_inventory_resume_20260605T165145Z/experiments/review_bundle_20260605T165151Z/docs/2dff278116bee7d5.txt,,[],,,,[],
rq_0312_a1ca2c100d,hplt::8_2.jsonl.zst::f4eb9fd714ad25d3d5d34995311ab84c,"[""false_negative_control""]","[""global_random_no_candidate_error""]",[],keep,0.225140712945591,8,www.fanpage.gr,https://www.fanpage.gr/plus/o-mitsikostas-egine-kasselakis-tha-to-kapsoume-to-epidoma-kyr-stefane/,1066,/capstor/scratch/cscs/fffoivos/runs/05_token_distillation_cpt/hplt_cleaning/05_hplt_cleaning_inventory_resume_20260605T165145Z/experiments/review_bundle_20260605T165151Z/docs/a1ca2c100d9d28a8.txt,,[],,,,[],
rq_0313_8d6416ca0b,hplt::8_2.jsonl.zst::f527f82d4b265d8a8ad138c38cce2530,"[""false_negative_control""]","[""global_random_no_candidate_error""]",[],keep,0.12092283214001591,8,www.fosonline.gr,https://www.fosonline.gr/podosfairo/superleague/article/169006/sygkentrosi-diamartyrias-apo-tin-original,1257,/capstor/scratch/cscs/fffoivos/runs/05_token_distillation_cpt/hplt_cleaning/05_hplt_cleaning_inventory_resume_20260605T165145Z/experiments/review_bundle_20260605T165151Z/docs/8d6416ca0b0b8870.txt,,[],,,,[],
rq_0314_8ee603d3f5,hplt::8_2.jsonl.zst::f6b83f307e85c4ddab899b3f825a0cbb,"[""destructive_action_review"", ""precision_E020""]","[""candidate_action_drop_doc"", ""candidate_error_E020""]","[""E009"", ""E010"", ""E020""]",drop_doc,0.26788537549407115,8,grecontrek.com,https://grecontrek.com/tag/%CE%BD%CE%B7%CF%83%CE%AF/,662,/capstor/scratch/cscs/fffoivos/runs/05_token_distillation_cpt/hplt_cleaning/05_hplt_cleaning_inventory_resume_20260605T165145Z/experiments/review_bundle_20260605T165151Z/docs/8ee603d3f53c3d62.txt,,[],,,,[],
rq_0315_773ce683e5,hplt::8_2.jsonl.zst::f7de24e0054ff3db53e98f7c74087742,"[""borderline_false_negative_probe""]","[""borderline_no_candidate_error""]",[],keep,0.3333333333333333,8,el.eccochic.com,http://el.eccochic.com/eccochic-design-round-straw-bag-product/,1319,/capstor/scratch/cscs/fffoivos/runs/05_token_distillation_cpt/hplt_cleaning/05_hplt_cleaning_inventory_resume_20260605T165145Z/experiments/review_bundle_20260605T165151Z/docs/773ce683e5f876f7.txt,,[],,,,[],
rq_0316_2e733c4cdc,hplt::8_2.jsonl.zst::f8453e34db9fdd29c77a8d5690687782,"[""destructive_action_review"", ""precision_E008""]","[""candidate_action_trim_span"", ""candidate_error_E008""]","[""E006"", ""E007"", ""E008""]",trim_span,0.6125,8,www.vlaxerna.gr,http://www.vlaxerna.gr/,6990,/capstor/scratch/cscs/fffoivos/runs/05_token_distillation_cpt/hplt_cleaning/05_hplt_cleaning_inventory_resume_20260605T165145Z/experiments/review_bundle_20260605T165151Z/docs/2e733c4cdc5a9144.txt,,[],,,,[],
rq_0317_199a800289,hplt::8_2.jsonl.zst::fa2490a9c2da70b83766b60b68941248,"[""precision_E006""]","[""candidate_error_E006""]","[""E006"", ""E007"", ""E009"", ""E010"", ""E015""]",quarantine,0.9285060827250607,8,www.gadgetfreak.gr,https://www.gadgetfreak.gr/2011/02/09/%CE%BD%CE%B1-%CE%B1%CE%BD%CF%84%CE%B9%CE%BA%CE%B1%CF%84%CE%B1%CF%83%CF%84%CE%AE%CF%83%CE%B5%CE%B9-%CF%84%CE%BF%CE%BD-%CF%87%CE%B1%CE%BB%CE%BA%CF%8C-%CE%BC%CE%B5-%CE%B1%CE%BB%CE%BF%CF%85%CE%BC%CE%AF/,1475,/capstor/scratch/cscs/fffoivos/runs/05_token_distillation_cpt/hplt_cleaning/05_hplt_cleaning_inventory_resume_20260605T165145Z/experiments/review_bundle_20260605T165151Z/docs/199a80028939566a.txt,,[],,,,[],
rq_0318_0551c96869,hplt::8_2.jsonl.zst::fac57078893e891018293e23762e3990,"[""precision_E019""]","[""candidate_error_E019""]","[""E004"", ""E007"", ""E010"", ""E017"", ""E019""]",quarantine,0.3575578796817735,8,kafeneio-gr.blogspot.gr,http://kafeneio-gr.blogspot.gr/2010/05/blog-post_617.html,11187,/capstor/scratch/cscs/fffoivos/runs/05_token_distillation_cpt/hplt_cleaning/05_hplt_cleaning_inventory_resume_20260605T165145Z/experiments/review_bundle_20260605T165151Z/docs/0551c96869307e20.txt,,[],,,,[],
rq_0319_b695ff7ccc,hplt::9_1.jsonl.zst::0063c94fe69b1e792224ea05126f3fab,"[""precision_E011"", ""precision_E012""]","[""candidate_error_E011"", ""candidate_error_E012""]","[""E004"", ""E007"", ""E009"", ""E010"", ""E011"", ""E012"", ""E017"", ""E019""]",quarantine,0.5539937500000001,9,cretanpatriot.wordpress.com,https://cretanpatriot.wordpress.com/category/%ce%b1%cf%83%cf%86%ce%b1%ce%bb%ce%b9%cf%83%cf%84%ce%b9%ce%ba%cf%8c-2/,16278,/capstor/scratch/cscs/fffoivos/runs/05_token_distillation_cpt/hplt_cleaning/05_hplt_cleaning_inventory_resume_20260605T165145Z/experiments/review_bundle_20260605T165151Z/docs/b695ff7ccc784ba3.txt,,[],,,,[],
rq_0320_38d6308db0,hplt::9_1.jsonl.zst::03ca62fe304f5f6cee6f2086d4a13da2,"[""destructive_action_review""]","[""candidate_action_drop_doc""]","[""E010"", ""E014""]",drop_doc,1.0,9,docplayer.gr,http://docplayer.gr/2383147-Tdnpkexthao-isalleo-fiioingno-msc-mpa.html,37186,/capstor/scratch/cscs/fffoivos/runs/05_token_distillation_cpt/hplt_cleaning/05_hplt_cleaning_inventory_resume_20260605T165145Z/experiments/review_bundle_20260605T165151Z/docs/38d6308db038f817.txt,,[],,,,[],
rq_0321_5d8398dd21,hplt::9_1.jsonl.zst::0684f074ffb4859df954f545cf0a684c,"[""precision_E011"", ""precision_E012""]","[""candidate_error_E011"", ""candidate_error_E012""]","[""E004"", ""E009"", ""E010"", ""E011"", ""E012"", ""E017""]",quarantine,0.6674500000000001,9,hellenicdailynews.blogspot.com,http://hellenicdailynews.blogspot.com/search?updated-max=2009-03-30T14:49:00%2B03:00&max-results=25,52584,/capstor/scratch/cscs/fffoivos/runs/05_token_distillation_cpt/hplt_cleaning/05_hplt_cleaning_inventory_resume_20260605T165145Z/experiments/review_bundle_20260605T165151Z/docs/5d8398dd21e0ba76.txt,,[],,,,[],
rq_0322_045e34ef97,hplt::9_1.jsonl.zst::0696b0453e6a1508131c67b7c2576f68,"[""false_negative_control""]","[""global_random_no_candidate_error""]",[],keep,0.20281968835023498,9,rodopinews.gr,http://rodopinews.gr/9432,8086,/capstor/scratch/cscs/fffoivos/runs/05_token_distillation_cpt/hplt_cleaning/05_hplt_cleaning_inventory_resume_20260605T165145Z/experiments/review_bundle_20260605T165151Z/docs/045e34ef97e836ad.txt,,[],,,,[],
rq_0323_fa1c36b399,hplt::9_1.jsonl.zst::0abcc96687f18004df5512d78e5949bd,"[""precision_E017""]","[""candidate_error_E017""]","[""E004"", ""E009"", ""E010"", ""E017""]",quarantine,0.253125,9,docplayer.gr,http://docplayer.gr/6433101-Sd-savvato-23-kyriaki-24-martioy-2013.html,85637,/capstor/scratch/cscs/fffoivos/runs/05_token_distillation_cpt/hplt_cleaning/05_hplt_cleaning_inventory_resume_20260605T165145Z/experiments/review_bundle_20260605T165151Z/docs/fa1c36b39916219c.txt,,[],,,,[],
rq_0324_a421d8ab8f,hplt::9_1.jsonl.zst::12a6fbe17eafa26f357cba1d690a9592,"[""precision_E011"", ""precision_E012""]","[""candidate_error_E011"", ""candidate_error_E012""]","[""E004"", ""E010"", ""E011"", ""E012"", ""E017""]",quarantine,0.665565625,9,kataskinosi-agkyra.blogspot.com,https://kataskinosi-agkyra.blogspot.com/2024/01/,51981,/capstor/scratch/cscs/fffoivos/runs/05_token_distillation_cpt/hplt_cleaning/05_hplt_cleaning_inventory_resume_20260605T165145Z/experiments/review_bundle_20260605T165151Z/docs/a421d8ab8fe7568b.txt,,[],,,,[],
rq_0325_cab685c947,hplt::9_1.jsonl.zst::1756c1d4e15afd039c0f20af30746259,"[""precision_E007""]","[""candidate_error_E007""]","[""E007"", ""E010"", ""E017"", ""E019""]",quarantine,0.3204552083333333,9,kostasxan.blogspot.gr,http://kostasxan.blogspot.gr/search/label/%CE%91%CE%BD%CE%B1%CF%81%CF%84%CE%AE%CF%83%CE%B5%CE%B9%CF%82,74879,/capstor/scratch/cscs/fffoivos/runs/05_token_distillation_cpt/hplt_cleaning/05_hplt_cleaning_inventory_resume_20260605T165145Z/experiments/review_bundle_20260605T165151Z/docs/cab685c947c79bee.txt,,[],,,,[],
rq_0326_0ff2cbdfc7,hplt::9_1.jsonl.zst::1d6a88eca47f3011d1ac8b4c2e4c85a1,"[""precision_E017""]","[""candidate_error_E017""]","[""E004"", ""E009"", ""E010"", ""E017""]",quarantine,0.253125,9,docplayer.gr,http://docplayer.gr/1771345-Neos-empopikos-syllogos-thnoy-ehete-minyma-emporiko-dimhniaio-enhmepotiko-deltio-toy-empopikoy-syllogoy-thnoy.html,90363,/capstor/scratch/cscs/fffoivos/runs/05_token_distillation_cpt/hplt_cleaning/05_hplt_cleaning_inventory_resume_20260605T165145Z/experiments/review_bundle_20260605T165151Z/docs/0ff2cbdfc784bd77.txt,,[],,,,[],
rq_0327_c68e2a2a19,hplt::9_1.jsonl.zst::2659a1a14b539ff285e4fdf2ed33b2a8,"[""false_negative_control""]","[""global_random_no_candidate_error""]",[],keep,0.17985452942473,9,www.timesnews.gr,https://www.timesnews.gr/o-kyklos-ton-chamenon-ekpaideytikon/,4537,/capstor/scratch/cscs/fffoivos/runs/05_token_distillation_cpt/hplt_cleaning/05_hplt_cleaning_inventory_resume_20260605T165145Z/experiments/review_bundle_20260605T165151Z/docs/c68e2a2a197d4b0a.txt,,[],,,,[],
rq_0328_899fb1160d,hplt::9_1.jsonl.zst::2b0e6df7b8d8e76184c26320a4dc5c13,"[""precision_E004"", ""precision_E010""]","[""candidate_error_E004"", ""candidate_error_E010""]","[""E004"", ""E010"", ""E017""]",quarantine,0.7484160677187505,9,www.digea.gr,http://www.digea.gr/footer/terms,11071,/capstor/scratch/cscs/fffoivos/runs/05_token_distillation_cpt/hplt_cleaning/05_hplt_cleaning_inventory_resume_20260605T165145Z/experiments/review_bundle_20260605T165151Z/docs/899fb1160d450db8.txt,,[],,,,[],
rq_0329_93a0bb8de4,hplt::9_1.jsonl.zst::2c1114acaf85adcb3ee3ed5fdae97e6e,"[""precision_E011"", ""precision_E012""]","[""candidate_error_E011"", ""candidate_error_E012""]","[""E007"", ""E009"", ""E010"", ""E011"", ""E012"", ""E017"", ""E019""]",quarantine,0.48174791666666666,9,papaleonidasdimitris.wordpress.com,https://papaleonidasdimitris.wordpress.com/tag/%CE%B1%CF%81%CE%B3%CE%B5%CE%BD%CF%84%CE%B9%CE%BD%CE%B7/,19826,/capstor/scratch/cscs/fffoivos/runs/05_token_distillation_cpt/hplt_cleaning/05_hplt_cleaning_inventory_resume_20260605T165145Z/experiments/review_bundle_20260605T165151Z/docs/93a0bb8de4c9400f.txt,,[],,,,[],
rq_0330_378a24e037,hplt::9_1.jsonl.zst::30800f43e197124263e68933a3d7d9e5,"[""precision_E003""]","[""candidate_error_E003""]","[""E003"", ""E010""]",quarantine,0.466105644963093,9,planetaris.gr,https://planetaris.gr/index.php/component/k2/itemlist/tag/VAR,13111,/capstor/scratch/cscs/fffoivos/runs/05_token_distillation_cpt/hplt_cleaning/05_hplt_cleaning_inventory_resume_20260605T165145Z/experiments/review_bundle_20260605T165151Z/docs/378a24e037807288.txt,,[],,,,[],
rq_0331_7d3f4edd97,hplt::9_1.jsonl.zst::3835c6f39e7a7380054eaea89c75ffc1,"[""destructive_action_review""]","[""candidate_action_drop_doc""]","[""E014""]",drop_doc,0.9760794140323823,9,ksipnistere.blogspot.com,http://ksipnistere.blogspot.com/2012/11/blog-post_1783.html,6162,/capstor/scratch/cscs/fffoivos/runs/05_token_distillation_cpt/hplt_cleaning/05_hplt_cleaning_inventory_resume_20260605T165145Z/experiments/review_bundle_20260605T165151Z/docs/7d3f4edd97f8d652.txt,,[],,,,[],
rq_0332_63782e73be,hplt::9_1.jsonl.zst::3f095b76b2e1b7490bf95d96d0b5636e,"[""false_negative_control""]","[""global_random_no_candidate_error""]",[],keep,0.18556067588325653,9,www.tovima.gr,https://www.tovima.gr/print/vimagazino/antres-raisingker-lfo-gefyropoios/,6510,/capstor/scratch/cscs/fffoivos/runs/05_token_distillation_cpt/hplt_cleaning/05_hplt_cleaning_inventory_resume_20260605T165145Z/experiments/review_bundle_20260605T165151Z/docs/63782e73be402054.txt,,[],,,,[],
rq_0333_7ebcf834d7,hplt::9_1.jsonl.zst::3f658643cb5a16270c64c83f3f5fafb1,"[""precision_E010""]","[""candidate_error_E010""]","[""E010""]",quarantine,0.21106152194791256,9,fanthis.blogspot.gr,http://fanthis.blogspot.gr/2012/01/blog-post_4563.html,17701,/capstor/scratch/cscs/fffoivos/runs/05_token_distillation_cpt/hplt_cleaning/05_hplt_cleaning_inventory_resume_20260605T165145Z/experiments/review_bundle_20260605T165151Z/docs/7ebcf834d77accaf.txt,,[],,,,[],
rq_0334_b61ea0a9a1,hplt::9_1.jsonl.zst::4199d635714d8937ee734a8eb5233108,"[""precision_E004""]","[""candidate_error_E004""]","[""E004"", ""E017""]",quarantine,0.18275862068965518,9,ardin-rixi.gr,https://ardin-rixi.gr/archives/219361,11600,/capstor/scratch/cscs/fffoivos/runs/05_token_distillation_cpt/hplt_cleaning/05_hplt_cleaning_inventory_resume_20260605T165145Z/experiments/review_bundle_20260605T165151Z/docs/b61ea0a9a13fb3e5.txt,,[],,,,[],
rq_0335_507c6364d6,hplt::9_1.jsonl.zst::45c9e02804046caa5b4792cf5f43db42,"[""false_negative_control""]","[""global_random_no_candidate_error""]",[],keep,0.16800173197661833,9,rigasili.blogspot.com,http://rigasili.blogspot.com/2011/03/blog-post_5850.html,4619,/capstor/scratch/cscs/fffoivos/runs/05_token_distillation_cpt/hplt_cleaning/05_hplt_cleaning_inventory_resume_20260605T165145Z/experiments/review_bundle_20260605T165151Z/docs/507c6364d659fe5c.txt,,[],,,,[],
rq_0336_f0a28e8754,hplt::9_1.jsonl.zst::532cc88d0f2950e6b485b8cbfd283b2c,"[""false_negative_control""]","[""global_random_no_candidate_error""]",[],keep,0.12635780364070429,9,keratini.gr,http://keratini.gr/%ce%b2%cf%81%ce%b1%ce%b6%ce%b9%ce%bb%ce%b9%ce%ac%ce%bd%ce%b9%ce%ba%ce%b7-%ce%b8%ce%b5%cf%81%ce%b1%cf%80%ce%b5%ce%af%ce%b1-%ce%bc%ce%b5-%ce%ba%ce%b5%cf%81%ce%b1%cf%84%ce%af%ce%bd%ce%b7-%ce%b3%ce%b9/,4048,/capstor/scratch/cscs/fffoivos/runs/05_token_distillation_cpt/hplt_cleaning/05_hplt_cleaning_inventory_resume_20260605T165145Z/experiments/review_bundle_20260605T165151Z/docs/f0a28e87542d8e36.txt,,[],,,,[],
rq_0337_cb89e9c3e2,hplt::9_1.jsonl.zst::5546359ed48610e5c03af4e083eba812,"[""precision_E004""]","[""candidate_error_E004""]","[""E004"", ""E010"", ""E017""]",quarantine,0.27271344329423974,9,www.astratv.gr,https://www.astratv.gr/ekponei-meletes-gia-erga-anakainisis-kai-apoperatosis-se-venizeleio-kai-pananeio-i-perifereia-kritis/,13997,/capstor/scratch/cscs/fffoivos/runs/05_token_distillation_cpt/hplt_cleaning/05_hplt_cleaning_inventory_resume_20260605T165145Z/experiments/review_bundle_20260605T165151Z/docs/cb89e9c3e2513add.txt,,[],,,,[],
rq_0338_b51e8dd16d,hplt::9_1.jsonl.zst::5d4e56c1c42367245da38a5c43744406,"[""precision_E004""]","[""candidate_error_E004""]","[""E004"", ""E010"", ""E017""]",quarantine,0.2169138177080102,9,docplayer.gr,http://docplayer.gr/470806-Selidopoiisi-tehniki-ypostirixi-marios-arsenioy.html,48351,/capstor/scratch/cscs/fffoivos/runs/05_token_distillation_cpt/hplt_cleaning/05_hplt_cleaning_inventory_resume_20260605T165145Z/experiments/review_bundle_20260605T165151Z/docs/b51e8dd16d8880da.txt,,[],,,,[],
rq_0339_bc9ab3d9a0,hplt::9_1.jsonl.zst::66e6e497e5afb80e675d83cf4e1f3562,"[""destructive_action_review""]","[""candidate_action_drop_doc""]","[""E014""]",drop_doc,1.0,9,issuu.com,https://issuu.com/chiospress/docs/syskepsi,3111,/capstor/scratch/cscs/fffoivos/runs/05_token_distillation_cpt/hplt_cleaning/05_hplt_cleaning_inventory_resume_20260605T165145Z/experiments/review_bundle_20260605T165151Z/docs/bc9ab3d9a070dccd.txt,,[],,,,[],
rq_0340_0297dd681c,hplt::9_1.jsonl.zst::6c25e39b05dc2b1dc92d5d376aa43834,"[""false_negative_control""]","[""global_random_no_candidate_error""]",[],keep,0.2734572149575591,9,www.monopoli.gr,https://www.monopoli.gr/2020/12/14/reviews/eidame-parastaseis/438508/akousa-theatro-to-proto-radio-play-tou-festival-athinon/,4359,/capstor/scratch/cscs/fffoivos/runs/05_token_distillation_cpt/hplt_cleaning/05_hplt_cleaning_inventory_resume_20260605T165145Z/experiments/review_bundle_20260605T165151Z/docs/0297dd681cd69822.txt,,[],,,,[],
rq_0341_e8961256a7,hplt::9_1.jsonl.zst::6e94d2ed4dff9d565547d432691cd85b,"[""false_negative_control""]","[""global_random_no_candidate_error""]",[],keep,0.16317673863513074,9,issuu.com,https://issuu.com/pelopidas/docs/freesoftware,9217,/capstor/scratch/cscs/fffoivos/runs/05_token_distillation_cpt/hplt_cleaning/05_hplt_cleaning_inventory_resume_20260605T165145Z/experiments/review_bundle_20260605T165151Z/docs/e8961256a7d4b431.txt,,[],,,,[],
rq_0342_963d87707f,hplt::9_1.jsonl.zst::70cd0ac27b9e2728a8c9efa48431ea47,"[""precision_E009"", ""precision_E010""]","[""candidate_error_E009"", ""candidate_error_E010""]","[""E009"", ""E010"", ""E017""]",quarantine,0.253125,9,syrizarodopis.blogspot.com,http://syrizarodopis.blogspot.com/2009/05/,91977,/capstor/scratch/cscs/fffoivos/runs/05_token_distillation_cpt/hplt_cleaning/05_hplt_cleaning_inventory_resume_20260605T165145Z/experiments/review_bundle_20260605T165151Z/docs/963d87707f917f92.txt,,[],,,,[],
rq_0343_68d6400d71,hplt::9_1.jsonl.zst::803c409a70a6047c6b02b251437f71dd,"[""precision_E004"", ""precision_E019""]","[""candidate_error_E004"", ""candidate_error_E019""]","[""E004"", ""E007"", ""E010"", ""E017"", ""E019""]",quarantine,0.226421875,9,aristeristrouthokamilos.blogspot.com,http://aristeristrouthokamilos.blogspot.com/2010/02/blog-post_05.html,71455,/capstor/scratch/cscs/fffoivos/runs/05_token_distillation_cpt/hplt_cleaning/05_hplt_cleaning_inventory_resume_20260605T165145Z/experiments/review_bundle_20260605T165151Z/docs/68d6400d716f5739.txt,,[],,,,[],
rq_0344_8a531e570e,hplt::9_1.jsonl.zst::8708d7790e1e65d4c196138b8f36d67f,"[""precision_E019""]","[""candidate_error_E019""]","[""E006"", ""E007"", ""E009"", ""E017"", ""E019""]",quarantine,0.6128921568627451,9,www.usay.gr,http://www.usay.gr/article/75822/baroyfakis_xtypa_tin_ekt_me_protasi_enallaktikis_posotikis_xalarwsis.html?category_id=2784,5718,/capstor/scratch/cscs/fffoivos/runs/05_token_distillation_cpt/hplt_cleaning/05_hplt_cleaning_inventory_resume_20260605T165145Z/experiments/review_bundle_20260605T165151Z/docs/8a531e570ea958a5.txt,,[],,,,[],
rq_0345_52a842e64a,hplt::9_1.jsonl.zst::87cae7eccce9b606b7bc6c2fe7793dad,"[""precision_E011"", ""precision_E012""]","[""candidate_error_E011"", ""candidate_error_E012""]","[""E004"", ""E010"", ""E011"", ""E012"", ""E017""]",quarantine,0.4757020833333333,9,www.gnan.gr,http://www.gnan.gr/2012/07/,44558,/capstor/scratch/cscs/fffoivos/runs/05_token_distillation_cpt/hplt_cleaning/05_hplt_cleaning_inventory_resume_20260605T165145Z/experiments/review_bundle_20260605T165151Z/docs/52a842e64a8fc9cc.txt,,[],,,,[],
rq_0346_00fd9c08be,hplt::9_1.jsonl.zst::911d0b245b9318dc3d452192503c395d,"[""destructive_action_review"", ""precision_E014""]","[""candidate_action_drop_doc"", ""candidate_error_E014""]","[""E010"", ""E014""]",drop_doc,1.0,9,docplayer.gr,http://docplayer.gr/6773180-Smzma-ftikhn-porhn-pdrivallonso.html,89011,/capstor/scratch/cscs/fffoivos/runs/05_token_distillation_cpt/hplt_cleaning/05_hplt_cleaning_inventory_resume_20260605T165145Z/experiments/review_bundle_20260605T165151Z/docs/00fd9c08be978f93.txt,,[],,,,[],
rq_0347_dd619ea5db,hplt::9_1.jsonl.zst::952d60fd9315135451e58679f64099ce,"[""precision_E012""]","[""candidate_error_E012""]","[""E004"", ""E010"", ""E011"", ""E012"", ""E017"", ""E019""]",quarantine,0.40479166666666666,9,kostasxan.blogspot.com,http://kostasxan.blogspot.com/2009_01_04_archive.html,75200,/capstor/scratch/cscs/fffoivos/runs/05_token_distillation_cpt/hplt_cleaning/05_hplt_cleaning_inventory_resume_20260605T165145Z/experiments/review_bundle_20260605T165151Z/docs/dd619ea5dbb42d42.txt,,[],,,,[],
rq_0348_a0b80f8a45,hplt::9_1.jsonl.zst::a2a676c057beaf3c8bdf1e898b1d39dd,"[""borderline_false_negative_probe""]","[""borderline_no_candidate_error""]",[],keep,0.24536879962000407,9,www.toperiodiko.gr,http://www.toperiodiko.gr/cinema2016/,14737,/capstor/scratch/cscs/fffoivos/runs/05_token_distillation_cpt/hplt_cleaning/05_hplt_cleaning_inventory_resume_20260605T165145Z/experiments/review_bundle_20260605T165151Z/docs/a0b80f8a452b5653.txt,,[],,,,[],
rq_0349_a3fa121f8a,hplt::9_1.jsonl.zst::a5ade28c0e01f82e2df35a64f4890177,"[""false_negative_control""]","[""global_random_no_candidate_error""]",[],keep,0.15380671622660858,9,talentabout.gr,https://talentabout.gr/2021/11/evgale-to-kapelo-ston-olybiako-o-bousias-kamia-simasia-to-apotelesma/,3901,/capstor/scratch/cscs/fffoivos/runs/05_token_distillation_cpt/hplt_cleaning/05_hplt_cleaning_inventory_resume_20260605T165145Z/experiments/review_bundle_20260605T165151Z/docs/a3fa121f8a77cace.txt,,[],,,,[],
rq_0350_9bb8a57ce6,hplt::9_1.jsonl.zst::a804839d448d7d7d279771b424dad18a,"[""precision_E009""]","[""candidate_error_E009""]","[""E004"", ""E006"", ""E007"", ""E008"", ""E009"", ""E010"", ""E017"", ""E019""]",quarantine,0.43909317520238345,9,www.michanikos.gr,https://www.michanikos.gr/tags/real%20estate/,103342,/capstor/scratch/cscs/fffoivos/runs/05_token_distillation_cpt/hplt_cleaning/05_hplt_cleaning_inventory_resume_20260605T165145Z/experiments/review_bundle_20260605T165151Z/docs/9bb8a57ce64197f7.txt,,[],,,,[],
rq_0351_0c8e4ad3f5,hplt::9_1.jsonl.zst::af4e63e77882d2f6afefe62d28616557,"[""precision_E006""]","[""candidate_error_E006""]","[""E004"", ""E006"", ""E007"", ""E008"", ""E009"", ""E010"", ""E017""]",quarantine,0.5786879040522734,9,infood.gr,https://infood.gr/kotopoulo-me-saltsa-lefkou-krasiou/,69881,/capstor/scratch/cscs/fffoivos/runs/05_token_distillation_cpt/hplt_cleaning/05_hplt_cleaning_inventory_resume_20260605T165145Z/experiments/review_bundle_20260605T165151Z/docs/0c8e4ad3f52ed163.txt,,[],,,,[],
rq_0352_99910d228c,hplt::9_1.jsonl.zst::b22337991675e150cb7261c6ab9ada2e,"[""destructive_action_review"", ""precision_E008""]","[""candidate_action_trim_span"", ""candidate_error_E008""]","[""E006"", ""E007"", ""E008""]",trim_span,0.6979166666666666,9,www.anesishome.gr,https://www.anesishome.gr/%CF%80%CE%BB%CE%B7%CF%81%CE%BF%CF%86%CE%BF%CF%81%CE%B9%CE%B5%CF%82/%CE%BF%CF%81%CE%BF%CE%B9-%CF%80%CF%81%CE%BF%CF%83%CF%84%CE%B1%CF%83%CE%B9%CE%B1%CF%82-%CE%B4%CE%B5%CE%B4%CE%BF%CE%BC%CE%B5%CE%BD%CF%89%CE%BD-7,6277,/capstor/scratch/cscs/fffoivos/runs/05_token_distillation_cpt/hplt_cleaning/05_hplt_cleaning_inventory_resume_20260605T165145Z/experiments/review_bundle_20260605T165151Z/docs/99910d228c96adf3.txt,,[],,,,[],
rq_0353_a312f6df5e,hplt::9_1.jsonl.zst::c096a8af1213564cca5362ccfa886ec5,"[""borderline_false_negative_probe""]","[""borderline_no_candidate_error""]",[],keep,0.24833970377448636,9,www.mommy.gr,https://www.mommy.gr/prin-fonaksete-sto-paidi-sas-kante-auto/,7802,/capstor/scratch/cscs/fffoivos/runs/05_token_distillation_cpt/hplt_cleaning/05_hplt_cleaning_inventory_resume_20260605T165145Z/experiments/review_bundle_20260605T165151Z/docs/a312f6df5e54abab.txt,,[],,,,[],
rq_0354_2ec2381fe3,hplt::9_1.jsonl.zst::c1157999b7a2aacf07cb15209754b4dc,"[""false_negative_control""]","[""global_random_no_candidate_error""]",[],keep,0.1965093729799612,9,www.kathimerini.gr,https://www.kathimerini.gr/world/857757/to-oplo-toy-telegram-chrisimopoioyn-oi-tromokrates/,4641,/capstor/scratch/cscs/fffoivos/runs/05_token_distillation_cpt/hplt_cleaning/05_hplt_cleaning_inventory_resume_20260605T165145Z/experiments/review_bundle_20260605T165151Z/docs/2ec2381fe3f9144e.txt,,[],,,,[],
rq_0355_b28ffe69f1,hplt::9_1.jsonl.zst::c24c24d4a03996017cc74aa536c9e90c,"[""destructive_action_review""]","[""candidate_action_drop_doc""]","[""E014""]",drop_doc,0.9165927478311726,9,docplayer.gr,http://docplayer.gr/166690418-8-fakdlo-afaldia-kai-tgdia-fat.html,25973,/capstor/scratch/cscs/fffoivos/runs/05_token_distillation_cpt/hplt_cleaning/05_hplt_cleaning_inventory_resume_20260605T165145Z/experiments/review_bundle_20260605T165151Z/docs/b28ffe69f1ac7978.txt,,[],,,,[],
rq_0356_d8a889386c,hplt::9_1.jsonl.zst::c35a140088f0cd40c9536381d5bce499,"[""precision_E010""]","[""candidate_error_E010""]","[""E009"", ""E010""]",quarantine,0.16239125585545394,9,www.athensvoice.gr,https://www.athensvoice.gr/life/geusi/themata/875416/ston-evro-ftiahnoun-ta-exairetika-kai-poluvraveumena-elaiolada-kuklopas/,4483,/capstor/scratch/cscs/fffoivos/runs/05_token_distillation_cpt/hplt_cleaning/05_hplt_cleaning_inventory_resume_20260605T165145Z/experiments/review_bundle_20260605T165151Z/docs/d8a889386c5f079a.txt,,[],,,,[],
rq_0357_f0de0d2fca,hplt::9_1.jsonl.zst::c3cf677e2264445d9445a4287b8005d7,"[""precision_E004""]","[""candidate_error_E004""]","[""E004"", ""E017""]",quarantine,0.1324058527224754,9,lampaterre.blogspot.com,http://lampaterre.blogspot.com/2014/10/blog-post.html,4169,/capstor/scratch/cscs/fffoivos/runs/05_token_distillation_cpt/hplt_cleaning/05_hplt_cleaning_inventory_resume_20260605T165145Z/experiments/review_bundle_20260605T165151Z/docs/f0de0d2fca6638b9.txt,,[],,,,[],
rq_0358_78a5ffb5f0,hplt::9_1.jsonl.zst::c6220252cf0a6a0ca3294ce4370d96a3,"[""false_negative_control""]","[""global_random_no_candidate_error""]",[],keep,0.2402573529411765,9,www.rockpages.gr,https://www.rockpages.gr/within-temptation-resist/,1882,/capstor/scratch/cscs/fffoivos/runs/05_token_distillation_cpt/hplt_cleaning/05_hplt_cleaning_inventory_resume_20260605T165145Z/experiments/review_bundle_20260605T165151Z/docs/78a5ffb5f02a64e8.txt,,[],,,,[],
rq_0359_a4e38dc2de,hplt::9_1.jsonl.zst::cee90693b5b5c13323a748db92f3b87b,"[""precision_E012""]","[""candidate_error_E012""]","[""E004"", ""E010"", ""E011"", ""E012"", ""E017"", ""E019""]",quarantine,0.5492375,9,kianotipies.blogspot.com,http://kianotipies.blogspot.com/2011/12/,14756,/capstor/scratch/cscs/fffoivos/runs/05_token_distillation_cpt/hplt_cleaning/05_hplt_cleaning_inventory_resume_20260605T165145Z/experiments/review_bundle_20260605T165151Z/docs/a4e38dc2de6efc93.txt,,[],,,,[],
rq_0360_94582f5af5,hplt::9_1.jsonl.zst::d28d568b9eaca69b0aefd99a6dfe5275,"[""precision_E008""]","[""candidate_error_E008""]","[""E006"", ""E007"", ""E008"", ""E009"", ""E010"", ""E017""]",quarantine,0.666471024891576,9,www.asvestohori.gr,http://www.asvestohori.gr/?cat=44&paged=3,18947,/capstor/scratch/cscs/fffoivos/runs/05_token_distillation_cpt/hplt_cleaning/05_hplt_cleaning_inventory_resume_20260605T165145Z/experiments/review_bundle_20260605T165151Z/docs/94582f5af53b239b.txt,,[],,,,[],
rq_0361_ae2c1dc515,hplt::9_1.jsonl.zst::d4d020e67d5e7de6c8ebf412c0e00698,"[""destructive_action_review""]","[""candidate_action_drop_doc""]","[""E010"", ""E014""]",drop_doc,1.0,9,docplayer.gr,http://docplayer.gr/52987839-Kyriaki-g-ton-nisteion-tes-stayroproskyneseos-en-to-savvato-esperas-kyrie-eleison.html,13158,/capstor/scratch/cscs/fffoivos/runs/05_token_distillation_cpt/hplt_cleaning/05_hplt_cleaning_inventory_resume_20260605T165145Z/experiments/review_bundle_20260605T165151Z/docs/ae2c1dc515d83338.txt,,[],,,,[],
rq_0362_f6d99de515,hplt::9_1.jsonl.zst::db150d120f27e94095d062fbfba76718,"[""destructive_action_review""]","[""candidate_action_trim_span""]","[""E006"", ""E007""]",trim_span,0.6458333333333334,9,www.fnl-guide.com,https://www.fnl-guide.com/gr/el/globe-eater/naamyaa-london/,3157,/capstor/scratch/cscs/fffoivos/runs/05_token_distillation_cpt/hplt_cleaning/05_hplt_cleaning_inventory_resume_20260605T165145Z/experiments/review_bundle_20260605T165151Z/docs/f6d99de515763a59.txt,,[],,,,[],
rq_0363_f02e4891e6,hplt::9_1.jsonl.zst::defc9006fc25f346585c0fa426e9c1a6,"[""borderline_false_negative_probe""]","[""borderline_no_candidate_error""]",[],keep,0.25434014139827177,9,www.mommy.gr,https://www.mommy.gr/otan-to-paidi-arneitai-na-ntythei-mono-tou/,4728,/capstor/scratch/cscs/fffoivos/runs/05_token_distillation_cpt/hplt_cleaning/05_hplt_cleaning_inventory_resume_20260605T165145Z/experiments/review_bundle_20260605T165151Z/docs/f02e4891e6a7bd0e.txt,,[],,,,[],
rq_0364_e4fc232c99,hplt::9_1.jsonl.zst::e166a21b5eadbb3b2b003a241cc7ec7c,"[""precision_E012""]","[""candidate_error_E012""]","[""E004"", ""E009"", ""E010"", ""E011"", ""E012"", ""E017""]",quarantine,0.40332291666666664,9,financialcrimesnews.blogspot.com,http://financialcrimesnews.blogspot.com/2011/12/,74730,/capstor/scratch/cscs/fffoivos/runs/05_token_distillation_cpt/hplt_cleaning/05_hplt_cleaning_inventory_resume_20260605T165145Z/experiments/review_bundle_20260605T165151Z/docs/e4fc232c99414a9d.txt,,[],,,,[],
rq_0365_89623172de,hplt::9_1.jsonl.zst::e51c6d31ef1085c6b4affe8521defa2c,"[""false_negative_control""]","[""global_random_no_candidate_error""]",[],keep,0.16067209241270675,9,panosavramopoulos.blogspot.com,http://panosavramopoulos.blogspot.com/2013/05/blog-post_8413.html,7618,/capstor/scratch/cscs/fffoivos/runs/05_token_distillation_cpt/hplt_cleaning/05_hplt_cleaning_inventory_resume_20260605T165145Z/experiments/review_bundle_20260605T165151Z/docs/89623172dec9dd5f.txt,,[],,,,[],
rq_0366_cadd4acefd,hplt::9_1.jsonl.zst::e63a08bddef7a8ad459a85eda2b722f7,"[""false_negative_control""]","[""global_random_no_candidate_error""]",[],keep,0.16631047211968136,9,ngnm.vrahokipos.net,https://ngnm.vrahokipos.net/index.php?option=com_content&view=article&id=1879:ta-kaka-kori-tsia-tis-arxaio-titas-i-poies-den-masou-san-tarama&catid=24&Itemid=172,5147,/capstor/scratch/cscs/fffoivos/runs/05_token_distillation_cpt/hplt_cleaning/05_hplt_cleaning_inventory_resume_20260605T165145Z/experiments/review_bundle_20260605T165151Z/docs/cadd4acefd9a9ea3.txt,,[],,,,[],
rq_0367_e6dee540f9,hplt::9_1.jsonl.zst::e8b446afc0b3a076d20ff7a54b64749e,"[""destructive_action_review"", ""precision_E006"", ""precision_E007"", ""precision_E008"", ""precision_E009""]","[""candidate_action_trim_span"", ""candidate_error_E006"", ""candidate_error_E007"", ""candidate_error_E008"", ""candidate_error_E009""]","[""E006"", ""E007"", ""E008"", ""E009""]",trim_span,0.7746283255086073,9,automovilzona.com,https://automovilzona.com/page-16/hola-5/,12425,/capstor/scratch/cscs/fffoivos/runs/05_token_distillation_cpt/hplt_cleaning/05_hplt_cleaning_inventory_resume_20260605T165145Z/experiments/review_bundle_20260605T165151Z/docs/e6dee540f931b39d.txt,,[],,,,[],
rq_0368_1f587f00ab,hplt::9_1.jsonl.zst::f42681d24cc5fa178ffec1f58024e2d6,"[""destructive_action_review""]","[""candidate_action_drop_doc""]","[""E014""]",drop_doc,0.9130643841222206,9,docplayer.gr,http://docplayer.gr/4631670-Anapstxz-kai-yarakszrimo-ldpshn-tmdnihn-nio-md-nanohmasigia-au-kai-dfarmogz-sot-d-aithzszrd-tgrogonot-yamzlz-thdrmokraia.html,49236,/capstor/scratch/cscs/fffoivos/runs/05_token_distillation_cpt/hplt_cleaning/05_hplt_cleaning_inventory_resume_20260605T165145Z/experiments/review_bundle_20260605T165151Z/docs/1f587f00ab7176ff.txt,,[],,,,[],
rq_0369_48cb807e61,hplt::9_1.jsonl.zst::f533c0f6cc87a231ff1fe651601fc97e,"[""destructive_action_review""]","[""candidate_action_drop_doc""]","[""E014""]",drop_doc,1.0,9,www.inclusivedemocracy.org,https://www.inclusivedemocracy.org/fotopoulos/greek/grE/gre1990/12_15.htm,9623,/capstor/scratch/cscs/fffoivos/runs/05_token_distillation_cpt/hplt_cleaning/05_hplt_cleaning_inventory_resume_20260605T165145Z/experiments/review_bundle_20260605T165151Z/docs/48cb807e61ebedc5.txt,,[],,,,[],
rq_0370_89bc55fac8,hplt::9_1.jsonl.zst::f6e317c1b1b5c7e199dfa78ee166221f,"[""precision_E019""]","[""candidate_error_E019""]","[""E004"", ""E007"", ""E010"", ""E017"", ""E019""]",quarantine,0.253125,9,docplayer.gr,http://docplayer.gr/2313563-Ta-epinikia-stis-aharnes-n-sel-20-dytiki-ohthi-n-sel-16-tetarti-17-noemvrioy-2010-n-etos-4o-ar-fylloy-140-0-02-lepta.html,84847,/capstor/scratch/cscs/fffoivos/runs/05_token_distillation_cpt/hplt_cleaning/05_hplt_cleaning_inventory_resume_20260605T165145Z/experiments/review_bundle_20260605T165151Z/docs/89bc55fac8ba83d8.txt,,[],,,,[],
rq_0371_b5024f6d8a,hplt::9_1.jsonl.zst::f72c84daf22285ce6c86c18ff6b8f194,"[""precision_E004"", ""precision_E011""]","[""candidate_error_E004"", ""candidate_error_E011""]","[""E004"", ""E011"", ""E012"", ""E017""]",quarantine,0.46497083333333333,9,www.lintzeris.gr,https://www.lintzeris.gr/2008/01/page/4/,41124,/capstor/scratch/cscs/fffoivos/runs/05_token_distillation_cpt/hplt_cleaning/05_hplt_cleaning_inventory_resume_20260605T165145Z/experiments/review_bundle_20260605T165151Z/docs/b5024f6d8a4b4545.txt,,[],,,,[],
rq_0372_50707198ca,hplt::9_1.jsonl.zst::fb196b941d04521266770348d1c04740,"[""destructive_action_review""]","[""candidate_action_drop_doc""]","[""E014""]",drop_doc,0.9134755919321834,9,karditsapress.gr,https://karditsapress.gr/%CE%B5%CE%BD%CE%B7%CE%BC%CE%B5%CF%81%CF%89%CF%83%CE%B7/19-%CE%BA%CE%B1%CF%81%CE%B4%CE%B9%CF%84%CF%83%CE%B1/53341-%CE%B5%CE%BA%CE%B4%CE%AE%CE%BB%CF%89%CF%83%CE%B7-%CE%B4%CE%B9%CE%AC%CF%87%CF%85%CF%83%CE%B7%CF%82-%CF%84%CF%89%CE%BD-%CE%BC%CE%B1%CE%B8%CE%B7%CF%83%CE%B9%CE%B1%CE%BA%CF%8E%CE%BD-%CE%B1%CF%80%CE%BF%CF%84%CE%B5%CE%BB%CE%B5%CF%83%CE%BC%CE%AC%CF%84%CF%89%CE%BD-%CF%84%CE%B7%CF%82-%CE%AD%CE%BD%CF%89%CF%83%CE%B7%CF%82-%CF%84%CE%B5%CF%87%CE%BD%CE%BF%CE%BB%CF%8C%CE%B3%CF%89%CE%BD-%CE%B5%CE%BA%CF%80%CE%B1%CE%B9%CE%B4%CE%B5%CF%85%CF%84%CE%B9%CE%BA%CF%8E%CE%BD,4094,/capstor/scratch/cscs/fffoivos/runs/05_token_distillation_cpt/hplt_cleaning/05_hplt_cleaning_inventory_resume_20260605T165145Z/experiments/review_bundle_20260605T165151Z/docs/50707198ca3bf500.txt,,[],,,,[],
rq_0373_4ce22af73c,hplt::9_2.jsonl.zst::0bfabce07900520e55d77332faf977f8,"[""destructive_action_review"", ""precision_E009""]","[""candidate_action_trim_span"", ""candidate_error_E009""]","[""E006"", ""E007"", ""E009""]",trim_span,0.6679166666666667,9,www.kastorianiestia.gr,https://www.kastorianiestia.gr/2022/01/koronoios-mpikame-se-fasi-yfesis-treis-eidikoi-scholiazoyn/,5822,/capstor/scratch/cscs/fffoivos/runs/05_token_distillation_cpt/hplt_cleaning/05_hplt_cleaning_inventory_resume_20260605T165145Z/experiments/review_bundle_20260605T165151Z/docs/4ce22af73cf58463.txt,,[],,,,[],
rq_0374_d921593874,hplt::9_2.jsonl.zst::0c72cd42de71ba1703970814a78ea5a5,"[""precision_E003""]","[""candidate_error_E003""]","[""E003"", ""E010""]",quarantine,0.3888888888888889,9,www.enwsi.gr,https://www.enwsi.gr/911198/me-tin-ipografi-mas/den-toys-noiazei-na-ginontai-rompes.html,6354,/capstor/scratch/cscs/fffoivos/runs/05_token_distillation_cpt/hplt_cleaning/05_hplt_cleaning_inventory_resume_20260605T165145Z/experiments/review_bundle_20260605T165151Z/docs/d9215938742c319d.txt,,[],,,,[],
rq_0375_a93849ada1,hplt::9_2.jsonl.zst::1358c22c5f2cfb88c659f06cbfb2a957,"[""false_negative_control""]","[""global_random_no_candidate_error""]",[],keep,0.14854111405835543,9,trofimapota.gr,http://trofimapota.gr/index.php/anakoinoseis/anakoinoseis-somateion/1083-anakoinosi-syndikatou-galaktos-trofimon-poton-n-attikis-kai-nison-pros-tous-ergazomenous-stin-ion,4524,/capstor/scratch/cscs/fffoivos/runs/05_token_distillation_cpt/hplt_cleaning/05_hplt_cleaning_inventory_resume_20260605T165145Z/experiments/review_bundle_20260605T165151Z/docs/a93849ada1990aeb.txt,,[],,,,[],
rq_0376_c553a11ced,hplt::9_2.jsonl.zst::14bc9f824b533cb93ce1f29777b719e8,"[""precision_E009"", ""precision_E011"", ""precision_E012""]","[""candidate_error_E009"", ""candidate_error_E011"", ""candidate_error_E012""]","[""E007"", ""E009"", ""E010"", ""E011"", ""E012"", ""E019""]",quarantine,0.560440625,9,istologio.org,http://istologio.org/?tag=%CE%B3%CE%AC%CE%BC%CE%BF%CF%82,18341,/capstor/scratch/cscs/fffoivos/runs/05_token_distillation_cpt/hplt_cleaning/05_hplt_cleaning_inventory_resume_20260605T165145Z/experiments/review_bundle_20260605T165151Z/docs/c553a11ceda3e56f.txt,,[],,,,[],
rq_0377_081d4c9a91,hplt::9_2.jsonl.zst::151c735ca4887561a33e4393d5fbd964,"[""precision_E008""]","[""candidate_error_E008""]","[""E004"", ""E006"", ""E007"", ""E008"", ""E017""]",quarantine,0.35680555555555554,9,www.press.bmwgroup.com,https://www.press.bmwgroup.com/greece/article/detail/T0405684EL/%EF%BF%BD%EF%BF%BD-%EF%BF%BD%EF%BF%BD%EF%BF%BD%EF%BF%BD%EF%BF%BD%EF%BF%BD%EF%BF%BD%EF%BF%BD%EF%BF%BD%EF%BF%BD%EF%BF%BD%EF%BF%BD-%EF%BF%BD%EF%BF%BD%EF%BF%BD%EF%BF%BD%EF%BF%BD%EF%BF%BD%EF%BF%BD%EF%BF%BD%EF%BF%BD%EF%BF%BD%EF%BF%BD%EF%BF%BD%EF%BF%BD%EF%BF%BD%EF%BF%BD%EF%BF%BD%EF%BF%BD%EF%BF%BD-%EF%BF%BD%EF%BF%BD%EF%BF%BD%EF%BF%BD%EF%BF%BD%EF%BF%BD-bmw-ix1-%EF%BF%BD%EF%BF%BD%EF%BF%BD%EF%BF%BD%EF%BF%BD%EF%BF%BD-regensburg-%EF%BF%BD%EF%BF%BD%EF%BF%BD%EF%BF%BD%EF%BF%BD%EF%BF%BD%EF%BF%BD%EF%BF%BD%EF%BF%BD%EF%BF%BD%EF%BF%BD%EF%BF%BD%EF%BF%BD%EF%BF%BD%EF%BF%BD%EF%BF%BD-%EF%BF%BD%EF%BF%BD%EF%BF%BD%EF%BF%BD-%EF%BF%BD%EF%BF%BD%EF%BF%BD%EF%BF%BD%EF%BF%BD%EF%BF%BD%EF%BF%BD%EF%BF%BD%EF%BF%BD%EF%BF%BD:-%EF%BF%BD%EF%BF%BD%EF%BF%BD%EF%BF%BD%EF%BF%BD%EF%BF%BD%EF%BF%BD%EF%BF%BD%EF%BF%BD%EF%BF%BD-%EF%BF%BD%EF%BF%BD%EF%BF%BD%EF%BF%BD-2024-%EF%BF%BD%EF%BF%BD%EF%BF%BD%EF%BF%BD%EF%BF%BD%EF%BF%BD-%EF%BF%BD%EF%BF%BD%EF%BF%BD%EF%BF%BD%EF%BF%BD%EF%BF%BD%EF%BF%BD%EF%BF%BD-%EF%BF%BD%EF%BF%BD%EF%BF%BD%EF%BF%BD%EF%BF%BD%EF%BF%BD%EF%BF%BD%EF%BF%BD%EF%BF%BD%EF%BF%BD-bmw-%EF%BF%BD%EF%BF%BD%EF%BF%BD%EF%BF%BD%EF%BF%BD%EF%BF%BD-%EF%BF%BD%EF%BF%BD%EF%BF%BD%EF%BF%BD-%EF%BF%BD%EF%BF%BD%EF%BF%BD%EF%BF%BD%EF%BF%BD%EF%BF%BD%EF%BF%BD%EF%BF%BD%EF%BF%BD%EF%BF%BD%EF%BF%BD%EF%BF%BD%EF%BF%BD%EF%BF%BD%EF%BF%BD%EF%BF%BD%EF%BF%BD%EF%BF%BD%EF%BF%BD%EF%BF%BD-%EF%BF%BD%EF%BF%BD%EF%BF%BD%EF%BF%BD%EF%BF%BD%EF%BF%BD-%EF%BF%BD%EF%BF%BD%EF%BF%BD%EF%BF%BD%EF%BF%BD%EF%BF%BD%EF%BF%BD%EF%BF%BD%EF%BF%BD%EF%BF%BD%EF%BF%BD%EF%BF%BD%EF%BF%BD%EF%BF%BD%EF%BF%BD%EF%BF%BD-%EF%BF%BD%EF%BF%BD%EF%BF%BD%EF%BF%BD-%EF%BF%BD%EF%BF%BD%EF%BF%BD%EF%BF%BD%EF%BF%BD%EF%BF%BD%EF%BF%BD%EF%BF%BD%EF%BF%BD%EF%BF%BD-%EF%BF%BD%EF%BF%BD%EF%BF%BD%EF%BF%BD%EF%BF%BD%EF%BF%BD%EF%BF%BD%EF%BF%BD%EF%BF%BD%EF%BF%BD%EF%BF%BD%EF%BF%BD%EF%BF%BD%EF%BF%BD%EF%BF%BD%EF%BF%BD%EF%BF%BD%EF%BF%BD?showMedia=photo,7422,/capstor/scratch/cscs/fffoivos/runs/05_token_distillation_cpt/hplt_cleaning/05_hplt_cleaning_inventory_resume_20260605T165145Z/experiments/review_bundle_20260605T165151Z/docs/081d4c9a91880579.txt,,[],,,,[],
rq_0378_edd8508a56,hplt::9_2.jsonl.zst::1a4b559afbd9304eca3620bbe41c1d17,"[""destructive_action_review"", ""precision_E016""]","[""candidate_action_drop_doc"", ""candidate_error_E016""]","[""E007"", ""E010"", ""E016"", ""E017"", ""E019""]",drop_doc,0.253125,9,mythofrock.gr,https://mythofrock.gr/diary-of-a-metalhead,128913,/capstor/scratch/cscs/fffoivos/runs/05_token_distillation_cpt/hplt_cleaning/05_hplt_cleaning_inventory_resume_20260605T165145Z/experiments/review_bundle_20260605T165151Z/docs/edd8508a56541f3d.txt,,[],,,,[],
rq_0379_519c2d2af3,hplt::9_2.jsonl.zst::1e29f8731be3df5b629256cbdce0c615,"[""precision_E011"", ""precision_E012"", ""precision_E017""]","[""candidate_error_E011"", ""candidate_error_E012"", ""candidate_error_E017""]","[""E004"", ""E010"", ""E011"", ""E012"", ""E017""]",quarantine,0.591590625,9,amea-blog.blogspot.com,http://amea-blog.blogspot.com/2015_10_07_archive.html,28309,/capstor/scratch/cscs/fffoivos/runs/05_token_distillation_cpt/hplt_cleaning/05_hplt_cleaning_inventory_resume_20260605T165145Z/experiments/review_bundle_20260605T165151Z/docs/519c2d2af31d11ad.txt,,[],,,,[],
rq_0380_1a342a5a4f,hplt::9_2.jsonl.zst::24d356f13a9ab12ad982dce2a33b507c,"[""precision_E008""]","[""candidate_error_E008""]","[""E006"", ""E007"", ""E008"", ""E010"", ""E017""]",quarantine,0.6251345301306668,9,www.hotelopia.gr,http://www.hotelopia.gr/italy/milan/milan-surroundings/,10677,/capstor/scratch/cscs/fffoivos/runs/05_token_distillation_cpt/hplt_cleaning/05_hplt_cleaning_inventory_resume_20260605T165145Z/experiments/review_bundle_20260605T165151Z/docs/1a342a5a4fa0afe9.txt,,[],,,,[],
rq_0381_b2c5f66e95,hplt::9_2.jsonl.zst::25a5d78014b3d41a77627c23d274ead8,"[""borderline_false_negative_probe""]","[""borderline_no_candidate_error""]",[],keep,0.27903091060985796,9,flix.gr,https://flix.gr/news/bafta-2019-winners.html,4788,/capstor/scratch/cscs/fffoivos/runs/05_token_distillation_cpt/hplt_cleaning/05_hplt_cleaning_inventory_resume_20260605T165145Z/experiments/review_bundle_20260605T165151Z/docs/b2c5f66e952a1576.txt,,[],,,,[],
rq_0382_19de2bf18d,hplt::9_2.jsonl.zst::282081e379c9d6b624c86613a56a7360,"[""precision_E007""]","[""candidate_error_E007""]","[""E007"", ""E019""]",quarantine,0.18554621848739497,9,www.capital.gr,http://www.capital.gr/politiki/3286486/tzanakopoulos-adiamfisbitita-ta-sunora-sto-aigaio,2975,/capstor/scratch/cscs/fffoivos/runs/05_token_distillation_cpt/hplt_cleaning/05_hplt_cleaning_inventory_resume_20260605T165145Z/experiments/review_bundle_20260605T165151Z/docs/19de2bf18d748e21.txt,,[],,,,[],
rq_0383_764d8c4136,hplt::9_2.jsonl.zst::2953b8a5a223b621370ea67bc4c49439,"[""precision_E006"", ""precision_E007""]","[""candidate_error_E006"", ""candidate_error_E007""]","[""E006"", ""E007"", ""E017""]",quarantine,0.7216162794402482,9,o-o.gr,http://o-o.gr/kalithea/-/anorthosi,20924,/capstor/scratch/cscs/fffoivos/runs/05_token_distillation_cpt/hplt_cleaning/05_hplt_cleaning_inventory_resume_20260605T165145Z/experiments/review_bundle_20260605T165151Z/docs/764d8c41366b9b38.txt,,[],,,,[],
rq_0384_16639917db,hplt::9_2.jsonl.zst::321f7ead1607c39aef6717f718ceeaa9,"[""borderline_false_negative_probe""]","[""borderline_no_candidate_error""]",[],keep,0.2553946201596216,9,efimeridakefalonia.gr,http://efimeridakefalonia.gr/?p=198215,3383,/capstor/scratch/cscs/fffoivos/runs/05_token_distillation_cpt/hplt_cleaning/05_hplt_cleaning_inventory_resume_20260605T165145Z/experiments/review_bundle_20260605T165151Z/docs/16639917dbe16b8a.txt,,[],,,,[],
rq_0385_eb5f335e01,hplt::9_2.jsonl.zst::389a3732e9368898be67f08e1dcc2be5,"[""precision_E004"", ""precision_E006"", ""precision_E007"", ""precision_E017""]","[""candidate_error_E004"", ""candidate_error_E006"", ""candidate_error_E007"", ""candidate_error_E017""]","[""E004"", ""E006"", ""E007"", ""E010"", ""E017""]",quarantine,0.8568382352941176,9,onestopdeals.gr,http://onestopdeals.gr/popular/christougenna,19762,/capstor/scratch/cscs/fffoivos/runs/05_token_distillation_cpt/hplt_cleaning/05_hplt_cleaning_inventory_resume_20260605T165145Z/experiments/review_bundle_20260605T165151Z/docs/eb5f335e01267d18.txt,,[],,,,[],
rq_0386_9ffabd27b6,hplt::9_2.jsonl.zst::3b734d0a8199aa797fc50513ada11ae9,"[""false_negative_control""]","[""global_random_no_candidate_error""]",[],keep,0.2029935851746258,9,www.thetoc.gr,https://www.thetoc.gr/koinwnia/article/kausonas-diarkeias-erxetai-akraio-atmosfairiko-mpotiliarisma---tholos-zestis-metatrepei-se-fourno-ti-xora/,7015,/capstor/scratch/cscs/fffoivos/runs/05_token_distillation_cpt/hplt_cleaning/05_hplt_cleaning_inventory_resume_20260605T165145Z/experiments/review_bundle_20260605T165151Z/docs/9ffabd27b656d46e.txt,,[],,,,[],
rq_0387_8bbf2339e8,hplt::9_2.jsonl.zst::5c8abbfcec1a3470b37127c1d13a874d,"[""borderline_false_negative_probe""]","[""borderline_no_candidate_error""]",[],keep,0.25997724595781135,9,www.astratv.gr,https://www.astratv.gr/gallia-i-rosia-vrisketai-se-diadikasia-aposyndesis-apo-ton-ypoloipo-kosmo-leei-o-makron/,12452,/capstor/scratch/cscs/fffoivos/runs/05_token_distillation_cpt/hplt_cleaning/05_hplt_cleaning_inventory_resume_20260605T165145Z/experiments/review_bundle_20260605T165151Z/docs/8bbf2339e821db71.txt,,[],,,,[],
rq_0388_cb716cbe70,hplt::9_2.jsonl.zst::5e6c3a24f2a0dc06bfdd1d20e4b20748,"[""precision_E010"", ""precision_E011"", ""precision_E012""]","[""candidate_error_E010"", ""candidate_error_E011"", ""candidate_error_E012""]","[""E009"", ""E010"", ""E011"", ""E012"", ""E017""]",quarantine,0.745703125,9,arockaria.blogspot.com,https://arockaria.blogspot.com/,77625,/capstor/scratch/cscs/fffoivos/runs/05_token_distillation_cpt/hplt_cleaning/05_hplt_cleaning_inventory_resume_20260605T165145Z/experiments/review_bundle_20260605T165151Z/docs/cb716cbe704ea0ab.txt,,[],,,,[],
rq_0389_9df2135974,hplt::9_2.jsonl.zst::68102eb4528937116f4bd83e32d2078f,"[""false_negative_control""]","[""global_random_no_candidate_error""]",[],keep,0.12289966394623139,9,gr.dsorganic.com,http://gr.dsorganic.com/2011/05/05/ds-consulting-first-greek-company-registered-at-carbon-trust/,2083,/capstor/scratch/cscs/fffoivos/runs/05_token_distillation_cpt/hplt_cleaning/05_hplt_cleaning_inventory_resume_20260605T165145Z/experiments/review_bundle_20260605T165151Z/docs/9df21359744b24b4.txt,,[],,,,[],
rq_0390_46e9ee2060,hplt::9_2.jsonl.zst::75986dfb0d8618fa5bf39865ac7d5c38,"[""precision_E006""]","[""candidate_error_E006""]","[""E006"", ""E007"", ""E017""]",quarantine,0.6169642857142857,9,www.sidirokastro.org,https://www.sidirokastro.org/2024/10/wenlock-1850.html,4828,/capstor/scratch/cscs/fffoivos/runs/05_token_distillation_cpt/hplt_cleaning/05_hplt_cleaning_inventory_resume_20260605T165145Z/experiments/review_bundle_20260605T165151Z/docs/46e9ee2060dd4b75.txt,,[],,,,[],
rq_0391_4686294e74,hplt::9_2.jsonl.zst::7c5721b910bc25904efaf02332eda2f4,"[""precision_E009""]","[""candidate_error_E009""]","[""E004"", ""E009"", ""E010"", ""E017"", ""E019""]",quarantine,0.24105676544091395,9,www.taxheaven.gr,http://www.taxheaven.gr/acforum/index.php?showtopic=49341&k=880ea6a14ea49e853634fbdc5015a024&setlanguage=1&cal_id=&langid=5,28010,/capstor/scratch/cscs/fffoivos/runs/05_token_distillation_cpt/hplt_cleaning/05_hplt_cleaning_inventory_resume_20260605T165145Z/experiments/review_bundle_20260605T165151Z/docs/4686294e7413ac71.txt,,[],,,,[],
rq_0392_a68140cc4d,hplt::9_2.jsonl.zst::82e7c5a4089b09b25fd5da0177f45bb1,"[""false_negative_control""]","[""global_random_no_candidate_error""]",[],keep,0.2396892916589606,9,greecefarmakeia.life,http://greecefarmakeia.life/ostenan.html,5407,/capstor/scratch/cscs/fffoivos/runs/05_token_distillation_cpt/hplt_cleaning/05_hplt_cleaning_inventory_resume_20260605T165145Z/experiments/review_bundle_20260605T165151Z/docs/a68140cc4d7632d8.txt,,[],,,,[],
rq_0393_d3f88cd37f,hplt::9_2.jsonl.zst::8581992a11e8ccb86947620e56314fed,"[""precision_E011""]","[""candidate_error_E011""]","[""E010"", ""E011"", ""E017""]",quarantine,0.3671052083333333,9,aspe.gr,https://aspe.gr/information/62-%CE%B8%CE%AD%CE%BC%CE%B1%CF%84%CE%B1-%CE%B5%CE%BA%CF%80%CE%B1%CE%B9%CE%B4%CE%B5%CF%85%CF%84%CE%B9%CE%BA%CF%8E%CE%BD-%CF%80%CE%BF%CE%BB%CF%85%CF%84%CE%AD%CE%BA%CE%BD%CF%89%CE%BD/2377-%CF%84%CE%BF-%CF%83%CF%87%CE%AD%CE%B4%CE%B9%CE%BF-%CF%80-%CE%B4-%CE%B3%CE%B9%CE%B1-%CF%85%CF%80%CE%B5%CF%81%CE%AC%CF%81-%CE%B5%CE%BA%CF%80-%CE%B7-%CE%B1%CF%83%CF%80%CE%B5-%CE%B6%CE%B7%CF%84%CE%AC%CE%B5%CE%B9-%CF%83%CF%85%CE%BD%CE%AC%CE%BD%CF%84%CE%B7%CF%83%CE%B7-%CE%B1%CF%80%CF%8C-%CF%85%CF%86-%CF%80%CE%B1%CE%B9%CE%B4%CE%B5%CE%AF%CE%B1%CF%82-%CE%BF%CE%B4%CE%B7%CE%B3%CE%AF%CE%B5%CF%82-%CF%85%CF%80-%CE%B1%CE%BB%CE%AF%CE%BC%CE%BF%CE%BD%CE%BF-%CF%83%CF%84%CE%BF%CF%85%CF%82-%CF%80%CE%BF%CE%BB,9807,/capstor/scratch/cscs/fffoivos/runs/05_token_distillation_cpt/hplt_cleaning/05_hplt_cleaning_inventory_resume_20260605T165145Z/experiments/review_bundle_20260605T165151Z/docs/d3f88cd37f114536.txt,,[],,,,[],
rq_0394_9c54fb725d,hplt::9_2.jsonl.zst::8a8943f5bb479a541652feb1d2255c50,"[""precision_E006""]","[""candidate_error_E006""]","[""E006"", ""E007"", ""E017""]",quarantine,0.6937482978413945,9,dialexte.gr,http://dialexte.gr/furniture/-/popular,23021,/capstor/scratch/cscs/fffoivos/runs/05_token_distillation_cpt/hplt_cleaning/05_hplt_cleaning_inventory_resume_20260605T165145Z/experiments/review_bundle_20260605T165151Z/docs/9c54fb725d981d7b.txt,,[],,,,[],
rq_0395_09c3c99062,hplt::9_2.jsonl.zst::9556cef75080d2f347af04cecbb0d373,"[""precision_E017""]","[""candidate_error_E017""]","[""E015"", ""E017""]",quarantine,1.0,9,www.jugend-vor-ort.net,http://www.jugend-vor-ort.net/artikel.php?nummer=71,16856,/capstor/scratch/cscs/fffoivos/runs/05_token_distillation_cpt/hplt_cleaning/05_hplt_cleaning_inventory_resume_20260605T165145Z/experiments/review_bundle_20260605T165151Z/docs/09c3c9906278798c.txt,,[],,,,[],
rq_0396_d2a1184f25,hplt::9_2.jsonl.zst::9de884a03cfe55f7837e1e37c095beab,"[""destructive_action_review""]","[""candidate_action_trim_span""]","[""E006"", ""E007""]",trim_span,0.6259090909090909,9,andros-guide.gr,https://andros-guide.gr/item/studios-villa-lontorfou/,2645,/capstor/scratch/cscs/fffoivos/runs/05_token_distillation_cpt/hplt_cleaning/05_hplt_cleaning_inventory_resume_20260605T165145Z/experiments/review_bundle_20260605T165151Z/docs/d2a1184f25c0092b.txt,,[],,,,[],
rq_0397_217522912e,hplt::9_2.jsonl.zst::a209ff4ac434e3e234e032d28d6da6e3,"[""precision_E008""]","[""candidate_error_E008""]","[""E006"", ""E007"", ""E008"", ""E017""]",quarantine,0.6450130454034386,9,newageastrologymagazine.com,https://newageastrologymagazine.com/2021/12/28/%CE%B7-%CE%B5%CE%BE%CE%B5%CE%BB%CE%B9%CE%BE%CE%B7-%CF%84%CE%B7%CF%83-%CF%83%CF%85%CE%BD%CE%B5%CE%B9%CE%B4%CE%B7%CF%83%CE%B7%CF%83-%CE%BA%CE%B1%CF%84%CE%B1-%CF%84%CE%B7%CE%BD-%CE%B5%CE%BE%CE%B5%CE%BB/,10311,/capstor/scratch/cscs/fffoivos/runs/05_token_distillation_cpt/hplt_cleaning/05_hplt_cleaning_inventory_resume_20260605T165145Z/experiments/review_bundle_20260605T165151Z/docs/217522912e96555e.txt,,[],,,,[],
rq_0398_3c850552c6,hplt::9_2.jsonl.zst::a8b47a8021ee552034c2609beac1e105,"[""destructive_action_review"", ""precision_E014"", ""precision_E017""]","[""candidate_action_drop_doc"", ""candidate_error_E014"", ""candidate_error_E017""]","[""E004"", ""E014"", ""E017""]",drop_doc,1.0,9,docplayer.gr,http://docplayer.gr/9341809-A-q-s-advanced-quality-services-ltd-ymvoyloi-epiheirieon.html,33780,/capstor/scratch/cscs/fffoivos/runs/05_token_distillation_cpt/hplt_cleaning/05_hplt_cleaning_inventory_resume_20260605T165145Z/experiments/review_bundle_20260605T165151Z/docs/3c850552c692eab0.txt,,[],,,,[],
rq_0399_facbddae6b,hplt::9_2.jsonl.zst::a96fef3c06776dd2d781eb1fe73becf2,"[""precision_E012""]","[""candidate_error_E012""]","[""E009"", ""E010"", ""E011"", ""E012""]",quarantine,0.55295625,9,istologio.org,http://istologio.org/?m=201512,15946,/capstor/scratch/cscs/fffoivos/runs/05_token_distillation_cpt/hplt_cleaning/05_hplt_cleaning_inventory_resume_20260605T165145Z/experiments/review_bundle_20260605T165151Z/docs/facbddae6bad9d1d.txt,,[],,,,[],
rq_0400_8959157c45,hplt::9_2.jsonl.zst::abb15180a204a0c57b1e396fdf0dd4d3,"[""borderline_false_negative_probe""]","[""borderline_no_candidate_error""]",[],keep,0.275,9,www.plussizexxxl.com,https://www.plussizexxxl.com/l/to-karo-to-poykamiso/,4429,/capstor/scratch/cscs/fffoivos/runs/05_token_distillation_cpt/hplt_cleaning/05_hplt_cleaning_inventory_resume_20260605T165145Z/experiments/review_bundle_20260605T165151Z/docs/8959157c45a849f2.txt,,[],,,,[],
rq_0401_ddcfbad50b,hplt::9_2.jsonl.zst::bcd854fcbfc894301f248a130f9c9bfd,"[""precision_E005""]","[""candidate_error_E005""]","[""E004"", ""E005"", ""E010"", ""E017""]",quarantine,0.3663397841997165,9,roides.wordpress.com,https://roides.wordpress.com/2016/07/29/29jul16/,34569,/capstor/scratch/cscs/fffoivos/runs/05_token_distillation_cpt/hplt_cleaning/05_hplt_cleaning_inventory_resume_20260605T165145Z/experiments/review_bundle_20260605T165151Z/docs/ddcfbad50b2f6f1d.txt,,[],,,,[],
rq_0402_8cc19314ea,hplt::9_2.jsonl.zst::c40ce81bcd4327b0bd4875a3cf1c64e2,"[""precision_E017""]","[""candidate_error_E017""]","[""E007"", ""E017"", ""E019""]",quarantine,0.22732758620689658,9,gre.macspots.com,https://gre.macspots.com/how-fix-wi-fi-authentication-problems-android,9635,/capstor/scratch/cscs/fffoivos/runs/05_token_distillation_cpt/hplt_cleaning/05_hplt_cleaning_inventory_resume_20260605T165145Z/experiments/review_bundle_20260605T165151Z/docs/8cc19314ea3a15c6.txt,,[],,,,[],
rq_0403_4e4485eb44,hplt::9_2.jsonl.zst::c4cc167f6e2aaae607ed82e79715b7cc,"[""false_negative_control""]","[""global_random_no_candidate_error""]",[],keep,0.23759398496240602,9,www.newsbomb.gr,http://www.newsbomb.gr/politikh/news/story/811802/prokopis-paylopoylos-gia-to-xamogelo-toy-paidioy-exete-tin-ameristi-symparastasi-mas,2660,/capstor/scratch/cscs/fffoivos/runs/05_token_distillation_cpt/hplt_cleaning/05_hplt_cleaning_inventory_resume_20260605T165145Z/experiments/review_bundle_20260605T165151Z/docs/4e4485eb440e0810.txt,,[],,,,[],
rq_0404_e58b7e7158,hplt::9_2.jsonl.zst::c7ccfeb9dd56fcb176afd07333a8fe50,"[""false_negative_control""]","[""global_random_no_candidate_error""]",[],keep,0.22270552414093084,9,www.mobilenews.gr,https://www.mobilenews.gr/tainies-seires-kai-polles-ekplikseis-f/,4598,/capstor/scratch/cscs/fffoivos/runs/05_token_distillation_cpt/hplt_cleaning/05_hplt_cleaning_inventory_resume_20260605T165145Z/experiments/review_bundle_20260605T165151Z/docs/e58b7e7158d07216.txt,,[],,,,[],
rq_0405_7e7eaaea3d,hplt::9_2.jsonl.zst::c7fdb68589db237a99eed0c9cfdcef39,"[""destructive_action_review""]","[""candidate_action_drop_doc""]","[""E014"", ""E017""]",drop_doc,1.0,9,docplayer.gr,http://docplayer.gr/3920719-Gioikisi-olikis-poiotitas-stis-vivliothikds-ta-dmpogia-ta-ofdli-to-kostos-tis-poiotitas.html,40707,/capstor/scratch/cscs/fffoivos/runs/05_token_distillation_cpt/hplt_cleaning/05_hplt_cleaning_inventory_resume_20260605T165145Z/experiments/review_bundle_20260605T165151Z/docs/7e7eaaea3d09970b.txt,,[],,,,[],
rq_0406_61e2420081,hplt::9_2.jsonl.zst::e13258bafa64afcde25608c0879524fd,"[""borderline_false_negative_probe""]","[""borderline_no_candidate_error""]",[],keep,0.27166666666666667,9,critici.gr,http://critici.gr/readPage.php?text_id=644,4383,/capstor/scratch/cscs/fffoivos/runs/05_token_distillation_cpt/hplt_cleaning/05_hplt_cleaning_inventory_resume_20260605T165145Z/experiments/review_bundle_20260605T165151Z/docs/61e2420081594fc8.txt,,[],,,,[],
rq_0407_bc6c4a13be,hplt::9_2.jsonl.zst::e1d08add0f025b11d6bbd8fce8103a82,"[""false_negative_control""]","[""global_random_no_candidate_error""]",[],keep,0.14432989690721648,9,inpaok.com,https://inpaok.com/146177/%CE%B5%CF%87%CE%B5%CE%B9-%CE%B1%CE%B3%CF%8E%CE%BD%CE%B1-%CF%83%CE%AE%CE%BC%CE%B5%CF%81%CE%B1/,2716,/capstor/scratch/cscs/fffoivos/runs/05_token_distillation_cpt/hplt_cleaning/05_hplt_cleaning_inventory_resume_20260605T165145Z/experiments/review_bundle_20260605T165151Z/docs/bc6c4a13be197c6a.txt,,[],,,,[],
rq_0408_424c340d20,hplt::9_2.jsonl.zst::f33abbddcc5f3a1fce975ca5c22b9776,"[""false_negative_control""]","[""global_random_no_candidate_error""]",[],keep,0.14137214137214138,9,www.emmeles.gr,https://www.emmeles.gr/2013/02/19/990/,962,/capstor/scratch/cscs/fffoivos/runs/05_token_distillation_cpt/hplt_cleaning/05_hplt_cleaning_inventory_resume_20260605T165145Z/experiments/review_bundle_20260605T165151Z/docs/424c340d2052830c.txt,,[],,,,[],
rq_0409_f55526cb37,hplt::9_2.jsonl.zst::f78bf975ae4edbdd0da3685097defb49,"[""precision_E003""]","[""candidate_error_E003""]","[""E003"", ""E010""]",quarantine,0.4444444444444444,9,www.sdna.gr,https://www.sdna.gr/podosfairo/653361_opapas-tis-statistikis,4420,/capstor/scratch/cscs/fffoivos/runs/05_token_distillation_cpt/hplt_cleaning/05_hplt_cleaning_inventory_resume_20260605T165145Z/experiments/review_bundle_20260605T165151Z/docs/f55526cb379764ba.txt,,[],,,,[],
rq_0410_6ba8ef75f7,hplt::9_2.jsonl.zst::f80a5700a90a45e080c82e60ed76216a,"[""precision_E015""]","[""candidate_error_E015""]","[""E004"", ""E010"", ""E015"", ""E017""]",quarantine,0.6331823965723267,9,game20.gr,http://game20.gr/tag/pokemon-lets-go/,5790,/capstor/scratch/cscs/fffoivos/runs/05_token_distillation_cpt/hplt_cleaning/05_hplt_cleaning_inventory_resume_20260605T165145Z/experiments/review_bundle_20260605T165151Z/docs/6ba8ef75f7343c14.txt,,[],,,,[],
