review_queue_id,source_doc_id,review_tasks,priority_reasons,candidate_error_type_ids,candidate_action,confidence,quality_bin,host,url,chars_before,doc_text_path,review_label,review_true_error_type_ids,review_correct_action,review_good_text_loss_risk,review_false_positive_reason,review_false_negative_error_ids,review_notes
rq_0001_ef7f4d1c98,hplt::10_1.jsonl.zst::2d1495a12d56f9a24d65e5dcf912d2da,"[""destructive_action_review"", ""precision_E014""]","[""candidate_action_drop_doc"", ""candidate_error_E014""]","[""E014""]",drop_doc,1.0,10,docplayer.gr,http://docplayer.gr/7803649-Plirofories-gia-daskaloys-koinonikofs-leitoyrgofs-kai-omades-nzon.html,23698,/capstor/scratch/cscs/fffoivos/runs/05_token_distillation_cpt/hplt_cleaning/05_hplt_cleaning_inventory_resume_20260605T165145Z/experiments/review_bundle_20260605T165151Z/docs/ef7f4d1c98a3e228.txt,,[],,,,[],
rq_0002_c122dcdb03,hplt::10_1.jsonl.zst::2f7ddce3e70619e1ce95c3fc7e11925e,"[""destructive_action_review"", ""precision_E014""]","[""candidate_action_drop_doc"", ""candidate_error_E014""]","[""E014""]",drop_doc,1.0,10,docplayer.gr,http://docplayer.gr/1898387-Dlos-a-d-south-east-europe-programme-see.html,39093,/capstor/scratch/cscs/fffoivos/runs/05_token_distillation_cpt/hplt_cleaning/05_hplt_cleaning_inventory_resume_20260605T165145Z/experiments/review_bundle_20260605T165151Z/docs/c122dcdb03f120f7.txt,,[],,,,[],
rq_0003_b0a7f4edf8,hplt::10_1.jsonl.zst::3a316fa180f7da0df1887da3d3836d42,"[""precision_E007""]","[""candidate_error_E007""]","[""E006"", ""E007"", ""E008"", ""E009""]",quarantine,0.5902765422145617,10,infood.gr,https://infood.gr/kokteil-espresso-martini/,66408,/capstor/scratch/cscs/fffoivos/runs/05_token_distillation_cpt/hplt_cleaning/05_hplt_cleaning_inventory_resume_20260605T165145Z/experiments/review_bundle_20260605T165151Z/docs/b0a7f4edf8970422.txt,,[],,,,[],
rq_0004_997c2c469f,hplt::10_1.jsonl.zst::5fbe0aa4febea49c2471e9b87bc807e7,"[""precision_E007""]","[""candidate_error_E007""]","[""E006"", ""E007"", ""E008"", ""E009""]",quarantine,0.5817906942540821,10,infood.gr,https://infood.gr/zymarika-aglio-e-olio-me-garides/,65552,/capstor/scratch/cscs/fffoivos/runs/05_token_distillation_cpt/hplt_cleaning/05_hplt_cleaning_inventory_resume_20260605T165145Z/experiments/review_bundle_20260605T165151Z/docs/997c2c469f3d61ba.txt,,[],,,,[],
rq_0005_b588183720,hplt::10_1.jsonl.zst::613c7e957f5ac3f0fd4db6edc4f6dc80,"[""precision_E003""]","[""candidate_error_E003""]","[""E003"", ""E015""]",quarantine,0.8564913772738009,10,docplayer.gr,http://docplayer.gr/5527116-Glossario-afirimeni-syntaxi-afirimeno-syntaktiko-dendro-asd-afirimenos-typos-prospelastiki-parapompi-haraktirismos-prospelasimotitas.html,23792,/capstor/scratch/cscs/fffoivos/runs/05_token_distillation_cpt/hplt_cleaning/05_hplt_cleaning_inventory_resume_20260605T165145Z/experiments/review_bundle_20260605T165151Z/docs/b5881837202997d1.txt,,[],,,,[],
rq_0006_645fbd97fc,hplt::10_1.jsonl.zst::653f39dd2b716f076b29eed540934d29,"[""destructive_action_review"", ""precision_E014""]","[""candidate_action_drop_doc"", ""candidate_error_E014""]","[""E014""]",drop_doc,1.0,10,docplayer.gr,http://docplayer.gr/2218008-Kopo-si-dkthdi-pdridhomdna.html,39906,/capstor/scratch/cscs/fffoivos/runs/05_token_distillation_cpt/hplt_cleaning/05_hplt_cleaning_inventory_resume_20260605T165145Z/experiments/review_bundle_20260605T165151Z/docs/645fbd97fc9666c4.txt,,[],,,,[],
rq_0007_d88846e578,hplt::10_1.jsonl.zst::9f039ac48a9cb085e9377fa80b992534,"[""destructive_action_review"", ""precision_E014""]","[""candidate_action_drop_doc"", ""candidate_error_E014""]","[""E014""]",drop_doc,1.0,10,docplayer.gr,http://docplayer.gr/42618513-Praini-vivlo-zreiitha-ke-iel-pnifieia-isl-gesxgithpsl-pxntflisl-pxfippa-pxntflisl-apaiiizeio-gia-ie-gesxgithi-paxagsgi-thai-zpziikaia-pnifieiao.html,29931,/capstor/scratch/cscs/fffoivos/runs/05_token_distillation_cpt/hplt_cleaning/05_hplt_cleaning_inventory_resume_20260605T165145Z/experiments/review_bundle_20260605T165151Z/docs/d88846e5788babe7.txt,,[],,,,[],
rq_0008_9d353edd06,hplt::10_1.jsonl.zst::a0154a81615109d29ca9cfd2e374be3f,"[""precision_E008""]","[""candidate_error_E008""]","[""E006"", ""E007"", ""E008"", ""E009""]",keep,0.45517857142857143,10,www.refurbishstore.gr,https://www.refurbishstore.gr/%CF%80%CE%BF%CE%BB%CE%B9%CF%84%CE%B9%CE%BA%CE%AE-%CE%B1%CF%80%CE%BF%CF%81%CF%81%CE%AE%CF%84%CE%BF%CF%85/,11538,/capstor/scratch/cscs/fffoivos/runs/05_token_distillation_cpt/hplt_cleaning/05_hplt_cleaning_inventory_resume_20260605T165145Z/experiments/review_bundle_20260605T165151Z/docs/9d353edd0673f186.txt,,[],,,,[],
rq_0009_475825d292,hplt::10_1.jsonl.zst::a26d6e31913286cf2dbe1647209cd457,"[""destructive_action_review""]","[""candidate_action_trim_span""]","[""E006"", ""E007"", ""E009""]",trim_span,0.60375,10,www.admin.uoc.gr,https://www.admin.uoc.gr/intrel/empeiries-erasmus-ekserxomenon-foititon?start=22,9758,/capstor/scratch/cscs/fffoivos/runs/05_token_distillation_cpt/hplt_cleaning/05_hplt_cleaning_inventory_resume_20260605T165145Z/experiments/review_bundle_20260605T165151Z/docs/475825d292b12ba8.txt,,[],,,,[],
rq_0010_8051ec2e42,hplt::10_1.jsonl.zst::b430ffebc5f180e23728801ab6f55017,"[""destructive_action_review"", ""precision_E014""]","[""candidate_action_drop_doc"", ""candidate_error_E014""]","[""E014""]",drop_doc,1.0,10,docplayer.gr,http://docplayer.gr/6059500-So-oikologiko-khnos-toy-soyrismof-stthn-ellada.html,47866,/capstor/scratch/cscs/fffoivos/runs/05_token_distillation_cpt/hplt_cleaning/05_hplt_cleaning_inventory_resume_20260605T165145Z/experiments/review_bundle_20260605T165151Z/docs/8051ec2e42dcd12a.txt,,[],,,,[],
rq_0011_9de5607062,hplt::10_1.jsonl.zst::c1bac7161e152506d277be71516f4873,"[""precision_E009""]","[""candidate_error_E009""]","[""E006"", ""E007"", ""E008"", ""E009""]",quarantine,0.5806186059897139,10,infood.gr,https://infood.gr/manouri-se-fyllo-kroustas-me-meli-kai-sousami/,69050,/capstor/scratch/cscs/fffoivos/runs/05_token_distillation_cpt/hplt_cleaning/05_hplt_cleaning_inventory_resume_20260605T165145Z/experiments/review_bundle_20260605T165151Z/docs/9de56070625f9434.txt,,[],,,,[],
rq_0012_74c48e7d58,hplt::10_1.jsonl.zst::e5356590f59434a546810a210b520bfa,"[""destructive_action_review"", ""precision_E014""]","[""candidate_action_drop_doc"", ""candidate_error_E014""]","[""E014""]",drop_doc,1.0,10,docplayer.gr,http://docplayer.gr/13486500-Kati-tis-proedryas-tis-dimokratyas-ton-athinon-kati-ton-kommiton-kati-voyleyton.html,43309,/capstor/scratch/cscs/fffoivos/runs/05_token_distillation_cpt/hplt_cleaning/05_hplt_cleaning_inventory_resume_20260605T165145Z/experiments/review_bundle_20260605T165151Z/docs/74c48e7d58c7ea74.txt,,[],,,,[],
rq_0013_a8b7b41db4,hplt::8_1.jsonl.zst::006af52e7a4dfb14d48e3130cc9c1863,"[""precision_E004"", ""precision_E008""]","[""candidate_error_E004"", ""candidate_error_E008""]","[""E004"", ""E006"", ""E007"", ""E008"", ""E009""]",quarantine,0.5264393492071395,8,www.welcomemarket.gr,http://www.welcomemarket.gr/wshop/index.php/2015-10-15-09-57-35,20081,/capstor/scratch/cscs/fffoivos/runs/05_token_distillation_cpt/hplt_cleaning/05_hplt_cleaning_inventory_resume_20260605T165145Z/experiments/review_bundle_20260605T165151Z/docs/a8b7b41db4f4b0f3.txt,,[],,,,[],
rq_0014_f51a9fd057,hplt::8_1.jsonl.zst::00bdd0b9f3d7410f3db9551939ddf7e6,"[""destructive_action_review"", ""precision_E014""]","[""candidate_action_drop_doc"", ""candidate_error_E014""]","[""E014""]",drop_doc,1.0,8,paperzz.com,https://paperzz.com/doc/5205157/%CE%B4%CE%B5%CE%BB%CF%84%CE%AF%CE%BF-%CF%84%CF%8D%CF%80%CE%BF%CF%85,3887,/capstor/scratch/cscs/fffoivos/runs/05_token_distillation_cpt/hplt_cleaning/05_hplt_cleaning_inventory_resume_20260605T165145Z/experiments/review_bundle_20260605T165151Z/docs/f51a9fd057bcbc0c.txt,,[],,,,[],
rq_0015_e912abfccb,hplt::8_1.jsonl.zst::0228095a0cc2f809c8224f050d33af95,"[""false_negative_control""]","[""global_random_no_candidate_error""]",[],keep,0.28926553672316385,8,www.naxos.gr,https://www.naxos.gr/%CF%84%CE%BF-cnn-%CE%B2%CF%81%CE%B1%CE%B6%CE%B9%CE%BB%CE%AF%CE%B1%CF%82-%CE%B1%CF%80%CE%BF%CE%B8%CE%B5%CF%8E%CE%BD%CE%B5%CE%B9-%CF%84%CE%B7-%CE%BD%CE%AC%CE%BE%CE%BF/,885,/capstor/scratch/cscs/fffoivos/runs/05_token_distillation_cpt/hplt_cleaning/05_hplt_cleaning_inventory_resume_20260605T165145Z/experiments/review_bundle_20260605T165151Z/docs/e912abfccb026eea.txt,,[],,,,[],
rq_0016_8bccdff2c5,hplt::8_1.jsonl.zst::03ba5c370ebdb15dd8dabcd8bf1b8939,"[""false_negative_control""]","[""global_random_no_candidate_error""]",[],keep,0.24083333333333334,8,alittlebitofteablog.wordpress.com,https://alittlebitofteablog.wordpress.com/2016/05/30/lipsticks-you-got-to-try-this-summer-asap/,3151,/capstor/scratch/cscs/fffoivos/runs/05_token_distillation_cpt/hplt_cleaning/05_hplt_cleaning_inventory_resume_20260605T165145Z/experiments/review_bundle_20260605T165151Z/docs/8bccdff2c5ded2ab.txt,,[],,,,[],
rq_0017_5999e0e861,hplt::8_1.jsonl.zst::07bbc4e3224daff6bcd1c00c6c529743,"[""destructive_action_review""]","[""candidate_action_drop_doc""]","[""E014""]",drop_doc,0.9925060306207847,8,underinformation.wordpress.com,https://underinformation.wordpress.com/2012/09/11/%CE%B3%CE%B9%CE%B1%CF%84%CE%AF-%CE%B5%CE%B3%CE%BA%CE%B1%CF%84%CE%B1%CE%BB%CE%B5%CE%AF%CF%80%CF%89-%CF%84%CE%B7%CE%BD-%CE%BF%CF%81%CE%B3%CE%AC%CE%BD%CF%89%CF%83%CE%B7-%CF%84%CF%89%CE%BD-%CE%BC/,27791,/capstor/scratch/cscs/fffoivos/runs/05_token_distillation_cpt/hplt_cleaning/05_hplt_cleaning_inventory_resume_20260605T165145Z/experiments/review_bundle_20260605T165151Z/docs/5999e0e86176426b.txt,,[],,,,[],
rq_0018_30445393fb,hplt::8_1.jsonl.zst::16073a4688a18d9f697b5ccdd026cf0e,"[""false_negative_control""]","[""global_random_no_candidate_error""]",[],keep,0.18306636155606407,8,www.infowoman.gr,https://www.infowoman.gr/i-senariografos-ton-agrion-melisson-egrapse-ena-mythistorima-epochis-pou-prepei-na-diavaseis/,1311,/capstor/scratch/cscs/fffoivos/runs/05_token_distillation_cpt/hplt_cleaning/05_hplt_cleaning_inventory_resume_20260605T165145Z/experiments/review_bundle_20260605T165151Z/docs/30445393fbb202ec.txt,,[],,,,[],
rq_0019_6207d36cdb,hplt::8_1.jsonl.zst::1707a4133786533a80459f0e85296f99,"[""precision_E015""]","[""candidate_error_E015""]","[""E015""]",quarantine,1.0,8,nomoi.info,https://nomoi.info/%CE%A6%CE%95%CE%9A-%CE%91-41-2002-%CF%83%CE%B5%CE%BB-1.html,4515,/capstor/scratch/cscs/fffoivos/runs/05_token_distillation_cpt/hplt_cleaning/05_hplt_cleaning_inventory_resume_20260605T165145Z/experiments/review_bundle_20260605T165151Z/docs/6207d36cdba8d032.txt,,[],,,,[],
rq_0020_65a39c2357,hplt::8_1.jsonl.zst::1938b4e3b374c03aaf6de2b0e1bce6f0,"[""destructive_action_review""]","[""candidate_action_trim_span""]","[""E006"", ""E007""]",trim_span,0.6151436781609195,8,www.skroutz.gr,https://www.skroutz.gr/s/174088/%CE%A1%CE%B5%CF%8C%CE%BD%CF%84%CF%89%CE%BD-%CE%AD%CE%BB%CE%B5%CE%B3%CF%87%CE%BF%CF%82.html,1726,/capstor/scratch/cscs/fffoivos/runs/05_token_distillation_cpt/hplt_cleaning/05_hplt_cleaning_inventory_resume_20260605T165145Z/experiments/review_bundle_20260605T165151Z/docs/65a39c2357b70b32.txt,,[],,,,[],
rq_0021_5e10a743f1,hplt::8_1.jsonl.zst::19902f8795ebc733d6a6db973704a2ed,"[""precision_E009""]","[""candidate_error_E009""]","[""E006"", ""E007"", ""E009""]",trim_span,0.7158333333333333,8,psterpnis.blogspot.com,http://psterpnis.blogspot.com/2014/04/facebook.html,3916,/capstor/scratch/cscs/fffoivos/runs/05_token_distillation_cpt/hplt_cleaning/05_hplt_cleaning_inventory_resume_20260605T165145Z/experiments/review_bundle_20260605T165151Z/docs/5e10a743f17c04d3.txt,,[],,,,[],
rq_0022_f624705470,hplt::8_1.jsonl.zst::1b7c88517138c9167ca7c8613b8a83f8,"[""precision_E011"", ""precision_E012""]","[""candidate_error_E011"", ""candidate_error_E012""]","[""E011"", ""E012""]",quarantine,0.557640625,8,averoph.wordpress.com,https://averoph.wordpress.com/tag/%ce%ac%ce%b3%ce%b9%ce%bf%cf%82-%ce%ba%ce%bf%cf%83%ce%bc%ce%ac%cf%82-%ce%bf-%ce%b1%ce%b9%cf%84%cf%89%ce%bb%cf%8c%cf%82/,17445,/capstor/scratch/cscs/fffoivos/runs/05_token_distillation_cpt/hplt_cleaning/05_hplt_cleaning_inventory_resume_20260605T165145Z/experiments/review_bundle_20260605T165151Z/docs/f6247054709062a0.txt,,[],,,,[],
rq_0023_78cc415c14,hplt::8_1.jsonl.zst::1c7df2f5b024b9bf31e5cc4b618c5d30,"[""borderline_false_negative_probe""]","[""borderline_no_candidate_error""]",[],keep,0.2388888888888889,8,www.onalert.gr,http://www.onalert.gr/stories/O_kGioynkerparembainei_kai_stis_ellhnikes_kalpesmilontas_gia_thn_epomenh_kybernhsh/12559,2880,/capstor/scratch/cscs/fffoivos/runs/05_token_distillation_cpt/hplt_cleaning/05_hplt_cleaning_inventory_resume_20260605T165145Z/experiments/review_bundle_20260605T165151Z/docs/78cc415c14c7a491.txt,,[],,,,[],
rq_0024_2c07210c14,hplt::8_1.jsonl.zst::1d305202684f965eb457fa375370386d,"[""precision_E003"", ""precision_E004""]","[""candidate_error_E003"", ""candidate_error_E004""]","[""E003"", ""E004""]",quarantine,0.5126984126984127,8,old.isotita.gr,http://old.isotita.gr/index.php/news/2657?theme=print,6529,/capstor/scratch/cscs/fffoivos/runs/05_token_distillation_cpt/hplt_cleaning/05_hplt_cleaning_inventory_resume_20260605T165145Z/experiments/review_bundle_20260605T165151Z/docs/2c07210c144862fd.txt,,[],,,,[],
rq_0025_b60a65e3a2,hplt::8_1.jsonl.zst::23841e8423ac0010fb8a13576aca1e3f,"[""precision_E005""]","[""candidate_error_E005""]","[""E005""]",keep,0.41159799433180727,8,roadspirit.wordpress.com,https://roadspirit.wordpress.com/2008/05/31/serresmay2008-highlights/,4587,/capstor/scratch/cscs/fffoivos/runs/05_token_distillation_cpt/hplt_cleaning/05_hplt_cleaning_inventory_resume_20260605T165145Z/experiments/review_bundle_20260605T165151Z/docs/b60a65e3a243c273.txt,,[],,,,[],
rq_0026_0056d36b4b,hplt::8_1.jsonl.zst::2590038359c0880505150fe7c3e981e0,"[""false_negative_control""]","[""global_random_no_candidate_error""]",[],keep,0.17152658662092624,8,www.mediamarkt.gr,http://www.mediamarkt.gr/el/product/_indesit-itwa-51052-w-eu-1153485.html,1166,/capstor/scratch/cscs/fffoivos/runs/05_token_distillation_cpt/hplt_cleaning/05_hplt_cleaning_inventory_resume_20260605T165145Z/experiments/review_bundle_20260605T165151Z/docs/0056d36b4b34eed7.txt,,[],,,,[],
rq_0027_ffdaa70425,hplt::8_1.jsonl.zst::26c34b2692486353fe7b2a5ad6199426,"[""borderline_false_negative_probe""]","[""borderline_no_candidate_error""]",[],keep,0.28094101602454824,8,greekmme.blogspot.com,http://greekmme.blogspot.com/2011_08_31_archive.html,2933,/capstor/scratch/cscs/fffoivos/runs/05_token_distillation_cpt/hplt_cleaning/05_hplt_cleaning_inventory_resume_20260605T165145Z/experiments/review_bundle_20260605T165151Z/docs/ffdaa7042589585f.txt,,[],,,,[],
rq_0028_6429541d58,hplt::8_1.jsonl.zst::29ea920483aec968b34baa085c743f60,"[""precision_E014"", ""precision_E015""]","[""candidate_error_E014"", ""candidate_error_E015""]","[""E014"", ""E015""]",quarantine,1.0,8,www.frontpages.gr,https://www.frontpages.gr/d/20200504/128/%CE%9F%CE%BB%CF%8D%CE%BC%CF%80%CE%B9%CE%BF-%CE%92%CE%AE%CE%BC%CE%B1,2595,/capstor/scratch/cscs/fffoivos/runs/05_token_distillation_cpt/hplt_cleaning/05_hplt_cleaning_inventory_resume_20260605T165145Z/experiments/review_bundle_20260605T165151Z/docs/6429541d587de2dc.txt,,[],,,,[],
rq_0029_37fe849a0b,hplt::8_1.jsonl.zst::2a00a5f77ae6d6b2c3a4bb9f9b3c4620,"[""precision_E006""]","[""candidate_error_E006""]","[""E006"", ""E007""]",quarantine,0.5899801587301587,8,adultforum.gr,https://adultforum.gr/netty-diamond-escort-on-tour-in-athens-9-20-of-march/,3591,/capstor/scratch/cscs/fffoivos/runs/05_token_distillation_cpt/hplt_cleaning/05_hplt_cleaning_inventory_resume_20260605T165145Z/experiments/review_bundle_20260605T165151Z/docs/37fe849a0b2676e9.txt,,[],,,,[],
rq_0030_6ee622c5bb,hplt::8_1.jsonl.zst::2a0b331bf7046b46cc4e70ab8810d3a8,"[""precision_E015""]","[""candidate_error_E015""]","[""E005"", ""E015""]",quarantine,1.0,8,www.dancelink.gr,https://www.dancelink.gr/latinparty/20,2577,/capstor/scratch/cscs/fffoivos/runs/05_token_distillation_cpt/hplt_cleaning/05_hplt_cleaning_inventory_resume_20260605T165145Z/experiments/review_bundle_20260605T165151Z/docs/6ee622c5bb69e211.txt,,[],,,,[],
rq_0031_4e46d8d6c3,hplt::8_1.jsonl.zst::2f197698ac1e8aeb8ad4ce8a1ed0b6a8,"[""precision_E011""]","[""candidate_error_E011""]","[""E006"", ""E009"", ""E011"", ""E012""]",quarantine,0.521284375,8,dorieas.com,http://dorieas.com/nweb/index.php?start=2331,5811,/capstor/scratch/cscs/fffoivos/runs/05_token_distillation_cpt/hplt_cleaning/05_hplt_cleaning_inventory_resume_20260605T165145Z/experiments/review_bundle_20260605T165151Z/docs/4e46d8d6c388159a.txt,,[],,,,[],
rq_0032_6a110bf89c,hplt::8_1.jsonl.zst::30dff1a99ed3029e09f14cb834ee4aff,"[""borderline_false_negative_probe""]","[""borderline_no_candidate_error""]",[],keep,0.26180836707152494,8,www.documentonews.gr,https://www.documentonews.gr/article/neos-polemos-gia-seferlh-drag-queen-enantion-toy-epeidh-tha-ypodythei-ton-thryliko-rolo-ths-divine-sto-hairspray/,2964,/capstor/scratch/cscs/fffoivos/runs/05_token_distillation_cpt/hplt_cleaning/05_hplt_cleaning_inventory_resume_20260605T165145Z/experiments/review_bundle_20260605T165151Z/docs/6a110bf89c1a378b.txt,,[],,,,[],
rq_0033_28d56c1e5f,hplt::8_1.jsonl.zst::34cb798529571f01de9b5c6aca17d810,"[""precision_E008""]","[""candidate_error_E008""]","[""E006"", ""E007"", ""E008""]",quarantine,0.5955260507882976,8,rci.gr,http://rci.gr/marousi/-/-/Shop365,30734,/capstor/scratch/cscs/fffoivos/runs/05_token_distillation_cpt/hplt_cleaning/05_hplt_cleaning_inventory_resume_20260605T165145Z/experiments/review_bundle_20260605T165151Z/docs/28d56c1e5ff4483c.txt,,[],,,,[],
rq_0034_447a44b00a,hplt::8_1.jsonl.zst::34f4c3984e0dae4d50d0e925ba3b8a0f,"[""false_negative_control""]","[""global_random_no_candidate_error""]",[],keep,0.11267605633802817,8,eamgr.wordpress.com,https://eamgr.wordpress.com/2012/11/28/%CF%80%CE%B9%CF%83%CF%89-%CE%B1%CF%80%CE%BF-%CF%84%CE%B7%CE%BD-%CE%B1%CF%80%CE%BF%CF%86%CE%B1%CF%83%CE%B7-%CF%84%CE%BF%CF%85-eyrogroup-%CE%B4%CE%B5%CE%BD-%CF%85%CF%80%CE%B1%CF%81%CF%87%CE%B5%CE%B9/,2769,/capstor/scratch/cscs/fffoivos/runs/05_token_distillation_cpt/hplt_cleaning/05_hplt_cleaning_inventory_resume_20260605T165145Z/experiments/review_bundle_20260605T165151Z/docs/447a44b00a36a131.txt,,[],,,,[],
rq_0035_7314653fb9,hplt::8_1.jsonl.zst::3504c28dac8473bdfb7eb439488f1a97,"[""precision_E015""]","[""candidate_error_E015""]","[""E015""]",quarantine,1.0,8,dias.library.tuc.gr,https://dias.library.tuc.gr/view/efrbr_meta/92905,3829,/capstor/scratch/cscs/fffoivos/runs/05_token_distillation_cpt/hplt_cleaning/05_hplt_cleaning_inventory_resume_20260605T165145Z/experiments/review_bundle_20260605T165151Z/docs/7314653fb90491c5.txt,,[],,,,[],
rq_0036_580d53f166,hplt::8_1.jsonl.zst::366198fa6e77b024c9379dc3f04bdc72,"[""borderline_false_negative_probe""]","[""borderline_no_candidate_error""]",[],keep,0.30812799452429845,8,4moms.gr,http://4moms.gr/2020-11-13/mikra-meditation-tips-gia-sena-poy-akoma-dyskoleyesai/,1969,/capstor/scratch/cscs/fffoivos/runs/05_token_distillation_cpt/hplt_cleaning/05_hplt_cleaning_inventory_resume_20260605T165145Z/experiments/review_bundle_20260605T165151Z/docs/580d53f1663a021a.txt,,[],,,,[],
rq_0037_b218c201dd,hplt::8_1.jsonl.zst::375a004427f5d57fa1a0099967d52349,"[""precision_E005""]","[""candidate_error_E005""]","[""E005""]",quarantine,0.5175202156334232,8,ylikonet.gr,https://ylikonet.gr/2013/04/02/%CE%B5%CE%BD%CE%AD%CF%81%CE%B3%CE%B5%CE%B9%CE%B1-%CE%B1%CF%84%CE%BF%CE%BC%CE%B9%CE%BA%CE%BF%CF%8D-%CF%84%CF%81%CE%BF%CF%87%CE%B9%CE%B1%CE%BA%CE%BF%CF%8D-%CE%B8%CE%B5%CE%BC%CE%B1-%CE%B5%CF%80%CE%B1/,742,/capstor/scratch/cscs/fffoivos/runs/05_token_distillation_cpt/hplt_cleaning/05_hplt_cleaning_inventory_resume_20260605T165145Z/experiments/review_bundle_20260605T165151Z/docs/b218c201dd6dbf36.txt,,[],,,,[],
rq_0038_c6c4d5c86a,hplt::8_1.jsonl.zst::376f41a131c21535058755fb66526648,"[""precision_E009""]","[""candidate_error_E009""]","[""E006"", ""E007"", ""E009""]",keep,0.4225980167941236,8,ergdhmerg.wordpress.com,https://ergdhmerg.wordpress.com/2011/12/18/oi-o%ce%bb%cf%85%ce%bc%cf%80%ce%b9%ce%b1%ce%ba%ce%bf%ce%af-%ce%b1%ce%b3%cf%8e%ce%bd%ce%b5%cf%82-%cf%84%ce%bf%cf%85-%ce%bb%ce%bf%ce%bd%ce%b4%ce%af%ce%bd%ce%bf%cf%85-%ce%bf-%cf%80%cf%81%ce%bf%ce%bc/,31634,/capstor/scratch/cscs/fffoivos/runs/05_token_distillation_cpt/hplt_cleaning/05_hplt_cleaning_inventory_resume_20260605T165145Z/experiments/review_bundle_20260605T165151Z/docs/c6c4d5c86a495de9.txt,,[],,,,[],
rq_0039_0f8a796ac4,hplt::8_1.jsonl.zst::37f3b19de24c8de63694f488338702a3,"[""precision_E015""]","[""candidate_error_E015""]","[""E015""]",quarantine,1.0,8,dias.library.tuc.gr,https://dias.library.tuc.gr/view/efrbr_meta/97800,4972,/capstor/scratch/cscs/fffoivos/runs/05_token_distillation_cpt/hplt_cleaning/05_hplt_cleaning_inventory_resume_20260605T165145Z/experiments/review_bundle_20260605T165151Z/docs/0f8a796ac44a562e.txt,,[],,,,[],
rq_0040_feb8e39fb0,hplt::8_1.jsonl.zst::38c200808c475f52942cddef6bc6f37f,"[""destructive_action_review""]","[""candidate_action_trim_span""]","[""E006"", ""E007"", ""E008"", ""E009""]",trim_span,0.609816384180791,8,www.patriotaki.net,http://www.patriotaki.net/μετανάστευση-στις-ηπα-99/γάμος-αμερικανιδας-με-ελληνα-7035/,5270,/capstor/scratch/cscs/fffoivos/runs/05_token_distillation_cpt/hplt_cleaning/05_hplt_cleaning_inventory_resume_20260605T165145Z/experiments/review_bundle_20260605T165151Z/docs/feb8e39fb0b0c7db.txt,,[],,,,[],
rq_0041_1fea4a81bc,hplt::8_1.jsonl.zst::39d6c4f6c07f076e2d6fc51c76133669,"[""precision_E005""]","[""candidate_error_E005""]","[""E005""]",keep,0.4183867291376472,8,smerdaleos.wordpress.com,https://smerdaleos.wordpress.com/tag/%CF%80%CE%B1%CE%BC%CF%86%CF%85%CE%BB%CE%AF%CE%B1/,7897,/capstor/scratch/cscs/fffoivos/runs/05_token_distillation_cpt/hplt_cleaning/05_hplt_cleaning_inventory_resume_20260605T165145Z/experiments/review_bundle_20260605T165151Z/docs/1fea4a81bc79272f.txt,,[],,,,[],
rq_0042_2dd99b7c6d,hplt::8_1.jsonl.zst::3bac2a56e83d3211b811f665507b4e0c,"[""precision_E011""]","[""candidate_error_E011""]","[""E006"", ""E007"", ""E009"", ""E011""]",quarantine,0.4612260416666667,8,anyfantis.blogspot.gr,http://anyfantis.blogspot.gr/search?updated-max=2008-06-03T21:26:00%2B03:00,13259,/capstor/scratch/cscs/fffoivos/runs/05_token_distillation_cpt/hplt_cleaning/05_hplt_cleaning_inventory_resume_20260605T165145Z/experiments/review_bundle_20260605T165151Z/docs/2dd99b7c6d4e8e96.txt,,[],,,,[],
rq_0043_3113903e94,hplt::8_1.jsonl.zst::3cc84556f02ca5c3d37b5c6921a9ee8a,"[""false_negative_control""]","[""global_random_no_candidate_error""]",[],keep,0.19512278308321962,8,starxeiamas.blogspot.com,http://starxeiamas.blogspot.com/2016/12/blog-post_95.html,1843,/capstor/scratch/cscs/fffoivos/runs/05_token_distillation_cpt/hplt_cleaning/05_hplt_cleaning_inventory_resume_20260605T165145Z/experiments/review_bundle_20260605T165151Z/docs/3113903e94866773.txt,,[],,,,[],
rq_0044_2b99b98eb4,hplt::8_1.jsonl.zst::40dd7d16c879fe2ab8ac9bc99719e406,"[""precision_E004""]","[""candidate_error_E004""]","[""E004""]",keep,0.4162807397308745,8,syfeed.com,https://syfeed.com/el-gr/news-details/oermometrhsh-kai-tsek-gia-symptwmata-se-dhmosioys-xwroys-den-einai-apotelesmatiko-metro-kata-toy-korwnoioy_35082088.html,13727,/capstor/scratch/cscs/fffoivos/runs/05_token_distillation_cpt/hplt_cleaning/05_hplt_cleaning_inventory_resume_20260605T165145Z/experiments/review_bundle_20260605T165151Z/docs/2b99b98eb4636b21.txt,,[],,,,[],
rq_0045_78fa21c716,hplt::8_1.jsonl.zst::41565ede1d6a980f40e90951e0d504c5,"[""precision_E011"", ""precision_E012""]","[""candidate_error_E011"", ""candidate_error_E012""]","[""E011"", ""E012""]",quarantine,0.5448885416666667,8,community.sff.gr,http://community.sff.gr/topic/1735-%CF%8C%CF%81%CE%B9%CE%BF-%CE%BA%CF%84/,37031,/capstor/scratch/cscs/fffoivos/runs/05_token_distillation_cpt/hplt_cleaning/05_hplt_cleaning_inventory_resume_20260605T165145Z/experiments/review_bundle_20260605T165151Z/docs/78fa21c7163ce4d9.txt,,[],,,,[],
rq_0046_e5fcdf7880,hplt::8_1.jsonl.zst::41d5aa194964fa01c0dc8c354f015f9d,"[""false_negative_control""]","[""global_random_no_candidate_error""]",[],keep,0.28936672967863897,8,suxnotita.gr,https://suxnotita.gr/premier-league-mono-me-pistopoiitiko-emvoliasmou-tha-bainei-kapoios-sto-gipedo/,1354,/capstor/scratch/cscs/fffoivos/runs/05_token_distillation_cpt/hplt_cleaning/05_hplt_cleaning_inventory_resume_20260605T165145Z/experiments/review_bundle_20260605T165151Z/docs/e5fcdf78803a87eb.txt,,[],,,,[],
rq_0047_d55bf0f7c2,hplt::8_1.jsonl.zst::46bc6e5789b573180454c81f422b0c9f,"[""false_negative_control""]","[""global_random_no_candidate_error""]",[],keep,0.08771929824561403,8,www.cosmosnews.com.cy,https://www.cosmosnews.com.cy/%CF%80%CE%B5%CF%84%CE%BF%CF%8D%CE%BD-%CF%83%CF%84%CE%BF%CE%BD-%CE%B4%CF%81%CF%8C%CE%BC%CE%BF-87%CF%87%CF%81%CE%BF%CE%BD%CE%B7-%CE%B8%CF%8D%CE%BC%CE%B1-%CE%B1%CF%80%CE%AC%CF%84%CE%B7%CF%82-%CE%B1%CF%80/,912,/capstor/scratch/cscs/fffoivos/runs/05_token_distillation_cpt/hplt_cleaning/05_hplt_cleaning_inventory_resume_20260605T165145Z/experiments/review_bundle_20260605T165151Z/docs/d55bf0f7c2ad12e8.txt,,[],,,,[],
rq_0048_bb833ec649,hplt::8_1.jsonl.zst::4aff21a3ac95950d322d1e7b1316508d,"[""false_negative_control""]","[""global_random_no_candidate_error""]",[],keep,0.3302412280701754,8,www.savoirville.gr,https://www.savoirville.gr/auta-einai-ta-pio-aneta-papoutsia-symfwna-me-tous-eidikous/,2589,/capstor/scratch/cscs/fffoivos/runs/05_token_distillation_cpt/hplt_cleaning/05_hplt_cleaning_inventory_resume_20260605T165145Z/experiments/review_bundle_20260605T165151Z/docs/bb833ec649568920.txt,,[],,,,[],
rq_0049_7dc40eeef3,hplt::8_1.jsonl.zst::4b3141774640d2dd6aa077343b1c8a25,"[""precision_E008""]","[""candidate_error_E008""]","[""E006"", ""E007"", ""E008"", ""E015""]",quarantine,0.626687331536388,8,www.pokemon.com.gr,http://www.pokemon.com.gr/wordpress/?p=1344,879,/capstor/scratch/cscs/fffoivos/runs/05_token_distillation_cpt/hplt_cleaning/05_hplt_cleaning_inventory_resume_20260605T165145Z/experiments/review_bundle_20260605T165151Z/docs/7dc40eeef3b95748.txt,,[],,,,[],
rq_0050_fc0e45956c,hplt::8_1.jsonl.zst::4f1f41bea7eaced22ac1565b5b6930ce,"[""borderline_false_negative_probe""]","[""borderline_no_candidate_error""]",[],keep,0.32952853598014886,8,redlineagrinio.gr,https://redlineagrinio.gr/greece/opinion/139874-eleuthera-panepistimia,2015,/capstor/scratch/cscs/fffoivos/runs/05_token_distillation_cpt/hplt_cleaning/05_hplt_cleaning_inventory_resume_20260605T165145Z/experiments/review_bundle_20260605T165151Z/docs/fc0e45956cf3bddb.txt,,[],,,,[],
rq_0051_a7422b9d6f,hplt::8_1.jsonl.zst::4f2b60ea4cff1cd7b0827451137bfc82,"[""false_negative_control""]","[""global_random_no_candidate_error""]",[],keep,0.215633423180593,8,www.kalliergo.gr,https://www.kalliergo.gr/2/%CF%80%CE%BF%CE%BB%CE%BB%CE%B1%CF%80%CE%BB%CE%B1%CF%83%CE%B9%CE%B1%CF%83%CE%BC%CE%BF%CF%83/,1113,/capstor/scratch/cscs/fffoivos/runs/05_token_distillation_cpt/hplt_cleaning/05_hplt_cleaning_inventory_resume_20260605T165145Z/experiments/review_bundle_20260605T165151Z/docs/a7422b9d6f4dc6df.txt,,[],,,,[],
rq_0052_e1e1dfb568,hplt::8_1.jsonl.zst::530781bdead0f36e586733123e9eb86d,"[""precision_E013"", ""precision_E018""]","[""candidate_error_E013"", ""candidate_error_E018""]","[""E013"", ""E018""]",quarantine,0.4666666666666666,8,www.freepen.gr,https://www.freepen.gr/2020/02/sertao_18.html,8477,/capstor/scratch/cscs/fffoivos/runs/05_token_distillation_cpt/hplt_cleaning/05_hplt_cleaning_inventory_resume_20260605T165145Z/experiments/review_bundle_20260605T165151Z/docs/e1e1dfb568ef5f49.txt,,[],,,,[],
rq_0053_91b8f203ab,hplt::8_1.jsonl.zst::58a7b3cf26c97f07fb77ddabcfcb5e75,"[""destructive_action_review""]","[""candidate_action_trim_span""]","[""E006"", ""E007"", ""E009""]",trim_span,0.6133333333333333,8,www.unpolitical.gr,http://www.unpolitical.gr/2017/01/blog-post_532.html,5858,/capstor/scratch/cscs/fffoivos/runs/05_token_distillation_cpt/hplt_cleaning/05_hplt_cleaning_inventory_resume_20260605T165145Z/experiments/review_bundle_20260605T165151Z/docs/91b8f203abadc14d.txt,,[],,,,[],
rq_0054_fa2b105dc2,hplt::8_1.jsonl.zst::5904551e002a5cb6ec5cfddea8a05309,"[""borderline_false_negative_probe""]","[""borderline_no_candidate_error""]",[],keep,0.2578441835645678,8,www.tothemaonline.com,https://www.tothemaonline.com/Article/384781/daskalakhs-kata-pispirigkoy-syndew-toys-thanatoys-twn-paidiwn-mas-me-toys-hwrismoys-%E2%80%93-emmonikh-h-zhlia-ths,4685,/capstor/scratch/cscs/fffoivos/runs/05_token_distillation_cpt/hplt_cleaning/05_hplt_cleaning_inventory_resume_20260605T165145Z/experiments/review_bundle_20260605T165151Z/docs/fa2b105dc21f9f69.txt,,[],,,,[],
rq_0055_e297595270,hplt::8_1.jsonl.zst::5aa92de14cb343cf2fd023782f041561,"[""borderline_false_negative_probe""]","[""borderline_no_candidate_error""]",[],keep,0.2772727272727273,8,freesunday.gr,http://freesunday.gr/life/taste-files/cook-files/item/16808-ta-glyka-apomeinaria-christoygennwn-kai-prwtochronias,2440,/capstor/scratch/cscs/fffoivos/runs/05_token_distillation_cpt/hplt_cleaning/05_hplt_cleaning_inventory_resume_20260605T165145Z/experiments/review_bundle_20260605T165151Z/docs/e297595270239929.txt,,[],,,,[],
rq_0056_6f34333a9e,hplt::8_1.jsonl.zst::5d9412f45dc79a5424c4d4ed3f372fa2,"[""borderline_false_negative_probe""]","[""borderline_no_candidate_error""]",[],keep,0.25694066412629285,8,mikrofwno.gr,https://mikrofwno.gr/2015/03/o-billie-joe-armstrong-anigi-to-diko-tou-katastima-me-mousika-organa/,1837,/capstor/scratch/cscs/fffoivos/runs/05_token_distillation_cpt/hplt_cleaning/05_hplt_cleaning_inventory_resume_20260605T165145Z/experiments/review_bundle_20260605T165151Z/docs/6f34333a9e62e0d4.txt,,[],,,,[],
rq_0057_1e40f4a388,hplt::8_1.jsonl.zst::5d99cc0016bae3bbc5079644b5bf752e,"[""borderline_false_negative_probe""]","[""borderline_no_candidate_error""]",[],keep,0.23334864492420762,8,www.thepaper.gr,https://www.thepaper.gr/tag/drones/,4354,/capstor/scratch/cscs/fffoivos/runs/05_token_distillation_cpt/hplt_cleaning/05_hplt_cleaning_inventory_resume_20260605T165145Z/experiments/review_bundle_20260605T165151Z/docs/1e40f4a388eb3354.txt,,[],,,,[],
rq_0058_17ad96d483,hplt::8_1.jsonl.zst::62a067c7e30aa0a4bba774db3648d552,"[""precision_E005""]","[""candidate_error_E005""]","[""E005""]",quarantine,0.7930763178599528,8,anekdota.duckdns.org,http://anekdota.duckdns.org/2015/0571.html,1271,/capstor/scratch/cscs/fffoivos/runs/05_token_distillation_cpt/hplt_cleaning/05_hplt_cleaning_inventory_resume_20260605T165145Z/experiments/review_bundle_20260605T165151Z/docs/17ad96d48372cf1d.txt,,[],,,,[],
rq_0059_5960b71c01,hplt::8_1.jsonl.zst::67033bf95448db132f9e72d2aa877e98,"[""destructive_action_review"", ""precision_E009""]","[""candidate_action_trim_span"", ""candidate_error_E009""]","[""E006"", ""E007"", ""E009""]",trim_span,0.6817911255411255,8,www.foulscode.com,https://www.foulscode.com/2015/12/z.html,4928,/capstor/scratch/cscs/fffoivos/runs/05_token_distillation_cpt/hplt_cleaning/05_hplt_cleaning_inventory_resume_20260605T165145Z/experiments/review_bundle_20260605T165151Z/docs/5960b71c01bd7c6c.txt,,[],,,,[],
rq_0060_3d0ac6683f,hplt::8_1.jsonl.zst::6746d0e1078425a0867d9fd5a040519b,"[""precision_E003"", ""precision_E004""]","[""candidate_error_E003"", ""candidate_error_E004""]","[""E003"", ""E004""]",keep,0.4239904878655766,8,insidestory.gr,https://insidestory.gr/article/predatorgate-ti-egrafan-ta-sms-pagida-poy-elavan-epiheirimaties-ypoyrgoi-kai-dimosiografoi?token=TjUyGSWHHz,30998,/capstor/scratch/cscs/fffoivos/runs/05_token_distillation_cpt/hplt_cleaning/05_hplt_cleaning_inventory_resume_20260605T165145Z/experiments/review_bundle_20260605T165151Z/docs/3d0ac6683f3d02b3.txt,,[],,,,[],
rq_0061_81619a37b4,hplt::8_1.jsonl.zst::69ddc6917dcef482df8bb2bbc1bc2cdf,"[""precision_E014""]","[""candidate_error_E014""]","[""E014""]",quarantine,0.7969792865362486,8,www.frontpages.gr,https://www.frontpages.gr/d/20180719/104/%CE%91%CE%BD%CE%B5%CE%BE%CE%AC%CF%81%CF%84%CE%B7%CF%84%CE%BF%CF%82,1185,/capstor/scratch/cscs/fffoivos/runs/05_token_distillation_cpt/hplt_cleaning/05_hplt_cleaning_inventory_resume_20260605T165145Z/experiments/review_bundle_20260605T165151Z/docs/81619a37b40313c4.txt,,[],,,,[],
rq_0062_568df65671,hplt::8_1.jsonl.zst::7156977fa149b27df810244c4c8b9ffb,"[""false_negative_control""]","[""global_random_no_candidate_error""]",[],keep,0.21374045801526717,8,www.protoporia.gr,https://www.protoporia.gr/delta-phneloph-ton-kairo-toy-boylgaroktonoy-9789605032029.html,786,/capstor/scratch/cscs/fffoivos/runs/05_token_distillation_cpt/hplt_cleaning/05_hplt_cleaning_inventory_resume_20260605T165145Z/experiments/review_bundle_20260605T165151Z/docs/568df6567105d99b.txt,,[],,,,[],
rq_0063_1988fb7168,hplt::8_1.jsonl.zst::74a5785a82ce271e13ce465c86ff5f47,"[""false_negative_control""]","[""global_random_no_candidate_error""]",[],keep,0.26666666666666666,8,iphoneislam.com,https://iphoneislam.com/el/2021/12/although-apps-are-refused-tracking-they-are-already-being-tracked-by-facebook-and-snapchat/100817,4715,/capstor/scratch/cscs/fffoivos/runs/05_token_distillation_cpt/hplt_cleaning/05_hplt_cleaning_inventory_resume_20260605T165145Z/experiments/review_bundle_20260605T165151Z/docs/1988fb71689b8a09.txt,,[],,,,[],
rq_0064_d59e42778c,hplt::8_1.jsonl.zst::77a19420a04a315312bcca5f033f23c5,"[""destructive_action_review""]","[""candidate_action_trim_span""]","[""E006"", ""E007""]",trim_span,0.6688052757838827,8,o-o.gr,http://o-o.gr/panteloni/Plus4u,25960,/capstor/scratch/cscs/fffoivos/runs/05_token_distillation_cpt/hplt_cleaning/05_hplt_cleaning_inventory_resume_20260605T165145Z/experiments/review_bundle_20260605T165151Z/docs/d59e42778c6ebd3b.txt,,[],,,,[],
rq_0065_2cd2c68b98,hplt::8_1.jsonl.zst::7887cc06f2ed30fd0f96644b12ceca59,"[""precision_E003""]","[""candidate_error_E003""]","[""E003""]",quarantine,0.5,8,www.hellenicvoice.gr,https://www.hellenicvoice.gr/kolossos-rodou-olybiakos-o-venzekof-to-pire-monos-tou/,2899,/capstor/scratch/cscs/fffoivos/runs/05_token_distillation_cpt/hplt_cleaning/05_hplt_cleaning_inventory_resume_20260605T165145Z/experiments/review_bundle_20260605T165151Z/docs/2cd2c68b987b24cf.txt,,[],,,,[],
rq_0066_14e4bf3cb8,hplt::8_1.jsonl.zst::7f35adf0da32b2a35dce9c578ae175ee,"[""precision_E005""]","[""candidate_error_E005""]","[""E005""]",keep,0.4243863816310372,8,dou.gr,http://dou.gr/article.php?a=8962277,3789,/capstor/scratch/cscs/fffoivos/runs/05_token_distillation_cpt/hplt_cleaning/05_hplt_cleaning_inventory_resume_20260605T165145Z/experiments/review_bundle_20260605T165151Z/docs/14e4bf3cb8849460.txt,,[],,,,[],
rq_0067_325bf5a84f,hplt::8_1.jsonl.zst::813308ed8cf73ff96b40423ad4c83955,"[""false_negative_control""]","[""global_random_no_candidate_error""]",[],keep,0.20412595005428882,8,www.kirkinews.gr,https://www.kirkinews.gr/athlitismos-politismos/sto-pantheon-ton-megalon-evergeton-i-oikogeneia-martinou/,1842,/capstor/scratch/cscs/fffoivos/runs/05_token_distillation_cpt/hplt_cleaning/05_hplt_cleaning_inventory_resume_20260605T165145Z/experiments/review_bundle_20260605T165151Z/docs/325bf5a84f1a2744.txt,,[],,,,[],
rq_0068_6fa88fca57,hplt::8_1.jsonl.zst::83051c545da637f8630ded27c055bc95,"[""borderline_false_negative_probe""]","[""borderline_no_candidate_error""]",[],keep,0.2986666666666667,8,mysalonika.gr,https://mysalonika.gr/epitrepontes-tou-menadrou-2i-parastasi-tis-giortis-theatrou-politismou-merkoureia-sto-anoikto-theatro-sukeon-manos-katrakis-apo-dipethe-ioanninon/,1500,/capstor/scratch/cscs/fffoivos/runs/05_token_distillation_cpt/hplt_cleaning/05_hplt_cleaning_inventory_resume_20260605T165145Z/experiments/review_bundle_20260605T165151Z/docs/6fa88fca57653e64.txt,,[],,,,[],
rq_0069_4967fe44dd,hplt::8_1.jsonl.zst::8315fecc78b7cf6b7ae4728539425ccc,"[""borderline_false_negative_probe""]","[""borderline_no_candidate_error""]",[],keep,0.2513089005235602,8,www.patriarchateofalexandria.com,https://www.patriarchateofalexandria.com/i-athm-sta-iroika-sfakia-tis-kritis/,2865,/capstor/scratch/cscs/fffoivos/runs/05_token_distillation_cpt/hplt_cleaning/05_hplt_cleaning_inventory_resume_20260605T165145Z/experiments/review_bundle_20260605T165151Z/docs/4967fe44dd89512f.txt,,[],,,,[],
rq_0070_cc7b75e9aa,hplt::8_1.jsonl.zst::8d28014c31fa20225efa9cbfe0d8fd8a,"[""false_negative_control""]","[""global_random_no_candidate_error""]",[],keep,0.15553121577217963,8,www.kapa-news.gr,https://www.kapa-news.gr/2024/03/blog-post_962.html,3652,/capstor/scratch/cscs/fffoivos/runs/05_token_distillation_cpt/hplt_cleaning/05_hplt_cleaning_inventory_resume_20260605T165145Z/experiments/review_bundle_20260605T165151Z/docs/cc7b75e9aa82d03a.txt,,[],,,,[],
rq_0071_04a8a3f17e,hplt::8_1.jsonl.zst::8d9347c748bea5957b004273350a9f72,"[""false_negative_control""]","[""global_random_no_candidate_error""]",[],keep,0.28080438756855575,8,rodosreport.gr,https://rodosreport.gr/2023/01/03/,2735,/capstor/scratch/cscs/fffoivos/runs/05_token_distillation_cpt/hplt_cleaning/05_hplt_cleaning_inventory_resume_20260605T165145Z/experiments/review_bundle_20260605T165151Z/docs/04a8a3f17ee1e531.txt,,[],,,,[],
rq_0072_1b1d6dd63e,hplt::8_1.jsonl.zst::8ebf19164173c4a459466b42e1c643a4,"[""precision_E008""]","[""candidate_error_E008""]","[""E008"", ""E009""]",keep,0.37952292633295054,8,psigmataorthodoxias.blogspot.com,http://psigmataorthodoxias.blogspot.com/2014_05_01_archive.html,28642,/capstor/scratch/cscs/fffoivos/runs/05_token_distillation_cpt/hplt_cleaning/05_hplt_cleaning_inventory_resume_20260605T165145Z/experiments/review_bundle_20260605T165151Z/docs/1b1d6dd63e39baaa.txt,,[],,,,[],
rq_0073_36a7fdb308,hplt::8_1.jsonl.zst::8fe771210ef4c9eba9e8fc1d2b7aa58f,"[""precision_E007"", ""precision_E008""]","[""candidate_error_E007"", ""candidate_error_E008""]","[""E006"", ""E007"", ""E008""]",quarantine,0.590952380952381,8,el.trefoil.tv,https://el.trefoil.tv/1927-astra-television.html,7427,/capstor/scratch/cscs/fffoivos/runs/05_token_distillation_cpt/hplt_cleaning/05_hplt_cleaning_inventory_resume_20260605T165145Z/experiments/review_bundle_20260605T165151Z/docs/36a7fdb308f0e4d9.txt,,[],,,,[],
rq_0074_33be0d6e89,hplt::8_1.jsonl.zst::9357bd337ca59afc250510e2667415cf,"[""borderline_false_negative_probe""]","[""borderline_no_candidate_error""]",[],keep,0.2923291492329149,8,www.zlifetimes.com,https://www.zlifetimes.com/l/revythia-poia-einai-i-threptiki-toys-axia-kai-syntagi-gia-revythia-me-spanaki/,7170,/capstor/scratch/cscs/fffoivos/runs/05_token_distillation_cpt/hplt_cleaning/05_hplt_cleaning_inventory_resume_20260605T165145Z/experiments/review_bundle_20260605T165151Z/docs/33be0d6e891c61ca.txt,,[],,,,[],
rq_0075_2afc5e2ef5,hplt::8_1.jsonl.zst::93a7ec42e8a1f8e13e30302f7f5890df,"[""destructive_action_review"", ""precision_E006"", ""precision_E007"", ""precision_E008""]","[""candidate_action_trim_span"", ""candidate_error_E006"", ""candidate_error_E007"", ""candidate_error_E008""]","[""E006"", ""E007"", ""E008""]",trim_span,0.7861861229326053,8,has.gr,http://has.gr/popular/-/Sportsfactory,15635,/capstor/scratch/cscs/fffoivos/runs/05_token_distillation_cpt/hplt_cleaning/05_hplt_cleaning_inventory_resume_20260605T165145Z/experiments/review_bundle_20260605T165151Z/docs/2afc5e2ef543a10b.txt,,[],,,,[],
rq_0076_66719a6d37,hplt::8_1.jsonl.zst::9552307192382e30118a06ccc858ac95,"[""precision_E014""]","[""candidate_error_E014""]","[""E005"", ""E014""]",keep,0.40827586206896554,8,www.esos.gr,https://www.esos.gr/arthra/70217/prosklisi-gia-ti-thesi-toy-proedroy-kai-ton-melon-tis-dioikoysas-protypon-kai,18850,/capstor/scratch/cscs/fffoivos/runs/05_token_distillation_cpt/hplt_cleaning/05_hplt_cleaning_inventory_resume_20260605T165145Z/experiments/review_bundle_20260605T165151Z/docs/66719a6d37b3624b.txt,,[],,,,[],
rq_0077_d763a888aa,hplt::8_1.jsonl.zst::967d9a6d96dbdda90edaa1d9601c7491,"[""destructive_action_review"", ""precision_E004""]","[""candidate_action_trim_span"", ""candidate_error_E004""]","[""E004"", ""E005"", ""E006"", ""E007"", ""E015""]",trim_span,0.6172307425636219,8,www.vivapharmacy.gr,https://www.vivapharmacy.gr/el/catalog/mitera-paidi-frontida-moroy,28445,/capstor/scratch/cscs/fffoivos/runs/05_token_distillation_cpt/hplt_cleaning/05_hplt_cleaning_inventory_resume_20260605T165145Z/experiments/review_bundle_20260605T165151Z/docs/d763a888aaa53b5b.txt,,[],,,,[],
rq_0078_9e6c071009,hplt::8_1.jsonl.zst::9ab84e72162692e9418ecd5d8978d72d,"[""false_negative_control""]","[""global_random_no_candidate_error""]",[],keep,0.19040852575488454,8,www.tothemaonline.com,https://www.tothemaonline.com/Tag/?s=%CE%BC%CE%AD%CE%BB%CE%BB%CE%BF%CE%BD,2815,/capstor/scratch/cscs/fffoivos/runs/05_token_distillation_cpt/hplt_cleaning/05_hplt_cleaning_inventory_resume_20260605T165145Z/experiments/review_bundle_20260605T165151Z/docs/9e6c07100905218b.txt,,[],,,,[],
rq_0079_e8cd66107f,hplt::8_1.jsonl.zst::9b4a5d24e981d7509c0a3b02452b3dff,"[""destructive_action_review"", ""precision_E006""]","[""candidate_action_trim_span"", ""candidate_error_E006""]","[""E006"", ""E007"", ""E009""]",trim_span,0.6206944444444445,8,ecoserifos.gr,https://ecoserifos.gr/2024/06/10/greek-islands-quietness/,1944,/capstor/scratch/cscs/fffoivos/runs/05_token_distillation_cpt/hplt_cleaning/05_hplt_cleaning_inventory_resume_20260605T165145Z/experiments/review_bundle_20260605T165151Z/docs/e8cd66107f6e632e.txt,,[],,,,[],
rq_0080_39669eeee0,hplt::8_1.jsonl.zst::9b523d2b21e5ca76af78cd1e7a36d495,"[""precision_E006""]","[""candidate_error_E006""]","[""E006"", ""E007"", ""E009""]",quarantine,0.5946980352043643,8,www.thelab.gr,https://www.thelab.gr/profile/38312-trib/,11088,/capstor/scratch/cscs/fffoivos/runs/05_token_distillation_cpt/hplt_cleaning/05_hplt_cleaning_inventory_resume_20260605T165145Z/experiments/review_bundle_20260605T165151Z/docs/39669eeee0e87204.txt,,[],,,,[],
rq_0081_db17ddf2aa,hplt::8_1.jsonl.zst::9c367dd7cbe5d1c36f8ca79fbf57bda7,"[""false_negative_control""]","[""global_random_no_candidate_error""]",[],keep,0.2036266844119115,8,www.dogforum.gr,https://www.dogforum.gr/2014/04/%CF%80%CE%B1%CE%AF%CE%B6%CE%BF%CE%BD%CF%84%CE%B1%CF%82-%CE%BC%CE%B5-%CF%84%CE%BF%CE%BD-%CF%83%CE%BA%CF%8D%CE%BB%CE%BF/,6011,/capstor/scratch/cscs/fffoivos/runs/05_token_distillation_cpt/hplt_cleaning/05_hplt_cleaning_inventory_resume_20260605T165145Z/experiments/review_bundle_20260605T165151Z/docs/db17ddf2aa527fd9.txt,,[],,,,[],
rq_0082_dc191859f2,hplt::8_1.jsonl.zst::9ddd8c97003a4d1954764aab19d9c577,"[""borderline_false_negative_probe""]","[""borderline_no_candidate_error""]",[],keep,0.2594093804284887,8,www.ogdoo.gr,http://www.ogdoo.gr/diskografia/stigmes/o-mikis-o-seferis-to-perigiali-kai-i-ano-teleia,1727,/capstor/scratch/cscs/fffoivos/runs/05_token_distillation_cpt/hplt_cleaning/05_hplt_cleaning_inventory_resume_20260605T165145Z/experiments/review_bundle_20260605T165151Z/docs/dc191859f2ee220c.txt,,[],,,,[],
rq_0083_9ba4bee862,hplt::8_1.jsonl.zst::a0195a2d1c58eb81a16ccbfa01e07ad2,"[""false_negative_control""]","[""global_random_no_candidate_error""]",[],keep,0.18472841773812648,8,ellinikioikonomia.com,https://ellinikioikonomia.com/2011/03/02/%CF%83%CE%AE%CE%BC%CE%B1-%CE%BA%CE%B9%CE%BD%CE%B4%CF%8D%CE%BD%CE%BF%CF%85-%CE%B5%CE%BA%CF%80%CE%AD%CE%BC%CF%80%CE%BF%CF%85%CE%BD-%CE%BF%CE%B9-%CE%BA%CF%8D%CF%80%CF%81%CE%B9%CE%BF%CE%B9-%CE%BE%CE%B5/,3811,/capstor/scratch/cscs/fffoivos/runs/05_token_distillation_cpt/hplt_cleaning/05_hplt_cleaning_inventory_resume_20260605T165145Z/experiments/review_bundle_20260605T165151Z/docs/9ba4bee8626a4d35.txt,,[],,,,[],
rq_0084_3af90bfa52,hplt::8_1.jsonl.zst::a24fb1f3f02dbd7f3fbbde33dfa4d0aa,"[""precision_E005""]","[""candidate_error_E005""]","[""E005""]",quarantine,0.4997455470737914,8,www.recital.gr,https://www.recital.gr/2016/03/01/chrono-efthimografima-i/,7860,/capstor/scratch/cscs/fffoivos/runs/05_token_distillation_cpt/hplt_cleaning/05_hplt_cleaning_inventory_resume_20260605T165145Z/experiments/review_bundle_20260605T165151Z/docs/3af90bfa5215e563.txt,,[],,,,[],
rq_0085_28d01976c7,hplt::8_1.jsonl.zst::a26671df2278f7baf4debfde2334bf38,"[""destructive_action_review""]","[""candidate_action_trim_span""]","[""E006"", ""E007""]",trim_span,0.6665471296807087,8,deals247.gr,http://deals247.gr/new/-/VidaXL,25096,/capstor/scratch/cscs/fffoivos/runs/05_token_distillation_cpt/hplt_cleaning/05_hplt_cleaning_inventory_resume_20260605T165145Z/experiments/review_bundle_20260605T165151Z/docs/28d01976c736a3db.txt,,[],,,,[],
rq_0086_35a9138cda,hplt::8_1.jsonl.zst::a3638a76560056110ab5b1823fa2ef84,"[""precision_E015""]","[""candidate_error_E015""]","[""E015""]",quarantine,1.0,8,eydi.20plus1.de,http://eydi.20plus1.de/tainies-kai-seires-online.html,29410,/capstor/scratch/cscs/fffoivos/runs/05_token_distillation_cpt/hplt_cleaning/05_hplt_cleaning_inventory_resume_20260605T165145Z/experiments/review_bundle_20260605T165151Z/docs/35a9138cdad0f46c.txt,,[],,,,[],
rq_0087_0e1550d9f2,hplt::8_1.jsonl.zst::ad79ddaf9cf2afa7a026bedc4b78f033,"[""precision_E014""]","[""candidate_error_E014""]","[""E005"", ""E014""]",quarantine,0.5032176121930567,8,www.bloko.gr,https://www.bloko.gr/2023/01/blog-post_1509.html,5843,/capstor/scratch/cscs/fffoivos/runs/05_token_distillation_cpt/hplt_cleaning/05_hplt_cleaning_inventory_resume_20260605T165145Z/experiments/review_bundle_20260605T165151Z/docs/0e1550d9f25a4f43.txt,,[],,,,[],
rq_0088_62848fa531,hplt::8_1.jsonl.zst::ad871f6f44fe6ed76a0915efe953b99d,"[""precision_E004""]","[""candidate_error_E004""]","[""E004""]",quarantine,0.5428571428571428,8,www.arttravel.gr,http://www.arttravel.gr/arttravel-best/secrets/15-%CE%AC%CE%B3%CE%BD%CF%89%CF%83%CF%84%CE%B1-%CF%87%CF%89%CF%81%CE%B9%CE%AC-%CF%84%CE%B7%CF%82-%CE%B5%CF%85%CF%81%CF%8E%CF%80%CE%B7%CF%82.aspx,9140,/capstor/scratch/cscs/fffoivos/runs/05_token_distillation_cpt/hplt_cleaning/05_hplt_cleaning_inventory_resume_20260605T165145Z/experiments/review_bundle_20260605T165151Z/docs/62848fa531b9936e.txt,,[],,,,[],
rq_0089_2c759ab707,hplt::8_1.jsonl.zst::b01162e9ac056e022faafce5392a2f40,"[""destructive_action_review""]","[""candidate_action_trim_span""]","[""E006"", ""E009""]",trim_span,0.6053409090909091,8,dialogoi.enet.gr,http://dialogoi.enet.gr/post/%CE%BC%CF%85%CE%BE%CE%BF%CF%80%CE%B1%CF%81%CE%B8%CE%AD%CE%BD%CE%B5%CF%82-%CE%BA%CE%B1%CE%B9-%CE%B2%CE%BB%CE%B1%CF%87%CE%BF%CF%83%CF%85%CE%BC%CF%80%CE%AD%CE%B8%CE%B5%CF%81%CE%BF%CE%B9,3604,/capstor/scratch/cscs/fffoivos/runs/05_token_distillation_cpt/hplt_cleaning/05_hplt_cleaning_inventory_resume_20260605T165145Z/experiments/review_bundle_20260605T165151Z/docs/2c759ab70714a43b.txt,,[],,,,[],
rq_0090_295ef9d405,hplt::8_1.jsonl.zst::b099e2b31dea18d264d52b7bbb92dbaa,"[""destructive_action_review"", ""precision_E015""]","[""candidate_action_drop_doc"", ""candidate_error_E015""]","[""E014"", ""E015""]",drop_doc,1.0,8,nomoi.info,http://nomoi.info/%CE%A6%CE%95%CE%9A-%CE%91-272-1996-%CF%83%CE%B5%CE%BB-46.html,2756,/capstor/scratch/cscs/fffoivos/runs/05_token_distillation_cpt/hplt_cleaning/05_hplt_cleaning_inventory_resume_20260605T165145Z/experiments/review_bundle_20260605T165151Z/docs/295ef9d4054f1557.txt,,[],,,,[],
rq_0091_3968e6f118,hplt::8_1.jsonl.zst::b4e2382a3284d4ce6277d75fa126a94b,"[""precision_E007""]","[""candidate_error_E007""]","[""E006"", ""E007""]",quarantine,0.5834469696969697,8,grab.gr,http://grab.gr/products/-/hot/afchena,8466,/capstor/scratch/cscs/fffoivos/runs/05_token_distillation_cpt/hplt_cleaning/05_hplt_cleaning_inventory_resume_20260605T165145Z/experiments/review_bundle_20260605T165151Z/docs/3968e6f1184c3638.txt,,[],,,,[],
rq_0092_7a73d23dc0,hplt::8_1.jsonl.zst::b62ddc42531255732ef35d984091feb3,"[""precision_E011"", ""precision_E012""]","[""candidate_error_E011"", ""candidate_error_E012""]","[""E006"", ""E009"", ""E011"", ""E012""]",quarantine,0.5942875000000001,8,oxtapus.wordpress.com,https://oxtapus.wordpress.com/tag/%CE%B5%CF%81%CE%B3%CE%B1-%CF%80%CE%B1%CF%83%CE%BF%CE%BA/,29172,/capstor/scratch/cscs/fffoivos/runs/05_token_distillation_cpt/hplt_cleaning/05_hplt_cleaning_inventory_resume_20260605T165145Z/experiments/review_bundle_20260605T165151Z/docs/7a73d23dc019766e.txt,,[],,,,[],
rq_0093_90a77d8b27,hplt::8_1.jsonl.zst::b6458a2691b681ad2c37f4337190d566,"[""false_negative_control""]","[""global_random_no_candidate_error""]",[],keep,0.23756495916852263,8,sts.gr,http://sts.gr/proionta-ipiresies/%CE%BA%CE%B1%CE%B8%CE%B1%CF%81%CE%B9%CF%83%CE%BC%CF%8C%CF%82-%CE%B1%CF%80%CE%BF%CE%BB%CF%8D%CE%BC%CE%B1%CE%BD%CF%83%CE%B7-%CF%85%CE%B3%CE%B9%CE%B5%CE%B9%CE%BD%CE%AE/%CE%BA%CE%B1%CE%B8%CE%B1%CF%81%CE%B9%CF%83%CF%84%CE%B9%CE%BA%CE%AC-%CF%85%CE%BB%CE%B9%CE%BA%CE%AC/%CE%B1%CE%BB%CE%BA%CE%B1%CE%BB%CE%B9%CE%BA%CE%AC-%CE%BA%CE%B1%CE%B8%CE%B1%CF%81%CE%B9%CF%83%CF%84%CE%B9%CE%BA%CE%AC-%CE%B3%CE%B9%CE%B1-%CF%84%CE%B7%CE%BD-%CE%B1%CF%86%CE%B1%CE%AF%CF%81%CE%B5%CF%83/oil-remover-s/,4041,/capstor/scratch/cscs/fffoivos/runs/05_token_distillation_cpt/hplt_cleaning/05_hplt_cleaning_inventory_resume_20260605T165145Z/experiments/review_bundle_20260605T165151Z/docs/90a77d8b27cc633b.txt,,[],,,,[],
rq_0094_a4650871d2,hplt::8_1.jsonl.zst::b81ea2ac19272a7b416e922bba60e3d7,"[""borderline_false_negative_probe""]","[""borderline_no_candidate_error""]",[],keep,0.2575876211782252,8,www.savoirville.gr,https://www.savoirville.gr/readers-list-oktovrios-2020/,3524,/capstor/scratch/cscs/fffoivos/runs/05_token_distillation_cpt/hplt_cleaning/05_hplt_cleaning_inventory_resume_20260605T165145Z/experiments/review_bundle_20260605T165151Z/docs/a4650871d29508ea.txt,,[],,,,[],
rq_0095_71c385affa,hplt::8_1.jsonl.zst::b8326402e34c910bc360f59a242e79dd,"[""false_negative_control""]","[""global_random_no_candidate_error""]",[],keep,0.15129293708992667,8,greek.ruvr.ru,http://greek.ruvr.ru/tag_3173559/,5182,/capstor/scratch/cscs/fffoivos/runs/05_token_distillation_cpt/hplt_cleaning/05_hplt_cleaning_inventory_resume_20260605T165145Z/experiments/review_bundle_20260605T165151Z/docs/71c385affa344558.txt,,[],,,,[],
rq_0096_23ef5605a6,hplt::8_1.jsonl.zst::b873fec53496a1d09c4b9fb7eb60c700,"[""false_negative_control""]","[""global_random_no_candidate_error""]",[],keep,0.22864883169657976,8,tilegrafimanews.gr,https://tilegrafimanews.gr/syntakseis-epidomata/ti-allazei-sto-kea-elachisto-engyimeno-eisodima-proslipseis-oaed/,14765,/capstor/scratch/cscs/fffoivos/runs/05_token_distillation_cpt/hplt_cleaning/05_hplt_cleaning_inventory_resume_20260605T165145Z/experiments/review_bundle_20260605T165151Z/docs/23ef5605a6e9a231.txt,,[],,,,[],
rq_0097_5ce0edb2a1,hplt::8_1.jsonl.zst::bba07773f9f70e03e4985302548a8886,"[""false_negative_control""]","[""global_random_no_candidate_error""]",[],keep,0.2766313441160067,8,www.gossip-tv.gr,https://www.gossip-tv.gr/showbiz/story/604471/papaligoyra-latreyo-to-theatro-alla-tin-apolyti-proteraiotita-tin-exoyn-ta-dyo-agoria-moy-pics,1793,/capstor/scratch/cscs/fffoivos/runs/05_token_distillation_cpt/hplt_cleaning/05_hplt_cleaning_inventory_resume_20260605T165145Z/experiments/review_bundle_20260605T165151Z/docs/5ce0edb2a1a1f5f1.txt,,[],,,,[],
rq_0098_0f903572a2,hplt::8_1.jsonl.zst::bc79ea63cbd7ae0463934e67ff7c4182,"[""precision_E015""]","[""candidate_error_E015""]","[""E015""]",quarantine,0.684184892897407,8,www.nyc.gr,https://www.nyc.gr/about-nyc/news/nea/unyp-external-advisory-board-meeting,2094,/capstor/scratch/cscs/fffoivos/runs/05_token_distillation_cpt/hplt_cleaning/05_hplt_cleaning_inventory_resume_20260605T165145Z/experiments/review_bundle_20260605T165151Z/docs/0f903572a25e880e.txt,,[],,,,[],
rq_0099_fa7257ddf7,hplt::8_1.jsonl.zst::be1880dbba5a446f89977a404a9ee601,"[""precision_E006""]","[""candidate_error_E006""]","[""E006"", ""E009""]",keep,0.385,8,aetos-grevena.blogspot.gr,http://aetos-grevena.blogspot.gr/2010/09/blog-post_1264.html,4235,/capstor/scratch/cscs/fffoivos/runs/05_token_distillation_cpt/hplt_cleaning/05_hplt_cleaning_inventory_resume_20260605T165145Z/experiments/review_bundle_20260605T165151Z/docs/fa7257ddf73a4ae4.txt,,[],,,,[],
rq_0100_c17ef2647d,hplt::8_1.jsonl.zst::bea528da2d7b5c8960a39c3aab35ce20,"[""borderline_false_negative_probe""]","[""borderline_no_candidate_error""]",[],keep,0.25131942699170645,8,whenpoetryspeaks.blog,https://whenpoetryspeaks.blog/category/%CF%80%CE%BF%CE%B9%CE%B7%CF%83%CE%B7/page/2/,3979,/capstor/scratch/cscs/fffoivos/runs/05_token_distillation_cpt/hplt_cleaning/05_hplt_cleaning_inventory_resume_20260605T165145Z/experiments/review_bundle_20260605T165151Z/docs/c17ef2647d696167.txt,,[],,,,[],
rq_0101_4bd8534460,hplt::8_1.jsonl.zst::bef4b12a65a9b5bb92c7aaac345bfd25,"[""precision_E012""]","[""candidate_error_E012""]","[""E011"", ""E012""]",keep,0.4197916666666667,8,kkeorganosiorestiadas.blogspot.com,http://kkeorganosiorestiadas.blogspot.com/2011/12/,84568,/capstor/scratch/cscs/fffoivos/runs/05_token_distillation_cpt/hplt_cleaning/05_hplt_cleaning_inventory_resume_20260605T165145Z/experiments/review_bundle_20260605T165151Z/docs/4bd853446068ce0b.txt,,[],,,,[],
rq_0102_a62fbc17f5,hplt::8_1.jsonl.zst::bf4fbf9cb9c98a033e41805dbb4fe8ff,"[""precision_E014""]","[""candidate_error_E014""]","[""E014""]",keep,0.351937441643324,8,blog.kotsovolos.gr,https://blog.kotsovolos.gr/tag/jbl/,1475,/capstor/scratch/cscs/fffoivos/runs/05_token_distillation_cpt/hplt_cleaning/05_hplt_cleaning_inventory_resume_20260605T165145Z/experiments/review_bundle_20260605T165151Z/docs/a62fbc17f5345ebe.txt,,[],,,,[],
rq_0103_aa16f781c6,hplt::8_1.jsonl.zst::c073a25d84c6f372caac50acee44f305,"[""destructive_action_review""]","[""candidate_action_trim_span""]","[""E006"", ""E007"", ""E008"", ""E015""]",trim_span,0.7203973064461706,8,www.hwbox.gr,https://www.hwbox.gr/forum/index.php?/tags/lyndonville/,42046,/capstor/scratch/cscs/fffoivos/runs/05_token_distillation_cpt/hplt_cleaning/05_hplt_cleaning_inventory_resume_20260605T165145Z/experiments/review_bundle_20260605T165151Z/docs/aa16f781c6bfa6f7.txt,,[],,,,[],
rq_0104_c08b075ec1,hplt::8_1.jsonl.zst::c1406f9133d8305aef6a660465bb19d3,"[""precision_E011"", ""precision_E012""]","[""candidate_error_E011"", ""candidate_error_E012""]","[""E011"", ""E012""]",quarantine,0.5567937500000001,8,thriskeftika.blogspot.gr,http://thriskeftika.blogspot.gr/2016/12/,17174,/capstor/scratch/cscs/fffoivos/runs/05_token_distillation_cpt/hplt_cleaning/05_hplt_cleaning_inventory_resume_20260605T165145Z/experiments/review_bundle_20260605T165151Z/docs/c08b075ec1550a67.txt,,[],,,,[],
rq_0105_4b83ebd06c,hplt::8_1.jsonl.zst::c5e33938bc883d1c10371c3f1537bdbe,"[""precision_E008"", ""precision_E009""]","[""candidate_error_E008"", ""candidate_error_E009""]","[""E006"", ""E007"", ""E008"", ""E009""]",trim_span,0.6332403192822746,8,www.safer-internet.gr,https://www.safer-internet.gr/pos-na-katalavete-an-einai-apati-enas-diagonismos-sto-fb/,10106,/capstor/scratch/cscs/fffoivos/runs/05_token_distillation_cpt/hplt_cleaning/05_hplt_cleaning_inventory_resume_20260605T165145Z/experiments/review_bundle_20260605T165151Z/docs/4b83ebd06c88742b.txt,,[],,,,[],
rq_0106_8d0bc6c902,hplt::8_1.jsonl.zst::c6c9da7bc8ec3ccdd142984550480abe,"[""destructive_action_review""]","[""candidate_action_trim_span""]","[""E006"", ""E007""]",trim_span,0.7207601600986935,8,offers.kilkistoday.gr,http://offers.kilkistoday.gr/pagkrati,25502,/capstor/scratch/cscs/fffoivos/runs/05_token_distillation_cpt/hplt_cleaning/05_hplt_cleaning_inventory_resume_20260605T165145Z/experiments/review_bundle_20260605T165151Z/docs/8d0bc6c9020a75f0.txt,,[],,,,[],
rq_0107_c7e2ef5561,hplt::8_1.jsonl.zst::c8a093a25f0a5ac89e6e289353210fa6,"[""false_negative_control""]","[""global_random_no_candidate_error""]",[],keep,0.09835115864527627,8,www.tvopen.gr,https://www.tvopen.gr/watch/17527/athlhtikodeltio142f012f2020,696,/capstor/scratch/cscs/fffoivos/runs/05_token_distillation_cpt/hplt_cleaning/05_hplt_cleaning_inventory_resume_20260605T165145Z/experiments/review_bundle_20260605T165151Z/docs/c7e2ef5561f67c43.txt,,[],,,,[],
rq_0108_9fa6d7b303,hplt::8_1.jsonl.zst::c99cb47ac41ca6f55fcb3663c807bf20,"[""false_negative_control""]","[""global_random_no_candidate_error""]",[],keep,0.2621468926553672,8,nickpapag.sites.sch.gr,https://nickpapag.sites.sch.gr/2021/12/07/h5p-eclass/,885,/capstor/scratch/cscs/fffoivos/runs/05_token_distillation_cpt/hplt_cleaning/05_hplt_cleaning_inventory_resume_20260605T165145Z/experiments/review_bundle_20260605T165151Z/docs/9fa6d7b30387e649.txt,,[],,,,[],
rq_0109_1f4fc6bdcd,hplt::8_1.jsonl.zst::cbd59263db58339e498587efed215d6c,"[""destructive_action_review"", ""precision_E006"", ""precision_E007"", ""precision_E009""]","[""candidate_action_trim_span"", ""candidate_error_E006"", ""candidate_error_E007"", ""candidate_error_E009""]","[""E006"", ""E007"", ""E009""]",trim_span,0.8250641038968239,8,deals247.gr,http://deals247.gr/health/-/popular,16033,/capstor/scratch/cscs/fffoivos/runs/05_token_distillation_cpt/hplt_cleaning/05_hplt_cleaning_inventory_resume_20260605T165145Z/experiments/review_bundle_20260605T165151Z/docs/1f4fc6bdcd2334d7.txt,,[],,,,[],
rq_0110_6a16ecced0,hplt::8_1.jsonl.zst::d05983c775d380fbecc245f4a72cb66c,"[""destructive_action_review"", ""precision_E014""]","[""candidate_action_drop_doc"", ""candidate_error_E014""]","[""E005"", ""E014""]",drop_doc,1.0,8,alopsis.gr,http://alopsis.gr/modules.php?name=News&file=print&sid=1538,6909,/capstor/scratch/cscs/fffoivos/runs/05_token_distillation_cpt/hplt_cleaning/05_hplt_cleaning_inventory_resume_20260605T165145Z/experiments/review_bundle_20260605T165151Z/docs/6a16ecced09cbdd2.txt,,[],,,,[],
rq_0111_3338ca3512,hplt::8_1.jsonl.zst::d1e6173287ba299a856ed65748163dc2,"[""destructive_action_review""]","[""candidate_action_trim_span""]","[""E006"", ""E007""]",trim_span,0.7209020830222488,8,couple.gr,http://couple.gr/chalandri/-/masaz,33485,/capstor/scratch/cscs/fffoivos/runs/05_token_distillation_cpt/hplt_cleaning/05_hplt_cleaning_inventory_resume_20260605T165145Z/experiments/review_bundle_20260605T165151Z/docs/3338ca351263694e.txt,,[],,,,[],
rq_0112_c919e35fdf,hplt::8_1.jsonl.zst::d49d3161fc2d73771c24501b7ed2bed6,"[""destructive_action_review""]","[""candidate_action_drop_doc""]","[""E005"", ""E014""]",drop_doc,1.0,8,pateress.blogspot.com,http://pateress.blogspot.com/2010/02/o.html,10926,/capstor/scratch/cscs/fffoivos/runs/05_token_distillation_cpt/hplt_cleaning/05_hplt_cleaning_inventory_resume_20260605T165145Z/experiments/review_bundle_20260605T165151Z/docs/c919e35fdf43717b.txt,,[],,,,[],
rq_0113_f328137c2c,hplt::8_1.jsonl.zst::d4c0c9440b18a74436688af585705c5e,"[""destructive_action_review"", ""precision_E006""]","[""candidate_action_trim_span"", ""candidate_error_E006""]","[""E006"", ""E007"", ""E015""]",trim_span,0.6301156348927189,8,www.thelab.gr,https://www.thelab.gr/tags/rocket%20lake/,14215,/capstor/scratch/cscs/fffoivos/runs/05_token_distillation_cpt/hplt_cleaning/05_hplt_cleaning_inventory_resume_20260605T165145Z/experiments/review_bundle_20260605T165151Z/docs/f328137c2c04b8ef.txt,,[],,,,[],
rq_0114_5b1a9bffb7,hplt::8_1.jsonl.zst::d55b32c8f8fec1a76437c69e95d4cf05,"[""precision_E005""]","[""candidate_error_E005""]","[""E005""]",quarantine,0.5609756097560976,8,gerontesmas.com,http://gerontesmas.com/%CE%B5%CF%80%CE%AF%CF%83%CE%BA%CE%B5%CF%88%CE%B7-%CF%84%CF%81%CE%B9%CF%8E%CE%BD-%CE%BC%CE%B7%CF%84%CF%81%CE%BF%CF%80%CE%BF%CE%BB%CE%B9%CF%84%CF%8E%CE%BD-%CF%84%CE%BF%CF%85-%CF%80%CE%B1%CF%84%CF%81/,984,/capstor/scratch/cscs/fffoivos/runs/05_token_distillation_cpt/hplt_cleaning/05_hplt_cleaning_inventory_resume_20260605T165145Z/experiments/review_bundle_20260605T165151Z/docs/5b1a9bffb77fb05c.txt,,[],,,,[],
rq_0115_4db12b36b4,hplt::8_1.jsonl.zst::d8de953f60ef9c3c5d56734c20f8c7aa,"[""destructive_action_review"", ""precision_E008""]","[""candidate_action_trim_span"", ""candidate_error_E008""]","[""E006"", ""E007"", ""E008"", ""E015""]",trim_span,0.6450595238095238,8,psycatgames.com,https://psycatgames.com/el/name-generator/draenei/,5491,/capstor/scratch/cscs/fffoivos/runs/05_token_distillation_cpt/hplt_cleaning/05_hplt_cleaning_inventory_resume_20260605T165145Z/experiments/review_bundle_20260605T165151Z/docs/4db12b36b453d85b.txt,,[],,,,[],
rq_0116_4e798e371f,hplt::8_1.jsonl.zst::d91febfdfe4f0528f0e9214b06ed77d3,"[""destructive_action_review""]","[""candidate_action_trim_span""]","[""E006"", ""E007"", ""E009""]",trim_span,0.6029166666666668,8,www.webarticles.gr,http://www.webarticles.gr/tag/%cf%80%ce%bf%ce%b9%ce%bf%ce%b9-%ce%b5%ce%af%ce%bc%ce%b1%cf%83%cf%84%ce%b5,2220,/capstor/scratch/cscs/fffoivos/runs/05_token_distillation_cpt/hplt_cleaning/05_hplt_cleaning_inventory_resume_20260605T165145Z/experiments/review_bundle_20260605T165151Z/docs/4e798e371f4b892d.txt,,[],,,,[],
rq_0117_867840e6fd,hplt::8_1.jsonl.zst::dbe51d5808a66ee3ad8f59375668f4eb,"[""precision_E015""]","[""candidate_error_E015""]","[""E006"", ""E007"", ""E008"", ""E015""]",quarantine,0.5916666666666667,8,autoexec.gr,https://autoexec.gr/index.php?/tags/%CE%BC%CE%B1%CF%8D%CF%81%CE%B7%20%CE%BF%CE%B8%CF%8C%CE%BD%CE%B7/,1347,/capstor/scratch/cscs/fffoivos/runs/05_token_distillation_cpt/hplt_cleaning/05_hplt_cleaning_inventory_resume_20260605T165145Z/experiments/review_bundle_20260605T165151Z/docs/867840e6fdacf9dc.txt,,[],,,,[],
rq_0118_f9d13181e4,hplt::8_1.jsonl.zst::e0535a3eaab9663dabdce25847af11f3,"[""false_negative_control""]","[""global_random_no_candidate_error""]",[],keep,0.19553622361665718,8,athleticlarissa.gr,http://athleticlarissa.gr/viewarticle/140175/true/-pagwni-gia-to-telos-tis-pandimias-tha-milisoume-mono-otan,2159,/capstor/scratch/cscs/fffoivos/runs/05_token_distillation_cpt/hplt_cleaning/05_hplt_cleaning_inventory_resume_20260605T165145Z/experiments/review_bundle_20260605T165151Z/docs/f9d13181e48c54a8.txt,,[],,,,[],
rq_0119_3e647b5b3f,hplt::8_1.jsonl.zst::e23d6fce0f57ff44154e61cf3a633908,"[""false_negative_control""]","[""global_random_no_candidate_error""]",[],keep,0.18661504424778763,8,www.esteticamagazine.gr,http://www.esteticamagazine.gr/news-gr/item/28777-%CE%BF-%CE%B8%CE%BF%CE%B4%CF%89%CF%81%CE%AE%CF%82-%CF%86%CE%AD%CF%81%CF%81%CE%B7%CF%82-%CE%BE%CE%B5%CE%BA%CE%B9%CE%BD%CE%AC%CE%B5%CE%B9-%CF%84%CE%B9%CF%82-%CE%B5%CE%BC%CF%86%CE%B1%CE%BD%CE%AF%CF%83%CE%B5%CE%B9%CF%82-%CF%84%CE%BF%CF%85-%CE%B3%CE%B9%E2%80%99%CE%B1%CF%85%CF%84%CF%8C-%CF%84%CE%BF-%CE%BA%CE%B1%CE%BB%CE%BF%CE%BA%CE%B1%CE%AF%CF%81%CE%B9-%CF%83%CF%84%CE%BF-%CE%B1%CE%B3%CE%B1%CF%80%CE%B7%CE%BC%CE%AD%CE%BD%CE%BF-romeo-club-%CF%80%CE%B1%CF%81%CE%AD%CE%B1-%CE%BC%CE%B5-%CF%84%CE%B7%CE%BD-josephine-%CF%84%CE%B7%CE%BD-%CE%BA%CE%B1%CF%84%CE%B5%CF%81%CE%AF%CE%BD%CE%B1-%CE%BB%CE%B9%CF%8C%CE%BB%CE%B9%CE%BF%CF%85-%CE%BA%CE%B1%CE%B9-%CF%84%CE%BF%CE%BD-%CF%87%CF%81%CE%AE%CF%83%CF%84%CE%BF-%CE%B6%CF%8E%CF%84%CE%BF,1178,/capstor/scratch/cscs/fffoivos/runs/05_token_distillation_cpt/hplt_cleaning/05_hplt_cleaning_inventory_resume_20260605T165145Z/experiments/review_bundle_20260605T165151Z/docs/3e647b5b3fb0919a.txt,,[],,,,[],
rq_0120_ef13cf25c5,hplt::8_1.jsonl.zst::e4c0c9e0a3acc2c99701928423714559,"[""borderline_false_negative_probe""]","[""borderline_no_candidate_error""]",[],keep,0.24416666666666667,8,weeb.gr,https://weeb.gr/ta-5-kalytera-ergaleia-gia-th-diaxeirhsh-twn-social-media/,4071,/capstor/scratch/cscs/fffoivos/runs/05_token_distillation_cpt/hplt_cleaning/05_hplt_cleaning_inventory_resume_20260605T165145Z/experiments/review_bundle_20260605T165151Z/docs/ef13cf25c5e065ce.txt,,[],,,,[],
rq_0121_e904cf2593,hplt::8_1.jsonl.zst::e6066a6e6ee154d618d3313043db601f,"[""precision_E014""]","[""candidate_error_E014""]","[""E014""]",quarantine,0.4690471434278866,8,www.pillowfights.gr,https://www.pillowfights.gr/crazy-is-the-new-normal/an-itan-aplos-ena-enthoysiasmos-giati-dyskoleyesai-na-pas-parakato/,3142,/capstor/scratch/cscs/fffoivos/runs/05_token_distillation_cpt/hplt_cleaning/05_hplt_cleaning_inventory_resume_20260605T165145Z/experiments/review_bundle_20260605T165151Z/docs/e904cf2593a4106b.txt,,[],,,,[],
rq_0122_87ab6f8aed,hplt::8_1.jsonl.zst::e8f09e759f2b676d2ee0e6c1b8e07674,"[""precision_E009""]","[""candidate_error_E009""]","[""E009""]",keep,0.42277777777777775,8,www.iskiosiskiou.com,http://www.iskiosiskiou.com/2014/01/6_20.html,3029,/capstor/scratch/cscs/fffoivos/runs/05_token_distillation_cpt/hplt_cleaning/05_hplt_cleaning_inventory_resume_20260605T165145Z/experiments/review_bundle_20260605T165151Z/docs/87ab6f8aed1819e8.txt,,[],,,,[],
rq_0123_1a5dc2a6b2,hplt::8_1.jsonl.zst::eb1976e135b330a29c775aa7e55e561d,"[""borderline_false_negative_probe""]","[""borderline_no_candidate_error""]",[],keep,0.28627551456144845,8,mpetskas.com,https://mpetskas.com/?p=201184,11709,/capstor/scratch/cscs/fffoivos/runs/05_token_distillation_cpt/hplt_cleaning/05_hplt_cleaning_inventory_resume_20260605T165145Z/experiments/review_bundle_20260605T165151Z/docs/1a5dc2a6b2e5893d.txt,,[],,,,[],
rq_0124_60c053938a,hplt::8_1.jsonl.zst::ed9d4eb7c2410d1fbb82069581038df5,"[""precision_E009""]","[""candidate_error_E009""]","[""E006"", ""E007"", ""E009""]",trim_span,0.61875,8,bluearena.gr,http://bluearena.gr/blog/2009/02/23/%CF%83%CF%84%CE%B1-%CF%80%CF%81%CF%8C%CE%B8%CF%85%CF%81%CE%B1-%CE%B4%CE%B9%CE%AC%CE%BB%CF%85%CF%83%CE%B7%CF%82/,869,/capstor/scratch/cscs/fffoivos/runs/05_token_distillation_cpt/hplt_cleaning/05_hplt_cleaning_inventory_resume_20260605T165145Z/experiments/review_bundle_20260605T165151Z/docs/60c053938a47d678.txt,,[],,,,[],
rq_0125_023a89aa0b,hplt::8_1.jsonl.zst::ef237e8b71d91cdcd0608ac684a3934a,"[""borderline_false_negative_probe""]","[""borderline_no_candidate_error""]",[],keep,0.2738475581926061,8,www.dikastiko.gr,https://www.dikastiko.gr/tag/%CF%83%CE%BF%CF%85%CE%B2%CE%BB%CE%AC%CE%BA%CE%B9%CE%B1/,2191,/capstor/scratch/cscs/fffoivos/runs/05_token_distillation_cpt/hplt_cleaning/05_hplt_cleaning_inventory_resume_20260605T165145Z/experiments/review_bundle_20260605T165151Z/docs/023a89aa0bf3805e.txt,,[],,,,[],
rq_0126_00266830cb,hplt::8_1.jsonl.zst::ef8c067c3437daa5f8d7b96f0bd84fa8,"[""borderline_false_negative_probe""]","[""borderline_no_candidate_error""]",[],keep,0.31,8,souflievros.blogspot.com,http://souflievros.blogspot.com/2010/03/blog-post_835.html,3173,/capstor/scratch/cscs/fffoivos/runs/05_token_distillation_cpt/hplt_cleaning/05_hplt_cleaning_inventory_resume_20260605T165145Z/experiments/review_bundle_20260605T165151Z/docs/00266830cb20f25b.txt,,[],,,,[],
rq_0127_829bffb7b7,hplt::8_1.jsonl.zst::f1f0985de4bc8a0b04b917c9ee996859,"[""precision_E009""]","[""candidate_error_E009""]","[""E006"", ""E008"", ""E009""]",keep,0.3695111523111254,8,grtechpc.org,https://grtechpc.org/3-%CF%84%CE%BF-%CE%BA%CE%B1%CE%BB%CF%8D%CF%84%CE%B5%CF%81%CE%BF-%CE%BB%CE%BF%CE%B3%CE%B9%CF%83%CE%BC%CE%B9%CE%BA%CF%8C-%CE%B5%CF%80%CE%B9%CF%83%CE%BA%CE%B5%CF%85%CE%AE%CF%82-android-%CE%BA%CE%B1%CE%B9/,11471,/capstor/scratch/cscs/fffoivos/runs/05_token_distillation_cpt/hplt_cleaning/05_hplt_cleaning_inventory_resume_20260605T165145Z/experiments/review_bundle_20260605T165151Z/docs/829bffb7b751898e.txt,,[],,,,[],
rq_0128_156fc51190,hplt::8_1.jsonl.zst::f4ca957f399474d554808a868d7037d7,"[""false_negative_control""]","[""global_random_no_candidate_error""]",[],keep,0.14242424242424243,8,www.mypreveza.gr,https://www.mypreveza.gr/2022/10/%CE%B7-%CE%B5%CF%80%CE%B1%CE%BD%CE%B5%CE%BC%CF%86%CE%AC%CE%BD%CE%B9%CF%83%CE%B7-%CF%84%CE%BF%CF%85-%CF%83%CF%80%CF%8D%CF%81%CE%BF%CF%85-%CE%BA%CF%85%CF%81%CE%B9%CE%AC%CE%BA%CE%B7-%CE%BA%CE%B1%CE%B9.html,2640,/capstor/scratch/cscs/fffoivos/runs/05_token_distillation_cpt/hplt_cleaning/05_hplt_cleaning_inventory_resume_20260605T165145Z/experiments/review_bundle_20260605T165151Z/docs/156fc5119012ebb6.txt,,[],,,,[],
rq_0129_f79850be5d,hplt::8_1.jsonl.zst::f583843e9ddcd4d6f855ea9d6412203c,"[""borderline_false_negative_probe""]","[""borderline_no_candidate_error""]",[],keep,0.23598847423212382,8,www.apollonistis.com,http://www.apollonistis.com/forum/viewtopic.php?f=28&t=12630,27702,/capstor/scratch/cscs/fffoivos/runs/05_token_distillation_cpt/hplt_cleaning/05_hplt_cleaning_inventory_resume_20260605T165145Z/experiments/review_bundle_20260605T165151Z/docs/f79850be5da885dd.txt,,[],,,,[],
rq_0130_649cbf4b9c,hplt::8_1.jsonl.zst::fad2fbd24a3bfec109a48bf664158ed6,"[""precision_E015""]","[""candidate_error_E015""]","[""E015""]",quarantine,1.0,8,www.europeana.eu,http://www.europeana.eu/portal/record/2026005/_2002_093MM_0849.html?start=17&query=DATA_PROVIDER%3A%22MMCA%22&startPage=1&qf=PROVIDER%3A%22Digitising+Contemporary+Art%22&rows=24,714,/capstor/scratch/cscs/fffoivos/runs/05_token_distillation_cpt/hplt_cleaning/05_hplt_cleaning_inventory_resume_20260605T165145Z/experiments/review_bundle_20260605T165151Z/docs/649cbf4b9cb66c6d.txt,,[],,,,[],
rq_0131_e3a389c0c9,hplt::8_1.jsonl.zst::fb4a092e5c8946fbf45032121feca08a,"[""borderline_false_negative_probe""]","[""borderline_no_candidate_error""]",[],keep,0.29692470837751855,8,www.anemosnaftilos.gr,http://www.anemosnaftilos.gr/2007/06/blog-post_19.html,2829,/capstor/scratch/cscs/fffoivos/runs/05_token_distillation_cpt/hplt_cleaning/05_hplt_cleaning_inventory_resume_20260605T165145Z/experiments/review_bundle_20260605T165151Z/docs/e3a389c0c92baacd.txt,,[],,,,[],
rq_0132_13ac50af5b,hplt::8_1.jsonl.zst::fc2b80c0c8737e062493e7968e9229b1,"[""false_negative_control""]","[""global_random_no_candidate_error""]",[],keep,0.22339467250032172,8,allenaki.wordpress.com,https://allenaki.wordpress.com/2011/12/21/%ce%b1%cf%80%ce%bf%cf%80%ce%b1%ce%b3%ce%ba%ce%bf%cf%83%ce%bc%ce%b9%ce%bf%cf%80%ce%bf%ce%af%ce%b7%cf%83%ce%b7/,7771,/capstor/scratch/cscs/fffoivos/runs/05_token_distillation_cpt/hplt_cleaning/05_hplt_cleaning_inventory_resume_20260605T165145Z/experiments/review_bundle_20260605T165151Z/docs/13ac50af5b667bde.txt,,[],,,,[],
rq_0133_6434a03a58,hplt::8_2.jsonl.zst::020488ed5cdfccc76d9e00d35aa861f4,"[""false_negative_control""]","[""global_random_no_candidate_error""]",[],keep,0.08955223880597014,8,www.seminaria.gr,https://www.seminaria.gr/seminars/item/2465-diaxeirisi-prosopikis-energeias-kai-xronou,2948,/capstor/scratch/cscs/fffoivos/runs/05_token_distillation_cpt/hplt_cleaning/05_hplt_cleaning_inventory_resume_20260605T165145Z/experiments/review_bundle_20260605T165151Z/docs/6434a03a58b09db7.txt,,[],,,,[],
rq_0134_a2631f4402,hplt::8_2.jsonl.zst::02ae58433b9091bb2ba97183d0758ab2,"[""precision_E007""]","[""candidate_error_E007""]","[""E006"", ""E007"", ""E015""]",quarantine,0.7477787418655097,8,justgamer.gr,https://justgamer.gr/tag/tetris-effect/,534,/capstor/scratch/cscs/fffoivos/runs/05_token_distillation_cpt/hplt_cleaning/05_hplt_cleaning_inventory_resume_20260605T165145Z/experiments/review_bundle_20260605T165151Z/docs/a2631f440279a873.txt,,[],,,,[],
rq_0135_b03c8bebd7,hplt::8_2.jsonl.zst::02e4b9db78b3875d475572f94078f0ae,"[""false_negative_control""]","[""global_random_no_candidate_error""]",[],keep,0.11323425336164189,8,www.batsioulas.gr,http://www.batsioulas.gr/product_info.php/products_id/49?sid=048c706cd983a3110c932660a0118a91,1413,/capstor/scratch/cscs/fffoivos/runs/05_token_distillation_cpt/hplt_cleaning/05_hplt_cleaning_inventory_resume_20260605T165145Z/experiments/review_bundle_20260605T165151Z/docs/b03c8bebd7a5ed3b.txt,,[],,,,[],
rq_0136_95c1ac5ac0,hplt::8_2.jsonl.zst::0383535068d013c0fd1554f15e39fcf3,"[""false_negative_control""]","[""global_random_no_candidate_error""]",[],keep,0.14831981460023175,8,docplayer.gr,http://docplayer.gr/5044833-Eupneysueni-shediasi-entyposiakes-dynatotites.html,6041,/capstor/scratch/cscs/fffoivos/runs/05_token_distillation_cpt/hplt_cleaning/05_hplt_cleaning_inventory_resume_20260605T165145Z/experiments/review_bundle_20260605T165151Z/docs/95c1ac5ac0b0b620.txt,,[],,,,[],
rq_0137_f0d1cec24d,hplt::8_2.jsonl.zst::04ceef8fc2ab35483df7aaf3b6917e56,"[""precision_E005""]","[""candidate_error_E005""]","[""E005""]",keep,0.37407407407407406,8,korydallosnews.gr,http://korydallosnews.gr/page/4/,4320,/capstor/scratch/cscs/fffoivos/runs/05_token_distillation_cpt/hplt_cleaning/05_hplt_cleaning_inventory_resume_20260605T165145Z/experiments/review_bundle_20260605T165151Z/docs/f0d1cec24d689185.txt,,[],,,,[],
rq_0138_7b7adf9e91,hplt::8_2.jsonl.zst::074fc040f2cec2744d61721fca8594b4,"[""false_negative_control""]","[""global_random_no_candidate_error""]",[],keep,0.2666604057099925,8,gr.ign.com,https://gr.ign.com/tv/118017/news/o-mcu-rolos-tou-giancarlo-esposito-tha-labei-ten-dike-tou-seira?utm_source=recirc,1926,/capstor/scratch/cscs/fffoivos/runs/05_token_distillation_cpt/hplt_cleaning/05_hplt_cleaning_inventory_resume_20260605T165145Z/experiments/review_bundle_20260605T165151Z/docs/7b7adf9e914bda55.txt,,[],,,,[],
rq_0139_c8f46c5708,hplt::8_2.jsonl.zst::0b5eb20dfb703d15b42b799ad7575ed8,"[""false_negative_control""]","[""global_random_no_candidate_error""]",[],keep,0.1735479356193142,8,hashimoto.gr,https://hashimoto.gr/tag/allergia-anixi/,1429,/capstor/scratch/cscs/fffoivos/runs/05_token_distillation_cpt/hplt_cleaning/05_hplt_cleaning_inventory_resume_20260605T165145Z/experiments/review_bundle_20260605T165151Z/docs/c8f46c57086de67b.txt,,[],,,,[],
rq_0140_ed0e0c0e36,hplt::8_2.jsonl.zst::0c04664b40d08843db625a64a291d5d3,"[""precision_E003"", ""precision_E004""]","[""candidate_error_E003"", ""candidate_error_E004""]","[""E003"", ""E004"", ""E005""]",quarantine,0.4444444444444444,8,dokuznews.com,https://dokuznews.com/3-%CE%BA%CE%B1%CE%BB%CF%85%CF%84%CE%B5%CF%81%CE%B5%CF%83-%CE%B9%CE%B4%CE%AD%CE%B5%CF%82-%CE%B5%CE%BE%CF%89%CF%84%CE%B5%CF%81%CE%B9%CE%BA%CE%BF%CF%8D-%CF%83%CF%87%CE%B5%CE%B4%CE%B9%CE%B1%CF%83%CE%BC/,9725,/capstor/scratch/cscs/fffoivos/runs/05_token_distillation_cpt/hplt_cleaning/05_hplt_cleaning_inventory_resume_20260605T165145Z/experiments/review_bundle_20260605T165151Z/docs/ed0e0c0e36b86a51.txt,,[],,,,[],
rq_0141_7e56dc5573,hplt::8_2.jsonl.zst::0c9f61c3cea183aeb6b6adb7ba0fc949,"[""precision_E004"", ""precision_E015""]","[""candidate_error_E004"", ""candidate_error_E015""]","[""E004"", ""E005"", ""E006"", ""E015""]",quarantine,0.5142857142857142,8,www.2happy.gr,https://www.2happy.gr/el/catalog/prin-tin-egkymosyni,9563,/capstor/scratch/cscs/fffoivos/runs/05_token_distillation_cpt/hplt_cleaning/05_hplt_cleaning_inventory_resume_20260605T165145Z/experiments/review_bundle_20260605T165151Z/docs/7e56dc5573908698.txt,,[],,,,[],
rq_0142_9e231f0663,hplt::8_2.jsonl.zst::0cba208ac0e11458e60711e90acf5c62,"[""precision_E006""]","[""candidate_error_E006""]","[""E006"", ""E007""]",trim_span,0.6112878787878788,8,has.gr,http://has.gr/products/-/-/brazilian-keratin,4682,/capstor/scratch/cscs/fffoivos/runs/05_token_distillation_cpt/hplt_cleaning/05_hplt_cleaning_inventory_resume_20260605T165145Z/experiments/review_bundle_20260605T165151Z/docs/9e231f066306ea1a.txt,,[],,,,[],
rq_0143_67ccb97c44,hplt::8_2.jsonl.zst::0cef0debb3702e74f8f24eb967a2a79c,"[""borderline_false_negative_probe""]","[""borderline_no_candidate_error""]",[],keep,0.23436274509803923,8,www.tsemperlidou.gr,https://www.tsemperlidou.gr/art-table/recipes/i-kalyteri-syntagi-gia-krouasan-voutyrou-me-tyri-krema-kai-marmelada-achladi,1818,/capstor/scratch/cscs/fffoivos/runs/05_token_distillation_cpt/hplt_cleaning/05_hplt_cleaning_inventory_resume_20260605T165145Z/experiments/review_bundle_20260605T165151Z/docs/67ccb97c4448ec24.txt,,[],,,,[],
rq_0144_558ce7e014,hplt::8_2.jsonl.zst::0ffd4f7b3a8235b40ad6b41ba0cb055c,"[""precision_E005"", ""precision_E015""]","[""candidate_error_E005"", ""candidate_error_E015""]","[""E005"", ""E015""]",quarantine,1.0,8,docplayer.gr,http://docplayer.gr/2388763-Tmima-istorias-arhaiologias.html,14354,/capstor/scratch/cscs/fffoivos/runs/05_token_distillation_cpt/hplt_cleaning/05_hplt_cleaning_inventory_resume_20260605T165145Z/experiments/review_bundle_20260605T165151Z/docs/558ce7e01458685c.txt,,[],,,,[],
rq_0145_c5cc22bf6b,hplt::8_2.jsonl.zst::1574a25cd8bd9d32ef84b7cbfd642980,"[""destructive_action_review""]","[""candidate_action_trim_span""]","[""E007"", ""E008""]",trim_span,0.6101785714285715,8,snapinst.com,https://snapinst.com/el/instagram-story-download,4442,/capstor/scratch/cscs/fffoivos/runs/05_token_distillation_cpt/hplt_cleaning/05_hplt_cleaning_inventory_resume_20260605T165145Z/experiments/review_bundle_20260605T165151Z/docs/c5cc22bf6b9712c2.txt,,[],,,,[],
rq_0146_82eff17ee3,hplt::8_2.jsonl.zst::15fa090eda2a96d9b4e1185b4a0fa4eb,"[""false_negative_control""]","[""global_random_no_candidate_error""]",[],keep,0.20923474329996772,8,www.life-news.gr,https://www.life-news.gr/2022/12/01/%CE%AC%CF%81%CE%B8%CF%81%CE%BF-%CF%83%CF%84-%CE%B3%CE%BA%CE%AF%CE%BA%CE%B1-%CF%83%CF%84%CE%B7%CE%BD-%CE%B5%CF%86%CE%B7%CE%BC%CE%B5%CF%81%CE%AF%CE%B4%CE%B1-%CF%84%CE%B1-%CE%BD%CE%B5%CE%B1/,3097,/capstor/scratch/cscs/fffoivos/runs/05_token_distillation_cpt/hplt_cleaning/05_hplt_cleaning_inventory_resume_20260605T165145Z/experiments/review_bundle_20260605T165151Z/docs/82eff17ee361d9cf.txt,,[],,,,[],
rq_0147_499b838251,hplt::8_2.jsonl.zst::175dbe1038ebbc7ced8f7870c8ab8a05,"[""false_negative_control""]","[""global_random_no_candidate_error""]",[],keep,0.2267979707549985,8,simplylife.gr,https://simplylife.gr/pages/anakuklwsh/article/id/51,3351,/capstor/scratch/cscs/fffoivos/runs/05_token_distillation_cpt/hplt_cleaning/05_hplt_cleaning_inventory_resume_20260605T165145Z/experiments/review_bundle_20260605T165151Z/docs/499b838251aec47e.txt,,[],,,,[],
rq_0148_7fbd48b2cb,hplt::8_2.jsonl.zst::190edfb2dfe596a9148220d9c4837fe5,"[""borderline_false_negative_probe""]","[""borderline_no_candidate_error""]",[],keep,0.2492753623188406,8,panagiotisandriopoulos.blogspot.com,http://panagiotisandriopoulos.blogspot.com/2015/03/blog-post_21.html,1380,/capstor/scratch/cscs/fffoivos/runs/05_token_distillation_cpt/hplt_cleaning/05_hplt_cleaning_inventory_resume_20260605T165145Z/experiments/review_bundle_20260605T165151Z/docs/7fbd48b2cb93bc25.txt,,[],,,,[],
rq_0149_7f5e8ba7f1,hplt::8_2.jsonl.zst::1b7bf0be4d695f7071fb17716921e2b9,"[""precision_E006""]","[""candidate_error_E006""]","[""E006"", ""E007""]",quarantine,0.5920833333333333,8,old.sportshero.gr,http://old.sportshero.gr/polo/6717-2011-12-21-15-52-19.html,1269,/capstor/scratch/cscs/fffoivos/runs/05_token_distillation_cpt/hplt_cleaning/05_hplt_cleaning_inventory_resume_20260605T165145Z/experiments/review_bundle_20260605T165151Z/docs/7f5e8ba7f15b3f14.txt,,[],,,,[],
rq_0150_b028cac623,hplt::8_2.jsonl.zst::1cbce68f58a7a615bafde87edd11889b,"[""precision_E013"", ""precision_E018""]","[""candidate_error_E013"", ""candidate_error_E018""]","[""E013"", ""E018""]",keep,0.42,8,www.mplokia.gr,http://www.mplokia.gr/?p=5470,6838,/capstor/scratch/cscs/fffoivos/runs/05_token_distillation_cpt/hplt_cleaning/05_hplt_cleaning_inventory_resume_20260605T165145Z/experiments/review_bundle_20260605T165151Z/docs/b028cac623b022a7.txt,,[],,,,[],
rq_0151_a0e1dd5c50,hplt::8_2.jsonl.zst::21854ffa4d34a50e749dd34f654bcb55,"[""false_negative_control""]","[""global_random_no_candidate_error""]",[],keep,0.18562253987984256,8,matiastanea.gr,http://matiastanea.gr/gr/search/%CF%80%CE%AC%CF%84%CF%81%CE%B1,4827,/capstor/scratch/cscs/fffoivos/runs/05_token_distillation_cpt/hplt_cleaning/05_hplt_cleaning_inventory_resume_20260605T165145Z/experiments/review_bundle_20260605T165151Z/docs/a0e1dd5c50dcfd3e.txt,,[],,,,[],
rq_0152_455ce2821b,hplt::8_2.jsonl.zst::234d775b0bb4548d28f1b26818e05711,"[""false_negative_control""]","[""global_random_no_candidate_error""]",[],keep,0.23219814241486067,8,xeimmarrwdhsarmonia.blogspot.com,http://xeimmarrwdhsarmonia.blogspot.com/2011/09/eiath.html,2584,/capstor/scratch/cscs/fffoivos/runs/05_token_distillation_cpt/hplt_cleaning/05_hplt_cleaning_inventory_resume_20260605T165145Z/experiments/review_bundle_20260605T165151Z/docs/455ce2821b8756ef.txt,,[],,,,[],
rq_0153_dc9fa9eeea,hplt::8_2.jsonl.zst::25b4a5b5de4273e799ea824cc7fcce63,"[""precision_E008""]","[""candidate_error_E008""]","[""E005"", ""E006"", ""E008"", ""E009""]",keep,0.418389502501652,8,openfreesyndicate.wordpress.com,https://openfreesyndicate.wordpress.com/category/%CF%84%CE%BF-%CF%83%CF%8D%CE%BD%CE%B7%CE%B8%CE%B5%CF%82-%CF%80%CE%B1%CF%81%CE%AC%CE%BB%CE%BF%CE%B3%CE%BF/,10593,/capstor/scratch/cscs/fffoivos/runs/05_token_distillation_cpt/hplt_cleaning/05_hplt_cleaning_inventory_resume_20260605T165145Z/experiments/review_bundle_20260605T165151Z/docs/dc9fa9eeea30dc19.txt,,[],,,,[],
rq_0154_422071db42,hplt::8_2.jsonl.zst::281778e1a54ec6e390034f342e9a5ed5,"[""borderline_false_negative_probe""]","[""borderline_no_candidate_error""]",[],keep,0.2657625329815302,8,lyvo.website,https://lyvo.website/%CF%80%CF%81%CE%BF%CF%82-%CF%80%CF%8E%CE%BB%CE%B7%CF%83%CE%B7-satin-amr-green-aston-martin-vantage-f1-edition-roadster/,1788,/capstor/scratch/cscs/fffoivos/runs/05_token_distillation_cpt/hplt_cleaning/05_hplt_cleaning_inventory_resume_20260605T165145Z/experiments/review_bundle_20260605T165151Z/docs/422071db42f8d4e9.txt,,[],,,,[],
rq_0155_60b772ffa8,hplt::8_2.jsonl.zst::28c645078fdf5642fc38a67e08ddc077,"[""false_negative_control""]","[""global_random_no_candidate_error""]",[],keep,0.16374269005847952,8,www.tlife.gr,http://www.tlife.gr/news/9/Natasa-Kalogridi-Exei-to-pio-seksi-kai-anatreptiko-instagram-poy-exeis-dei-pote-vidpics/0-130400,684,/capstor/scratch/cscs/fffoivos/runs/05_token_distillation_cpt/hplt_cleaning/05_hplt_cleaning_inventory_resume_20260605T165145Z/experiments/review_bundle_20260605T165151Z/docs/60b772ffa86c2262.txt,,[],,,,[],
rq_0156_3fc1e3ed22,hplt::8_2.jsonl.zst::2b27f06b7d09c05c48e65dc385ef24cf,"[""destructive_action_review""]","[""candidate_action_trim_span""]","[""E006"", ""E007"", ""E009""]",trim_span,0.6262500000000001,8,blogs.sch.gr,https://blogs.sch.gr/1dimaigin/archives/author/1dimaigin,2533,/capstor/scratch/cscs/fffoivos/runs/05_token_distillation_cpt/hplt_cleaning/05_hplt_cleaning_inventory_resume_20260605T165145Z/experiments/review_bundle_20260605T165151Z/docs/3fc1e3ed22783d61.txt,,[],,,,[],
rq_0157_11fb5d6b7d,hplt::8_2.jsonl.zst::2d5e288a99db4cb0db6e1ba4ff3f05c5,"[""false_negative_control""]","[""global_random_no_candidate_error""]",[],keep,0.12326656394453005,8,lawnet.gr,https://lawnet.gr/law-news/dikeo-technologia/suzitisi-sto-kogkreso-gia-nomimotita-programmaton-p2p/,1298,/capstor/scratch/cscs/fffoivos/runs/05_token_distillation_cpt/hplt_cleaning/05_hplt_cleaning_inventory_resume_20260605T165145Z/experiments/review_bundle_20260605T165151Z/docs/11fb5d6b7dea0b61.txt,,[],,,,[],
rq_0158_0500eddd71,hplt::8_2.jsonl.zst::2d7b03c781b4cee76dd97876907b6001,"[""precision_E005""]","[""candidate_error_E005""]","[""E005""]",keep,0.44232602478551003,8,dou.gr,http://dou.gr/article.php?a=11087302,3147,/capstor/scratch/cscs/fffoivos/runs/05_token_distillation_cpt/hplt_cleaning/05_hplt_cleaning_inventory_resume_20260605T165145Z/experiments/review_bundle_20260605T165151Z/docs/0500eddd71d488c5.txt,,[],,,,[],
rq_0159_7c88f7d05e,hplt::8_2.jsonl.zst::2f24e42916e2689a7edba88617ec15e3,"[""precision_E015""]","[""candidate_error_E015""]","[""E015""]",quarantine,0.9855977011494252,8,www.rockrooster.gr,https://www.rockrooster.gr/parkway-drive-european-tour-2024-kickoff/,758,/capstor/scratch/cscs/fffoivos/runs/05_token_distillation_cpt/hplt_cleaning/05_hplt_cleaning_inventory_resume_20260605T165145Z/experiments/review_bundle_20260605T165151Z/docs/7c88f7d05ed4bdf6.txt,,[],,,,[],
rq_0160_2fa1f57d29,hplt::8_2.jsonl.zst::30f64cdd2404d480369cd313f4b657af,"[""borderline_false_negative_probe""]","[""borderline_no_candidate_error""]",[],keep,0.23503584229390678,8,athlitikianaskopisi.gr,https://athlitikianaskopisi.gr/%CE%BC%CF%80%CE%AC%CE%BC%CF%80%CE%B7%CF%82-%CE%B2%CE%BF%CF%85%CE%BD%CE%BF%CF%84%CF%81%CF%85%CF%80%CE%AF%CE%B4%CE%B7%CF%82-%CF%84%CE%BF-%CF%80%CF%81%CF%8C%CF%83%CF%89%CF%80%CE%BF-%CF%84%CE%BF%CF%85/,689,/capstor/scratch/cscs/fffoivos/runs/05_token_distillation_cpt/hplt_cleaning/05_hplt_cleaning_inventory_resume_20260605T165145Z/experiments/review_bundle_20260605T165151Z/docs/2fa1f57d292442ac.txt,,[],,,,[],
rq_0161_84152421c1,hplt::8_2.jsonl.zst::3127fd046c448c840a91c749375a6e1c,"[""false_negative_control""]","[""global_random_no_candidate_error""]",[],keep,0.1543026706231454,8,www.lawandorder.gr,https://www.lawandorder.gr/Article/143880/limeniko/nekros-48chronos-ergazomenos-se-ichthuokalliergeia-stin-aitoloakarnania,674,/capstor/scratch/cscs/fffoivos/runs/05_token_distillation_cpt/hplt_cleaning/05_hplt_cleaning_inventory_resume_20260605T165145Z/experiments/review_bundle_20260605T165151Z/docs/84152421c12dc8aa.txt,,[],,,,[],
rq_0162_450ff8eb36,hplt::8_2.jsonl.zst::316815f2c96bbd4489836078ad780536,"[""borderline_false_negative_probe""]","[""borderline_no_candidate_error""]",[],keep,0.24588487155090394,8,www.pestaola.gr,http://www.pestaola.gr/fotofinder-handyscope-dermatoscope/,1513,/capstor/scratch/cscs/fffoivos/runs/05_token_distillation_cpt/hplt_cleaning/05_hplt_cleaning_inventory_resume_20260605T165145Z/experiments/review_bundle_20260605T165151Z/docs/450ff8eb36359a4e.txt,,[],,,,[],
rq_0163_887369da95,hplt::8_2.jsonl.zst::317b7fe9c550b3e10765fda0cd51b1f4,"[""destructive_action_review""]","[""candidate_action_drop_doc""]","[""E005"", ""E014""]",drop_doc,0.9830444735120993,8,www.frontpages.gr,https://www.frontpages.gr/d/20160113/57/%CE%A6%CF%89%CF%82,4051,/capstor/scratch/cscs/fffoivos/runs/05_token_distillation_cpt/hplt_cleaning/05_hplt_cleaning_inventory_resume_20260605T165145Z/experiments/review_bundle_20260605T165151Z/docs/887369da95c52bd9.txt,,[],,,,[],
rq_0164_66ae15fb79,hplt::8_2.jsonl.zst::33d70e7e5a50561d80a94cee5d845935,"[""precision_E011"", ""precision_E012""]","[""candidate_error_E011"", ""candidate_error_E012""]","[""E011"", ""E012""]",quarantine,0.6115229166666667,8,youpayyourcrisis.blogspot.be,http://youpayyourcrisis.blogspot.be/2010/07/blog-post_7241.html,58354,/capstor/scratch/cscs/fffoivos/runs/05_token_distillation_cpt/hplt_cleaning/05_hplt_cleaning_inventory_resume_20260605T165145Z/experiments/review_bundle_20260605T165151Z/docs/66ae15fb79bc790b.txt,,[],,,,[],
rq_0165_c4608f10eb,hplt::8_2.jsonl.zst::346a69b6f589823e829fc11a404e52c6,"[""destructive_action_review""]","[""candidate_action_trim_span""]","[""E006"", ""E007""]",trim_span,0.6270833333333333,8,lydiapsaradelli.gr,https://lydiapsaradelli.gr/courses/social-media-marketing-internet-power-icon/,1761,/capstor/scratch/cscs/fffoivos/runs/05_token_distillation_cpt/hplt_cleaning/05_hplt_cleaning_inventory_resume_20260605T165145Z/experiments/review_bundle_20260605T165151Z/docs/c4608f10ebd5d45e.txt,,[],,,,[],
rq_0166_93f5c793c3,hplt::8_2.jsonl.zst::34a3fd22768d20baf3de087b84bcc9b2,"[""borderline_false_negative_probe""]","[""borderline_no_candidate_error""]",[],keep,0.34068753206772706,8,www.libre.gr,https://www.libre.gr/chathike-to-sure-agonia-gia-tin-ekrixi-aner/,1949,/capstor/scratch/cscs/fffoivos/runs/05_token_distillation_cpt/hplt_cleaning/05_hplt_cleaning_inventory_resume_20260605T165145Z/experiments/review_bundle_20260605T165151Z/docs/93f5c793c3e96a08.txt,,[],,,,[],
rq_0167_deb6f0b3e1,hplt::8_2.jsonl.zst::36c13d62dca7ea9f40fdff67036d945c,"[""borderline_false_negative_probe""]","[""borderline_no_candidate_error""]",[],keep,0.25308641975308643,8,vezos.gr,http://vezos.gr/airless-mixanimata-vezos-tips.html?start=4,1296,/capstor/scratch/cscs/fffoivos/runs/05_token_distillation_cpt/hplt_cleaning/05_hplt_cleaning_inventory_resume_20260605T165145Z/experiments/review_bundle_20260605T165151Z/docs/deb6f0b3e11ea232.txt,,[],,,,[],
rq_0168_c1458d09e1,hplt::8_2.jsonl.zst::3810d73180384a6322ac4ce6085b9ed8,"[""precision_E005""]","[""candidate_error_E005""]","[""E005""]",keep,0.39936786959063064,8,sarantakos.wordpress.com,https://sarantakos.wordpress.com/2019/03/28/scuffia/,92386,/capstor/scratch/cscs/fffoivos/runs/05_token_distillation_cpt/hplt_cleaning/05_hplt_cleaning_inventory_resume_20260605T165145Z/experiments/review_bundle_20260605T165151Z/docs/c1458d09e167f014.txt,,[],,,,[],
rq_0169_de30c0444b,hplt::8_2.jsonl.zst::38e10eae078a6e181f9f42e970c5bfc6,"[""false_negative_control""]","[""global_random_no_candidate_error""]",[],keep,0.18024578971324534,8,newsnea.com,http://newsnea.com/kosmos?page=8,4394,/capstor/scratch/cscs/fffoivos/runs/05_token_distillation_cpt/hplt_cleaning/05_hplt_cleaning_inventory_resume_20260605T165145Z/experiments/review_bundle_20260605T165151Z/docs/de30c0444bc0787d.txt,,[],,,,[],
rq_0170_bb6cba1f7d,hplt::8_2.jsonl.zst::3b61acaa58ae641b71b805a275ee5e7e,"[""borderline_false_negative_probe""]","[""borderline_no_candidate_error""]",[],keep,0.30291176470588227,8,www.likelarissa.gr,http://www.likelarissa.gr/news/category/%cf%84%ce%b5%cf%87%ce%bd%ce%bf%ce%bb%ce%bf%ce%b3%ce%af%ce%b1/web/,792,/capstor/scratch/cscs/fffoivos/runs/05_token_distillation_cpt/hplt_cleaning/05_hplt_cleaning_inventory_resume_20260605T165145Z/experiments/review_bundle_20260605T165151Z/docs/bb6cba1f7d65d9c5.txt,,[],,,,[],
rq_0171_9e1ba69b53,hplt::8_2.jsonl.zst::3bdf2278212ab6ece6279b5bd88aae04,"[""false_negative_control""]","[""global_random_no_candidate_error""]",[],keep,0.13668341708542714,8,envisol.gr,http://envisol.gr/index.php/el/about-us-gr,995,/capstor/scratch/cscs/fffoivos/runs/05_token_distillation_cpt/hplt_cleaning/05_hplt_cleaning_inventory_resume_20260605T165145Z/experiments/review_bundle_20260605T165151Z/docs/9e1ba69b53181f91.txt,,[],,,,[],
rq_0172_04c0f049d4,hplt::8_2.jsonl.zst::3e17012aed9cbb0da39c74d237605640,"[""borderline_false_negative_probe""]","[""borderline_no_candidate_error""]",[],keep,0.2567099567099567,8,pameathlitika.gr,https://pameathlitika.gr/uncategorized/42672/%CE%BA%CE%AD%CF%81%CE%B4%CE%B9%CF%83%CE%B5-%CF%80%CF%81%CE%B9%CE%BD-%CF%84%CE%BF%CE%BD-%CF%84%CE%B5%CE%BB%CE%B9%CE%BA%CF%8C-%CE%BC%CE%B5-%CF%84%CE%B7%CE%BD-%CE%B3%CE%BF%CF%85%CE%BB%CE%B2/,1149,/capstor/scratch/cscs/fffoivos/runs/05_token_distillation_cpt/hplt_cleaning/05_hplt_cleaning_inventory_resume_20260605T165145Z/experiments/review_bundle_20260605T165151Z/docs/04c0f049d40f5290.txt,,[],,,,[],
rq_0173_fe77c2bd2b,hplt::8_2.jsonl.zst::3f50e5e3c63eb2fd56e498c2292d5d80,"[""borderline_false_negative_probe""]","[""borderline_no_candidate_error""]",[],keep,0.2975206611570248,8,pepper.redplanet.gr,http://pepper.redplanet.gr/2011/06/%ce%b3%ce%b5%ce%b9%ce%b1-%cf%83%ce%bf%cf%85-%ce%bb%ce%ad%cf%84%ce%bf-%ce%b3%ce%bb%ce%b5%ce%bd%cf%84%ce%b6%ce%ad/,968,/capstor/scratch/cscs/fffoivos/runs/05_token_distillation_cpt/hplt_cleaning/05_hplt_cleaning_inventory_resume_20260605T165145Z/experiments/review_bundle_20260605T165151Z/docs/fe77c2bd2b82209a.txt,,[],,,,[],
rq_0174_bc4d3ec6e2,hplt::8_2.jsonl.zst::3fd4c887d9fbf2da1735dd473af284ee,"[""precision_E009""]","[""candidate_error_E009""]","[""E005"", ""E006"", ""E007"", ""E009""]",trim_span,0.6934577922077921,8,www.foulscode.com,https://www.foulscode.com/2015/12/blog-post_87.html,5039,/capstor/scratch/cscs/fffoivos/runs/05_token_distillation_cpt/hplt_cleaning/05_hplt_cleaning_inventory_resume_20260605T165145Z/experiments/review_bundle_20260605T165151Z/docs/bc4d3ec6e2ba868f.txt,,[],,,,[],
rq_0175_67d400d365,hplt::8_2.jsonl.zst::46978217bf7b4913e7752799508e754b,"[""precision_E014""]","[""candidate_error_E014""]","[""E006"", ""E007"", ""E014"", ""E015""]",quarantine,1.0,8,justgamer.gr,https://justgamer.gr/tag/soulstorm/,511,/capstor/scratch/cscs/fffoivos/runs/05_token_distillation_cpt/hplt_cleaning/05_hplt_cleaning_inventory_resume_20260605T165145Z/experiments/review_bundle_20260605T165151Z/docs/67d400d365e78544.txt,,[],,,,[],
rq_0176_3188698478,hplt::8_2.jsonl.zst::46bbf0ca8a38598bc3af129556393a59,"[""destructive_action_review""]","[""candidate_action_trim_span""]","[""E006"", ""E007"", ""E009"", ""E015""]",trim_span,0.6152100966444565,8,www.thelab.gr,https://www.thelab.gr/tags/80plus%20gold/,17276,/capstor/scratch/cscs/fffoivos/runs/05_token_distillation_cpt/hplt_cleaning/05_hplt_cleaning_inventory_resume_20260605T165145Z/experiments/review_bundle_20260605T165151Z/docs/3188698478a7ad1b.txt,,[],,,,[],
rq_0177_68a4216684,hplt::8_2.jsonl.zst::497f22a5cd550707e38062874985b4f5,"[""destructive_action_review"", ""precision_E006"", ""precision_E007""]","[""candidate_action_trim_span"", ""candidate_error_E006"", ""candidate_error_E007""]","[""E006"", ""E007""]",trim_span,0.7694605880742318,8,hold.gr,http://hold.gr/services,19694,/capstor/scratch/cscs/fffoivos/runs/05_token_distillation_cpt/hplt_cleaning/05_hplt_cleaning_inventory_resume_20260605T165145Z/experiments/review_bundle_20260605T165151Z/docs/68a4216684c2b0d1.txt,,[],,,,[],
rq_0178_35b1154600,hplt::8_2.jsonl.zst::49c4b660d1960b1c9a1d30b4c8e124f7,"[""false_negative_control""]","[""global_random_no_candidate_error""]",[],keep,0.12651162790697673,8,news24plus.blogspot.gr,http://news24plus.blogspot.gr/2011/06/facebook_7426.html,1075,/capstor/scratch/cscs/fffoivos/runs/05_token_distillation_cpt/hplt_cleaning/05_hplt_cleaning_inventory_resume_20260605T165145Z/experiments/review_bundle_20260605T165151Z/docs/35b1154600c8ccea.txt,,[],,,,[],
rq_0179_349ab25fff,hplt::8_2.jsonl.zst::4a1f1996c6a0018347a126142fcc3388,"[""precision_E005""]","[""candidate_error_E005""]","[""E005""]",quarantine,0.5647058823529412,8,astrofegia.wordpress.com,https://astrofegia.wordpress.com/2012/05/06/the-rooster-and-the-pig/,340,/capstor/scratch/cscs/fffoivos/runs/05_token_distillation_cpt/hplt_cleaning/05_hplt_cleaning_inventory_resume_20260605T165145Z/experiments/review_bundle_20260605T165151Z/docs/349ab25fff6a1059.txt,,[],,,,[],
rq_0180_feaa940b34,hplt::8_2.jsonl.zst::4ba49265306d9404a552209d479b008e,"[""false_negative_control""]","[""global_random_no_candidate_error""]",[],keep,0.1010689990281827,8,greveniotis.gr,https://greveniotis.gr/ekloges/avtodioikitikes-2023/dimotikes-ekloges-anakoinosi-stirixis-menelaou-papaioannou-ston-kyriako-tataridi/,1029,/capstor/scratch/cscs/fffoivos/runs/05_token_distillation_cpt/hplt_cleaning/05_hplt_cleaning_inventory_resume_20260605T165145Z/experiments/review_bundle_20260605T165151Z/docs/feaa940b340a561a.txt,,[],,,,[],
rq_0181_3bf5842af6,hplt::8_2.jsonl.zst::4cec66c17804ba64fb7c884b7ff00159,"[""destructive_action_review"", ""precision_E015""]","[""candidate_action_trim_span"", ""candidate_error_E015""]","[""E006"", ""E007"", ""E015""]",trim_span,0.728163947163947,8,mad.tv,http://mad.tv/%CE%BD%CE%AD%CE%BF-album-%CE%B1%CF%80%CF%8C-%CF%84%CE%BF%CF%85%CF%82-white-lies/,1665,/capstor/scratch/cscs/fffoivos/runs/05_token_distillation_cpt/hplt_cleaning/05_hplt_cleaning_inventory_resume_20260605T165145Z/experiments/review_bundle_20260605T165151Z/docs/3bf5842af66d8f0a.txt,,[],,,,[],
rq_0182_1fb6ecebe9,hplt::8_2.jsonl.zst::4d209a866c89ef60ec54cf942a4eb917,"[""borderline_false_negative_probe""]","[""borderline_no_candidate_error""]",[],keep,0.3247232472324723,8,boro.gr,https://boro.gr/category/omorfia/page/3/,813,/capstor/scratch/cscs/fffoivos/runs/05_token_distillation_cpt/hplt_cleaning/05_hplt_cleaning_inventory_resume_20260605T165145Z/experiments/review_bundle_20260605T165151Z/docs/1fb6ecebe95fa3ce.txt,,[],,,,[],
rq_0183_09a49bfa38,hplt::8_2.jsonl.zst::4d59d1f9afa423d4cb1fad06667386d4,"[""false_negative_control""]","[""global_random_no_candidate_error""]",[],keep,0.2363919129082426,8,www.onsports.gr,http://www.onsports.gr/onsports-tv/story/465336/pas-giannina-panionios-1-3-ta-gkol-kai-oi-kalyteres-faseis-video,643,/capstor/scratch/cscs/fffoivos/runs/05_token_distillation_cpt/hplt_cleaning/05_hplt_cleaning_inventory_resume_20260605T165145Z/experiments/review_bundle_20260605T165151Z/docs/09a49bfa38574742.txt,,[],,,,[],
rq_0184_42809b38fd,hplt::8_2.jsonl.zst::50d25aab744ee62515c7b5740892dfb1,"[""precision_E005""]","[""candidate_error_E005""]","[""E005"", ""E014"", ""E015""]",quarantine,1.0,8,www.individualartleather.com,https://www.individualartleather.com/post/%CE%B7-%CE%B5%CE%BC%CF%86%CE%AC%CE%BD%CE%B9%CF%83%CE%B7-%CF%84%CE%B7%CF%82-%CF%86%CE%B1%CE%AF%CE%B7%CF%82-%CF%83%CF%84%CE%BF-%CF%80%CF%81%CF%891%CE%BD%CF%8C-18-12-%CF%86%CE%BF%CF%81%CF%8E%CE%BD%CF%84%CE%B1%CF%82-%CF%84%CE%B7-%CE%B4%CE%B5%CF%81%CE%BC%CE%AC%CF%84%CE%B9%CE%BD%CE%B7-%CE%B6%CF%8E%CE%BD%CE%B7-freedom,99,/capstor/scratch/cscs/fffoivos/runs/05_token_distillation_cpt/hplt_cleaning/05_hplt_cleaning_inventory_resume_20260605T165145Z/experiments/review_bundle_20260605T165151Z/docs/42809b38fdc6d1f5.txt,,[],,,,[],
rq_0185_131eebdffd,hplt::8_2.jsonl.zst::51b42f03b761187bef2c3fd93cad0575,"[""borderline_false_negative_probe""]","[""borderline_no_candidate_error""]",[],keep,0.23713017751479287,8,www.zarpanews.gr,https://www.zarpanews.gr/%CE%BF-%CE%B1%CE%B3%CF%8E%CE%BD%CE%B1%CF%82-%CF%84%CE%B7%CF%82-%CE%BC%CE%AC%CE%BD%CE%B1%CF%82-%CE%BD%CE%B1-%CE%B2%CE%AC%CE%BB%CE%B5%CE%B9-%CF%84%CE%B1-%CE%B4%CE%AF%CE%B4%CF%85%CE%BC%CE%B1-%CE%B3%CE%B9/,1054,/capstor/scratch/cscs/fffoivos/runs/05_token_distillation_cpt/hplt_cleaning/05_hplt_cleaning_inventory_resume_20260605T165145Z/experiments/review_bundle_20260605T165151Z/docs/131eebdffde69456.txt,,[],,,,[],
rq_0186_fc17580643,hplt::8_2.jsonl.zst::52460d7a0e84b3a13e95e30a4110bff5,"[""false_negative_control""]","[""global_random_no_candidate_error""]",[],keep,0.1659983633387889,8,www.agrofyllida.gr,http://www.agrofyllida.gr/new/1681,742,/capstor/scratch/cscs/fffoivos/runs/05_token_distillation_cpt/hplt_cleaning/05_hplt_cleaning_inventory_resume_20260605T165145Z/experiments/review_bundle_20260605T165151Z/docs/fc175806434c0048.txt,,[],,,,[],
rq_0187_04048fcfda,hplt::8_2.jsonl.zst::52c4685fa7485b6b19a360cfdc7b4e18,"[""false_negative_control""]","[""global_random_no_candidate_error""]",[],keep,0.09977324263038549,8,re-union.gr,https://re-union.gr/2022/08/09/,882,/capstor/scratch/cscs/fffoivos/runs/05_token_distillation_cpt/hplt_cleaning/05_hplt_cleaning_inventory_resume_20260605T165145Z/experiments/review_bundle_20260605T165151Z/docs/04048fcfda25e2ab.txt,,[],,,,[],
rq_0188_5c43fd051e,hplt::8_2.jsonl.zst::535c011e4c69ab9ad49c49c4fcd28fa7,"[""borderline_false_negative_probe""]","[""borderline_no_candidate_error""]",[],keep,0.23768096054888488,8,unboxholics.com,https://unboxholics.com/anime-comic-news/35616-erxetai-neo-fate-anime,688,/capstor/scratch/cscs/fffoivos/runs/05_token_distillation_cpt/hplt_cleaning/05_hplt_cleaning_inventory_resume_20260605T165145Z/experiments/review_bundle_20260605T165151Z/docs/5c43fd051ec15086.txt,,[],,,,[],
rq_0189_11ecb5768b,hplt::8_2.jsonl.zst::53abd9d6e75fdc06e324742924046735,"[""false_negative_control""]","[""global_random_no_candidate_error""]",[],keep,0.22348484848484848,8,www.youweekly.gr,https://www.youweekly.gr/article/news/709924-pali-na-poyme-gia-thn-ilenia-fanera-ekneyrismenos-o-dhmhtrhs-oyggarezos-me-erwthsh-dhmosiografoy,2112,/capstor/scratch/cscs/fffoivos/runs/05_token_distillation_cpt/hplt_cleaning/05_hplt_cleaning_inventory_resume_20260605T165145Z/experiments/review_bundle_20260605T165151Z/docs/11ecb5768b23abf9.txt,,[],,,,[],
rq_0190_0702844856,hplt::8_2.jsonl.zst::59a684f60ec1f4d47e608b0f6c9c6e4e,"[""precision_E011"", ""precision_E012""]","[""candidate_error_E011"", ""candidate_error_E012""]","[""E011"", ""E012""]",keep,0.38453958333333327,8,press-gr.blogspot.gr,http://press-gr.blogspot.gr/2008/05/blog-post_4304.html,14386,/capstor/scratch/cscs/fffoivos/runs/05_token_distillation_cpt/hplt_cleaning/05_hplt_cleaning_inventory_resume_20260605T165145Z/experiments/review_bundle_20260605T165151Z/docs/0702844856bb7b31.txt,,[],,,,[],
rq_0191_3fc32caaa6,hplt::8_2.jsonl.zst::5a38b1728e650135218cdeaed4297202,"[""false_negative_control""]","[""global_random_no_candidate_error""]",[],keep,0.2112,8,voicenews.gr,https://voicenews.gr/natalia-germanou-ti-leei-gia-ta-symvolaia-ton-synergaton-tis/,1250,/capstor/scratch/cscs/fffoivos/runs/05_token_distillation_cpt/hplt_cleaning/05_hplt_cleaning_inventory_resume_20260605T165145Z/experiments/review_bundle_20260605T165151Z/docs/3fc32caaa6f89cf1.txt,,[],,,,[],
rq_0192_b0c96f3e66,hplt::8_2.jsonl.zst::5d387bbd781e875a45c46ae326c320f5,"[""false_negative_control""]","[""global_random_no_candidate_error""]",[],keep,0.128,8,www.autoblog.gr,https://www.autoblog.gr/2016/03/27/kleftes-arpazoyn-8-aytokinhta-apo-antiproswpeia/,625,/capstor/scratch/cscs/fffoivos/runs/05_token_distillation_cpt/hplt_cleaning/05_hplt_cleaning_inventory_resume_20260605T165145Z/experiments/review_bundle_20260605T165151Z/docs/b0c96f3e66957976.txt,,[],,,,[],
rq_0193_2e5e9b9f49,hplt::8_2.jsonl.zst::5f3f7cc9fc058c1b7e8348236abffb6f,"[""borderline_false_negative_probe""]","[""borderline_no_candidate_error""]",[],keep,0.3005555555555555,8,mahalsa.gr,https://mahalsa.gr/%CF%84%CE%BF-%CE%B7%CE%BB%CE%B5%CE%BA%CF%84%CF%81%CE%B9%CE%BA%CF%8C-mountain-bike-%CF%84%CE%B7%CF%82-harley-davidson-%CE%B4%CE%B5%CE%BD-%CE%AD%CF%87%CE%B5%CE%B9-%CE%B1%CE%BD%CE%AC%CF%81%CF%84%CE%B7/,1599,/capstor/scratch/cscs/fffoivos/runs/05_token_distillation_cpt/hplt_cleaning/05_hplt_cleaning_inventory_resume_20260605T165145Z/experiments/review_bundle_20260605T165151Z/docs/2e5e9b9f49705b0d.txt,,[],,,,[],
rq_0194_f185e488fe,hplt::8_2.jsonl.zst::5f6ac2d82ea9ea7d9adb2b9f80be9b55,"[""false_negative_control""]","[""global_random_no_candidate_error""]",[],keep,0.1351947097722263,8,www.thepaper.gr,http://www.thepaper.gr/tourkolias-diathesi-5-dis-evro-stin-ikonomia-to-2015/,2722,/capstor/scratch/cscs/fffoivos/runs/05_token_distillation_cpt/hplt_cleaning/05_hplt_cleaning_inventory_resume_20260605T165145Z/experiments/review_bundle_20260605T165151Z/docs/f185e488fe671b75.txt,,[],,,,[],
rq_0195_18cdb35cb8,hplt::8_2.jsonl.zst::5fb45a86d964b255b8c32120a6a0ab7c,"[""precision_E006""]","[""candidate_error_E006""]","[""E006"", ""E015""]",keep,0.4197860696517412,8,www.tvtrip.gr,http://www.tvtrip.gr/Golf-%CE%BA%CE%B1%CE%B9-%CE%AC%CE%BB%CE%BB%CE%B1-%CF%83%CF%80%CE%BF%CF%81+13-info/Divers-Club-Marathon-Bay+u1C4gm,5887,/capstor/scratch/cscs/fffoivos/runs/05_token_distillation_cpt/hplt_cleaning/05_hplt_cleaning_inventory_resume_20260605T165145Z/experiments/review_bundle_20260605T165151Z/docs/18cdb35cb86ef3b8.txt,,[],,,,[],
rq_0196_67683411b6,hplt::8_2.jsonl.zst::60a660b1d3d34e050f277b9b7db3dc33,"[""false_negative_control""]","[""global_random_no_candidate_error""]",[],keep,0.15509693558474047,8,sportime-admin.sigmalive.com,https://sportime-admin.sigmalive.com/podosfairo/kypros/a-katigoria/221689_to-diplo-htypima-i-dipli-zimia-kai-i-anagkastiki-premiera,1599,/capstor/scratch/cscs/fffoivos/runs/05_token_distillation_cpt/hplt_cleaning/05_hplt_cleaning_inventory_resume_20260605T165145Z/experiments/review_bundle_20260605T165151Z/docs/67683411b6acbbad.txt,,[],,,,[],
rq_0197_f982a518b4,hplt::8_2.jsonl.zst::61f87f401300266c410df19134516a6c,"[""precision_E009""]","[""candidate_error_E009""]","[""E006"", ""E007"", ""E009""]",trim_span,0.6016666666666667,8,www.gkachrimanis.gr,https://www.gkachrimanis.gr/author/gkachri26_m3jp3smm/page/3/,1560,/capstor/scratch/cscs/fffoivos/runs/05_token_distillation_cpt/hplt_cleaning/05_hplt_cleaning_inventory_resume_20260605T165145Z/experiments/review_bundle_20260605T165151Z/docs/f982a518b486c972.txt,,[],,,,[],
rq_0198_71054ea827,hplt::8_2.jsonl.zst::66266b9eb0a4d32bc90b0e265fe19277,"[""precision_E005""]","[""candidate_error_E005""]","[""E005""]",quarantine,0.5459764793036392,8,alittlesomethingofus.wordpress.com,https://alittlesomethingofus.wordpress.com/2013/04/24/%C2%A8%CE%B1%CE%BB%CE%BB%CE%B5%CF%82-%CE%B5%CF%80%CE%BF%CF%87%CE%AD%CF%82-%CF%86%CE%AF%CE%BB%CE%B5%CF%82-%CE%B3%CE%B9%CE%B1-%CF%80%CE%AC%CE%BD%CF%84%CE%B1/,10799,/capstor/scratch/cscs/fffoivos/runs/05_token_distillation_cpt/hplt_cleaning/05_hplt_cleaning_inventory_resume_20260605T165145Z/experiments/review_bundle_20260605T165151Z/docs/71054ea8273b6abc.txt,,[],,,,[],
rq_0199_04fb707cff,hplt::8_2.jsonl.zst::669a7ca2b63b9d4a2bf5d39f66e106bc,"[""false_negative_control""]","[""global_random_no_candidate_error""]",[],keep,0.15515151515151515,8,www.avopolis.gr,http://www.avopolis.gr/music-news/greek-news/61819-aepi-xanthopoulos,825,/capstor/scratch/cscs/fffoivos/runs/05_token_distillation_cpt/hplt_cleaning/05_hplt_cleaning_inventory_resume_20260605T165145Z/experiments/review_bundle_20260605T165151Z/docs/04fb707cff8d4a65.txt,,[],,,,[],
rq_0200_32ce9a9865,hplt::8_2.jsonl.zst::66c3ea385fe79a4c1cdd61ce24d8a600,"[""false_negative_control""]","[""global_random_no_candidate_error""]",[],keep,0.2609375,8,www.paok24.com,https://www.paok24.com/tag/xorigies/page/2/,737,/capstor/scratch/cscs/fffoivos/runs/05_token_distillation_cpt/hplt_cleaning/05_hplt_cleaning_inventory_resume_20260605T165145Z/experiments/review_bundle_20260605T165151Z/docs/32ce9a9865430068.txt,,[],,,,[],
rq_0201_2dced0f32a,hplt::8_2.jsonl.zst::678ffd53ec2f51e33653cc8c835db3d6,"[""false_negative_control""]","[""global_random_no_candidate_error""]",[],keep,0.14395886889460155,8,epomeni-mera.com,http://epomeni-mera.com/%ce%b7-%cf%80%ce%b5%cf%81%ce%b9%cf%86%ce%bf%cf%81%ce%ac-%cf%84%cf%89%ce%bd-%ce%b5%cf%80%ce%b9%cf%84%ce%ac%cf%86%ce%b9%cf%89%ce%bd-%ce%ba%ce%b1%ce%b9-%ce%b7-%cf%83%cf%85%ce%bd%ce%ac%ce%bd%cf%84%ce%b7/,778,/capstor/scratch/cscs/fffoivos/runs/05_token_distillation_cpt/hplt_cleaning/05_hplt_cleaning_inventory_resume_20260605T165145Z/experiments/review_bundle_20260605T165151Z/docs/2dced0f32a7ab2c3.txt,,[],,,,[],
rq_0202_470cbc1f72,hplt::8_2.jsonl.zst::67b37bdd0ce2f1c32e35352ef4537041,"[""false_negative_control""]","[""global_random_no_candidate_error""]",[],keep,0.12102874432677761,8,www.ota24.gr,https://www.ota24.gr/dimos-delta-epestrepsan-sto-ippokrateio-ta-stromata-tou-gallikou-potamou-vinteo/,1322,/capstor/scratch/cscs/fffoivos/runs/05_token_distillation_cpt/hplt_cleaning/05_hplt_cleaning_inventory_resume_20260605T165145Z/experiments/review_bundle_20260605T165151Z/docs/470cbc1f728c2d25.txt,,[],,,,[],
rq_0203_a09ef2d468,hplt::8_2.jsonl.zst::69500e3044a3c74caa4c38fcd94e7d53,"[""borderline_false_negative_probe""]","[""borderline_no_candidate_error""]",[],keep,0.25648021828103684,8,goal.philenews.com,https://goal.philenews.com/podosfero/kypros/a-katigoria/apoel/protypo-pistis-kai-afosiosis-stin-idea-tou-apoelismou/,1466,/capstor/scratch/cscs/fffoivos/runs/05_token_distillation_cpt/hplt_cleaning/05_hplt_cleaning_inventory_resume_20260605T165145Z/experiments/review_bundle_20260605T165151Z/docs/a09ef2d468bae015.txt,,[],,,,[],
rq_0204_8a8acc2e88,hplt::8_2.jsonl.zst::6a5ccb38f193952b50a17dfcec65acb6,"[""borderline_false_negative_probe""]","[""borderline_no_candidate_error""]",[],keep,0.29490196078431374,8,www.newsbomb.gr,https://www.newsbomb.gr/politikh/political-parties/story/577909/anel-anisyxitiki-i-apolyti-taytisi-venizeloy-soimple,1275,/capstor/scratch/cscs/fffoivos/runs/05_token_distillation_cpt/hplt_cleaning/05_hplt_cleaning_inventory_resume_20260605T165145Z/experiments/review_bundle_20260605T165151Z/docs/8a8acc2e8862aea6.txt,,[],,,,[],
rq_0205_d911c73159,hplt::8_2.jsonl.zst::6c11680d299e3a1e2ed83d60a5862114,"[""false_negative_control""]","[""global_random_no_candidate_error""]",[],keep,0.2507232401157184,8,www.ewoman.gr,https://www.ewoman.gr/839/tha-se-xerizoso-apo-mesa-moy-gia-na-ziso-alithina,2074,/capstor/scratch/cscs/fffoivos/runs/05_token_distillation_cpt/hplt_cleaning/05_hplt_cleaning_inventory_resume_20260605T165145Z/experiments/review_bundle_20260605T165151Z/docs/d911c73159f048b5.txt,,[],,,,[],
rq_0206_e23632c81d,hplt::8_2.jsonl.zst::6c2ce0eb9659ce8d817899f82f2aad4b,"[""borderline_false_negative_probe""]","[""borderline_no_candidate_error""]",[],keep,0.24017857142857146,8,indicator.gr,https://indicator.gr/syriza-odyni-gia-toys-pente-nekroys-sti-livyi,1674,/capstor/scratch/cscs/fffoivos/runs/05_token_distillation_cpt/hplt_cleaning/05_hplt_cleaning_inventory_resume_20260605T165145Z/experiments/review_bundle_20260605T165151Z/docs/e23632c81df38e2f.txt,,[],,,,[],
rq_0207_b8c5827583,hplt::8_2.jsonl.zst::75a7e8bbe1937013c74577bc96f9d10e,"[""false_negative_control""]","[""global_random_no_candidate_error""]",[],keep,0.17794253938832252,8,nealesvou.gr,https://nealesvou.gr/agonas-dromou-gia-ta-adespota/,1079,/capstor/scratch/cscs/fffoivos/runs/05_token_distillation_cpt/hplt_cleaning/05_hplt_cleaning_inventory_resume_20260605T165145Z/experiments/review_bundle_20260605T165151Z/docs/b8c5827583bbbc40.txt,,[],,,,[],
rq_0208_4c6c0b2b0c,hplt::8_2.jsonl.zst::77033cad6a75f076cd0faf67bcac3ca4,"[""destructive_action_review""]","[""candidate_action_trim_span""]","[""E006"", ""E007""]",trim_span,0.690479589399654,8,dealforyou.gr,http://dealforyou.gr/athcenter,37155,/capstor/scratch/cscs/fffoivos/runs/05_token_distillation_cpt/hplt_cleaning/05_hplt_cleaning_inventory_resume_20260605T165145Z/experiments/review_bundle_20260605T165151Z/docs/4c6c0b2b0c31234f.txt,,[],,,,[],
rq_0209_0f26a2f110,hplt::8_2.jsonl.zst::797d08ed178a4f55a07d6194be3ec2e3,"[""false_negative_control""]","[""global_random_no_candidate_error""]",[],keep,0.1972744970798183,8,metarithmisi.gr,http://metarithmisi.gr/category.asp?offset=60&cid=5&text=diktyo-gia-tin-metarrythmisi,3082,/capstor/scratch/cscs/fffoivos/runs/05_token_distillation_cpt/hplt_cleaning/05_hplt_cleaning_inventory_resume_20260605T165145Z/experiments/review_bundle_20260605T165151Z/docs/0f26a2f110b1e6a6.txt,,[],,,,[],
rq_0210_c7e7cc058d,hplt::8_2.jsonl.zst::7a6f6f5425d0831e8387ca18c2739f90,"[""destructive_action_review"", ""precision_E006"", ""precision_E007"", ""precision_E008""]","[""candidate_action_trim_span"", ""candidate_error_E006"", ""candidate_error_E007"", ""candidate_error_E008""]","[""E006"", ""E007"", ""E008""]",trim_span,0.734721066638749,8,dealforyou.gr,http://dealforyou.gr/athens/-/5-asteron,12334,/capstor/scratch/cscs/fffoivos/runs/05_token_distillation_cpt/hplt_cleaning/05_hplt_cleaning_inventory_resume_20260605T165145Z/experiments/review_bundle_20260605T165151Z/docs/c7e7cc058dce26da.txt,,[],,,,[],
rq_0211_836e191fe4,hplt::8_2.jsonl.zst::80026e839d6c6f611ffbc7a336efa882,"[""precision_E004""]","[""candidate_error_E004""]","[""E004""]",quarantine,0.4598504566315035,8,syfeed.com,https://syfeed.com/el-gr/news-details/anatrixiastikh-apokalypsh-noshleyths-ghrokomeioy-whistleblower-oi-yperhlikoi-peoainoyn-san-tis-myges-meta-to-embolio-koronoioy_41726627.html?view_type=cards,15533,/capstor/scratch/cscs/fffoivos/runs/05_token_distillation_cpt/hplt_cleaning/05_hplt_cleaning_inventory_resume_20260605T165145Z/experiments/review_bundle_20260605T165151Z/docs/836e191fe47a5cc5.txt,,[],,,,[],
rq_0212_772cb4e82d,hplt::8_2.jsonl.zst::81c7917bbe2bea3fa21f5292582f51cf,"[""precision_E005""]","[""candidate_error_E005""]","[""E005""]",keep,0.36537753222836095,8,goal.philenews.com,https://goal.philenews.com/podosfero/kypros/a-katigoria/o-troygiols-epanefere-to-chamogelo-stin-aek-pics-amp-video-14-12-2019/,2715,/capstor/scratch/cscs/fffoivos/runs/05_token_distillation_cpt/hplt_cleaning/05_hplt_cleaning_inventory_resume_20260605T165145Z/experiments/review_bundle_20260605T165151Z/docs/772cb4e82dd7c078.txt,,[],,,,[],
rq_0213_3d90d5a202,hplt::8_2.jsonl.zst::82cd2e2c6ce974db4d4785e222b0551f,"[""destructive_action_review"", ""precision_E007""]","[""candidate_action_trim_span"", ""candidate_error_E007""]","[""E006"", ""E007""]",trim_span,0.6013333333333334,8,www.kingbet.net,https://www.kingbet.net/analysis-stoiximatos/478343/leon-patsouka,4446,/capstor/scratch/cscs/fffoivos/runs/05_token_distillation_cpt/hplt_cleaning/05_hplt_cleaning_inventory_resume_20260605T165145Z/experiments/review_bundle_20260605T165151Z/docs/3d90d5a20277837b.txt,,[],,,,[],
rq_0214_f774d1523e,hplt::8_2.jsonl.zst::854b4fa033ccf45cc6fa4d75e0583b7a,"[""precision_E005""]","[""candidate_error_E005""]","[""E005""]",keep,0.42115621156211563,8,www.betsellers.com,https://www.betsellers.com/%CE%B3%CE%AD%CF%81%CE%B9%CE%BA%CE%BF-%CF%83%CE%BA%CF%85%CE%BB%CE%AF-%CE%BC%CF%89%CF%81%CF%8C-%CE%B3%CE%B1%CF%84%CE%AC%CE%BA%CE%B9/,12195,/capstor/scratch/cscs/fffoivos/runs/05_token_distillation_cpt/hplt_cleaning/05_hplt_cleaning_inventory_resume_20260605T165145Z/experiments/review_bundle_20260605T165151Z/docs/f774d1523e42c7c9.txt,,[],,,,[],
rq_0215_892299b632,hplt::8_2.jsonl.zst::878738c6edda0905d49cbaaaa3017df6,"[""false_negative_control""]","[""global_random_no_candidate_error""]",[],keep,0.20384443451050513,8,vaggvan.blogspot.gr,http://vaggvan.blogspot.gr/2013/10/blog-post.html,2237,/capstor/scratch/cscs/fffoivos/runs/05_token_distillation_cpt/hplt_cleaning/05_hplt_cleaning_inventory_resume_20260605T165145Z/experiments/review_bundle_20260605T165151Z/docs/892299b63214811a.txt,,[],,,,[],
rq_0216_3008abd4dc,hplt::8_2.jsonl.zst::87ff1f84b9f178ec9054766fd586a14b,"[""false_negative_control""]","[""global_random_no_candidate_error""]",[],keep,0.1935589519650655,8,lookcooliageumata.blogspot.gr,http://lookcooliageumata.blogspot.gr/2014_06_01_archive.html,568,/capstor/scratch/cscs/fffoivos/runs/05_token_distillation_cpt/hplt_cleaning/05_hplt_cleaning_inventory_resume_20260605T165145Z/experiments/review_bundle_20260605T165151Z/docs/3008abd4dc892122.txt,,[],,,,[],
rq_0217_dd9b647328,hplt::8_2.jsonl.zst::88081ca5ea44f41ee16487c99ed662cd,"[""destructive_action_review"", ""precision_E009""]","[""candidate_action_trim_span"", ""candidate_error_E009""]","[""E006"", ""E007"", ""E009""]",trim_span,0.6699404761904761,8,fanpage.gr,http://fanpage.gr/tag/%CE%B4%CE%B9%CE%B1%CE%B9%CF%84%CE%B1/,7056,/capstor/scratch/cscs/fffoivos/runs/05_token_distillation_cpt/hplt_cleaning/05_hplt_cleaning_inventory_resume_20260605T165145Z/experiments/review_bundle_20260605T165151Z/docs/dd9b647328e10b61.txt,,[],,,,[],
rq_0218_8a6dd1bae5,hplt::8_2.jsonl.zst::8915f459d371781b17b2eb89478851a5,"[""destructive_action_review""]","[""candidate_action_drop_doc""]","[""E014""]",drop_doc,0.9818989071038251,8,neakypros.com.cy,https://neakypros.com.cy/analysi-gia-misi-anasa-sti-geneii-ti-anamenetai-na-min-ginei-5340.html,935,/capstor/scratch/cscs/fffoivos/runs/05_token_distillation_cpt/hplt_cleaning/05_hplt_cleaning_inventory_resume_20260605T165145Z/experiments/review_bundle_20260605T165151Z/docs/8a6dd1bae5f13328.txt,,[],,,,[],
rq_0219_c90be730d1,hplt::8_2.jsonl.zst::8da35c6bd1cd1e11baded6e1f1f7e262,"[""precision_E014""]","[""candidate_error_E014""]","[""E014""]",keep,0.4594650205761317,8,www.gavros.gr,https://www.gavros.gr/article/podosfairo/364607-o-kasami-proponeitai-me-th-sampntoria-kai-perimenei-thn-apofash-toy-pirlo,592,/capstor/scratch/cscs/fffoivos/runs/05_token_distillation_cpt/hplt_cleaning/05_hplt_cleaning_inventory_resume_20260605T165145Z/experiments/review_bundle_20260605T165151Z/docs/c90be730d16e4598.txt,,[],,,,[],
rq_0220_31cbf6be64,hplt::8_2.jsonl.zst::8fd7f23be385833d5dfb44006a31b94c,"[""destructive_action_review""]","[""candidate_action_drop_doc""]","[""E014""]",drop_doc,1.0,8,manualzz.com,https://manualzz.com/doc/49449940/lg-gr-t382s-%CE%B5%CE%B3%CF%87%CE%B5%CE%B9%CF%81%CE%AF%CE%B4%CE%B9%CE%BF-%CE%B9%CE%B4%CE%B9%CE%BF%CE%BA%CF%84%CE%AE%CF%84%CE%B7,17124,/capstor/scratch/cscs/fffoivos/runs/05_token_distillation_cpt/hplt_cleaning/05_hplt_cleaning_inventory_resume_20260605T165145Z/experiments/review_bundle_20260605T165151Z/docs/31cbf6be6417c874.txt,,[],,,,[],
rq_0221_469aa6dae0,hplt::8_2.jsonl.zst::91c14b53e3f2619c103d39fd4b8135e7,"[""false_negative_control""]","[""global_random_no_candidate_error""]",[],keep,0.209962506695233,8,e-parembasis.blogspot.com,http://e-parembasis.blogspot.com/2014/12/lo-2007.html,3734,/capstor/scratch/cscs/fffoivos/runs/05_token_distillation_cpt/hplt_cleaning/05_hplt_cleaning_inventory_resume_20260605T165145Z/experiments/review_bundle_20260605T165151Z/docs/469aa6dae09fb8f7.txt,,[],,,,[],
rq_0222_f9c9c4780c,hplt::8_2.jsonl.zst::9260c559f14f31f4da04b0816eeaf048,"[""precision_E015""]","[""candidate_error_E015""]","[""E015""]",quarantine,0.6172334801762114,8,www.papercraftcentral.net,http://www.papercraftcentral.net/el/2012/02/3d-origami-sunflower/,539,/capstor/scratch/cscs/fffoivos/runs/05_token_distillation_cpt/hplt_cleaning/05_hplt_cleaning_inventory_resume_20260605T165145Z/experiments/review_bundle_20260605T165151Z/docs/f9c9c4780c8af4fc.txt,,[],,,,[],
rq_0223_60c42dc975,hplt::8_2.jsonl.zst::9b3fb96b9637332d19e96431bbade9ad,"[""false_negative_control""]","[""global_random_no_candidate_error""]",[],keep,0.20097697138869505,8,www.star.gr,https://www.star.gr/lifestyle/celebrities/610253/synatsakh-h-lista-me-ta-mwroydiaka-ta-epikritika-sxolia,1433,/capstor/scratch/cscs/fffoivos/runs/05_token_distillation_cpt/hplt_cleaning/05_hplt_cleaning_inventory_resume_20260605T165145Z/experiments/review_bundle_20260605T165151Z/docs/60c42dc975eb61a8.txt,,[],,,,[],
rq_0224_755c064dcd,hplt::8_2.jsonl.zst::9be7c5d51863bde76c3743b975c9f3bd,"[""precision_E005""]","[""candidate_error_E005""]","[""E005""]",quarantine,0.4743083003952569,8,alarm.rodos-island.gr,http://alarm.rodos-island.gr/%CE%BD%CE%B1-%CF%80%CF%81%CE%BF%CF%83%CE%B5%CF%87%CE%B5%CF%84%CE%B5-%CF%81%CE%B5-%CF%84%CF%81%CE%BF%CE%BC%CE%B1%CE%BA%CF%84%CE%B9%CE%BA%CF%8C-%CE%B2%CE%AF%CE%BD%CF%84%CE%B5%CE%BF-%CE%BC%CE%BF%CF%84/,3036,/capstor/scratch/cscs/fffoivos/runs/05_token_distillation_cpt/hplt_cleaning/05_hplt_cleaning_inventory_resume_20260605T165145Z/experiments/review_bundle_20260605T165151Z/docs/755c064dcde54775.txt,,[],,,,[],
rq_0225_e4e6ae7224,hplt::8_2.jsonl.zst::9db3f065883e169be095380ddbd035d4,"[""precision_E006"", ""precision_E007""]","[""candidate_error_E006"", ""candidate_error_E007""]","[""E006"", ""E007""]",quarantine,0.52,8,www.retrocomputers.gr,https://www.retrocomputers.gr/diafora/donations,990,/capstor/scratch/cscs/fffoivos/runs/05_token_distillation_cpt/hplt_cleaning/05_hplt_cleaning_inventory_resume_20260605T165145Z/experiments/review_bundle_20260605T165151Z/docs/e4e6ae72241729fc.txt,,[],,,,[],
rq_0226_1b921c9bf7,hplt::8_2.jsonl.zst::9ef3fc74dc8077a64ba9e37b9799fd85,"[""precision_E006""]","[""candidate_error_E006""]","[""E006"", ""E007"", ""E008""]",quarantine,0.5373611111111111,8,www.espressoarena.com,https://www.espressoarena.com/el/products/lemon-iced-tea-syrup,1230,/capstor/scratch/cscs/fffoivos/runs/05_token_distillation_cpt/hplt_cleaning/05_hplt_cleaning_inventory_resume_20260605T165145Z/experiments/review_bundle_20260605T165151Z/docs/1b921c9bf7009ddc.txt,,[],,,,[],
rq_0227_a9899dc101,hplt::8_2.jsonl.zst::a1cdc5495aa5a707a6237ca8e37d2327,"[""borderline_false_negative_probe""]","[""borderline_no_candidate_error""]",[],keep,0.23972602739726026,8,www.techgear.gr,https://www.techgear.gr/instagram-tha-krata-tis-anartiseis-poy-esvises-gia-30-imeres-29308,1168,/capstor/scratch/cscs/fffoivos/runs/05_token_distillation_cpt/hplt_cleaning/05_hplt_cleaning_inventory_resume_20260605T165145Z/experiments/review_bundle_20260605T165151Z/docs/a9899dc101ec6ca0.txt,,[],,,,[],
rq_0228_a993da7ead,hplt::8_2.jsonl.zst::a2170af13320ede2d254a1300df18fa5,"[""false_negative_control""]","[""global_random_no_candidate_error""]",[],keep,0.16842105263157894,8,www.documentonews.gr,https://www.documentonews.gr/article/neo-peristatiko-sth-gallia-astynomikoi-exoydeterwsan-andra-poy-toys-apeiloyse-me-dyo-maxairia,570,/capstor/scratch/cscs/fffoivos/runs/05_token_distillation_cpt/hplt_cleaning/05_hplt_cleaning_inventory_resume_20260605T165145Z/experiments/review_bundle_20260605T165151Z/docs/a993da7ead0e6828.txt,,[],,,,[],
rq_0229_6283b3c8ab,hplt::8_2.jsonl.zst::a583783560b3176c8fa6c48858caa8ff,"[""destructive_action_review""]","[""candidate_action_trim_span""]","[""E006"", ""E007""]",trim_span,0.6121474358974359,8,brakoulias.gr,https://brakoulias.gr/,1398,/capstor/scratch/cscs/fffoivos/runs/05_token_distillation_cpt/hplt_cleaning/05_hplt_cleaning_inventory_resume_20260605T165145Z/experiments/review_bundle_20260605T165151Z/docs/6283b3c8ab4045c5.txt,,[],,,,[],
rq_0230_d8e9018267,hplt::8_2.jsonl.zst::a6c7baecbdd80c8a363aa11be8be0abf,"[""destructive_action_review""]","[""candidate_action_drop_doc""]","[""E014""]",drop_doc,1.0,8,love-teaching.com,https://love-teaching.com/tag/%CE%AD%CF%80%CE%B1%CE%B9%CE%BD%CE%BF%CF%82/,1632,/capstor/scratch/cscs/fffoivos/runs/05_token_distillation_cpt/hplt_cleaning/05_hplt_cleaning_inventory_resume_20260605T165145Z/experiments/review_bundle_20260605T165151Z/docs/d8e9018267133d41.txt,,[],,,,[],
rq_0231_eb1a77ea04,hplt::8_2.jsonl.zst::a71f5b22bffc94fdb636958ba0d51bac,"[""false_negative_control""]","[""global_random_no_candidate_error""]",[],keep,0.1934065934065934,8,www.itspossible.gr,http://www.itspossible.gr/%CF%84%CE%B1-%CF%80%CF%81%CE%BF%CE%B9%CF%8C%CE%BD%CF%84%CE%B1-%CF%84%CE%B7%CF%82-apple-%CE%B4%CE%B5%CE%BD-%CE%B5%CE%AF%CE%BD%CE%B1%CE%B9-%CE%BC%CF%8C%CE%BD%CE%BF-%CE%B3%CE%B9%CE%B1-%CF%84%CE%BF/,910,/capstor/scratch/cscs/fffoivos/runs/05_token_distillation_cpt/hplt_cleaning/05_hplt_cleaning_inventory_resume_20260605T165145Z/experiments/review_bundle_20260605T165151Z/docs/eb1a77ea049985e5.txt,,[],,,,[],
rq_0232_13cdd8c904,hplt::8_2.jsonl.zst::a8ebc60a34df870b31d44e7e68b83e56,"[""borderline_false_negative_probe""]","[""borderline_no_candidate_error""]",[],keep,0.26776277157956546,8,www.tirnavitikanea.com,https://www.tirnavitikanea.com/category/tyrnavos/agia-sofia/,1703,/capstor/scratch/cscs/fffoivos/runs/05_token_distillation_cpt/hplt_cleaning/05_hplt_cleaning_inventory_resume_20260605T165145Z/experiments/review_bundle_20260605T165151Z/docs/13cdd8c904efdfda.txt,,[],,,,[],
rq_0233_999c18bc71,hplt::8_2.jsonl.zst::a937c3dd30b8c57a1e12e24f32e8362d,"[""precision_E011"", ""precision_E012""]","[""candidate_error_E011"", ""candidate_error_E012""]","[""E011"", ""E012""]",quarantine,0.5474781249999999,8,cassettes.wordpress.com,http://cassettes.wordpress.com/2010/09/21/,11193,/capstor/scratch/cscs/fffoivos/runs/05_token_distillation_cpt/hplt_cleaning/05_hplt_cleaning_inventory_resume_20260605T165145Z/experiments/review_bundle_20260605T165151Z/docs/999c18bc71a2dd9d.txt,,[],,,,[],
rq_0234_2ef497724d,hplt::8_2.jsonl.zst::a9c9389fdb6a97e3ee984971dd4677fb,"[""borderline_false_negative_probe""]","[""borderline_no_candidate_error""]",[],keep,0.2876024319323288,8,pustasalat.blogspot.com,http://pustasalat.blogspot.com/2009/02/lex-nokia-blue-bags.html,3783,/capstor/scratch/cscs/fffoivos/runs/05_token_distillation_cpt/hplt_cleaning/05_hplt_cleaning_inventory_resume_20260605T165145Z/experiments/review_bundle_20260605T165151Z/docs/2ef497724d321dd3.txt,,[],,,,[],
rq_0235_589731557b,hplt::8_2.jsonl.zst::aa9a5ab2a4754d1665efecd4cd04e471,"[""precision_E015""]","[""candidate_error_E015""]","[""E005"", ""E006"", ""E007"", ""E015""]",quarantine,0.5220039392469931,8,blogs.pathfinder.gr,http://blogs.pathfinder.gr/?tag=486,5062,/capstor/scratch/cscs/fffoivos/runs/05_token_distillation_cpt/hplt_cleaning/05_hplt_cleaning_inventory_resume_20260605T165145Z/experiments/review_bundle_20260605T165151Z/docs/589731557b258a32.txt,,[],,,,[],
rq_0236_e4c1206244,hplt::8_2.jsonl.zst::ac25ca270677a4a8de1d9a426c3fd104,"[""destructive_action_review"", ""precision_E003"", ""precision_E004""]","[""candidate_action_drop_doc"", ""candidate_error_E003"", ""candidate_error_E004""]","[""E003"", ""E004"", ""E015""]",drop_doc,1.0,8,www.csc.com.gr,https://www.csc.com.gr/%CE%BC%CE%B5%CF%84%CE%B1%CE%B2%CE%BB%CE%B7%CF%84%CE%AD%CF%82%CF%83%CF%84%CE%B7-vbscript/,3750,/capstor/scratch/cscs/fffoivos/runs/05_token_distillation_cpt/hplt_cleaning/05_hplt_cleaning_inventory_resume_20260605T165145Z/experiments/review_bundle_20260605T165151Z/docs/e4c1206244a9d99b.txt,,[],,,,[],
rq_0237_e5385c4108,hplt::8_2.jsonl.zst::ac2e8b3f6555e20fd67339c434ba2f70,"[""borderline_false_negative_probe""]","[""borderline_no_candidate_error""]",[],keep,0.26615483045425464,8,greektimes.ca,http://greektimes.ca/author/greektimes/,1563,/capstor/scratch/cscs/fffoivos/runs/05_token_distillation_cpt/hplt_cleaning/05_hplt_cleaning_inventory_resume_20260605T165145Z/experiments/review_bundle_20260605T165151Z/docs/e5385c4108f119da.txt,,[],,,,[],
rq_0238_fd0509da5e,hplt::8_2.jsonl.zst::b12ae8335a69faa75aa21aac8e771ea5,"[""precision_E004"", ""precision_E008""]","[""candidate_error_E004"", ""candidate_error_E008""]","[""E004"", ""E006"", ""E007"", ""E008"", ""E009"", ""E015""]",quarantine,0.6218835028989252,8,www.pcsteps.gr,https://www.pcsteps.gr/14900-%CF%84%CE%B1-%CE%BA%CE%B1%CE%BB%CF%8D%CF%84%CE%B5%CF%81%CE%B1-%CE%B4%CF%89%CF%81%CE%B5%CE%AC%CE%BD-%CF%80%CF%81%CE%BF%CE%B3%CF%81%CE%AC%CE%BC%CE%BC%CE%B1%CF%84%CE%B1/,31835,/capstor/scratch/cscs/fffoivos/runs/05_token_distillation_cpt/hplt_cleaning/05_hplt_cleaning_inventory_resume_20260605T165145Z/experiments/review_bundle_20260605T165151Z/docs/fd0509da5e3e3993.txt,,[],,,,[],
rq_0239_ab09f49601,hplt::8_2.jsonl.zst::b50315532aeba289fa5bbec2ccfb3e42,"[""destructive_action_review"", ""precision_E006"", ""precision_E007""]","[""candidate_action_trim_span"", ""candidate_error_E006"", ""candidate_error_E007""]","[""E005"", ""E006"", ""E007""]",trim_span,0.8314514626420719,8,cruo.gr,http://cruo.gr/athens/-/slip,12523,/capstor/scratch/cscs/fffoivos/runs/05_token_distillation_cpt/hplt_cleaning/05_hplt_cleaning_inventory_resume_20260605T165145Z/experiments/review_bundle_20260605T165151Z/docs/ab09f49601302181.txt,,[],,,,[],
rq_0240_8c10222d5c,hplt::8_2.jsonl.zst::b56be876f908118fc85db936379c522f,"[""destructive_action_review"", ""precision_E008""]","[""candidate_action_trim_span"", ""candidate_error_E008""]","[""E005"", ""E006"", ""E007"", ""E008""]",trim_span,0.6144246031746032,8,www.12sports.gr,https://www.12sports.gr/News_Teams.php?team=14&N_ID=113735&pn=2,7872,/capstor/scratch/cscs/fffoivos/runs/05_token_distillation_cpt/hplt_cleaning/05_hplt_cleaning_inventory_resume_20260605T165145Z/experiments/review_bundle_20260605T165151Z/docs/8c10222d5c8a8bef.txt,,[],,,,[],
rq_0241_2b47d66bb6,hplt::8_2.jsonl.zst::b6cbfc1b11d606c076aa7535202a2fa5,"[""false_negative_control""]","[""global_random_no_candidate_error""]",[],keep,0.12698412698412698,8,www.economistas.gr,https://www.economistas.gr/xenodoheia,882,/capstor/scratch/cscs/fffoivos/runs/05_token_distillation_cpt/hplt_cleaning/05_hplt_cleaning_inventory_resume_20260605T165145Z/experiments/review_bundle_20260605T165151Z/docs/2b47d66bb6a6a29b.txt,,[],,,,[],
rq_0242_5184963989,hplt::8_2.jsonl.zst::b75cf7e10cf8aef122f09dc53a7512d3,"[""false_negative_control""]","[""global_random_no_candidate_error""]",[],keep,0.06789250353606789,8,www.nyxthimeron.com,http://www.nyxthimeron.com/2020/11/blog-post_461.html,707,/capstor/scratch/cscs/fffoivos/runs/05_token_distillation_cpt/hplt_cleaning/05_hplt_cleaning_inventory_resume_20260605T165145Z/experiments/review_bundle_20260605T165151Z/docs/5184963989b1f547.txt,,[],,,,[],
rq_0243_e532fc794a,hplt::8_2.jsonl.zst::badaf0c20474e40343e1587884aacb79,"[""borderline_false_negative_probe""]","[""borderline_no_candidate_error""]",[],keep,0.32416666666666666,8,www.1livreparjour.com,http://www.1livreparjour.com/el/art-musique-et-cinema/musique/jean-ferrat-une-vie.html,3110,/capstor/scratch/cscs/fffoivos/runs/05_token_distillation_cpt/hplt_cleaning/05_hplt_cleaning_inventory_resume_20260605T165145Z/experiments/review_bundle_20260605T165151Z/docs/e532fc794a8e77cc.txt,,[],,,,[],
rq_0244_aaa7ded4ff,hplt::8_2.jsonl.zst::bb7916e9bbcfad5cb62c2a9adb1530ef,"[""precision_E011""]","[""candidate_error_E011""]","[""E005"", ""E011""]",keep,0.40866874999999997,8,megalopoli-fm.blogspot.gr,http://megalopoli-fm.blogspot.gr/2014/04/blog-post_45.html,48774,/capstor/scratch/cscs/fffoivos/runs/05_token_distillation_cpt/hplt_cleaning/05_hplt_cleaning_inventory_resume_20260605T165145Z/experiments/review_bundle_20260605T165151Z/docs/aaa7ded4ff98db30.txt,,[],,,,[],
rq_0245_91c53d1b6b,hplt::8_2.jsonl.zst::bbbc1d272637c63f4217679f9676560f,"[""false_negative_control""]","[""global_random_no_candidate_error""]",[],keep,0.26097867001254704,8,myreview.gr,https://myreview.gr/tag/%CE%BC%CE%BF%CF%85%CF%83%CE%B9%CE%BA%CE%AE/,797,/capstor/scratch/cscs/fffoivos/runs/05_token_distillation_cpt/hplt_cleaning/05_hplt_cleaning_inventory_resume_20260605T165145Z/experiments/review_bundle_20260605T165151Z/docs/91c53d1b6b73dd0d.txt,,[],,,,[],
rq_0246_093ba2833d,hplt::8_2.jsonl.zst::bcdc00fa57c0c9fe5cb64066ac7908a4,"[""precision_E015""]","[""candidate_error_E015""]","[""E015""]",quarantine,0.7928135945384386,8,www.wehellas.gr,http://www.wehellas.gr/forum/index.php?showtopic=28547&page=9,1321,/capstor/scratch/cscs/fffoivos/runs/05_token_distillation_cpt/hplt_cleaning/05_hplt_cleaning_inventory_resume_20260605T165145Z/experiments/review_bundle_20260605T165151Z/docs/093ba2833de0262e.txt,,[],,,,[],
rq_0247_c48a543f5a,hplt::8_2.jsonl.zst::c13581d98f994ffa26401f0c4c3e9057,"[""precision_E015""]","[""candidate_error_E015""]","[""E015""]",quarantine,0.8552820512820511,8,petpet.news,http://petpet.news/family-affairs/21195,1436,/capstor/scratch/cscs/fffoivos/runs/05_token_distillation_cpt/hplt_cleaning/05_hplt_cleaning_inventory_resume_20260605T165145Z/experiments/review_bundle_20260605T165151Z/docs/c48a543f5a91688d.txt,,[],,,,[],
rq_0248_6551389787,hplt::8_2.jsonl.zst::c27684c9ec47dc1c40c8bbbd48c8ade5,"[""precision_E009""]","[""candidate_error_E009""]","[""E006"", ""E007"", ""E009""]",trim_span,0.6760234627831715,8,www.nextdeal.gr,http://www.nextdeal.gr/%CE%B5%CE%B9%CE%B4%CE%AE%CF%83%CE%B5%CE%B9%CF%82/%CE%B9%CE%B4%CE%B9%CF%89%CF%84%CE%B9%CE%BA%CE%AE-%CE%B1%CF%83%CF%86%CE%AC%CE%BB%CE%B9%CF%83%CE%B7/giati-oi-asfalistikoi-diamesolabhtes-chreiazontai-opwsdhpote-nomikh-prostasia-eite-aytotelws-eite-ws-symplhrwma-asfalishs-astikhs-eythynhs,8719,/capstor/scratch/cscs/fffoivos/runs/05_token_distillation_cpt/hplt_cleaning/05_hplt_cleaning_inventory_resume_20260605T165145Z/experiments/review_bundle_20260605T165151Z/docs/65513897876fc848.txt,,[],,,,[],
rq_0249_b6145da56c,hplt::8_2.jsonl.zst::c28198d124427804e379af9ed6c749d5,"[""false_negative_control""]","[""global_random_no_candidate_error""]",[],keep,0.08761583824768324,8,serresparatiritis.gr,http://serresparatiritis.gr/index.php?page=description&article_id=19247,1187,/capstor/scratch/cscs/fffoivos/runs/05_token_distillation_cpt/hplt_cleaning/05_hplt_cleaning_inventory_resume_20260605T165145Z/experiments/review_bundle_20260605T165151Z/docs/b6145da56c2757ae.txt,,[],,,,[],
rq_0250_10035b5ac9,hplt::8_2.jsonl.zst::c41ade03d68fc2e271f3af2a2bbc7e0e,"[""precision_E009""]","[""candidate_error_E009""]","[""E009""]",trim_span,0.6538700564971751,8,www.bookland.gr,https://www.bookland.gr/books/c/1289-fusikes-epistimes-biblia-gia-paidia,6320,/capstor/scratch/cscs/fffoivos/runs/05_token_distillation_cpt/hplt_cleaning/05_hplt_cleaning_inventory_resume_20260605T165145Z/experiments/review_bundle_20260605T165151Z/docs/10035b5ac948d7b0.txt,,[],,,,[],
rq_0251_7ddacbf0a9,hplt::8_2.jsonl.zst::c4a21f0ce9dfe8e634916f035d0be325,"[""false_negative_control""]","[""global_random_no_candidate_error""]",[],keep,0.1604158930560713,8,www.daddy-cool.gr,https://www.daddy-cool.gr/spiti/diy-pairnei-ena-kommati-yfasma-kai-to-metatrepei-se-kati-fantastiko.html,2693,/capstor/scratch/cscs/fffoivos/runs/05_token_distillation_cpt/hplt_cleaning/05_hplt_cleaning_inventory_resume_20260605T165145Z/experiments/review_bundle_20260605T165151Z/docs/7ddacbf0a9c6467d.txt,,[],,,,[],
rq_0252_25c065441c,hplt::8_2.jsonl.zst::c56e92758fb9615b7a8f1d2c9fc44e50,"[""borderline_false_negative_probe""]","[""borderline_no_candidate_error""]",[],keep,0.27942073170731707,8,www.astratv.gr,https://www.astratv.gr/charitsis-sto-tik-tok-o-tropos-pou-kathe-politis-tha-katathetei-protaseis-nomou-sti-vouli/,2982,/capstor/scratch/cscs/fffoivos/runs/05_token_distillation_cpt/hplt_cleaning/05_hplt_cleaning_inventory_resume_20260605T165145Z/experiments/review_bundle_20260605T165151Z/docs/25c065441c629cc2.txt,,[],,,,[],
rq_0253_e1eb0c75e7,hplt::8_2.jsonl.zst::c8cb44d159300cf9ffdd9e7dbcf803af,"[""precision_E003""]","[""candidate_error_E003""]","[""E003""]",quarantine,0.5555555555555556,8,futurology.gr,https://futurology.gr/2023/06/29/tha-echei-var-to-ea-sports-fc/,2060,/capstor/scratch/cscs/fffoivos/runs/05_token_distillation_cpt/hplt_cleaning/05_hplt_cleaning_inventory_resume_20260605T165145Z/experiments/review_bundle_20260605T165151Z/docs/e1eb0c75e7f4dca4.txt,,[],,,,[],
rq_0254_402693022f,hplt::8_2.jsonl.zst::ca205e535d326d6b2eea6c397cb451d2,"[""precision_E014"", ""precision_E015""]","[""candidate_error_E014"", ""candidate_error_E015""]","[""E014"", ""E015""]",quarantine,0.7272630359212049,8,www.gameover.gr,https://www.gameover.gr/2021/04/05/mlb-the-show-21-will-be-a-day-one-release-on-xbox-game-pass/,1035,/capstor/scratch/cscs/fffoivos/runs/05_token_distillation_cpt/hplt_cleaning/05_hplt_cleaning_inventory_resume_20260605T165145Z/experiments/review_bundle_20260605T165151Z/docs/402693022f1e5113.txt,,[],,,,[],
rq_0255_6762d7121a,hplt::8_2.jsonl.zst::cce1b4a69dc44480978deb85aef15a79,"[""false_negative_control""]","[""global_random_no_candidate_error""]",[],keep,0.30176026823134955,8,www.haniotika-nea.gr,http://www.haniotika-nea.gr/tag/makedoniko/,4772,/capstor/scratch/cscs/fffoivos/runs/05_token_distillation_cpt/hplt_cleaning/05_hplt_cleaning_inventory_resume_20260605T165145Z/experiments/review_bundle_20260605T165151Z/docs/6762d7121a69979f.txt,,[],,,,[],
rq_0256_f853059d8a,hplt::8_2.jsonl.zst::cd2da581fffe5897ce375f6e3b4b4700,"[""false_negative_control""]","[""global_random_no_candidate_error""]",[],keep,0.18250950570342206,8,www.fantasmataki.com,https://www.fantasmataki.com/category/gossip/page/2/,1315,/capstor/scratch/cscs/fffoivos/runs/05_token_distillation_cpt/hplt_cleaning/05_hplt_cleaning_inventory_resume_20260605T165145Z/experiments/review_bundle_20260605T165151Z/docs/f853059d8a9b1bab.txt,,[],,,,[],
rq_0257_76fb658a70,hplt::8_2.jsonl.zst::ce02e73b6ed83456b626734ff92f8542,"[""precision_E003""]","[""candidate_error_E003""]","[""E003""]",keep,0.3888888888888889,8,pbnews.gr,https://pbnews.gr/%CF%80%CE%B1%CF%83-%CE%B3%CE%B9%CE%AC%CE%BD%CE%BD%CE%B9%CE%BD%CE%B1-aek-%CE%BF-%CF%80%CE%B1%CF%83-%CE%B4%CE%B5%CE%BD-%CE%BA%CE%AD%CF%81%CE%B4%CE%B9%CF%83%CE%B5-%CF%84%CE%BF-var/,3105,/capstor/scratch/cscs/fffoivos/runs/05_token_distillation_cpt/hplt_cleaning/05_hplt_cleaning_inventory_resume_20260605T165145Z/experiments/review_bundle_20260605T165151Z/docs/76fb658a7046f423.txt,,[],,,,[],
rq_0258_1419699cff,hplt::8_2.jsonl.zst::ce6a1b9b7bcd8f5f43a2cbb7ad06e840,"[""destructive_action_review""]","[""candidate_action_trim_span""]","[""E006"", ""E007""]",trim_span,0.6083333333333334,8,www.zoosos.gr,https://www.zoosos.gr/etiketa/xalkida/,3680,/capstor/scratch/cscs/fffoivos/runs/05_token_distillation_cpt/hplt_cleaning/05_hplt_cleaning_inventory_resume_20260605T165145Z/experiments/review_bundle_20260605T165151Z/docs/1419699cffff6769.txt,,[],,,,[],
rq_0259_418360e8dc,hplt::8_2.jsonl.zst::cfe819302bc26bcb242d3609a107aaa2,"[""borderline_false_negative_probe""]","[""borderline_no_candidate_error""]",[],keep,0.33839285714285716,8,www.newsblog.gr,https://www.newsblog.gr/media/tromaxame-na-tin-gnorisoume-dite-to-diastimiko-kourema-tis-annas-vissi-antechis/,896,/capstor/scratch/cscs/fffoivos/runs/05_token_distillation_cpt/hplt_cleaning/05_hplt_cleaning_inventory_resume_20260605T165145Z/experiments/review_bundle_20260605T165151Z/docs/418360e8dc7b405e.txt,,[],,,,[],
rq_0260_ad190da2cd,hplt::8_2.jsonl.zst::cff7c1d5979850d40dea0a9fb68f374d,"[""borderline_false_negative_probe""]","[""borderline_no_candidate_error""]",[],keep,0.24556354916067147,8,klik.news,https://klik.news/2024/01/14/%CE%BA%CE%B1%CF%83%CF%83%CE%B5%CE%BB%CE%AC%CE%BA%CE%B7%CF%82-%CF%84%CE%B5%CE%AF%CE%BD%CE%B5%CE%B9-%CF%87%CE%B5%CE%AF%CF%81%CE%B1-%CF%86%CE%B9%CE%BB%CE%AF%CE%B1%CF%82-%CF%80%CF%81%CE%BF%CF%82-%CF%84/,2085,/capstor/scratch/cscs/fffoivos/runs/05_token_distillation_cpt/hplt_cleaning/05_hplt_cleaning_inventory_resume_20260605T165145Z/experiments/review_bundle_20260605T165151Z/docs/ad190da2cdb9b363.txt,,[],,,,[],
rq_0261_18a6fe5896,hplt::8_2.jsonl.zst::d0997f7e0b4df9fe5c116f500c985839,"[""false_negative_control""]","[""global_random_no_candidate_error""]",[],keep,0.27347310847766637,8,webfreebets.com,https://webfreebets.com/braga-ounion-verolinou-prognostika-1509,2194,/capstor/scratch/cscs/fffoivos/runs/05_token_distillation_cpt/hplt_cleaning/05_hplt_cleaning_inventory_resume_20260605T165145Z/experiments/review_bundle_20260605T165151Z/docs/18a6fe5896a778d1.txt,,[],,,,[],
rq_0262_89691d0170,hplt::8_2.jsonl.zst::d662b64656ed81cafba0a6b6c4d0c948,"[""precision_E005""]","[""candidate_error_E005""]","[""E005"", ""E006"", ""E007"", ""E009""]",quarantine,0.522136376764637,8,www.rotise.gr,http://www.rotise.gr/erotisi/mporo-na-sygchoriso-alla-den-mporo-na-xechaso-mipos-ayto-simainei-oti-de.html,13142,/capstor/scratch/cscs/fffoivos/runs/05_token_distillation_cpt/hplt_cleaning/05_hplt_cleaning_inventory_resume_20260605T165145Z/experiments/review_bundle_20260605T165151Z/docs/89691d01704d1ecd.txt,,[],,,,[],
rq_0263_c7b7b85a19,hplt::8_2.jsonl.zst::d88b558619111fe9345bb387af5d8170,"[""precision_E005"", ""precision_E007""]","[""candidate_error_E005"", ""candidate_error_E007""]","[""E005"", ""E006"", ""E007"", ""E009""]",quarantine,0.4778845239227623,8,exagorefsis.blogspot.gr,http://exagorefsis.blogspot.gr/2013/06/blog-post_8633.html,10513,/capstor/scratch/cscs/fffoivos/runs/05_token_distillation_cpt/hplt_cleaning/05_hplt_cleaning_inventory_resume_20260605T165145Z/experiments/review_bundle_20260605T165151Z/docs/c7b7b85a19c640d9.txt,,[],,,,[],
rq_0264_16d388c834,hplt::8_2.jsonl.zst::d9afddc53f42734f20650e7a244c11f9,"[""borderline_false_negative_probe""]","[""borderline_no_candidate_error""]",[],keep,0.24375,8,juniorsclub.gr,https://juniorsclub.gr/priksimo-periodou-ki-omos-mporeis-na-apallachtheis-me-aples-kiniseis/,2292,/capstor/scratch/cscs/fffoivos/runs/05_token_distillation_cpt/hplt_cleaning/05_hplt_cleaning_inventory_resume_20260605T165145Z/experiments/review_bundle_20260605T165151Z/docs/16d388c83474adf0.txt,,[],,,,[],
rq_0265_b9c36ddc33,hplt::8_2.jsonl.zst::db0e36c3fe3249039360134473a8c934,"[""borderline_false_negative_probe""]","[""borderline_no_candidate_error""]",[],keep,0.24519940915805022,8,www.se-skepseis.gr,https://www.se-skepseis.gr/archives/tag/%CE%B7%CE%BB%CE%B9%CE%BA%CE%B9%CF%89%CE%BC%CE%B5%CE%BD%CE%BF%CF%82,2708,/capstor/scratch/cscs/fffoivos/runs/05_token_distillation_cpt/hplt_cleaning/05_hplt_cleaning_inventory_resume_20260605T165145Z/experiments/review_bundle_20260605T165151Z/docs/b9c36ddc33ddf40e.txt,,[],,,,[],
rq_0266_217b3cb611,hplt::8_2.jsonl.zst::db9305dd747db6c91798c8759eb113a9,"[""destructive_action_review"", ""precision_E014""]","[""candidate_action_drop_doc"", ""candidate_error_E014""]","[""E014""]",drop_doc,0.9065031152647975,8,iatrikionline.gr,https://iatrikionline.gr/orl_15/14.htm,1667,/capstor/scratch/cscs/fffoivos/runs/05_token_distillation_cpt/hplt_cleaning/05_hplt_cleaning_inventory_resume_20260605T165145Z/experiments/review_bundle_20260605T165151Z/docs/217b3cb611623b4d.txt,,[],,,,[],
rq_0267_61946f4656,hplt::8_2.jsonl.zst::df9a81bfdecccd47f690c7788602b26f,"[""precision_E009""]","[""candidate_error_E009""]","[""E006"", ""E007"", ""E009"", ""E015""]",quarantine,0.5850000000000001,8,sawbiz.blogspot.com,http://sawbiz.blogspot.com/2011/02/album-rush.html,2110,/capstor/scratch/cscs/fffoivos/runs/05_token_distillation_cpt/hplt_cleaning/05_hplt_cleaning_inventory_resume_20260605T165145Z/experiments/review_bundle_20260605T165151Z/docs/61946f4656a98bdd.txt,,[],,,,[],
rq_0268_98ee837968,hplt::8_2.jsonl.zst::e13a5a6ce90b92c270df337fbe1c2578,"[""borderline_false_negative_probe""]","[""borderline_no_candidate_error""]",[],keep,0.2836752899197145,8,www.protothema.gr,https://www.protothema.gr/sports/article/1489206/thruliki-prokrisi-stin-poli-o-olubiakos-kerdise-ti-fener-3-2-sta-penalti-me-iroa-ton/,4484,/capstor/scratch/cscs/fffoivos/runs/05_token_distillation_cpt/hplt_cleaning/05_hplt_cleaning_inventory_resume_20260605T165145Z/experiments/review_bundle_20260605T165151Z/docs/98ee837968e2fe49.txt,,[],,,,[],
rq_0269_12286092b9,hplt::8_2.jsonl.zst::e1b07d9fe0b09d229420e6a8c2b551d9,"[""borderline_false_negative_probe""]","[""borderline_no_candidate_error""]",[],keep,0.3261029411764706,8,www.ekdromi.gr,https://www.ekdromi.gr/frontend/deals/view/30044/Aegina-bed-and-culture-Aigina,1775,/capstor/scratch/cscs/fffoivos/runs/05_token_distillation_cpt/hplt_cleaning/05_hplt_cleaning_inventory_resume_20260605T165145Z/experiments/review_bundle_20260605T165151Z/docs/12286092b9354480.txt,,[],,,,[],
rq_0270_a770c98566,hplt::8_2.jsonl.zst::e261aeac32d3dc7a0b584a3608ee2276,"[""false_negative_control""]","[""global_random_no_candidate_error""]",[],keep,0.16635220125786168,8,www.tlife.gr,http://www.tlife.gr/news/9/news-xopsonidou/0-41725,781,/capstor/scratch/cscs/fffoivos/runs/05_token_distillation_cpt/hplt_cleaning/05_hplt_cleaning_inventory_resume_20260605T165145Z/experiments/review_bundle_20260605T165151Z/docs/a770c98566fb2b43.txt,,[],,,,[],
rq_0271_117d58c7d4,hplt::8_2.jsonl.zst::e4cbb62221ca7921d0a9672af7bac693,"[""destructive_action_review""]","[""candidate_action_drop_doc""]","[""E014""]",drop_doc,1.0,8,alopsis.gr,http://alopsis.gr/modules.php?name=News&file=print&sid=3277,10477,/capstor/scratch/cscs/fffoivos/runs/05_token_distillation_cpt/hplt_cleaning/05_hplt_cleaning_inventory_resume_20260605T165145Z/experiments/review_bundle_20260605T165151Z/docs/117d58c7d4e4f3b4.txt,,[],,,,[],
rq_0272_974d527d28,hplt::8_2.jsonl.zst::e9cba7a7577854ee33ce1cf0b623944a,"[""precision_E005""]","[""candidate_error_E005""]","[""E005""]",quarantine,0.5597976634951223,8,tapaidiatouinternet.blogspot.gr,http://tapaidiatouinternet.blogspot.gr/2011/03/internet_12.html,33212,/capstor/scratch/cscs/fffoivos/runs/05_token_distillation_cpt/hplt_cleaning/05_hplt_cleaning_inventory_resume_20260605T165145Z/experiments/review_bundle_20260605T165151Z/docs/974d527d28ccf1f5.txt,,[],,,,[],
rq_0273_70c2c2715a,hplt::8_2.jsonl.zst::f0e80923b23d761c1aaee22c7fdd61b1,"[""false_negative_control""]","[""global_random_no_candidate_error""]",[],keep,0.1161430119176598,8,theopemptou.blogspot.com,http://theopemptou.blogspot.com/,23075,/capstor/scratch/cscs/fffoivos/runs/05_token_distillation_cpt/hplt_cleaning/05_hplt_cleaning_inventory_resume_20260605T165145Z/experiments/review_bundle_20260605T165151Z/docs/70c2c2715a81bdba.txt,,[],,,,[],
rq_0274_9f51dbae18,hplt::8_2.jsonl.zst::f2ba8b2bde680cf51f008ee5073d4576,"[""false_negative_control""]","[""global_random_no_candidate_error""]",[],keep,0.1808695652173913,8,focusfm.gr,https://focusfm.gr/quot-apomakrynetai-quot-to-anoigma-ton-katastimaton-apo-1i-dekemvrioy-symfona-me-ton-kyvernitiko-ekprosopo/,575,/capstor/scratch/cscs/fffoivos/runs/05_token_distillation_cpt/hplt_cleaning/05_hplt_cleaning_inventory_resume_20260605T165145Z/experiments/review_bundle_20260605T165151Z/docs/9f51dbae186d4b8f.txt,,[],,,,[],
rq_0275_12c3fda9dd,hplt::8_2.jsonl.zst::f4b8263e76b182da2592f9b24d801495,"[""precision_E007""]","[""candidate_error_E007""]","[""E006"", ""E007"", ""E015""]",quarantine,1.0,8,techmaniacs.gr,https://techmaniacs.gr/ta-nea-progressive-web-apps-den-einai-pliros-leitoyrgika-se-windows-10-mobile/,1117,/capstor/scratch/cscs/fffoivos/runs/05_token_distillation_cpt/hplt_cleaning/05_hplt_cleaning_inventory_resume_20260605T165145Z/experiments/review_bundle_20260605T165151Z/docs/12c3fda9ddd61f78.txt,,[],,,,[],
rq_0276_2e733c4cdc,hplt::8_2.jsonl.zst::f8453e34db9fdd29c77a8d5690687782,"[""destructive_action_review"", ""precision_E007"", ""precision_E008""]","[""candidate_action_trim_span"", ""candidate_error_E007"", ""candidate_error_E008""]","[""E006"", ""E007"", ""E008""]",trim_span,0.6125,8,www.vlaxerna.gr,http://www.vlaxerna.gr/,6990,/capstor/scratch/cscs/fffoivos/runs/05_token_distillation_cpt/hplt_cleaning/05_hplt_cleaning_inventory_resume_20260605T165145Z/experiments/review_bundle_20260605T165151Z/docs/2e733c4cdc5a9144.txt,,[],,,,[],
rq_0277_814a7f15ef,hplt::8_2.jsonl.zst::f9cfd4908bf5347b5e26429afd5f6f3b,"[""precision_E004""]","[""candidate_error_E004""]","[""E004""]",keep,0.42287624049381034,8,www.athinorama.gr,https://www.athinorama.gr/travel/travelideas/articles.aspx?artid=3863&gr=1,20945,/capstor/scratch/cscs/fffoivos/runs/05_token_distillation_cpt/hplt_cleaning/05_hplt_cleaning_inventory_resume_20260605T165145Z/experiments/review_bundle_20260605T165151Z/docs/814a7f15ef7a83b8.txt,,[],,,,[],
rq_0278_199a800289,hplt::8_2.jsonl.zst::fa2490a9c2da70b83766b60b68941248,"[""precision_E009""]","[""candidate_error_E009""]","[""E006"", ""E007"", ""E009"", ""E015""]",quarantine,0.9285060827250607,8,www.gadgetfreak.gr,https://www.gadgetfreak.gr/2011/02/09/%CE%BD%CE%B1-%CE%B1%CE%BD%CF%84%CE%B9%CE%BA%CE%B1%CF%84%CE%B1%CF%83%CF%84%CE%AE%CF%83%CE%B5%CE%B9-%CF%84%CE%BF%CE%BD-%CF%87%CE%B1%CE%BB%CE%BA%CF%8C-%CE%BC%CE%B5-%CE%B1%CE%BB%CE%BF%CF%85%CE%BC%CE%AF/,1475,/capstor/scratch/cscs/fffoivos/runs/05_token_distillation_cpt/hplt_cleaning/05_hplt_cleaning_inventory_resume_20260605T165145Z/experiments/review_bundle_20260605T165151Z/docs/199a80028939566a.txt,,[],,,,[],
rq_0279_0551c96869,hplt::8_2.jsonl.zst::fac57078893e891018293e23762e3990,"[""precision_E004""]","[""candidate_error_E004""]","[""E004""]",keep,0.3575578796817735,8,kafeneio-gr.blogspot.gr,http://kafeneio-gr.blogspot.gr/2010/05/blog-post_617.html,11187,/capstor/scratch/cscs/fffoivos/runs/05_token_distillation_cpt/hplt_cleaning/05_hplt_cleaning_inventory_resume_20260605T165145Z/experiments/review_bundle_20260605T165151Z/docs/0551c96869307e20.txt,,[],,,,[],
rq_0280_5ee95c307b,hplt::8_2.jsonl.zst::fc6111cdd226b9e0522ecf27a69c26a8,"[""destructive_action_review"", ""precision_E006""]","[""candidate_action_trim_span"", ""candidate_error_E006""]","[""E006"", ""E007"", ""E008""]",trim_span,0.6290456989247312,8,mompso.com,https://mompso.com/katigories-proionton/alogo/diatrofi-therapeia/tenontes-arthroseis/,1656,/capstor/scratch/cscs/fffoivos/runs/05_token_distillation_cpt/hplt_cleaning/05_hplt_cleaning_inventory_resume_20260605T165145Z/experiments/review_bundle_20260605T165151Z/docs/5ee95c307b9528c2.txt,,[],,,,[],
rq_0281_b695ff7ccc,hplt::9_1.jsonl.zst::0063c94fe69b1e792224ea05126f3fab,"[""precision_E011"", ""precision_E012""]","[""candidate_error_E011"", ""candidate_error_E012""]","[""E011"", ""E012""]",quarantine,0.5539937500000001,9,cretanpatriot.wordpress.com,https://cretanpatriot.wordpress.com/category/%ce%b1%cf%83%cf%86%ce%b1%ce%bb%ce%b9%cf%83%cf%84%ce%b9%ce%ba%cf%8c-2/,16278,/capstor/scratch/cscs/fffoivos/runs/05_token_distillation_cpt/hplt_cleaning/05_hplt_cleaning_inventory_resume_20260605T165145Z/experiments/review_bundle_20260605T165151Z/docs/b695ff7ccc784ba3.txt,,[],,,,[],
rq_0282_38d6308db0,hplt::9_1.jsonl.zst::03ca62fe304f5f6cee6f2086d4a13da2,"[""destructive_action_review""]","[""candidate_action_drop_doc""]","[""E014""]",drop_doc,1.0,9,docplayer.gr,http://docplayer.gr/2383147-Tdnpkexthao-isalleo-fiioingno-msc-mpa.html,37186,/capstor/scratch/cscs/fffoivos/runs/05_token_distillation_cpt/hplt_cleaning/05_hplt_cleaning_inventory_resume_20260605T165145Z/experiments/review_bundle_20260605T165151Z/docs/38d6308db038f817.txt,,[],,,,[],
rq_0283_5d8398dd21,hplt::9_1.jsonl.zst::0684f074ffb4859df954f545cf0a684c,"[""precision_E011"", ""precision_E012""]","[""candidate_error_E011"", ""candidate_error_E012""]","[""E011"", ""E012""]",quarantine,0.6674500000000001,9,hellenicdailynews.blogspot.com,http://hellenicdailynews.blogspot.com/search?updated-max=2009-03-30T14:49:00%2B03:00&max-results=25,52584,/capstor/scratch/cscs/fffoivos/runs/05_token_distillation_cpt/hplt_cleaning/05_hplt_cleaning_inventory_resume_20260605T165145Z/experiments/review_bundle_20260605T165151Z/docs/5d8398dd21e0ba76.txt,,[],,,,[],
rq_0284_14076fa3f1,hplt::9_1.jsonl.zst::07340d38f75c107f10ebb1260154a92c,"[""precision_E004""]","[""candidate_error_E004""]","[""E004""]",keep,0.37142857142857144,9,socialpolicy.gr,http://socialpolicy.gr/2015/05/bullying-%CE%B1%CF%80%CF%8C-%CF%84%CE%B1-%CE%B3%CE%B9%CE%AC%CE%BD%CE%BD%CE%B5%CE%BD%CE%B1-%CF%83%CF%84%CE%B7-%CE%B3%CE%B5%CE%BD%CE%B5%CF%8D%CE%B7-%CE%BA%CE%B1%CE%B9-%CF%80%CE%AC%CE%BB%CE%B9-%CF%80.html,8783,/capstor/scratch/cscs/fffoivos/runs/05_token_distillation_cpt/hplt_cleaning/05_hplt_cleaning_inventory_resume_20260605T165145Z/experiments/review_bundle_20260605T165151Z/docs/14076fa3f16570b6.txt,,[],,,,[],
rq_0285_0ed4acc7af,hplt::9_1.jsonl.zst::106f75f543f9f3ff3b272b60d87d88b0,"[""false_negative_control""]","[""global_random_no_candidate_error""]",[],keep,0.21412012644889358,9,cycladesopen.gr,https://cycladesopen.gr/fovasai-tora-to-chatgpt-argises-mystiki-i/,4745,/capstor/scratch/cscs/fffoivos/runs/05_token_distillation_cpt/hplt_cleaning/05_hplt_cleaning_inventory_resume_20260605T165145Z/experiments/review_bundle_20260605T165151Z/docs/0ed4acc7afa2342a.txt,,[],,,,[],
rq_0286_a421d8ab8f,hplt::9_1.jsonl.zst::12a6fbe17eafa26f357cba1d690a9592,"[""precision_E011"", ""precision_E012""]","[""candidate_error_E011"", ""candidate_error_E012""]","[""E011"", ""E012""]",quarantine,0.665565625,9,kataskinosi-agkyra.blogspot.com,https://kataskinosi-agkyra.blogspot.com/2024/01/,51981,/capstor/scratch/cscs/fffoivos/runs/05_token_distillation_cpt/hplt_cleaning/05_hplt_cleaning_inventory_resume_20260605T165145Z/experiments/review_bundle_20260605T165151Z/docs/a421d8ab8fe7568b.txt,,[],,,,[],
rq_0287_f4ed4f9ef8,hplt::9_1.jsonl.zst::155c7314c1aa5aea9857c290c2350f5f,"[""false_negative_control""]","[""global_random_no_candidate_error""]",[],keep,0.24411764705882352,9,www.circogreco.gr,https://www.circogreco.gr/2019/12/13/noera-taksidia-me-krasia/,5440,/capstor/scratch/cscs/fffoivos/runs/05_token_distillation_cpt/hplt_cleaning/05_hplt_cleaning_inventory_resume_20260605T165145Z/experiments/review_bundle_20260605T165151Z/docs/f4ed4f9ef85e5dbd.txt,,[],,,,[],
rq_0288_c1304767e6,hplt::9_1.jsonl.zst::181ca42806adb068d37267fc3b7838ef,"[""false_negative_control""]","[""global_random_no_candidate_error""]",[],keep,0.20207085828343313,9,skopelos-news.blogspot.com.br,http://skopelos-news.blogspot.com.br/2015/11/blog-post_970.html,2477,/capstor/scratch/cscs/fffoivos/runs/05_token_distillation_cpt/hplt_cleaning/05_hplt_cleaning_inventory_resume_20260605T165145Z/experiments/review_bundle_20260605T165151Z/docs/c1304767e692d105.txt,,[],,,,[],
rq_0289_58af621e0e,hplt::9_1.jsonl.zst::29e337c680a2fce1dcf25768b2d92550,"[""false_negative_control""]","[""global_random_no_candidate_error""]",[],keep,0.176566757493188,9,empros.gr,https://empros.gr/2006/11/8-3/,3670,/capstor/scratch/cscs/fffoivos/runs/05_token_distillation_cpt/hplt_cleaning/05_hplt_cleaning_inventory_resume_20260605T165145Z/experiments/review_bundle_20260605T165151Z/docs/58af621e0e4d447f.txt,,[],,,,[],
rq_0290_899fb1160d,hplt::9_1.jsonl.zst::2b0e6df7b8d8e76184c26320a4dc5c13,"[""precision_E004""]","[""candidate_error_E004""]","[""E004""]",quarantine,0.7484160677187505,9,www.digea.gr,http://www.digea.gr/footer/terms,11071,/capstor/scratch/cscs/fffoivos/runs/05_token_distillation_cpt/hplt_cleaning/05_hplt_cleaning_inventory_resume_20260605T165145Z/experiments/review_bundle_20260605T165151Z/docs/899fb1160d450db8.txt,,[],,,,[],
rq_0291_93a0bb8de4,hplt::9_1.jsonl.zst::2c1114acaf85adcb3ee3ed5fdae97e6e,"[""precision_E011"", ""precision_E012""]","[""candidate_error_E011"", ""candidate_error_E012""]","[""E011"", ""E012""]",quarantine,0.48174791666666666,9,papaleonidasdimitris.wordpress.com,https://papaleonidasdimitris.wordpress.com/tag/%CE%B1%CF%81%CE%B3%CE%B5%CE%BD%CF%84%CE%B9%CE%BD%CE%B7/,19826,/capstor/scratch/cscs/fffoivos/runs/05_token_distillation_cpt/hplt_cleaning/05_hplt_cleaning_inventory_resume_20260605T165145Z/experiments/review_bundle_20260605T165151Z/docs/93a0bb8de4c9400f.txt,,[],,,,[],
rq_0292_1572f90271,hplt::9_1.jsonl.zst::2de6a9fa3b766d5814b34945f48bfef2,"[""precision_E004""]","[""candidate_error_E004""]","[""E004""]",keep,0.35795449815611813,9,ifestos.edu.gr,https://ifestos.edu.gr/2017/05/11/%cf%80-%ce%ae%cf%86%ce%b1%ce%b9%cf%83%cf%84%ce%bf%cf%82-%cf%84%ce%bf%cf%85%cf%81%ce%ba%ce%b9%ce%b1-%ce%b5%ce%bb%ce%bb%ce%b1%ce%b4%ce%b1-%ce%b7-%ce%bb%ce%bf%ce%b3%ce%b9%ce%ba%ce%b7-%cf%84%cf%89/amp/,34322,/capstor/scratch/cscs/fffoivos/runs/05_token_distillation_cpt/hplt_cleaning/05_hplt_cleaning_inventory_resume_20260605T165145Z/experiments/review_bundle_20260605T165151Z/docs/1572f902713ba07c.txt,,[],,,,[],
rq_0293_378a24e037,hplt::9_1.jsonl.zst::30800f43e197124263e68933a3d7d9e5,"[""precision_E003""]","[""candidate_error_E003""]","[""E003""]",quarantine,0.466105644963093,9,planetaris.gr,https://planetaris.gr/index.php/component/k2/itemlist/tag/VAR,13111,/capstor/scratch/cscs/fffoivos/runs/05_token_distillation_cpt/hplt_cleaning/05_hplt_cleaning_inventory_resume_20260605T165145Z/experiments/review_bundle_20260605T165151Z/docs/378a24e037807288.txt,,[],,,,[],
rq_0294_bc0d4ec92d,hplt::9_1.jsonl.zst::3272229cfd511cf7c29b4bbcacf64757,"[""false_negative_control""]","[""global_random_no_candidate_error""]",[],keep,0.18670886075949367,9,dolce.com.cy,https://dolce.com.cy/%CE%BC%CE%B9%CF%81%CE%B1%CE%BD%CF%84%CE%B1-%CE%B2%CE%B1%CF%83%CE%B9%CE%BB%CE%B5%CE%B9%CE%BF%CF%85-%CE%BC%CF%80%CE%BF%CF%81%CE%B5%CE%B9-%CE%BD%CE%B1-%CF%86%CF%84%CE%B9%CE%B1%CE%BE%CE%B5%CE%B9-%CF%84/,2528,/capstor/scratch/cscs/fffoivos/runs/05_token_distillation_cpt/hplt_cleaning/05_hplt_cleaning_inventory_resume_20260605T165145Z/experiments/review_bundle_20260605T165151Z/docs/bc0d4ec92d9093b7.txt,,[],,,,[],
rq_0295_1a687bee40,hplt::9_1.jsonl.zst::32925af0e3cb42a5cbd7663410a27619,"[""borderline_false_negative_probe""]","[""borderline_no_candidate_error""]",[],keep,0.2537764350453172,9,slideplayer.gr,http://slideplayer.gr/slide/3086518/,6620,/capstor/scratch/cscs/fffoivos/runs/05_token_distillation_cpt/hplt_cleaning/05_hplt_cleaning_inventory_resume_20260605T165145Z/experiments/review_bundle_20260605T165151Z/docs/1a687bee402ed01e.txt,,[],,,,[],
rq_0296_7d3f4edd97,hplt::9_1.jsonl.zst::3835c6f39e7a7380054eaea89c75ffc1,"[""destructive_action_review""]","[""candidate_action_drop_doc""]","[""E014""]",drop_doc,0.9760794140323823,9,ksipnistere.blogspot.com,http://ksipnistere.blogspot.com/2012/11/blog-post_1783.html,6162,/capstor/scratch/cscs/fffoivos/runs/05_token_distillation_cpt/hplt_cleaning/05_hplt_cleaning_inventory_resume_20260605T165145Z/experiments/review_bundle_20260605T165151Z/docs/7d3f4edd97f8d652.txt,,[],,,,[],
rq_0297_90ac9660e0,hplt::9_1.jsonl.zst::3e48d10cd073a0ed5caa6a6e8685d5f4,"[""false_negative_control""]","[""global_random_no_candidate_error""]",[],keep,0.26070287539936104,9,ieramonopatia.gr,https://ieramonopatia.gr/ekklisia/patriarxeia/i-akoloythia-toy-epitafioy-ston-paniero-nao-tis-anastaseos/,9390,/capstor/scratch/cscs/fffoivos/runs/05_token_distillation_cpt/hplt_cleaning/05_hplt_cleaning_inventory_resume_20260605T165145Z/experiments/review_bundle_20260605T165151Z/docs/90ac9660e02582e7.txt,,[],,,,[],
rq_0298_507c6364d6,hplt::9_1.jsonl.zst::45c9e02804046caa5b4792cf5f43db42,"[""false_negative_control""]","[""global_random_no_candidate_error""]",[],keep,0.16800173197661833,9,rigasili.blogspot.com,http://rigasili.blogspot.com/2011/03/blog-post_5850.html,4619,/capstor/scratch/cscs/fffoivos/runs/05_token_distillation_cpt/hplt_cleaning/05_hplt_cleaning_inventory_resume_20260605T165145Z/experiments/review_bundle_20260605T165151Z/docs/507c6364d659fe5c.txt,,[],,,,[],
rq_0299_2a34fe9522,hplt::9_1.jsonl.zst::551206dfcfdb926cc3d1fc224758afb1,"[""precision_E007""]","[""candidate_error_E007""]","[""E006"", ""E007"", ""E008""]",keep,0.3686363636363636,9,www.gran-turismo.com,https://www.gran-turismo.com/gr/news/00_8949738.html,6436,/capstor/scratch/cscs/fffoivos/runs/05_token_distillation_cpt/hplt_cleaning/05_hplt_cleaning_inventory_resume_20260605T165145Z/experiments/review_bundle_20260605T165151Z/docs/2a34fe95220c814b.txt,,[],,,,[],
rq_0300_bc9ab3d9a0,hplt::9_1.jsonl.zst::66e6e497e5afb80e675d83cf4e1f3562,"[""destructive_action_review""]","[""candidate_action_drop_doc""]","[""E014""]",drop_doc,1.0,9,issuu.com,https://issuu.com/chiospress/docs/syskepsi,3111,/capstor/scratch/cscs/fffoivos/runs/05_token_distillation_cpt/hplt_cleaning/05_hplt_cleaning_inventory_resume_20260605T165145Z/experiments/review_bundle_20260605T165151Z/docs/bc9ab3d9a070dccd.txt,,[],,,,[],
rq_0301_f35b9e8ea0,hplt::9_1.jsonl.zst::685e6fca661ff1f949774dd2bf02644c,"[""destructive_action_review""]","[""candidate_action_trim_span""]","[""E006"", ""E007""]",trim_span,0.6123333333333334,9,dealhunter.gr,http://dealhunter.gr/s/Dealway?page=8,6770,/capstor/scratch/cscs/fffoivos/runs/05_token_distillation_cpt/hplt_cleaning/05_hplt_cleaning_inventory_resume_20260605T165145Z/experiments/review_bundle_20260605T165151Z/docs/f35b9e8ea08f01ca.txt,,[],,,,[],
rq_0302_de5e626a21,hplt::9_1.jsonl.zst::6bddf5e04d12f87a7d650cd3619b028c,"[""destructive_action_review""]","[""candidate_action_trim_span""]","[""E006"", ""E007"", ""E009""]",trim_span,0.6016666666666667,9,www.unpolitical.gr,http://www.unpolitical.gr/2017/02/blog-post_683.html,5505,/capstor/scratch/cscs/fffoivos/runs/05_token_distillation_cpt/hplt_cleaning/05_hplt_cleaning_inventory_resume_20260605T165145Z/experiments/review_bundle_20260605T165151Z/docs/de5e626a217bd5fe.txt,,[],,,,[],
rq_0303_bb7b8f9d63,hplt::9_1.jsonl.zst::7285a7820b9e442f4882514654cafc58,"[""false_negative_control""]","[""global_random_no_candidate_error""]",[],keep,0.25573770491803277,9,www.kalavrytanet.com,https://www.kalavrytanet.com/voyli-nomoschedio-tin-e-r-t-omilia-tis-marias,7320,/capstor/scratch/cscs/fffoivos/runs/05_token_distillation_cpt/hplt_cleaning/05_hplt_cleaning_inventory_resume_20260605T165145Z/experiments/review_bundle_20260605T165151Z/docs/bb7b8f9d63de1222.txt,,[],,,,[],
rq_0304_2b52f4b2c7,hplt::9_1.jsonl.zst::739e068435ea4a9809ae5b52e5af2ad3,"[""precision_E009""]","[""candidate_error_E009""]","[""E006"", ""E007"", ""E009""]",keep,0.36891756032171585,9,mitsopoulos.farm,https://mitsopoulos.farm/news/contest-back-to-school,11190,/capstor/scratch/cscs/fffoivos/runs/05_token_distillation_cpt/hplt_cleaning/05_hplt_cleaning_inventory_resume_20260605T165145Z/experiments/review_bundle_20260605T165151Z/docs/2b52f4b2c7826d41.txt,,[],,,,[],
rq_0305_4494c268d0,hplt::9_1.jsonl.zst::79cb0d00da44f81423d47a49517681a4,"[""false_negative_control""]","[""global_random_no_candidate_error""]",[],keep,0.20751813585403386,9,blogs.sch.gr,https://blogs.sch.gr/kantonopou/archives/13105,4549,/capstor/scratch/cscs/fffoivos/runs/05_token_distillation_cpt/hplt_cleaning/05_hplt_cleaning_inventory_resume_20260605T165145Z/experiments/review_bundle_20260605T165151Z/docs/4494c268d047ad90.txt,,[],,,,[],
rq_0306_8a531e570e,hplt::9_1.jsonl.zst::8708d7790e1e65d4c196138b8f36d67f,"[""destructive_action_review""]","[""candidate_action_trim_span""]","[""E006"", ""E007"", ""E009""]",trim_span,0.6128921568627451,9,www.usay.gr,http://www.usay.gr/article/75822/baroyfakis_xtypa_tin_ekt_me_protasi_enallaktikis_posotikis_xalarwsis.html?category_id=2784,5718,/capstor/scratch/cscs/fffoivos/runs/05_token_distillation_cpt/hplt_cleaning/05_hplt_cleaning_inventory_resume_20260605T165145Z/experiments/review_bundle_20260605T165151Z/docs/8a531e570ea958a5.txt,,[],,,,[],
rq_0307_52a842e64a,hplt::9_1.jsonl.zst::87cae7eccce9b606b7bc6c2fe7793dad,"[""precision_E011"", ""precision_E012""]","[""candidate_error_E011"", ""candidate_error_E012""]","[""E011"", ""E012""]",quarantine,0.4757020833333333,9,www.gnan.gr,http://www.gnan.gr/2012/07/,44558,/capstor/scratch/cscs/fffoivos/runs/05_token_distillation_cpt/hplt_cleaning/05_hplt_cleaning_inventory_resume_20260605T165145Z/experiments/review_bundle_20260605T165151Z/docs/52a842e64a8fc9cc.txt,,[],,,,[],
rq_0308_00fd9c08be,hplt::9_1.jsonl.zst::911d0b245b9318dc3d452192503c395d,"[""destructive_action_review"", ""precision_E014""]","[""candidate_action_drop_doc"", ""candidate_error_E014""]","[""E014""]",drop_doc,1.0,9,docplayer.gr,http://docplayer.gr/6773180-Smzma-ftikhn-porhn-pdrivallonso.html,89011,/capstor/scratch/cscs/fffoivos/runs/05_token_distillation_cpt/hplt_cleaning/05_hplt_cleaning_inventory_resume_20260605T165145Z/experiments/review_bundle_20260605T165151Z/docs/00fd9c08be978f93.txt,,[],,,,[],
rq_0309_6d96c05660,hplt::9_1.jsonl.zst::9189d97a4ccbc3fccff5e4c28c7c7853,"[""destructive_action_review""]","[""candidate_action_trim_span""]","[""E006"", ""E007""]",trim_span,0.6829166666666666,9,el.androware.org,http://el.androware.org/download-health-for-samsung-gt-i9070-galaxy-s-advance/1/date,8156,/capstor/scratch/cscs/fffoivos/runs/05_token_distillation_cpt/hplt_cleaning/05_hplt_cleaning_inventory_resume_20260605T165145Z/experiments/review_bundle_20260605T165151Z/docs/6d96c056603e05b6.txt,,[],,,,[],
rq_0310_dd619ea5db,hplt::9_1.jsonl.zst::952d60fd9315135451e58679f64099ce,"[""precision_E012""]","[""candidate_error_E012""]","[""E011"", ""E012""]",keep,0.40479166666666666,9,kostasxan.blogspot.com,http://kostasxan.blogspot.com/2009_01_04_archive.html,75200,/capstor/scratch/cscs/fffoivos/runs/05_token_distillation_cpt/hplt_cleaning/05_hplt_cleaning_inventory_resume_20260605T165145Z/experiments/review_bundle_20260605T165151Z/docs/dd619ea5dbb42d42.txt,,[],,,,[],
rq_0311_9c6b809eef,hplt::9_1.jsonl.zst::97864c09d46e2e052adba1d4a9431080,"[""precision_E006""]","[""candidate_error_E006""]","[""E006"", ""E007""]",trim_span,0.62104764672265,9,onlydeals.gr,http://onlydeals.gr/health/menidi,14542,/capstor/scratch/cscs/fffoivos/runs/05_token_distillation_cpt/hplt_cleaning/05_hplt_cleaning_inventory_resume_20260605T165145Z/experiments/review_bundle_20260605T165151Z/docs/9c6b809eef8c9a21.txt,,[],,,,[],
rq_0312_edd5a6fa0f,hplt::9_1.jsonl.zst::9d6521c4f0980e7df289b3eebbc15435,"[""false_negative_control""]","[""global_random_no_candidate_error""]",[],keep,0.21043503396444574,9,www.athensvoice.gr,https://www.athensvoice.gr/culture/cinema/424762_kritiki-gia-tis-nees-tainies-tis-evdomadas,6919,/capstor/scratch/cscs/fffoivos/runs/05_token_distillation_cpt/hplt_cleaning/05_hplt_cleaning_inventory_resume_20260605T165145Z/experiments/review_bundle_20260605T165151Z/docs/edd5a6fa0f09f13c.txt,,[],,,,[],
rq_0313_a213be7369,hplt::9_1.jsonl.zst::a011a90ad0d669170c87a5b3faf4b042,"[""false_negative_control""]","[""global_random_no_candidate_error""]",[],keep,0.23540229885057473,9,ellas2.wordpress.com,http://ellas2.wordpress.com/tag/%ce%b9%cf%80%cf%80%ce%bf%ce%ba%cf%81%ce%ac%cf%84%ce%b7%cf%82/,5231,/capstor/scratch/cscs/fffoivos/runs/05_token_distillation_cpt/hplt_cleaning/05_hplt_cleaning_inventory_resume_20260605T165145Z/experiments/review_bundle_20260605T165151Z/docs/a213be73699039d1.txt,,[],,,,[],
rq_0314_a3fa121f8a,hplt::9_1.jsonl.zst::a5ade28c0e01f82e2df35a64f4890177,"[""false_negative_control""]","[""global_random_no_candidate_error""]",[],keep,0.15380671622660858,9,talentabout.gr,https://talentabout.gr/2021/11/evgale-to-kapelo-ston-olybiako-o-bousias-kamia-simasia-to-apotelesma/,3901,/capstor/scratch/cscs/fffoivos/runs/05_token_distillation_cpt/hplt_cleaning/05_hplt_cleaning_inventory_resume_20260605T165145Z/experiments/review_bundle_20260605T165151Z/docs/a3fa121f8a77cace.txt,,[],,,,[],
rq_0315_0c8e4ad3f5,hplt::9_1.jsonl.zst::af4e63e77882d2f6afefe62d28616557,"[""precision_E009""]","[""candidate_error_E009""]","[""E006"", ""E007"", ""E008"", ""E009""]",quarantine,0.5786879040522734,9,infood.gr,https://infood.gr/kotopoulo-me-saltsa-lefkou-krasiou/,69881,/capstor/scratch/cscs/fffoivos/runs/05_token_distillation_cpt/hplt_cleaning/05_hplt_cleaning_inventory_resume_20260605T165145Z/experiments/review_bundle_20260605T165151Z/docs/0c8e4ad3f52ed163.txt,,[],,,,[],
rq_0316_99910d228c,hplt::9_1.jsonl.zst::b22337991675e150cb7261c6ab9ada2e,"[""destructive_action_review"", ""precision_E008""]","[""candidate_action_trim_span"", ""candidate_error_E008""]","[""E006"", ""E007"", ""E008""]",trim_span,0.6979166666666666,9,www.anesishome.gr,https://www.anesishome.gr/%CF%80%CE%BB%CE%B7%CF%81%CE%BF%CF%86%CE%BF%CF%81%CE%B9%CE%B5%CF%82/%CE%BF%CF%81%CE%BF%CE%B9-%CF%80%CF%81%CE%BF%CF%83%CF%84%CE%B1%CF%83%CE%B9%CE%B1%CF%82-%CE%B4%CE%B5%CE%B4%CE%BF%CE%BC%CE%B5%CE%BD%CF%89%CE%BD-7,6277,/capstor/scratch/cscs/fffoivos/runs/05_token_distillation_cpt/hplt_cleaning/05_hplt_cleaning_inventory_resume_20260605T165145Z/experiments/review_bundle_20260605T165151Z/docs/99910d228c96adf3.txt,,[],,,,[],
rq_0317_fffbd9ee88,hplt::9_1.jsonl.zst::c096dad494cbb1fc673835eda1155a53,"[""false_negative_control""]","[""global_random_no_candidate_error""]",[],keep,0.21643649535884085,9,www.anemosnaftilos.gr,http://www.anemosnaftilos.gr/2018/04/blog-post_64.html,8834,/capstor/scratch/cscs/fffoivos/runs/05_token_distillation_cpt/hplt_cleaning/05_hplt_cleaning_inventory_resume_20260605T165145Z/experiments/review_bundle_20260605T165151Z/docs/fffbd9ee885fc1b2.txt,,[],,,,[],
rq_0318_b28ffe69f1,hplt::9_1.jsonl.zst::c24c24d4a03996017cc74aa536c9e90c,"[""destructive_action_review""]","[""candidate_action_drop_doc""]","[""E014""]",drop_doc,0.9165927478311726,9,docplayer.gr,http://docplayer.gr/166690418-8-fakdlo-afaldia-kai-tgdia-fat.html,25973,/capstor/scratch/cscs/fffoivos/runs/05_token_distillation_cpt/hplt_cleaning/05_hplt_cleaning_inventory_resume_20260605T165145Z/experiments/review_bundle_20260605T165151Z/docs/b28ffe69f1ac7978.txt,,[],,,,[],
rq_0319_d8a889386c,hplt::9_1.jsonl.zst::c35a140088f0cd40c9536381d5bce499,"[""false_negative_control""]","[""global_random_no_candidate_error""]",[],keep,0.16239125585545394,9,www.athensvoice.gr,https://www.athensvoice.gr/life/geusi/themata/875416/ston-evro-ftiahnoun-ta-exairetika-kai-poluvraveumena-elaiolada-kuklopas/,4483,/capstor/scratch/cscs/fffoivos/runs/05_token_distillation_cpt/hplt_cleaning/05_hplt_cleaning_inventory_resume_20260605T165145Z/experiments/review_bundle_20260605T165151Z/docs/d8a889386c5f079a.txt,,[],,,,[],
rq_0320_cd8ee24929,hplt::9_1.jsonl.zst::c90861bec115ba9cc2b91431bfede3d0,"[""destructive_action_review""]","[""candidate_action_trim_span""]","[""E006"", ""E007""]",trim_span,0.67125,9,el.androware.net,http://el.androware.net/download-healthcare-medicine-for-google-android-4-1/1/date,5661,/capstor/scratch/cscs/fffoivos/runs/05_token_distillation_cpt/hplt_cleaning/05_hplt_cleaning_inventory_resume_20260605T165145Z/experiments/review_bundle_20260605T165151Z/docs/cd8ee249293e55af.txt,,[],,,,[],
rq_0321_ba4159b82f,hplt::9_1.jsonl.zst::ce06df0f70422930b8f721afef137a32,"[""precision_E004""]","[""candidate_error_E004""]","[""E004""]",keep,0.4086572465932131,9,el.divernet.com,https://el.divernet.com/videos/garmin-descent-mk2i-full-review-after-30-dives/,18178,/capstor/scratch/cscs/fffoivos/runs/05_token_distillation_cpt/hplt_cleaning/05_hplt_cleaning_inventory_resume_20260605T165145Z/experiments/review_bundle_20260605T165151Z/docs/ba4159b82f85ec51.txt,,[],,,,[],
rq_0322_a4e38dc2de,hplt::9_1.jsonl.zst::cee90693b5b5c13323a748db92f3b87b,"[""precision_E012""]","[""candidate_error_E012""]","[""E011"", ""E012""]",quarantine,0.5492375,9,kianotipies.blogspot.com,http://kianotipies.blogspot.com/2011/12/,14756,/capstor/scratch/cscs/fffoivos/runs/05_token_distillation_cpt/hplt_cleaning/05_hplt_cleaning_inventory_resume_20260605T165145Z/experiments/review_bundle_20260605T165151Z/docs/a4e38dc2de6efc93.txt,,[],,,,[],
rq_0323_94582f5af5,hplt::9_1.jsonl.zst::d28d568b9eaca69b0aefd99a6dfe5275,"[""destructive_action_review"", ""precision_E008""]","[""candidate_action_trim_span"", ""candidate_error_E008""]","[""E006"", ""E007"", ""E008""]",trim_span,0.666471024891576,9,www.asvestohori.gr,http://www.asvestohori.gr/?cat=44&paged=3,18947,/capstor/scratch/cscs/fffoivos/runs/05_token_distillation_cpt/hplt_cleaning/05_hplt_cleaning_inventory_resume_20260605T165145Z/experiments/review_bundle_20260605T165151Z/docs/94582f5af53b239b.txt,,[],,,,[],
rq_0324_ae2c1dc515,hplt::9_1.jsonl.zst::d4d020e67d5e7de6c8ebf412c0e00698,"[""destructive_action_review""]","[""candidate_action_drop_doc""]","[""E014""]",drop_doc,1.0,9,docplayer.gr,http://docplayer.gr/52987839-Kyriaki-g-ton-nisteion-tes-stayroproskyneseos-en-to-savvato-esperas-kyrie-eleison.html,13158,/capstor/scratch/cscs/fffoivos/runs/05_token_distillation_cpt/hplt_cleaning/05_hplt_cleaning_inventory_resume_20260605T165145Z/experiments/review_bundle_20260605T165151Z/docs/ae2c1dc515d83338.txt,,[],,,,[],
rq_0325_f6d99de515,hplt::9_1.jsonl.zst::db150d120f27e94095d062fbfba76718,"[""destructive_action_review""]","[""candidate_action_trim_span""]","[""E006"", ""E007""]",trim_span,0.6458333333333334,9,www.fnl-guide.com,https://www.fnl-guide.com/gr/el/globe-eater/naamyaa-london/,3157,/capstor/scratch/cscs/fffoivos/runs/05_token_distillation_cpt/hplt_cleaning/05_hplt_cleaning_inventory_resume_20260605T165145Z/experiments/review_bundle_20260605T165151Z/docs/f6d99de515763a59.txt,,[],,,,[],
rq_0326_f02e4891e6,hplt::9_1.jsonl.zst::defc9006fc25f346585c0fa426e9c1a6,"[""borderline_false_negative_probe""]","[""borderline_no_candidate_error""]",[],keep,0.25434014139827177,9,www.mommy.gr,https://www.mommy.gr/otan-to-paidi-arneitai-na-ntythei-mono-tou/,4728,/capstor/scratch/cscs/fffoivos/runs/05_token_distillation_cpt/hplt_cleaning/05_hplt_cleaning_inventory_resume_20260605T165145Z/experiments/review_bundle_20260605T165151Z/docs/f02e4891e6a7bd0e.txt,,[],,,,[],
rq_0327_e4fc232c99,hplt::9_1.jsonl.zst::e166a21b5eadbb3b2b003a241cc7ec7c,"[""precision_E012""]","[""candidate_error_E012""]","[""E011"", ""E012""]",keep,0.40332291666666664,9,financialcrimesnews.blogspot.com,http://financialcrimesnews.blogspot.com/2011/12/,74730,/capstor/scratch/cscs/fffoivos/runs/05_token_distillation_cpt/hplt_cleaning/05_hplt_cleaning_inventory_resume_20260605T165145Z/experiments/review_bundle_20260605T165151Z/docs/e4fc232c99414a9d.txt,,[],,,,[],
rq_0328_f75cc84ac1,hplt::9_1.jsonl.zst::e2d69274590f1ea68222846b9d80a046,"[""false_negative_control""]","[""global_random_no_candidate_error""]",[],keep,0.15722120658135283,9,www.techpress.gr,https://www.techpress.gr/index.php/archives/57639,4376,/capstor/scratch/cscs/fffoivos/runs/05_token_distillation_cpt/hplt_cleaning/05_hplt_cleaning_inventory_resume_20260605T165145Z/experiments/review_bundle_20260605T165151Z/docs/f75cc84ac1de62e7.txt,,[],,,,[],
rq_0329_e577b03d83,hplt::9_1.jsonl.zst::e576be27336f4f407bf3825ae4362e82,"[""precision_E004""]","[""candidate_error_E004""]","[""E004""]",keep,0.3652467698488791,9,fromgr2uk.com,http://fromgr2uk.com/moving_houses/,12516,/capstor/scratch/cscs/fffoivos/runs/05_token_distillation_cpt/hplt_cleaning/05_hplt_cleaning_inventory_resume_20260605T165145Z/experiments/review_bundle_20260605T165151Z/docs/e577b03d837dfcce.txt,,[],,,,[],
rq_0330_e6dee540f9,hplt::9_1.jsonl.zst::e8b446afc0b3a076d20ff7a54b64749e,"[""destructive_action_review"", ""precision_E006"", ""precision_E007"", ""precision_E008"", ""precision_E009""]","[""candidate_action_trim_span"", ""candidate_error_E006"", ""candidate_error_E007"", ""candidate_error_E008"", ""candidate_error_E009""]","[""E006"", ""E007"", ""E008"", ""E009""]",trim_span,0.7746283255086073,9,automovilzona.com,https://automovilzona.com/page-16/hola-5/,12425,/capstor/scratch/cscs/fffoivos/runs/05_token_distillation_cpt/hplt_cleaning/05_hplt_cleaning_inventory_resume_20260605T165145Z/experiments/review_bundle_20260605T165151Z/docs/e6dee540f931b39d.txt,,[],,,,[],
rq_0331_f943219372,hplt::9_1.jsonl.zst::eb556da68273091967bf5eb8e24d4465,"[""borderline_false_negative_probe""]","[""borderline_no_candidate_error""]",[],keep,0.24640422155252226,9,text.beta.egwwritings.org,https://text.beta.egwwritings.org/read/11376.1195,16823,/capstor/scratch/cscs/fffoivos/runs/05_token_distillation_cpt/hplt_cleaning/05_hplt_cleaning_inventory_resume_20260605T165145Z/experiments/review_bundle_20260605T165151Z/docs/f9432193729aa8f4.txt,,[],,,,[],
rq_0332_1f587f00ab,hplt::9_1.jsonl.zst::f42681d24cc5fa178ffec1f58024e2d6,"[""destructive_action_review""]","[""candidate_action_drop_doc""]","[""E014""]",drop_doc,0.9130643841222206,9,docplayer.gr,http://docplayer.gr/4631670-Anapstxz-kai-yarakszrimo-ldpshn-tmdnihn-nio-md-nanohmasigia-au-kai-dfarmogz-sot-d-aithzszrd-tgrogonot-yamzlz-thdrmokraia.html,49236,/capstor/scratch/cscs/fffoivos/runs/05_token_distillation_cpt/hplt_cleaning/05_hplt_cleaning_inventory_resume_20260605T165145Z/experiments/review_bundle_20260605T165151Z/docs/1f587f00ab7176ff.txt,,[],,,,[],
rq_0333_48cb807e61,hplt::9_1.jsonl.zst::f533c0f6cc87a231ff1fe651601fc97e,"[""destructive_action_review""]","[""candidate_action_drop_doc""]","[""E014""]",drop_doc,1.0,9,www.inclusivedemocracy.org,https://www.inclusivedemocracy.org/fotopoulos/greek/grE/gre1990/12_15.htm,9623,/capstor/scratch/cscs/fffoivos/runs/05_token_distillation_cpt/hplt_cleaning/05_hplt_cleaning_inventory_resume_20260605T165145Z/experiments/review_bundle_20260605T165151Z/docs/48cb807e61ebedc5.txt,,[],,,,[],
rq_0334_b5024f6d8a,hplt::9_1.jsonl.zst::f72c84daf22285ce6c86c18ff6b8f194,"[""precision_E011""]","[""candidate_error_E011""]","[""E011"", ""E012""]",quarantine,0.46497083333333333,9,www.lintzeris.gr,https://www.lintzeris.gr/2008/01/page/4/,41124,/capstor/scratch/cscs/fffoivos/runs/05_token_distillation_cpt/hplt_cleaning/05_hplt_cleaning_inventory_resume_20260605T165145Z/experiments/review_bundle_20260605T165151Z/docs/b5024f6d8a4b4545.txt,,[],,,,[],
rq_0335_50707198ca,hplt::9_1.jsonl.zst::fb196b941d04521266770348d1c04740,"[""destructive_action_review""]","[""candidate_action_drop_doc""]","[""E014""]",drop_doc,0.9134755919321834,9,karditsapress.gr,https://karditsapress.gr/%CE%B5%CE%BD%CE%B7%CE%BC%CE%B5%CF%81%CF%89%CF%83%CE%B7/19-%CE%BA%CE%B1%CF%81%CE%B4%CE%B9%CF%84%CF%83%CE%B1/53341-%CE%B5%CE%BA%CE%B4%CE%AE%CE%BB%CF%89%CF%83%CE%B7-%CE%B4%CE%B9%CE%AC%CF%87%CF%85%CF%83%CE%B7%CF%82-%CF%84%CF%89%CE%BD-%CE%BC%CE%B1%CE%B8%CE%B7%CF%83%CE%B9%CE%B1%CE%BA%CF%8E%CE%BD-%CE%B1%CF%80%CE%BF%CF%84%CE%B5%CE%BB%CE%B5%CF%83%CE%BC%CE%AC%CF%84%CF%89%CE%BD-%CF%84%CE%B7%CF%82-%CE%AD%CE%BD%CF%89%CF%83%CE%B7%CF%82-%CF%84%CE%B5%CF%87%CE%BD%CE%BF%CE%BB%CF%8C%CE%B3%CF%89%CE%BD-%CE%B5%CE%BA%CF%80%CE%B1%CE%B9%CE%B4%CE%B5%CF%85%CF%84%CE%B9%CE%BA%CF%8E%CE%BD,4094,/capstor/scratch/cscs/fffoivos/runs/05_token_distillation_cpt/hplt_cleaning/05_hplt_cleaning_inventory_resume_20260605T165145Z/experiments/review_bundle_20260605T165151Z/docs/50707198ca3bf500.txt,,[],,,,[],
rq_0336_0b4b79facc,hplt::9_1.jsonl.zst::fe21fd44bb89c8a71d6e8dc901345248,"[""false_negative_control""]","[""global_random_no_candidate_error""]",[],keep,0.18941137783623807,9,www.neakriti.gr,http://www.neakriti.gr/?page=newsdetail&DocID=1188950,6082,/capstor/scratch/cscs/fffoivos/runs/05_token_distillation_cpt/hplt_cleaning/05_hplt_cleaning_inventory_resume_20260605T165145Z/experiments/review_bundle_20260605T165151Z/docs/0b4b79faccb0f8a7.txt,,[],,,,[],
rq_0337_153a66bb82,hplt::9_1.jsonl.zst::fe43523430675a3689fa1e881c872b8b,"[""false_negative_control""]","[""global_random_no_candidate_error""]",[],keep,0.13582039539819055,9,sop.edu.pl,https://sop.edu.pl/el/%CF%84%CE%BF-bigboy-%CE%B8%CE%B1-%CE%B5%CE%BD%CE%B9%CF%83%CF%87%CF%8D%CF%83%CE%B5%CE%B9-%CF%84%CE%B7-%CF%83%CF%84%CF%8D%CF%83%CE%B7-%CF%83%CE%B1%CF%82-%CE%BA%CE%B1%CE%B9-%CE%B8%CE%B1-%CE%B1%CF%85/,8953,/capstor/scratch/cscs/fffoivos/runs/05_token_distillation_cpt/hplt_cleaning/05_hplt_cleaning_inventory_resume_20260605T165145Z/experiments/review_bundle_20260605T165151Z/docs/153a66bb823817a0.txt,,[],,,,[],
rq_0338_4ce22af73c,hplt::9_2.jsonl.zst::0bfabce07900520e55d77332faf977f8,"[""destructive_action_review"", ""precision_E009""]","[""candidate_action_trim_span"", ""candidate_error_E009""]","[""E006"", ""E007"", ""E009""]",trim_span,0.6679166666666667,9,www.kastorianiestia.gr,https://www.kastorianiestia.gr/2022/01/koronoios-mpikame-se-fasi-yfesis-treis-eidikoi-scholiazoyn/,5822,/capstor/scratch/cscs/fffoivos/runs/05_token_distillation_cpt/hplt_cleaning/05_hplt_cleaning_inventory_resume_20260605T165145Z/experiments/review_bundle_20260605T165151Z/docs/4ce22af73cf58463.txt,,[],,,,[],
rq_0339_d921593874,hplt::9_2.jsonl.zst::0c72cd42de71ba1703970814a78ea5a5,"[""precision_E003""]","[""candidate_error_E003""]","[""E003""]",keep,0.3888888888888889,9,www.enwsi.gr,https://www.enwsi.gr/911198/me-tin-ipografi-mas/den-toys-noiazei-na-ginontai-rompes.html,6354,/capstor/scratch/cscs/fffoivos/runs/05_token_distillation_cpt/hplt_cleaning/05_hplt_cleaning_inventory_resume_20260605T165145Z/experiments/review_bundle_20260605T165151Z/docs/d9215938742c319d.txt,,[],,,,[],
rq_0340_7140cb3a04,hplt::9_2.jsonl.zst::13352831a549d770a7454e0652307cba,"[""borderline_false_negative_probe""]","[""borderline_no_candidate_error""]",[],keep,0.24328703703703702,9,popcorn.gr,https://popcorn.gr/movies/11137-%CE%9F-%CE%91%CE%BD%CF%84%CE%B9%CF%83%CF%84%CE%B1%CE%B8%CE%BC%CE%B9%CF%83%CF%84%CE%AE%CF%82-2014,5211,/capstor/scratch/cscs/fffoivos/runs/05_token_distillation_cpt/hplt_cleaning/05_hplt_cleaning_inventory_resume_20260605T165145Z/experiments/review_bundle_20260605T165151Z/docs/7140cb3a04e9f789.txt,,[],,,,[],
rq_0341_c553a11ced,hplt::9_2.jsonl.zst::14bc9f824b533cb93ce1f29777b719e8,"[""precision_E011"", ""precision_E012""]","[""candidate_error_E011"", ""candidate_error_E012""]","[""E011"", ""E012""]",quarantine,0.560440625,9,istologio.org,http://istologio.org/?tag=%CE%B3%CE%AC%CE%BC%CE%BF%CF%82,18341,/capstor/scratch/cscs/fffoivos/runs/05_token_distillation_cpt/hplt_cleaning/05_hplt_cleaning_inventory_resume_20260605T165145Z/experiments/review_bundle_20260605T165151Z/docs/c553a11ceda3e56f.txt,,[],,,,[],
rq_0342_081d4c9a91,hplt::9_2.jsonl.zst::151c735ca4887561a33e4393d5fbd964,"[""precision_E008""]","[""candidate_error_E008""]","[""E006"", ""E007"", ""E008""]",keep,0.35680555555555554,9,www.press.bmwgroup.com,https://www.press.bmwgroup.com/greece/article/detail/T0405684EL/%EF%BF%BD%EF%BF%BD-%EF%BF%BD%EF%BF%BD%EF%BF%BD%EF%BF%BD%EF%BF%BD%EF%BF%BD%EF%BF%BD%EF%BF%BD%EF%BF%BD%EF%BF%BD%EF%BF%BD%EF%BF%BD-%EF%BF%BD%EF%BF%BD%EF%BF%BD%EF%BF%BD%EF%BF%BD%EF%BF%BD%EF%BF%BD%EF%BF%BD%EF%BF%BD%EF%BF%BD%EF%BF%BD%EF%BF%BD%EF%BF%BD%EF%BF%BD%EF%BF%BD%EF%BF%BD%EF%BF%BD%EF%BF%BD-%EF%BF%BD%EF%BF%BD%EF%BF%BD%EF%BF%BD%EF%BF%BD%EF%BF%BD-bmw-ix1-%EF%BF%BD%EF%BF%BD%EF%BF%BD%EF%BF%BD%EF%BF%BD%EF%BF%BD-regensburg-%EF%BF%BD%EF%BF%BD%EF%BF%BD%EF%BF%BD%EF%BF%BD%EF%BF%BD%EF%BF%BD%EF%BF%BD%EF%BF%BD%EF%BF%BD%EF%BF%BD%EF%BF%BD%EF%BF%BD%EF%BF%BD%EF%BF%BD%EF%BF%BD-%EF%BF%BD%EF%BF%BD%EF%BF%BD%EF%BF%BD-%EF%BF%BD%EF%BF%BD%EF%BF%BD%EF%BF%BD%EF%BF%BD%EF%BF%BD%EF%BF%BD%EF%BF%BD%EF%BF%BD%EF%BF%BD:-%EF%BF%BD%EF%BF%BD%EF%BF%BD%EF%BF%BD%EF%BF%BD%EF%BF%BD%EF%BF%BD%EF%BF%BD%EF%BF%BD%EF%BF%BD-%EF%BF%BD%EF%BF%BD%EF%BF%BD%EF%BF%BD-2024-%EF%BF%BD%EF%BF%BD%EF%BF%BD%EF%BF%BD%EF%BF%BD%EF%BF%BD-%EF%BF%BD%EF%BF%BD%EF%BF%BD%EF%BF%BD%EF%BF%BD%EF%BF%BD%EF%BF%BD%EF%BF%BD-%EF%BF%BD%EF%BF%BD%EF%BF%BD%EF%BF%BD%EF%BF%BD%EF%BF%BD%EF%BF%BD%EF%BF%BD%EF%BF%BD%EF%BF%BD-bmw-%EF%BF%BD%EF%BF%BD%EF%BF%BD%EF%BF%BD%EF%BF%BD%EF%BF%BD-%EF%BF%BD%EF%BF%BD%EF%BF%BD%EF%BF%BD-%EF%BF%BD%EF%BF%BD%EF%BF%BD%EF%BF%BD%EF%BF%BD%EF%BF%BD%EF%BF%BD%EF%BF%BD%EF%BF%BD%EF%BF%BD%EF%BF%BD%EF%BF%BD%EF%BF%BD%EF%BF%BD%EF%BF%BD%EF%BF%BD%EF%BF%BD%EF%BF%BD%EF%BF%BD%EF%BF%BD-%EF%BF%BD%EF%BF%BD%EF%BF%BD%EF%BF%BD%EF%BF%BD%EF%BF%BD-%EF%BF%BD%EF%BF%BD%EF%BF%BD%EF%BF%BD%EF%BF%BD%EF%BF%BD%EF%BF%BD%EF%BF%BD%EF%BF%BD%EF%BF%BD%EF%BF%BD%EF%BF%BD%EF%BF%BD%EF%BF%BD%EF%BF%BD%EF%BF%BD-%EF%BF%BD%EF%BF%BD%EF%BF%BD%EF%BF%BD-%EF%BF%BD%EF%BF%BD%EF%BF%BD%EF%BF%BD%EF%BF%BD%EF%BF%BD%EF%BF%BD%EF%BF%BD%EF%BF%BD%EF%BF%BD-%EF%BF%BD%EF%BF%BD%EF%BF%BD%EF%BF%BD%EF%BF%BD%EF%BF%BD%EF%BF%BD%EF%BF%BD%EF%BF%BD%EF%BF%BD%EF%BF%BD%EF%BF%BD%EF%BF%BD%EF%BF%BD%EF%BF%BD%EF%BF%BD%EF%BF%BD%EF%BF%BD?showMedia=photo,7422,/capstor/scratch/cscs/fffoivos/runs/05_token_distillation_cpt/hplt_cleaning/05_hplt_cleaning_inventory_resume_20260605T165145Z/experiments/review_bundle_20260605T165151Z/docs/081d4c9a91880579.txt,,[],,,,[],
rq_0343_519c2d2af3,hplt::9_2.jsonl.zst::1e29f8731be3df5b629256cbdce0c615,"[""precision_E011"", ""precision_E012""]","[""candidate_error_E011"", ""candidate_error_E012""]","[""E011"", ""E012""]",quarantine,0.591590625,9,amea-blog.blogspot.com,http://amea-blog.blogspot.com/2015_10_07_archive.html,28309,/capstor/scratch/cscs/fffoivos/runs/05_token_distillation_cpt/hplt_cleaning/05_hplt_cleaning_inventory_resume_20260605T165145Z/experiments/review_bundle_20260605T165151Z/docs/519c2d2af31d11ad.txt,,[],,,,[],
rq_0344_1a342a5a4f,hplt::9_2.jsonl.zst::24d356f13a9ab12ad982dce2a33b507c,"[""destructive_action_review"", ""precision_E008""]","[""candidate_action_trim_span"", ""candidate_error_E008""]","[""E006"", ""E007"", ""E008""]",trim_span,0.6251345301306668,9,www.hotelopia.gr,http://www.hotelopia.gr/italy/milan/milan-surroundings/,10677,/capstor/scratch/cscs/fffoivos/runs/05_token_distillation_cpt/hplt_cleaning/05_hplt_cleaning_inventory_resume_20260605T165145Z/experiments/review_bundle_20260605T165151Z/docs/1a342a5a4fa0afe9.txt,,[],,,,[],
rq_0345_764d8c4136,hplt::9_2.jsonl.zst::2953b8a5a223b621370ea67bc4c49439,"[""destructive_action_review"", ""precision_E006"", ""precision_E007""]","[""candidate_action_trim_span"", ""candidate_error_E006"", ""candidate_error_E007""]","[""E006"", ""E007""]",trim_span,0.7216162794402482,9,o-o.gr,http://o-o.gr/kalithea/-/anorthosi,20924,/capstor/scratch/cscs/fffoivos/runs/05_token_distillation_cpt/hplt_cleaning/05_hplt_cleaning_inventory_resume_20260605T165145Z/experiments/review_bundle_20260605T165151Z/docs/764d8c41366b9b38.txt,,[],,,,[],
rq_0346_1c80327117,hplt::9_2.jsonl.zst::2bbdedd6f8a39397792c4ffd6885193f,"[""false_negative_control""]","[""global_random_no_candidate_error""]",[],keep,0.15725085910652922,9,nadiagiannakopoulou.gr,https://nadiagiannakopoulou.gr/2022/12/09/%CE%B7-%CE%BA%CF%85%CE%B2%CE%AD%CF%81%CE%BD%CE%B7%CF%83%CE%B7-%CE%AD%CF%86%CE%B5%CF%81%CE%B5-%CE%AD%CE%BD%CE%B1-%CE%BD%CE%BF%CE%BC%CE%BF%CF%83%CF%87%CE%AD%CE%B4%CE%B9%CE%BF-%CF%80%CE%BF%CF%85-%CE%B4/,7275,/capstor/scratch/cscs/fffoivos/runs/05_token_distillation_cpt/hplt_cleaning/05_hplt_cleaning_inventory_resume_20260605T165145Z/experiments/review_bundle_20260605T165151Z/docs/1c8032711742dc55.txt,,[],,,,[],
rq_0347_eb5f335e01,hplt::9_2.jsonl.zst::389a3732e9368898be67f08e1dcc2be5,"[""destructive_action_review"", ""precision_E006"", ""precision_E007""]","[""candidate_action_trim_span"", ""candidate_error_E006"", ""candidate_error_E007""]","[""E006"", ""E007""]",trim_span,0.8568382352941176,9,onestopdeals.gr,http://onestopdeals.gr/popular/christougenna,19762,/capstor/scratch/cscs/fffoivos/runs/05_token_distillation_cpt/hplt_cleaning/05_hplt_cleaning_inventory_resume_20260605T165145Z/experiments/review_bundle_20260605T165151Z/docs/eb5f335e01267d18.txt,,[],,,,[],
rq_0348_295bcfc172,hplt::9_2.jsonl.zst::3e4f1d2948170580baeeaf1dcb687fe9,"[""false_negative_control""]","[""global_random_no_candidate_error""]",[],keep,0.22833333333333333,9,redgoal.gr,https://redgoal.gr/teleftaia-nea/item/38992-panigyria-gia-semento-stin-aintraxt,2314,/capstor/scratch/cscs/fffoivos/runs/05_token_distillation_cpt/hplt_cleaning/05_hplt_cleaning_inventory_resume_20260605T165145Z/experiments/review_bundle_20260605T165151Z/docs/295bcfc172118891.txt,,[],,,,[],
rq_0349_c6a9bd2fd9,hplt::9_2.jsonl.zst::51b9fad6679bf6261c03b6932204076c,"[""false_negative_control""]","[""global_random_no_candidate_error""]",[],keep,0.13657919696490672,9,www.onalert.gr,http://www.onalert.gr/stories/press-cyprus-261112/20312,3163,/capstor/scratch/cscs/fffoivos/runs/05_token_distillation_cpt/hplt_cleaning/05_hplt_cleaning_inventory_resume_20260605T165145Z/experiments/review_bundle_20260605T165151Z/docs/c6a9bd2fd92db55e.txt,,[],,,,[],
rq_0350_8dce77adf7,hplt::9_2.jsonl.zst::58419df8f2ca8907b93a4befd777622f,"[""false_negative_control""]","[""global_random_no_candidate_error""]",[],keep,0.18563749999999998,9,kerasiakrinoi.blogspot.gr,http://kerasiakrinoi.blogspot.gr/2015_01_01_archive.html,58404,/capstor/scratch/cscs/fffoivos/runs/05_token_distillation_cpt/hplt_cleaning/05_hplt_cleaning_inventory_resume_20260605T165145Z/experiments/review_bundle_20260605T165151Z/docs/8dce77adf7a40c2d.txt,,[],,,,[],
rq_0351_9e867d8b21,hplt::9_2.jsonl.zst::5c3ca7502d39de2a0694daa1b477db36,"[""precision_E004""]","[""candidate_error_E004""]","[""E004""]",keep,0.3713991689943594,9,syfeed.com,https://syfeed.com/el-gr/news-details/poy-mhn-xrhsimopoieite-gia-oerapeia-plasma-aimatos-asoenwn-poy-iaohkan-apo-koronoio_55763634.html,18463,/capstor/scratch/cscs/fffoivos/runs/05_token_distillation_cpt/hplt_cleaning/05_hplt_cleaning_inventory_resume_20260605T165145Z/experiments/review_bundle_20260605T165151Z/docs/9e867d8b2131b2f1.txt,,[],,,,[],
rq_0352_8bbf2339e8,hplt::9_2.jsonl.zst::5c8abbfcec1a3470b37127c1d13a874d,"[""borderline_false_negative_probe""]","[""borderline_no_candidate_error""]",[],keep,0.25997724595781135,9,www.astratv.gr,https://www.astratv.gr/gallia-i-rosia-vrisketai-se-diadikasia-aposyndesis-apo-ton-ypoloipo-kosmo-leei-o-makron/,12452,/capstor/scratch/cscs/fffoivos/runs/05_token_distillation_cpt/hplt_cleaning/05_hplt_cleaning_inventory_resume_20260605T165145Z/experiments/review_bundle_20260605T165151Z/docs/8bbf2339e821db71.txt,,[],,,,[],
rq_0353_cb716cbe70,hplt::9_2.jsonl.zst::5e6c3a24f2a0dc06bfdd1d20e4b20748,"[""destructive_action_review"", ""precision_E011"", ""precision_E012""]","[""candidate_action_split_doc"", ""candidate_error_E011"", ""candidate_error_E012""]","[""E011"", ""E012""]",split_doc,0.745703125,9,arockaria.blogspot.com,https://arockaria.blogspot.com/,77625,/capstor/scratch/cscs/fffoivos/runs/05_token_distillation_cpt/hplt_cleaning/05_hplt_cleaning_inventory_resume_20260605T165145Z/experiments/review_bundle_20260605T165151Z/docs/cb716cbe704ea0ab.txt,,[],,,,[],
rq_0354_74aa243c7a,hplt::9_2.jsonl.zst::5ef3162f1d587253283ae6c7c2580e65,"[""false_negative_control""]","[""global_random_no_candidate_error""]",[],keep,0.19081451408272013,9,10deco.gr,https://10deco.gr/tag/chroma/,3941,/capstor/scratch/cscs/fffoivos/runs/05_token_distillation_cpt/hplt_cleaning/05_hplt_cleaning_inventory_resume_20260605T165145Z/experiments/review_bundle_20260605T165151Z/docs/74aa243c7af42f45.txt,,[],,,,[],
rq_0355_46e9ee2060,hplt::9_2.jsonl.zst::75986dfb0d8618fa5bf39865ac7d5c38,"[""destructive_action_review""]","[""candidate_action_trim_span""]","[""E006"", ""E007""]",trim_span,0.6169642857142857,9,www.sidirokastro.org,https://www.sidirokastro.org/2024/10/wenlock-1850.html,4828,/capstor/scratch/cscs/fffoivos/runs/05_token_distillation_cpt/hplt_cleaning/05_hplt_cleaning_inventory_resume_20260605T165145Z/experiments/review_bundle_20260605T165151Z/docs/46e9ee2060dd4b75.txt,,[],,,,[],
rq_0356_bfb2daf38e,hplt::9_2.jsonl.zst::7addf57987a8c86a61aab55c0a53fe6c,"[""precision_E007""]","[""candidate_error_E007""]","[""E006"", ""E007"", ""E008""]",quarantine,0.5220584013526636,9,www.to-mati.gr,https://www.to-mati.gr/pokerstars/,16986,/capstor/scratch/cscs/fffoivos/runs/05_token_distillation_cpt/hplt_cleaning/05_hplt_cleaning_inventory_resume_20260605T165145Z/experiments/review_bundle_20260605T165151Z/docs/bfb2daf38e6bd17c.txt,,[],,,,[],
rq_0357_a2b4a900db,hplt::9_2.jsonl.zst::7bd2894ddbb280bcd894d9a64306f8c2,"[""borderline_false_negative_probe""]","[""borderline_no_candidate_error""]",[],keep,0.25573380867498513,9,www.koinignomi.gr,http://www.koinignomi.gr/news/paideia/2014/07/03/stathera-anodiki-poreia.html,8415,/capstor/scratch/cscs/fffoivos/runs/05_token_distillation_cpt/hplt_cleaning/05_hplt_cleaning_inventory_resume_20260605T165145Z/experiments/review_bundle_20260605T165151Z/docs/a2b4a900dbaefe88.txt,,[],,,,[],
rq_0358_d3f88cd37f,hplt::9_2.jsonl.zst::8581992a11e8ccb86947620e56314fed,"[""precision_E011""]","[""candidate_error_E011""]","[""E011""]",keep,0.3671052083333333,9,aspe.gr,https://aspe.gr/information/62-%CE%B8%CE%AD%CE%BC%CE%B1%CF%84%CE%B1-%CE%B5%CE%BA%CF%80%CE%B1%CE%B9%CE%B4%CE%B5%CF%85%CF%84%CE%B9%CE%BA%CF%8E%CE%BD-%CF%80%CE%BF%CE%BB%CF%85%CF%84%CE%AD%CE%BA%CE%BD%CF%89%CE%BD/2377-%CF%84%CE%BF-%CF%83%CF%87%CE%AD%CE%B4%CE%B9%CE%BF-%CF%80-%CE%B4-%CE%B3%CE%B9%CE%B1-%CF%85%CF%80%CE%B5%CF%81%CE%AC%CF%81-%CE%B5%CE%BA%CF%80-%CE%B7-%CE%B1%CF%83%CF%80%CE%B5-%CE%B6%CE%B7%CF%84%CE%AC%CE%B5%CE%B9-%CF%83%CF%85%CE%BD%CE%AC%CE%BD%CF%84%CE%B7%CF%83%CE%B7-%CE%B1%CF%80%CF%8C-%CF%85%CF%86-%CF%80%CE%B1%CE%B9%CE%B4%CE%B5%CE%AF%CE%B1%CF%82-%CE%BF%CE%B4%CE%B7%CE%B3%CE%AF%CE%B5%CF%82-%CF%85%CF%80-%CE%B1%CE%BB%CE%AF%CE%BC%CE%BF%CE%BD%CE%BF-%CF%83%CF%84%CE%BF%CF%85%CF%82-%CF%80%CE%BF%CE%BB,9807,/capstor/scratch/cscs/fffoivos/runs/05_token_distillation_cpt/hplt_cleaning/05_hplt_cleaning_inventory_resume_20260605T165145Z/experiments/review_bundle_20260605T165151Z/docs/d3f88cd37f114536.txt,,[],,,,[],
rq_0359_91bbe1861f,hplt::9_2.jsonl.zst::9050bd38db49e3bdd893e7823088888a,"[""precision_E004""]","[""candidate_error_E004""]","[""E004""]",keep,0.4126210462522404,9,greekhistoryandprehistory.blogspot.com,http://greekhistoryandprehistory.blogspot.com/2018/10/1949.html,11079,/capstor/scratch/cscs/fffoivos/runs/05_token_distillation_cpt/hplt_cleaning/05_hplt_cleaning_inventory_resume_20260605T165145Z/experiments/review_bundle_20260605T165151Z/docs/91bbe1861fc7cf8b.txt,,[],,,,[],
rq_0360_6dd0d1457b,hplt::9_2.jsonl.zst::98279859e1c30f2a73f122ffb6fdbae2,"[""borderline_false_negative_probe""]","[""borderline_no_candidate_error""]",[],keep,0.3047528517110266,9,stigiorti.gr,https://stigiorti.gr/category/%CE%B5%CE%BA%CE%B4%CE%B7%CE%BB%CF%8E%CF%83%CE%B5%CE%B9%CF%82,2608,/capstor/scratch/cscs/fffoivos/runs/05_token_distillation_cpt/hplt_cleaning/05_hplt_cleaning_inventory_resume_20260605T165145Z/experiments/review_bundle_20260605T165151Z/docs/6dd0d1457bdd35e4.txt,,[],,,,[],
rq_0361_fb0d27554d,hplt::9_2.jsonl.zst::a09528d55830006bdb7f37c709981986,"[""false_negative_control""]","[""global_random_no_candidate_error""]",[],keep,0.1826729348556078,9,schrodingers-dragon.blogspot.com,http://schrodingers-dragon.blogspot.com/2011_04_01_archive.html,2978,/capstor/scratch/cscs/fffoivos/runs/05_token_distillation_cpt/hplt_cleaning/05_hplt_cleaning_inventory_resume_20260605T165145Z/experiments/review_bundle_20260605T165151Z/docs/fb0d27554d260cc1.txt,,[],,,,[],
rq_0362_217522912e,hplt::9_2.jsonl.zst::a209ff4ac434e3e234e032d28d6da6e3,"[""destructive_action_review"", ""precision_E008""]","[""candidate_action_trim_span"", ""candidate_error_E008""]","[""E006"", ""E007"", ""E008""]",trim_span,0.6450130454034386,9,newageastrologymagazine.com,https://newageastrologymagazine.com/2021/12/28/%CE%B7-%CE%B5%CE%BE%CE%B5%CE%BB%CE%B9%CE%BE%CE%B7-%CF%84%CE%B7%CF%83-%CF%83%CF%85%CE%BD%CE%B5%CE%B9%CE%B4%CE%B7%CF%83%CE%B7%CF%83-%CE%BA%CE%B1%CF%84%CE%B1-%CF%84%CE%B7%CE%BD-%CE%B5%CE%BE%CE%B5%CE%BB/,10311,/capstor/scratch/cscs/fffoivos/runs/05_token_distillation_cpt/hplt_cleaning/05_hplt_cleaning_inventory_resume_20260605T165145Z/experiments/review_bundle_20260605T165151Z/docs/217522912e96555e.txt,,[],,,,[],
rq_0363_d2601c2d5d,hplt::9_2.jsonl.zst::a55f0bfc7701ed91cd022095bf3084fa,"[""false_negative_control""]","[""global_random_no_candidate_error""]",[],keep,0.32875,9,www.universityguru.gr,https://www.universityguru.gr/c/teesside-university-middlesbrough/aerospace-engineering-with-optional-year-in-industry-meng-hons,8195,/capstor/scratch/cscs/fffoivos/runs/05_token_distillation_cpt/hplt_cleaning/05_hplt_cleaning_inventory_resume_20260605T165145Z/experiments/review_bundle_20260605T165151Z/docs/d2601c2d5d596d28.txt,,[],,,,[],
rq_0364_87b79c8051,hplt::9_2.jsonl.zst::a80ca1b856c0f3b59c788a17a8815c28,"[""destructive_action_review""]","[""candidate_action_trim_span""]","[""E006"", ""E007""]",trim_span,0.6951187248245726,9,my-bookmarks.gr,http://my-bookmarks.gr/fotografia?page=2,23419,/capstor/scratch/cscs/fffoivos/runs/05_token_distillation_cpt/hplt_cleaning/05_hplt_cleaning_inventory_resume_20260605T165145Z/experiments/review_bundle_20260605T165151Z/docs/87b79c8051bdbf1d.txt,,[],,,,[],
rq_0365_3c850552c6,hplt::9_2.jsonl.zst::a8b47a8021ee552034c2609beac1e105,"[""destructive_action_review"", ""precision_E014""]","[""candidate_action_drop_doc"", ""candidate_error_E014""]","[""E014""]",drop_doc,1.0,9,docplayer.gr,http://docplayer.gr/9341809-A-q-s-advanced-quality-services-ltd-ymvoyloi-epiheirieon.html,33780,/capstor/scratch/cscs/fffoivos/runs/05_token_distillation_cpt/hplt_cleaning/05_hplt_cleaning_inventory_resume_20260605T165145Z/experiments/review_bundle_20260605T165151Z/docs/3c850552c692eab0.txt,,[],,,,[],
rq_0366_facbddae6b,hplt::9_2.jsonl.zst::a96fef3c06776dd2d781eb1fe73becf2,"[""precision_E012""]","[""candidate_error_E012""]","[""E011"", ""E012""]",quarantine,0.55295625,9,istologio.org,http://istologio.org/?m=201512,15946,/capstor/scratch/cscs/fffoivos/runs/05_token_distillation_cpt/hplt_cleaning/05_hplt_cleaning_inventory_resume_20260605T165145Z/experiments/review_bundle_20260605T165151Z/docs/facbddae6bad9d1d.txt,,[],,,,[],
rq_0367_ab101aba6b,hplt::9_2.jsonl.zst::b67dd9b96cdd9d3d5d99a5cf3ab17393,"[""borderline_false_negative_probe""]","[""borderline_no_candidate_error""]",[],keep,0.2407708628005657,9,loveletters.gr,http://loveletters.gr/%CE%95%CE%BA%CE%B5%CE%AF%CE%BD%CE%BF%CE%B9-%CE%BF%CE%B9-%CE%AC%CE%BD%CE%B8%CF%81%CF%89%CF%80%CE%BF%CE%B9-%CE%B1%CE%B4%CE%B5%CF%81%CF%86%CE%AD%CF%82-%CF%88%CF%85%CF%87%CE%AD%CF%82-%CF%80%CE%BF%CF%85/,3512,/capstor/scratch/cscs/fffoivos/runs/05_token_distillation_cpt/hplt_cleaning/05_hplt_cleaning_inventory_resume_20260605T165145Z/experiments/review_bundle_20260605T165151Z/docs/ab101aba6bf676bb.txt,,[],,,,[],
rq_0368_1cf5c6dc3f,hplt::9_2.jsonl.zst::c74fc1e17e6d0c9cd97e759ee8547814,"[""borderline_false_negative_probe""]","[""borderline_no_candidate_error""]",[],keep,0.28452293352955604,9,neoecommerce.gr,http://neoecommerce.gr/category/logistics/,4077,/capstor/scratch/cscs/fffoivos/runs/05_token_distillation_cpt/hplt_cleaning/05_hplt_cleaning_inventory_resume_20260605T165145Z/experiments/review_bundle_20260605T165151Z/docs/1cf5c6dc3f57cfff.txt,,[],,,,[],
rq_0369_7e7eaaea3d,hplt::9_2.jsonl.zst::c7fdb68589db237a99eed0c9cfdcef39,"[""destructive_action_review""]","[""candidate_action_drop_doc""]","[""E014""]",drop_doc,1.0,9,docplayer.gr,http://docplayer.gr/3920719-Gioikisi-olikis-poiotitas-stis-vivliothikds-ta-dmpogia-ta-ofdli-to-kostos-tis-poiotitas.html,40707,/capstor/scratch/cscs/fffoivos/runs/05_token_distillation_cpt/hplt_cleaning/05_hplt_cleaning_inventory_resume_20260605T165145Z/experiments/review_bundle_20260605T165151Z/docs/7e7eaaea3d09970b.txt,,[],,,,[],
rq_0370_61e2420081,hplt::9_2.jsonl.zst::e13258bafa64afcde25608c0879524fd,"[""borderline_false_negative_probe""]","[""borderline_no_candidate_error""]",[],keep,0.27166666666666667,9,critici.gr,http://critici.gr/readPage.php?text_id=644,4383,/capstor/scratch/cscs/fffoivos/runs/05_token_distillation_cpt/hplt_cleaning/05_hplt_cleaning_inventory_resume_20260605T165145Z/experiments/review_bundle_20260605T165151Z/docs/61e2420081594fc8.txt,,[],,,,[],
rq_0371_f55526cb37,hplt::9_2.jsonl.zst::f78bf975ae4edbdd0da3685097defb49,"[""precision_E003""]","[""candidate_error_E003""]","[""E003""]",keep,0.4444444444444444,9,www.sdna.gr,https://www.sdna.gr/podosfairo/653361_opapas-tis-statistikis,4420,/capstor/scratch/cscs/fffoivos/runs/05_token_distillation_cpt/hplt_cleaning/05_hplt_cleaning_inventory_resume_20260605T165145Z/experiments/review_bundle_20260605T165151Z/docs/f55526cb379764ba.txt,,[],,,,[],
rq_0372_6ba8ef75f7,hplt::9_2.jsonl.zst::f80a5700a90a45e080c82e60ed76216a,"[""precision_E015""]","[""candidate_error_E015""]","[""E015""]",quarantine,0.6331823965723267,9,game20.gr,http://game20.gr/tag/pokemon-lets-go/,5790,/capstor/scratch/cscs/fffoivos/runs/05_token_distillation_cpt/hplt_cleaning/05_hplt_cleaning_inventory_resume_20260605T165145Z/experiments/review_bundle_20260605T165151Z/docs/6ba8ef75f7343c14.txt,,[],,,,[],
